"CRN","ARRIVAL_TM","AUTOMOBILE_COUNT","BELTED_DEATH_COUNT","BELTED_SUSP_SERIOUS_INJ_COUNT","BICYCLE_COUNT","BICYCLE_DEATH_COUNT","BICYCLE_SUSP_SERIOUS_INJ_COUNT","BUS_COUNT","CHLDPAS_DEATH_COUNT","CHLDPAS_SUSP_SERIOUS_INJ_COUNT","COLLISION_TYPE","COMM_VEH_COUNT","CONS_ZONE_SPD_LIM","COUNTY","CRASH_MONTH","CRASH_YEAR","DAY_OF_WEEK","DEC_LATITUDE","DEC_LONGITUDE","DISPATCH_TM","DISTRICT","DRIVER_COUNT_16YR","DRIVER_COUNT_17YR","DRIVER_COUNT_18YR","DRIVER_COUNT_19YR","DRIVER_COUNT_20YR","DRIVER_COUNT_50_64YR","DRIVER_COUNT_65_74YR","DRIVER_COUNT_75PLUS","EST_HRS_CLOSED","FATAL_COUNT","HEAVY_TRUCK_COUNT","HORSE_BUGGY_COUNT","HOUR_OF_DAY","ILLUMINATION","INJURY_COUNT","INTERSECTION_RELATED","INTERSECT_TYPE","LANE_CLOSED","LATITUDE","LN_CLOSE_DIR","LOCATION_TYPE","LONGITUDE","MAX_SEVERITY_LEVEL","MCYCLE_DEATH_COUNT","MCYCLE_SUSP_SERIOUS_INJ_COUNT","MOTORCYCLE_COUNT","MUNICIPALITY","NONMOTR_COUNT","NONMOTR_DEATH_COUNT","NONMOTR_SUSP_SERIOUS_INJ_COUNT","NTFY_HIWY_MAINT","PED_COUNT","PED_DEATH_COUNT","PED_SUSP_SERIOUS_INJ_COUNT","PERSON_COUNT","POLICE_AGCY","POSSIBLE_INJ_COUNT","RDWY_SURF_TYPE_CD","RELATION_TO_ROAD","ROADWAY_CLEARED","ROAD_CONDITION","SCH_BUS_IND","SCH_ZONE_IND","SECONDARY_CRASH","SMALL_TRUCK_COUNT","SPEC_JURIS_CD","SUSP_MINOR_INJ_COUNT","SUSP_SERIOUS_INJ_COUNT","SUV_COUNT","TCD_FUNC_CD","TCD_TYPE","TFC_DETOUR_IND","TIME_OF_DAY","TOTAL_UNITS","TOT_INJ_COUNT","UNBELTED_OCC_COUNT","UNB_DEATH_COUNT","UNB_SUSP_SERIOUS_INJ_COUNT","UNK_INJ_DEG_COUNT","UNK_INJ_PER_COUNT","URBAN_RURAL","VAN_COUNT","VEHICLE_COUNT","WEATHER1","WEATHER2","WORKERS_PRES","WORK_ZONE_IND","WORK_ZONE_LOC","WORK_ZONE_TYPE","WZ_CLOSE_DETOUR","WZ_FLAGGER","WZ_LAW_OFFCR_IND","WZ_LN_CLOSURE","WZ_MOVING","WZ_OTHER","WZ_SHLDER_MDN","WZ_WORKERS_INJ_KILLED"
"2005034250","","1","0","0","0","0","0","0","0","0","7","0","","02","2","2005","5","40.3194","-79.9225","","11","0","0","0","0","0","1","0","0","2","0","0","0","","","2","","0","","40 19:09.840","5","0","79 55:21.000","8","0","0","0","2440","0","0","0","N","0","0","0","2","02440","0","","5.0","","2","N","N","","0","","0","0","0","","0","Y","","1","2","0","0","0","2","0","2","0","1","","","","N","","","","","","","","","",""
"2005034334","","1","0","0","0","0","0","0","0","0","7","0","","02","2","2005","7","40.659","-79.8831","","11","0","0","0","0","0","0","0","0","","0","0","0","","","0","","0","","40 39:32.400","","0","79 52:59.160","0","0","0","0","2220","0","0","0","N","0","0","0","1","02220","0","","5.0","","1","N","N","","0","","0","0","0","","0","","","1","0","0","0","0","0","0","1","0","1","","","","N","","","","","","","","","",""
"2005035404","","2","0","0","0","0","0","0","0","0","4","0","","02","2","2005","3","40.345108","-79.978715","","11","0","0","0","0","0","1","0","1","","0","0","0","","","0","","2","","40 20:42.387","","0","79 58:43.373","0","0","0","0","2476","0","0","0","N","0","0","0","3","02476","0","","1.0","","1","N","N","","0","","0","0","0","","3","","","2","0","0","0","0","0","0","2","0","2","","","","N","","","","","","","","","",""
"2005036639","","1","0","0","0","0","0","0","0","0","8","0","","02","2","2005","6","40.40905","-79.903178","","11","0","0","0","0","0","0","0","1","","0","0","0","","","2","","1","","40 24:32.580","","0","79 54:11.440","3","0","0","0","2448","2","0","0","N","2","0","0","3","02448","0","","1.0","","1","N","N","","0","","1","0","0","","2","","","3","2","0","0","0","1","0","2","0","1","","","","N","","","","","","","","","",""
"2005036677","","2","0","0","0","0","0","1","0","0","1","1","","02","2","2005","6","40.5128","-80.1343","","11","0","0","0","0","0","1","0","0","","0","0","0","","","2","","2","","40 30:46.080","","0","80 08:03.480","4","0","0","0","2110","0","0","0","N","0","0","0","11","02503","2","","1.0","","1","N","N","","0","","0","0","0","","2","","","3","2","1","0","0","0","0","2","0","3","","","","N","","","","","","","","","",""
"2005036789","","1","0","0","0","0","0","0","0","0","4","0","","02","2","2005","3","40.472928","-80.072715","","11","0","0","0","0","0","0","0","0","","0","0","0","","","0","","1","","40 28:22.541","","0","80 04:21.774","0","0","0","0","2122","0","0","0","N","0","0","0","2","02122","0","","1.0","","9","N","N","","0","","0","0","0","","3","","","2","0","0","0","0","0","0","2","1","2","","","","N","","","","","","","","","",""
"2005037024","","1","0","0","0","0","0","0","0","0","7","0","","02","2","2005","5","","","","11","0","0","0","0","0","0","0","0","","0","0","0","","","0","","0","","","","0","","0","0","0","0","2440","0","0","0","N","0","0","0","2","02440","0","","5.0","","1","N","","","0","","0","0","0","","0","","","1","0","0","0","0","0","0","1","0","1","","","","N","","","","","","","","","",""
"2005037094","","1","0","0","0","0","0","0","0","0","1","0","","02","2","2005","6","40.339112","-79.960431","","11","0","0","0","0","0","0","0","0","1","0","0","0","","","1","","1","","40 20:20.802","1","0","79 57:37.552","8","0","0","0","2454","0","0","0","N","0","0","0","4","02454","0","","1.0","","1","N","N","","0","","0","0","1","","2","N","","2","1","0","0","0","1","0","2","0","2","","","","N","","","","","","","","","",""
"2005037107","","1","0","0","0","0","0","0","0","0","99","0","","02","2","2005","6","40.438276","-79.842837","","11","0","0","0","0","0","0","0","0","","0","0","0","","","0","","2","","40 26:17.795","","0","79 50:34.212","0","0","0","0","2419","0","0","0","N","0","0","0","2","02419","0","","1.0","","1","N","N","","0","","0","0","1","","3","","","2","0","0","0","0","0","0","2","0","2","","","","N","","","","","","","","","",""
"2005037229","","1","0","0","0","0","0","0","0","0","1","0","","02","2","2005","6","40.4785","-79.9674","","11","0","0","0","0","0","0","0","0","1","0","0","0","","","0","","6","","40 28:42.600","1","8","79 58:02.640","0","0","0","0","2118","0","0","0","N","0","0","0","2","02118","0","","1.0","","2","N","N","","1","","0","0","0","","0","N","","2","0","0","0","0","0","0","2","0","2","","","","N","","","","","","","","","",""
"2005037258","","2","0","0","0","0","0","0","0","0","1","0","","02","1","2005","2","","","","11","1","0","0","0","0","0","0","0","","0","0","0","","","0","","0","","","","0","","0","0","0","0","2301","0","0","0","N","0","0","0","4","02301","0","","6.0","","9","N","N","","0","","0","0","1","","3","","","4","0","1","0","0","0","0","1","1","4","","","","N","","","","","","","","","",""
"2005037270","","2","0","0","0","0","0","0","0","0","1","0","","02","1","2005","5","40.431144","-79.959222","","11","0","0","0","0","0","0","0","0","2","0","0","0","","","0","","1","","40 25:52.118","1","0","79 57:33.198","0","0","0","0","2301","0","0","0","N","0","0","0","5","02301","0","","1.0","","1","N","N","","0","","0","0","0","","2","N","","2","0","0","0","0","0","0","2","0","2","","","","N","","","","","","","","","",""
"2005037302","","0","0","0","0","0","0","0","0","0","4","1","","02","1","2005","6","40.352446","-79.853272","","11","0","0","0","0","0","0","0","0","","0","1","0","","","1","","1","","40 21:08.804","","0","79 51:11.778","3","0","0","0","2304","0","0","0","N","0","0","0","2","02304","0","","1.0","","1","N","N","","0","","1","0","1","","2","","","2","1","0","0","0","0","0","2","0","2","","","","N","","","","","","","","","",""
"2005037305","","1","0","0","0","0","0","0","0","0","7","0","","02","1","2005","5","40.450194","-79.983768","","11","0","0","0","0","0","0","0","0","","0","0","0","","","1","","0","","40 27:00.698","","0","79 59:01.564","8","0","0","0","2301","0","0","0","N","0","0","0","1","02301","0","","5.0","","6","N","N","","0","","0","0","0","","0","","","1","1","0","0","0","1","0","2","0","1","","","","N","","","","","","","","","",""
"2005037306","","1","0","0","0","0","0","0","0","0","7","0","","02","1","2005","5","40.411823","-80.009093","","11","0","0","0","0","0","0","0","0","1","0","0","0","","","1","","0","","40 24:42.561","6","0","80 00:32.733","8","0","0","0","2301","0","0","0","N","0","0","0","1","02301","0","","2.0","","9","N","N","","0","","0","0","0","","0","N","","1","1","0","0","0","1","0","2","0","1","","","","N","","","","","","","","","",""
"2005037307","","0","0","0","0","0","0","0","0","0","5","0","","02","1","2005","5","40.425611","-80.008258","","11","0","0","0","0","0","0","0","0","","0","0","0","","","0","","2","","40 25:32.199","","0","80 00:29.728","0","0","0","0","2301","0","0","0","N","0","0","0","2","02301","0","","1.0","","6","N","N","","1","","0","0","1","","0","","","3","0","0","0","0","0","0","2","0","2","","","","N","","","","","","","","","",""
"2005037308","","1","0","0","0","0","0","0","0","0","5","0","","02","1","2005","6","40.428964","-79.995705","","11","0","0","0","0","0","0","0","0","","0","0","0","","","0","","0","","40 25:44.272","","0","79 59:44.537","0","0","0","0","2301","0","0","0","N","0","0","0","2","02301","0","","1.0","","1","N","N","","1","","0","0","0","","0","","","2","0","0","0","0","0","0","2","0","2","","","","N","","","","","","","","","",""
"2005037309","","1","0","0","0","0","0","0","0","0","7","0","","02","1","2005","7","40.415782","-80.011105","","11","0","0","0","0","0","0","0","0","","0","0","0","","","0","","0","","40 24:56.815","","0","80 00:39.978","0","0","0","0","2301","0","0","0","N","0","0","0","1","02301","0","","4.0","","7","N","N","","0","","0","0","0","","0","","","1","0","1","0","0","0","0","2","0","1","","","","N","","","","","","","","","",""
"2005037310","","2","0","0","0","0","0","0","0","0","4","0","","02","1","2005","7","40.429241","-79.99928","","11","0","0","0","0","0","0","0","0","","0","0","0","","","0","","1","","40 25:45.269","","0","79 59:57.407","0","0","0","0","2301","0","0","0","N","0","0","0","3","02301","0","","1.0","","7","N","N","","0","","0","0","0","","2","","","2","0","0","0","0","0","0","2","0","2","","","","N","","","","","","","","","",""
"2005037311","","0","0","0","0","0","0","0","0","0","7","0","","02","1","2005","1","40.411024","-80.02289","","11","0","0","0","0","0","0","0","0","","0","0","0","","","0","","0","","40 24:39.686","","0","80 01:22.404","9","0","0","0","2301","0","0","0","N","0","0","0","2","02301","0","","5.0","","7","N","N","","0","","0","0","1","","0","","","1","0","0","0","0","0","2","2","0","1","","","","N","","","","","","","","","",""
"2005037313","","1","0","0","0","0","0","0","0","0","7","0","","02","1","2005","1","40.453204","-79.966578","","11","0","0","0","0","0","0","0","0","","0","0","0","","","0","","2","","40 27:11.534","","0","79 57:59.680","9","0","0","0","2301","0","0","0","N","0","0","0","1","02301","0","","5.0","","2","N","N","","0","","0","0","0","","0","","","1","0","0","0","0","0","1","2","0","1","","","","N","","","","","","","","","",""
"2005037314","","2","0","0","0","0","0","0","0","0","1","0","","02","1","2005","1","40.435968","-79.980121","","11","0","0","0","0","0","0","0","0","2","0","0","0","","","0","","2","","40 26:09.483","3","0","79 58:48.437","0","0","0","0","2301","0","0","0","N","0","0","0","4","02301","0","","1.0","","9","N","N","","0","","0","0","0","","0","N","","2","0","0","0","0","0","0","2","0","2","","","","N","","","","","","","","","",""
"2005037315","","1","0","0","0","0","0","0","0","0","7","0","","02","1","2005","2","","","","11","0","0","0","0","0","0","0","0","2","0","0","0","","","2","","0","","","4","0","","4","0","0","0","2301","0","0","0","N","0","0","0","2","02301","2","","3.0","","6","N","N","","0","","0","0","0","","0","N","","1","2","0","0","0","0","0","1","0","1","","","","N","","","","","","","","","",""
"2005037316","","1","0","0","0","0","0","0","0","0","4","0","","02","1","2005","1","40.441056","-80.006785","","11","0","0","0","0","0","0","0","0","","0","0","0","","","1","","1","","40 26:27.803","","0","80 00:24.425","4","0","0","0","2301","0","0","0","N","0","0","0","5","02301","1","","1.0","","9","N","N","","1","","0","0","0","","2","","","2","1","0","0","0","0","0","2","0","2","","","","N","","","","","","","","","",""
"2005037322","","2","0","0","0","0","0","0","0","0","4","0","","02","1","2005","5","40.452571","-79.926607","","11","1","0","0","0","0","0","0","0","","0","0","0","","","0","","1","","40 27:09.255","","0","79 55:35.785","0","0","0","0","2301","0","0","0","N","0","0","0","2","02301","0","","1.0","","1","N","N","","0","","0","0","0","","3","","","2","0","0","0","0","0","0","2","0","2","","","","N","","","","","","","","","",""
"2005037327","","2","0","0","0","0","0","0","0","0","6","0","","02","1","2005","3","40.440466","-79.991536","","11","0","0","0","0","0","1","0","0","","0","0","0","","","1","","5","","40 26:25.678","","0","79 59:29.530","4","0","0","0","2301","0","0","0","N","0","0","0","2","02301","1","","1.0","","1","N","N","","0","","0","0","0","","2","","","2","1","0","0","0","0","0","2","0","2","","","","N","","","","","","","","","",""
"2005037328","","1","0","0","0","0","0","0","0","0","1","0","","02","1","2005","2","40.452604","-80.038876","","11","0","0","0","0","0","1","1","0","","0","0","0","","","0","","2","","40 27:09.374","","0","80 02:19.953","0","0","0","0","2301","0","0","0","N","0","0","0","3","02301","0","","1.0","","9","N","N","","1","","0","0","1","","2","","","3","0","0","0","0","0","0","2","0","3","","","","N","","","","","","","","","",""
"2005037329","","2","0","0","0","0","0","0","0","0","1","0","","02","1","2005","3","40.4172","-80.0074","","11","0","0","0","0","0","0","0","0","2","0","0","0","","","1","","0","","40 25:01.920","1","4","80 00:26.640","8","0","0","0","2301","0","0","0","N","0","0","0","4","02301","0","","1.0","","9","N","N","","1","","0","0","0","","2","N","","3","1","0","0","0","1","0","2","0","3","","","","N","","","","","","","","","",""
"2005037401","","2","0","0","0","0","0","0","0","0","4","0","","02","1","2005","6","40.441585","-79.977818","","11","0","0","0","0","1","0","0","0","","0","0","0","","","0","","0","","40 26:29.706","","0","79 58:40.144","0","0","0","0","2301","0","0","0","N","0","0","0","1","02301","0","","6.0","","1","N","N","","0","","0","0","0","","0","","","2","0","0","0","0","0","0","2","0","2","","","","N","","","","","","","","","",""
"2005037403","","1","0","0","0","0","0","0","0","0","7","0","","02","1","2005","5","","","","11","0","1","0","0","0","0","0","0","","0","0","0","","","0","","0","","","","0","","0","0","0","0","2301","0","0","0","N","0","0","0","1","02301","0","","4.0","","1","N","N","","0","","0","0","0","","0","","","1","0","0","0","0","0","0","1","0","1","","","","N","","","","","","","","","",""
"2005037404","","2","0","0","0","0","0","0","0","0","1","0","","02","1","2005","5","","","","11","0","0","0","0","0","1","0","0","","0","0","0","","","1","","0","","","","0","","4","0","0","0","2301","0","0","0","N","0","0","0","1","02301","1","","1.0","","9","N","N","","0","","0","0","0","","0","","","2","1","0","0","0","0","0","1","0","2","","","","N","","","","","","","","","",""
"2005037405","","1","0","0","0","0","0","0","0","0","8","0","","02","1","2005","5","","","","11","0","0","0","0","0","0","0","0","","0","0","0","","","1","","2","","","","0","","3","0","0","0","2301","1","0","0","N","1","0","0","2","02301","0","","1.0","","9","N","N","","0","","1","0","0","","2","","","2","1","0","0","0","0","0","1","0","1","","","","N","","","","","","","","","",""
"2005037414","","1","0","0","0","0","0","0","0","0","7","0","","02","1","2005","6","40.483904","-80.013188","","11","0","0","0","0","0","0","0","0","","0","0","0","","","0","","2","","40 29:02.054","","0","80 00:47.477","0","0","0","0","2301","0","0","0","N","0","0","0","1","02301","0","","5.0","","1","N","N","","1","","0","0","0","","0","","","2","0","0","0","0","0","0","2","0","2","","","","N","","","","","","","","","",""
"2005037426","","1","0","0","0","0","0","0","0","0","4","0","","02","1","2005","5","","","","11","0","0","0","0","0","0","0","1","","0","0","0","","","0","","0","","","","0","","0","0","0","0","2301","0","0","0","N","0","0","0","2","02301","0","","1.0","","6","N","N","","0","","0","0","1","","0","","","2","0","0","0","0","0","0","1","0","2","","","","N","","","","","","","","","",""
"2005037429","","1","0","0","0","0","0","0","0","0","4","0","","02","1","2005","6","","","","11","0","0","0","0","1","0","0","0","2","0","0","0","","","2","","1","","","2","0","","8","0","0","0","2301","0","0","0","N","0","0","0","2","02301","0","","1.0","","1","N","N","","1","","0","0","0","","3","N","","2","2","0","0","0","2","0","1","0","2","","","","N","","","","","","","","","",""
"2005037430","","1","0","0","0","0","0","0","0","0","4","1","","02","1","2005","5","40.464742","-79.979915","","11","0","0","0","0","0","0","0","0","1","0","1","0","","","1","","1","","40 27:53.072","4","0","79 58:47.693","8","0","0","0","2301","0","0","0","N","0","0","0","6","02301","0","","1.0","","1","N","N","","1","","0","0","1","","2","N","","4","1","1","0","0","1","0","2","0","4","","","","N","","","","","","","","","",""
"2005037432","","2","0","0","0","0","0","0","0","0","1","0","","02","1","2005","6","40.456088","-80.006826","","11","0","0","0","0","0","2","0","0","1","0","0","0","","","0","","2","","40 27:21.916","1","0","80 00:24.573","0","0","0","0","2301","0","0","0","N","0","0","0","2","02301","0","","1.0","","1","N","N","","0","","0","0","0","","0","N","","2","0","0","0","0","0","0","2","0","2","","","","N","","","","","","","","","",""
"2005037608","","2","0","0","0","0","0","0","0","0","4","0","","02","1","2005","5","","","","11","0","1","0","0","0","0","0","0","","0","0","0","","","0","","1","","","","0","","0","0","0","0","2113","0","0","0","N","0","0","0","2","02113","0","","1.0","","1","N","N","","0","","0","0","0","","3","","","2","0","0","0","0","0","0","1","0","2","","","","N","","","","","","","","","",""
"2005037611","","1","0","0","0","0","0","0","0","0","7","0","","02","1","2005","2","40.4737","-79.8449","","11","0","0","0","0","0","0","0","0","","0","0","0","","","0","","0","","40 28:25.320","","0","79 50:41.640","0","0","0","0","2113","0","0","0","N","0","0","0","1","02113","0","","5.0","","9","N","N","","0","","0","0","0","","0","","","1","0","0","0","0","0","0","2","0","1","","","","N","","","","","","","","","",""
"2005037612","","1","0","0","0","0","0","0","0","0","2","0","","02","1","2005","2","40.477238","-79.82684","","11","0","0","0","0","0","0","0","0","1","0","0","0","","","0","","0","","40 28:38.056","1","0","79 49:36.624","0","0","0","0","2113","0","0","0","N","0","0","0","6","02113","0","","1.0","","9","N","N","","0","","0","0","0","","0","N","","2","0","3","0","0","0","0","2","1","2","","","","N","","","","","","","","","",""
"2005037613","","1","0","0","0","0","0","0","0","0","7","0","","02","1","2005","3","40.4709","-79.8302","","11","0","0","0","0","0","0","0","0","1","0","0","0","","","0","","0","","40 28:15.240","3","0","79 49:48.720","0","0","0","0","2113","0","0","0","N","0","0","0","1","02113","0","","2.0","","1","N","N","","0","","0","0","0","","0","N","","1","0","0","0","0","0","0","2","0","1","","","","N","","","","","","","","","",""
"2005037614","","2","0","0","0","0","0","0","0","0","4","0","","02","1","2005","6","40.483695","-79.821162","","11","0","0","0","0","0","0","0","0","","0","0","0","","","1","","2","","40 29:01.301","","0","79 49:16.182","8","0","0","0","2113","0","0","0","N","0","0","0","4","02113","0","","1.0","","1","N","N","","0","","0","0","0","","0","","","2","1","0","0","0","1","0","2","0","2","","","","N","","","","","","","","","",""
"2005037615","","1","0","0","0","0","0","0","0","0","4","0","","02","1","2005","6","40.4609","-79.8672","","11","0","0","0","0","0","1","0","0","2","0","0","0","","","1","","0","","40 27:39.240","4","0","79 52:01.920","8","0","0","0","2113","0","0","0","N","0","0","0","6","02113","0","","1.0","","1","N","N","","0","","0","0","0","","0","N","","2","1","1","0","0","1","0","2","1","2","","","","N","","","","","","","","","",""
"2005037616","","2","0","0","0","0","0","0","0","0","4","0","","02","1","2005","6","40.484775","-79.817596","","11","0","0","0","0","0","0","0","0","","0","0","0","","","1","","5","","40 29:05.190","","0","79 49:03.345","4","0","0","0","2113","0","0","0","N","0","0","0","3","02115","1","","1.0","","1","N","N","","0","","0","0","0","","2","","","2","1","0","0","0","0","0","2","0","2","","","","N","","","","","","","","","",""
"2005037618","","3","0","0","0","0","0","0","0","0","1","0","","02","1","2005","4","40.4595","-79.8233","","11","0","0","0","0","1","0","0","0","","0","0","0","","","0","","0","","40 27:34.200","","0","79 49:23.880","0","0","0","0","2113","0","0","0","N","0","0","0","5","02113","0","","1.0","","1","N","N","","0","","0","0","0","","0","","","3","0","0","0","0","0","0","2","0","3","","","","N","","","","","","","","","",""
"2005037619","","1","0","0","0","0","0","0","0","0","7","0","","02","1","2005","3","40.5078","-79.8109","","11","0","0","0","0","0","0","0","0","","0","0","0","","","0","","0","","40 30:28.080","","0","79 48:39.240","0","0","0","0","2113","0","0","0","N","0","0","0","1","02113","0","","5.0","","1","N","N","","0","","0","0","0","","0","","","1","0","1","0","0","0","0","2","0","1","","","","N","","","","","","","","","",""
"2005037813","","1","0","0","0","0","0","0","0","0","7","0","","02","2","2005","7","40.6605","-79.9995","","11","0","0","0","0","1","0","0","0","1","0","0","0","","","0","","0","","40 39:37.800","1","0","79 59:58.200","0","0","0","0","2216","0","0","0","N","0","0","0","1","02505","0","","5.0","","2","N","N","","0","","0","0","0","","0","N","","1","0","0","0","0","0","0","1","0","1","","","","N","","","","","","","","","",""
"2005037846","","1","0","0","0","0","0","0","0","0","7","0","","02","1","2005","4","40.45514","-80.191962","","11","1","0","0","0","0","0","0","0","","0","0","0","","","0","","2","","40 27:18.504","","0","80 11:31.063","0","0","0","0","2214","0","0","0","N","0","0","0","2","02214","0","","2.0","","6","N","N","","0","","0","0","0","","0","","","1","0","0","0","0","0","0","2","0","1","","","","N","","","","","","","","","",""
"2005037855","","2","0","0","0","0","0","0","0","0","6","0","","02","1","2005","1","","","","11","0","0","0","0","0","0","0","0","","0","0","0","","","0","","0","","","","0","","0","0","0","0","2214","0","0","0","N","0","0","0","3","02214","0","","1.0","","7","N","N","","0","","0","0","0","","0","","","2","0","0","0","0","0","0","1","0","2","","","","N","","","","","","","","","",""
"2005038026","","0","0","0","0","0","0","1","0","0","5","1","","02","2","2005","7","","","","11","0","0","0","0","0","0","0","0","1","0","0","0","","","1","","1","","","3","0","","3","0","0","0","2301","0","0","0","N","0","0","0","3","02503","0","","1.0","","1","N","N","","0","","1","0","1","","0","N","","2","1","0","0","0","0","0","1","0","2","","","","N","","","","","","","","","",""
"2005038087","","2","0","0","0","0","0","0","0","0","4","0","","02","2","2005","2","40.3117","-79.9379","","11","0","0","0","0","0","2","0","0","","0","0","0","","","2","","0","","40 18:42.120","","0","79 56:16.440","3","0","0","0","2440","0","0","0","N","0","0","0","2","02440","0","","1.0","","1","N","N","","0","","2","0","0","","0","","","2","2","0","0","0","0","0","2","0","2","","","","N","","","","","","","","","",""
"2005038147","","0","0","0","0","0","0","0","0","0","7","0","","02","1","2005","1","40.542988","-79.91917","","11","0","0","0","0","0","0","0","0","","0","0","0","","","0","","0","","40 32:34.758","","0","79 55:09.011","9","0","0","0","2209","0","0","0","N","0","0","0","1","02209","0","","2.0","","7","N","N","","1","","0","0","0","","0","","","1","0","0","0","0","0","1","2","0","1","","","","N","","","","","","","","","",""
"2005038250","","3","0","0","0","0","0","0","0","0","1","0","","02","2","2005","5","","","","11","0","0","0","0","2","0","0","0","2","0","0","0","","","4","","10","","","4","7","","4","0","0","0","2473","0","0","0","N","0","0","0","4","02501","4","","1.0","","9","N","N","","0","","0","0","1","","0","N","","4","4","1","0","0","0","0","1","0","4","","","","N","","","","","","","","","",""
"2005038440","","1","0","0","0","0","0","0","0","0","7","0","","02","1","2005","1","40.4462","-80.0099","","11","0","0","0","0","0","0","1","0","1","0","0","0","","","0","","0","","40 26:46.320","1","0","80 00:35.640","0","0","0","0","2434","0","0","0","N","0","0","0","1","02211","0","","2.0","","2","N","N","","0","","0","0","0","","0","Y","","1","0","1","0","0","0","0","2","0","1","","","","N","","","","","","","","","",""
"2005038441","","1","0","0","0","0","0","0","0","0","7","0","","02","1","2005","1","","","","11","1","0","0","0","0","0","0","0","","0","0","0","","","1","","2","","","","0","","4","0","0","0","2411","0","0","0","N","0","0","0","1","02411","1","","2.0","","1","N","N","","0","","0","0","0","","0","","","1","1","0","0","0","0","0","1","0","1","","","","N","","","","","","","","","",""
"2005038444","","1","0","0","0","0","0","0","0","0","2","0","","02","1","2005","7","40.4432","-79.7135","","11","0","0","0","0","0","0","0","0","","0","0","0","","","0","","0","","40 26:35.520","","0","79 42:48.600","0","0","0","0","2446","0","0","0","N","0","0","0","3","02446","0","","1.0","","1","N","N","","1","","0","0","0","","0","","","2","0","1","0","0","0","0","2","0","2","","","","N","","","","","","","","","",""
"2005038445","","1","0","0","0","0","0","0","0","0","7","0","","02","1","2005","6","40.409455","-79.756198","","11","1","0","0","0","0","0","0","0","","0","0","0","","","0","","0","","40 24:34.038","","0","79 45:22.312","0","0","0","0","2446","0","0","0","N","0","0","0","1","02446","0","","5.0","","1","N","N","","0","","0","0","0","","0","","","1","0","0","0","0","0","0","2","0","1","","","","N","","","","","","","","","",""
"2005038450","","1","0","0","0","0","0","0","0","0","7","0","","02","1","2005","1","","","","11","0","0","0","0","0","0","0","0","","0","0","0","","","0","","0","","","","0","","0","0","0","0","2446","0","0","0","N","0","0","0","1","02446","0","","4.0","","7","N","N","","0","","0","0","0","","0","","","1","0","0","0","0","0","0","1","0","1","","","","N","","","","","","","","","",""
"2005038451","","2","0","0","0","0","0","0","0","0","4","0","","02","1","2005","6","40.431792","-79.791261","","11","0","1","0","0","0","0","0","0","9","0","0","0","","","2","","2","","40 25:54.451","3","0","79 47:28.539","4","0","0","0","2446","0","0","0","N","0","0","0","2","02446","2","","1.0","","1","N","N","","0","","0","0","0","","2","N","","2","2","0","0","0","0","0","2","0","2","","","","N","","","","","","","","","",""
"2005038728","","1","0","0","0","0","0","0","0","0","7","0","","02","1","2005","6","40.296619","-79.994502","","11","0","1","0","0","0","0","0","0","1","0","0","0","","","0","","0","","40 17:47.829","1","3","79 59:40.206","0","0","0","0","2219","0","0","0","N","0","0","0","1","02219","0","","2.0","","2","N","N","","0","","0","0","0","","0","N","","1","0","0","0","0","0","0","2","0","1","","","","N","","","","","","","","","",""
"2005038915","","1","0","0","0","0","0","0","0","0","8","0","","02","1","2005","1","40.412306","-79.987757","","11","0","0","0","0","0","0","0","0","","0","0","0","","","1","","0","","40 24:44.301","","0","79 59:15.925","3","0","0","0","2447","1","0","0","N","1","0","0","2","02447","0","","1.0","","9","N","N","","0","","1","0","0","","0","","","2","1","1","0","0","0","0","2","0","1","","","","N","","","","","","","","","",""
"2005038916","","0","0","0","0","0","0","0","0","0","7","0","","02","1","2005","1","40.4669","-80.198","","11","0","0","0","0","0","0","0","0","","0","0","0","","","1","","0","","40 28:00.840","","0","80 11:52.800","4","0","0","0","2213","0","0","0","N","0","0","0","1","02213","1","","4.0","","7","N","N","","0","","0","0","1","","0","","","1","1","0","0","0","0","0","2","0","1","","","","N","","","","","","","","","",""
"2005039040","","2","0","0","0","0","0","0","0","0","4","0","","02","2","2005","7","40.356559","-79.980414","","11","0","0","0","0","1","0","0","1","2","0","0","0","","","3","","2","","40 21:23.612","2","0","79 58:49.490","3","0","0","0","2476","0","0","0","N","0","0","0","3","02476","0","","1.0","","1","N","N","","0","","3","0","0","","2","Y","","2","3","1","0","0","0","0","2","0","2","","","","N","","","","","","","","","",""
"2005039041","","0","0","0","0","0","0","0","0","0","4","0","","02","2","2005","3","40.3384","-79.9688","","11","0","0","0","0","0","0","1","0","","0","0","0","","","0","","0","","40 20:18.240","","0","79 58:07.680","0","0","0","0","2454","0","0","0","N","0","0","0","3","02454","0","","1.0","","1","N","N","","1","","0","0","0","","0","","","2","0","3","0","0","0","0","2","1","2","","","","N","","","","","","","","","",""
"2005039042","","1","0","0","0","0","0","0","0","0","4","0","","02","2","2005","7","40.6256","-79.9418","","11","0","0","0","0","0","0","0","0","1","0","0","0","","","0","","1","","40 37:32.160","1","0","79 56:30.480","0","0","0","0","2217","0","0","0","N","0","0","0","3","02217","0","","1.0","","1","N","N","","1","","0","0","0","","2","N","","2","0","0","0","0","0","0","2","0","2","","","","N","","","","","","","","","",""