"CRN","ARRIVAL_TM","AUTOMOBILE_COUNT","BELTED_DEATH_COUNT","BELTED_SUSP_SERIOUS_INJ_COUNT","BICYCLE_COUNT","BICYCLE_DEATH_COUNT","BICYCLE_SUSP_SERIOUS_INJ_COUNT","BUS_COUNT","CHLDPAS_DEATH_COUNT","CHLDPAS_SUSP_SERIOUS_INJ_COUNT","COLLISION_TYPE","COMM_VEH_COUNT","CONS_ZONE_SPD_LIM","COUNTY","CRASH_MONTH","CRASH_YEAR","DAY_OF_WEEK","DEC_LATITUDE","DEC_LONGITUDE","DISPATCH_TM","DISTRICT","DRIVER_COUNT_16YR","DRIVER_COUNT_17YR","DRIVER_COUNT_18YR","DRIVER_COUNT_19YR","DRIVER_COUNT_20YR","DRIVER_COUNT_50_64YR","DRIVER_COUNT_65_74YR","DRIVER_COUNT_75PLUS","EST_HRS_CLOSED","FATAL_COUNT","HEAVY_TRUCK_COUNT","HORSE_BUGGY_COUNT","HOUR_OF_DAY","ILLUMINATION","INJURY_COUNT","INTERSECTION_RELATED","INTERSECT_TYPE","LANE_CLOSED","LATITUDE","LN_CLOSE_DIR","LOCATION_TYPE","LONGITUDE","MAX_SEVERITY_LEVEL","MCYCLE_DEATH_COUNT","MCYCLE_SUSP_SERIOUS_INJ_COUNT","MOTORCYCLE_COUNT","MUNICIPALITY","NONMOTR_COUNT","NONMOTR_DEATH_COUNT","NONMOTR_SUSP_SERIOUS_INJ_COUNT","NTFY_HIWY_MAINT","PED_COUNT","PED_DEATH_COUNT","PED_SUSP_SERIOUS_INJ_COUNT","PERSON_COUNT","POLICE_AGCY","POSSIBLE_INJ_COUNT","RDWY_SURF_TYPE_CD","RELATION_TO_ROAD","ROADWAY_CLEARED","ROAD_CONDITION","SCH_BUS_IND","SCH_ZONE_IND","SECONDARY_CRASH","SMALL_TRUCK_COUNT","SPEC_JURIS_CD","SUSP_MINOR_INJ_COUNT","SUSP_SERIOUS_INJ_COUNT","SUV_COUNT","TCD_FUNC_CD","TCD_TYPE","TFC_DETOUR_IND","TIME_OF_DAY","TOTAL_UNITS","TOT_INJ_COUNT","UNBELTED_OCC_COUNT","UNB_DEATH_COUNT","UNB_SUSP_SERIOUS_INJ_COUNT","UNK_INJ_DEG_COUNT","UNK_INJ_PER_COUNT","URBAN_RURAL","VAN_COUNT","VEHICLE_COUNT","WEATHER1","WEATHER2","WORKERS_PRES","WORK_ZONE_IND","WORK_ZONE_LOC","WORK_ZONE_TYPE","WZ_CLOSE_DETOUR","WZ_FLAGGER","WZ_LAW_OFFCR_IND","WZ_LN_CLOSURE","WZ_MOVING","WZ_OTHER","WZ_SHLDER_MDN","WZ_WORKERS_INJ_KILLED"
"2005042887","","2","0","0","0","0","0","0","0","0","4","0","","02","1","2005","2","","","","11","0","0","0","0","0","0","0","0","1","0","0","0","","","0","","1","","","1","0","","0","0","0","0","2301","0","0","0","N","0","0","0","3","02301","0","","1.0","","9","N","N","","0","","0","0","0","","3","N","","2","0","0","0","0","0","0","1","0","2","","","","N","","","","","","","","","",""
"2005042888","","0","0","0","0","0","0","0","0","0","4","0","","02","1","2005","2","40.421845","-79.993744","","11","0","0","0","0","0","0","0","0","","0","0","0","","","0","","1","","40 25:18.642","","0","79 59:37.478","0","0","0","0","2301","0","0","0","N","0","0","0","2","02301","0","","1.0","","2","N","N","","1","","0","0","1","","2","","","2","0","0","0","0","0","0","2","0","2","","","","N","","","","","","","","","",""
"2005042889","","1","0","0","0","0","0","0","0","0","7","0","","02","1","2005","4","","","","11","0","0","0","0","1","0","0","0","","0","0","0","","","0","","2","","","","0","","0","0","0","0","2301","0","0","0","N","0","0","0","1","02301","0","","5.0","","7","N","N","","0","","0","0","0","","0","","","1","0","1","0","0","0","0","1","0","1","","","","N","","","","","","","","","",""
"2005042890","","1","0","0","0","0","0","0","0","0","0","0","","02","1","2005","5","40.4493","-79.9991","","11","0","0","0","0","0","0","1","0","","0","0","0","","","0","","0","","40 26:57.480","","0","79 59:56.760","0","0","0","0","2301","0","0","0","N","0","0","0","1","02301","0","","1.0","","9","N","N","","0","","0","0","0","","0","","","1","0","0","0","0","0","0","2","0","1","","","","N","","","","","","","","","",""
"2005042891","","1","0","0","0","0","0","0","0","0","7","0","","02","1","2005","1","40.4509","-80.0278","","11","0","0","0","0","0","0","0","0","","0","0","0","","","1","","0","","40 27:03.240","","0","80 01:40.080","8","0","0","0","2301","0","0","0","N","0","0","0","1","02301","0","","4.0","","2","N","N","","0","","0","0","0","","4","","","1","1","0","0","0","1","0","2","0","1","","","","N","","","","","","","","","",""
"2005042904","","2","0","0","0","0","0","0","0","0","6","0","","02","1","2005","5","40.4301","-79.95469","","11","0","0","0","0","0","1","0","0","","0","0","0","","","0","","0","","40 25:48.360","","0","79 57:16.884","0","0","0","0","2301","0","0","0","N","0","0","0","3","02301","0","","1.0","","1","N","N","","0","","0","0","0","","0","","","2","0","0","0","0","0","0","2","0","2","","","","N","","","","","","","","","",""
"2005042905","","1","0","0","0","0","0","0","0","0","5","1","","02","1","2005","4","40.435136","-79.956242","","11","0","0","0","0","0","1","0","0","1","0","1","0","","","0","","1","","40 26:06.491","4","0","79 57:22.472","0","0","0","0","2301","0","0","0","N","0","0","0","5","02301","0","","1.0","","1","N","N","","0","","0","0","0","","2","N","","2","0","0","0","0","0","0","2","0","2","","","","N","","","","","","","","","",""
"2005042906","","1","0","0","0","0","0","0","0","0","7","0","","02","1","2005","6","40.3908","-79.9337","","11","0","0","0","0","0","0","0","0","","0","0","0","","","0","","0","","40 23:26.880","","0","79 56:01.320","9","0","0","0","2301","0","0","0","N","0","0","0","2","02301","0","","3.0","","1","N","N","","0","","0","0","0","","0","","","1","0","0","0","0","0","2","2","0","1","","","","N","","","","","","","","","",""
"2005042990","","2","0","0","0","0","0","0","0","0","1","0","","02","2","2005","4","40.3611","-79.9909","","11","0","0","0","0","0","0","1","0","","0","0","0","","","1","","1","","40 21:39.960","","0","79 59:27.240","3","0","0","0","2476","0","0","0","N","0","0","0","5","02476","0","","1.0","","1","N","N","","0","","1","0","0","","2","","","2","1","1","0","0","0","0","2","0","2","","","","N","","","","","","","","","",""
"2005043200","","2","0","0","0","0","0","0","0","0","4","0","","02","1","2005","6","40.5098","-79.7985","","11","0","0","0","0","0","0","0","0","2","0","0","0","","","2","","0","","40 30:35.280","6","0","79 47:54.600","3","0","0","0","2113","0","0","0","Y","0","0","0","4","02113","1","","1.0","","2","N","N","","0","","1","0","0","","0","N","","2","2","0","0","0","0","0","2","0","2","","","","N","","","","","","","","","",""
"2005043484","","2","0","0","0","0","0","0","0","0","6","0","","02","1","2005","1","40.443128","-80.067538","","11","0","0","0","0","0","0","0","0","","0","0","0","","","1","","2","","40 26:35.260","","0","80 04:03.136","8","0","0","0","2439","0","0","0","N","0","0","0","6","02439","0","","1.0","","7","N","N","","0","","0","0","0","","0","","","2","1","0","0","0","1","0","2","0","2","","","","N","","","","","","","","","",""
"2005043559","","1","0","0","0","0","0","0","0","0","7","0","","02","1","2005","1","","","","11","0","0","0","0","0","0","0","0","","0","0","0","","","1","","0","","","","0","","4","0","0","0","2119","0","0","0","N","0","0","0","1","02119","1","","5.0","","7","N","N","","0","","0","0","0","","0","","","1","1","0","0","0","0","0","1","0","1","","","","N","","","","","","","","","",""
"2005043560","","1","0","0","0","0","0","0","0","0","7","0","","02","1","2005","4","40.35276","-80.14019","","11","0","0","0","1","0","0","0","0","","0","0","0","","","0","","0","","40 21:09.935","","0","80 08:24.683","0","0","0","0","2119","0","0","0","","0","0","0","1","02119","0","","2.0","","2","N","N","","0","","0","0","0","","0","","","1","0","0","0","0","0","0","2","0","1","","","","N","","","","","","","","","",""
"2005043569","","1","0","0","0","0","0","0","0","0","7","0","","02","1","2005","4","","","","11","0","0","0","0","0","0","0","0","","0","0","0","","","1","","0","","","","0","","4","0","0","0","2119","0","0","0","N","0","0","0","1","02119","1","","5.0","","2","N","N","","0","","0","0","0","","0","","","1","1","0","0","0","0","0","1","0","1","","","","N","","","","","","","","","",""
"2005043570","","0","0","0","0","0","0","0","0","0","7","0","","02","1","2005","4","40.3489","-80.149","","11","0","0","0","0","0","0","0","0","","0","0","0","","","0","","0","","40 20:56.040","","0","80 08:56.400","0","0","0","0","2119","0","0","0","N","0","0","0","2","02119","0","","4.0","","7","N","N","","1","","0","0","0","","0","","","1","0","0","0","0","0","0","2","0","1","","","","N","","","","","","","","","",""
"2005043571","","1","0","0","0","0","0","0","0","0","7","0","","02","1","2005","1","40.3576","-80.1215","","11","0","0","0","0","0","0","0","0","","0","0","0","","","0","","0","","40 21:27.360","","0","80 07:17.400","0","0","0","0","2119","0","0","0","","0","0","0","1","02119","0","","2.0","","6","N","N","","0","","0","0","0","","0","","","1","0","0","0","0","0","0","2","0","1","","","","N","","","","","","","","","",""
"2005043572","","1","0","0","0","0","0","0","0","0","0","0","","02","1","2005","2","","","","11","0","0","0","0","0","0","0","0","","0","0","0","","","1","","0","","","","0","","8","0","0","0","2119","0","0","0","N","0","0","0","2","02119","0","","4.0","","7","N","N","","0","","0","0","0","","0","","","1","1","2","0","0","1","0","1","0","1","","","","N","","","","","","","","","",""
"2005043591","","0","0","0","0","0","0","0","0","0","7","0","","02","2","2005","3","40.563127","-79.98043","","11","0","0","0","0","0","0","0","0","","0","0","0","","","1","","0","","40 33:47.257","","0","79 58:49.548","4","0","0","0","2207","0","0","0","N","0","0","0","1","02207","1","","5.0","","9","N","N","","1","","0","0","0","","0","","","1","1","0","0","0","0","0","2","0","1","","","","N","","","","","","","","","",""
"2005043989","","1","0","0","0","0","0","0","0","0","4","0","","02","1","2005","1","40.466785","-80.066758","","11","0","0","1","0","0","0","0","0","2","0","0","0","","","2","","2","","40 28:00.426","2","0","80 04:00.328","3","0","0","0","2444","0","0","0","N","0","0","0","3","02444","1","","1.0","","9","N","N","","0","","1","0","1","","0","N","","2","2","0","0","0","0","0","2","0","2","","","","N","","","","","","","","","",""
"2005043990","","4","0","0","0","0","0","0","0","0","1","1","","02","1","2005","5","40.4667","-80.0604","","11","0","0","0","0","0","0","0","0","","0","1","0","","","0","","0","","40 28:00.120","","0","80 03:37.440","0","0","0","0","2444","0","0","0","N","0","0","0","1","02444","0","","2.0","","1","N","N","","0","","0","0","0","","0","","","5","0","0","0","0","0","0","2","0","5","","","","N","","","","","","","","","",""
"2005043991","","1","0","0","0","0","0","0","0","0","6","0","","02","1","2005","6","40.463368","-80.065797","","11","0","0","0","0","0","0","0","0","2","0","0","0","","","1","","0","","40 27:48.123","6","0","80 03:56.870","8","0","0","0","2444","0","0","0","N","0","0","0","2","02444","0","","1.0","","1","N","N","","0","","0","0","0","","0","Y","","2","1","0","0","0","1","0","2","1","2","","","","N","","","","","","","","","",""
"2005044056","","0","0","0","0","0","0","0","0","0","7","0","","02","1","2005","2","40.589702","-79.956171","","11","0","1","0","0","0","0","0","0","","0","0","0","","","0","","0","","40 35:22.928","","0","79 57:22.216","0","0","0","0","2207","0","0","0","N","0","0","0","1","02207","0","","4.0","","9","N","N","","0","","0","0","0","","0","","","1","0","0","0","0","0","0","2","1","1","","","","N","","","","","","","","","",""
"2005044059","","1","0","0","0","0","0","0","0","0","1","1","","02","1","2005","3","40.6044","-79.968","","11","0","0","0","0","0","0","1","0","2","0","0","0","","","1","","0","","40 36:15.840","2","0","79 58:04.800","8","0","0","0","2207","0","0","0","N","0","0","0","2","02207","0","","1.0","","1","N","N","","1","","0","0","0","","0","N","","2","1","1","0","0","1","0","2","0","2","","","","N","","","","","","","","","",""
"2005044183","","1","0","0","0","0","0","0","0","0","1","0","","02","1","2005","4","40.581978","-80.057804","","11","0","1","0","0","0","1","0","0","","0","0","0","","","0","","2","","40 34:55.122","","0","80 03:28.094","0","0","0","1","2108","0","0","0","N","0","0","0","2","02108","0","","1.0","","1","N","N","","0","","0","0","0","","0","","","2","0","0","0","0","0","0","2","0","2","","","","N","","","","","","","","","",""
"2005044233","","0","0","0","0","0","0","0","0","0","1","1","","02","2","2005","5","40.4384","-79.7725","","11","0","0","0","0","0","1","0","0","1","0","1","0","","","0","","0","","40 26:18.240","4","0","79 46:21.000","0","0","0","0","2446","0","0","0","N","0","0","0","2","02446","0","","1.0","","9","N","N","","0","","0","0","1","","0","N","","2","0","0","0","0","0","0","2","0","2","","","","N","","","","","","","","","",""
"2005044535","","0","0","0","0","0","0","0","0","0","7","0","","02","2","2005","5","40.234447","-79.855778","","11","0","0","0","0","0","0","0","0","2","0","0","0","","","0","","0","","40 14:04.008","5","0","79 51:20.799","0","0","0","0","2105","0","0","0","N","0","0","0","2","02105","0","","2.0","","2","N","N","","1","","0","0","0","","0","Y","","1","0","0","0","0","0","0","1","0","1","","","","N","","","","","","","","","",""
"2005044539","","1","0","0","0","0","0","0","0","0","2","0","","02","1","2005","1","40.528156","-80.229243","","11","0","0","0","0","0","0","0","0","1","0","0","0","","","1","","0","","40 31:41.361","3","0","80 13:45.275","4","0","0","0","2213","0","0","0","N","0","0","0","3","02213","1","","1.0","","7","N","N","","0","","0","0","1","","0","N","","2","1","0","0","0","0","0","2","0","2","","","","N","","","","","","","","","",""
"2005044540","","2","0","0","0","0","0","0","0","0","4","0","","02","1","2005","6","40.512","-80.2146","","11","0","1","0","0","0","0","0","0","1","0","0","0","","","3","","0","","40 30:43.200","4","7","80 12:52.560","4","0","0","0","2213","0","0","0","N","0","0","0","4","02213","2","","1.0","","1","N","N","","0","","0","0","0","","3","N","","2","3","3","0","0","1","0","2","0","2","","","","N","","","","","","","","","",""
"2005044542","","1","0","0","0","0","0","0","0","0","6","0","","02","1","2005","7","40.4468","-79.9116","","11","0","1","0","0","0","0","0","0","","0","0","0","","","0","","1","","40 26:48.480","","0","79 54:41.760","0","0","0","0","2301","0","0","0","N","0","0","0","3","02301","0","","1.0","","7","N","N","","0","","0","0","1","","2","","","2","0","0","0","0","0","0","2","0","2","","","","N","","","","","","","","","",""
"2005044567","","1","0","0","0","0","0","0","0","0","2","0","","02","1","2005","2","40.455662","-79.942895","","11","0","0","0","0","0","0","0","0","1","0","0","0","","","2","","0","","40 27:20.383","1","0","79 56:34.421","8","0","0","0","2301","0","0","0","N","0","0","0","2","02301","0","","1.0","","6","N","N","","0","","0","0","0","","0","Y","","2","2","0","0","0","2","0","2","1","2","","","","N","","","","","","","","","",""
"2005044568","","1","0","0","0","0","0","0","0","0","6","0","","02","1","2005","4","40.4591","-79.9076","","11","0","0","0","0","0","0","0","0","","0","0","0","","","0","","0","","40 27:32.760","","0","79 54:27.360","0","0","0","0","2301","0","0","0","N","0","0","0","2","02301","0","","1.0","","2","N","N","","1","","0","0","0","","0","","","2","0","1","0","0","0","0","2","0","2","","","","N","","","","","","","","","",""
"2005044629","","1","0","0","0","0","0","0","0","0","7","0","","02","2","2005","5","40.6581","-79.973","","11","0","1","0","0","0","0","0","0","2","0","0","0","","","1","","0","","40 39:29.160","4","0","79 58:22.800","3","0","0","0","2217","0","0","0","N","0","0","0","1","02217","0","","2.0","","7","N","N","","0","","1","0","0","","0","Y","","1","1","0","0","0","0","0","2","0","1","","","","N","","","","","","","","","",""
"2005044630","","0","0","0","0","0","0","0","0","0","7","0","","02","2","2005","5","40.244204","-79.860301","","11","0","0","0","0","0","1","0","0","","0","0","0","","","0","","0","","40 14:39.133","","0","79 51:37.083","0","0","0","0","2105","0","0","0","N","0","0","0","1","02105","0","","2.0","","2","N","N","","1","","0","0","0","","0","","","1","0","0","0","0","0","0","1","0","1","","","","N","","","","","","","","","",""
"2005044631","","1","0","0","0","0","0","0","0","0","7","0","","02","2","2005","4","40.5253","-79.9484","","11","0","0","0","0","0","0","0","1","1","0","0","0","","","0","","0","","40 31:31.080","1","0","79 56:54.240","0","0","0","0","2118","0","0","0","N","0","0","0","2","02118","0","","2.0","","1","N","N","","0","","0","0","0","","0","N","","1","0","0","0","0","0","0","2","0","1","","","","N","","","","","","","","","",""
"2005044633","","2","0","0","0","0","0","0","0","0","2","0","","02","2","2005","5","40.5441","-79.9542","","11","0","0","0","0","0","0","0","0","1","0","0","0","","","0","","0","","40 32:38.760","3","0","79 57:15.120","0","0","0","0","2118","0","0","0","N","0","0","0","2","02118","0","","1.0","","2","N","N","","0","","0","0","0","","0","N","","2","0","0","0","0","0","0","2","0","2","","","","N","","","","","","","","","",""
"2005044634","","0","0","0","0","0","0","0","0","0","7","0","","02","2","2005","5","40.294102","-79.82258","","11","0","0","0","0","0","0","0","0","3","0","0","0","","","0","","0","","40 17:38.767","5","0","79 49:21.288","0","0","0","0","2105","0","0","0","N","0","0","0","2","02105","0","","5.0","","2","N","N","","0","","0","0","0","","0","N","","1","0","0","0","0","0","0","2","1","1","","","","N","","","","","","","","","",""
"2005044638","","1","0","0","0","0","0","0","0","0","4","0","","02","2","2005","2","40.6169","-80.0898","","11","0","0","0","0","0","0","0","0","1","0","0","0","","","1","","2","","40 37:00.840","4","0","80 05:23.280","4","0","0","0","2212","0","0","0","N","0","0","0","2","02505","1","","1.0","","9","N","N","","0","","0","0","1","","3","N","","2","1","0","0","0","0","0","2","0","2","","","","N","","","","","","","","","",""
"2005044691","","1","0","0","0","0","0","0","0","0","4","0","","02","1","2005","6","40.3768","-79.9857","","11","0","0","0","0","0","0","0","0","","0","0","0","","","1","","0","","40 22:36.480","","0","79 59:08.520","4","0","0","0","2301","0","0","0","N","0","0","0","2","02301","1","","1.0","","1","N","N","","0","","0","0","1","","0","","","2","1","0","0","0","0","0","2","0","2","","","","N","","","","","","","","","",""
"2005044700","","2","0","0","0","0","0","0","0","0","6","0","","02","1","2005","7","40.453718","-79.928455","","11","0","0","0","0","0","0","0","0","","0","0","0","","","0","","0","","40 27:13.384","","0","79 55:42.438","9","0","0","0","2301","0","0","0","N","0","0","0","1","02301","0","","6.0","","1","N","N","","0","","0","0","0","","0","","","3","0","0","0","0","0","1","2","0","3","","","","N","","","","","","","","","",""
"2005044702","","3","0","0","0","0","0","0","0","0","4","0","","02","1","2005","1","40.423231","-80.007242","","11","0","0","0","0","0","0","0","0","2","0","0","0","","","0","","0","","40 25:23.631","6","0","80 00:26.071","9","0","0","0","2301","0","0","0","N","0","0","0","4","02301","0","","2.0","","2","N","N","","0","","0","0","0","","0","Y","","3","0","0","0","0","0","1","2","0","3","","","","N","","","","","","","","","",""
"2005044783","","1","0","0","0","0","0","0","0","0","5","1","","02","1","2005","4","","","","11","0","0","0","0","0","0","0","0","","0","1","0","","","0","","0","","40 25:26.40","","0","80 06:35.64","9","0","0","0","2102","0","0","0","N","0","0","0","4","68B03","0","","1.0","","9","N","N","","0","","0","0","0","","0","","","2","0","0","0","0","0","1","2","0","2","","","","N","","","","","","","","","",""
"2005044801","","3","0","0","0","0","0","0","0","0","1","0","","02","1","2005","1","40.454854","-79.898422","","11","0","0","0","0","0","0","0","0","","0","0","0","","","2","","0","","40 27:17.474","","0","79 53:54.319","4","0","0","0","2301","0","0","0","N","0","0","0","2","02301","2","","1.0","","9","N","N","","0","","0","0","1","","0","","","4","2","0","0","0","0","0","2","0","4","","","","N","","","","","","","","","",""
"2005044808","","1","0","0","0","0","0","0","0","0","0","0","","02","2","2005","4","","","","11","0","0","1","0","0","0","0","0","","0","0","0","","","1","","0","","","","0","","4","0","0","0","2403","0","0","0","Y","0","0","0","1","02403","1","","1.0","","9","N","N","","0","","0","0","0","","0","","","1","1","0","0","0","0","0","1","0","1","","","","N","","","","","","","","","",""
"2005044817","","0","0","0","0","0","0","0","0","0","8","0","","02","1","2005","5","","","","11","0","0","0","0","0","0","0","0","","0","0","0","","","1","","0","","","","0","","8","0","0","0","2112","1","0","0","N","1","0","0","2","02112","0","","1.0","","1","N","N","","0","","0","0","0","","8","","","2","1","0","0","0","1","0","1","1","1","","","","N","","","","","","","","","",""
"2005044818","","2","0","0","0","0","0","0","0","0","4","0","","02","1","2005","6","40.498","-79.8548","","11","0","0","0","0","0","1","0","0","","0","0","0","","","1","","1","","40 29:52.800","","0","79 51:17.280","8","0","0","0","2112","0","0","0","N","0","0","0","3","02112","0","","1.0","","1","N","N","","0","","0","0","0","","0","","","2","1","0","0","0","1","0","2","0","2","","","","N","","","","","","","","","",""
"2005044819","","1","0","0","0","0","0","0","0","0","1","0","","02","1","2005","1","40.516904","-79.864387","","11","0","0","1","0","0","0","0","0","","0","0","0","","","1","","0","","40 31:00.854","","0","79 51:51.793","4","0","0","0","2112","0","0","0","N","0","0","0","2","02112","1","","1.0","","9","N","N","","1","","0","0","0","","0","","","2","1","0","0","0","0","0","2","0","2","","","","N","","","","","","","","","",""
"2005044820","","0","0","0","0","0","0","0","0","0","7","0","","02","1","2005","3","40.516545","-79.91751","","11","0","0","0","0","0","0","0","0","","0","0","0","","","0","","0","","40 30:59.562","","0","79 55:03.036","0","0","0","0","2112","0","0","0","N","0","0","0","1","02112","0","","5.0","","1","N","N","","1","","0","0","0","","0","","","1","0","0","0","0","0","0","2","0","1","","","","N","","","","","","","","","",""
"2005044821","","2","0","0","0","0","0","0","0","0","4","0","","02","1","2005","2","","","","11","0","0","0","0","0","0","0","0","","0","0","0","","","0","","0","","","","0","","0","0","0","0","2112","0","0","0","N","0","0","0","2","02112","0","","1.0","","1","N","N","","0","","0","0","0","","0","","","2","0","0","0","0","0","0","1","0","2","","","","N","","","","","","","","","",""
"2005044833","","1","0","0","0","0","0","1","0","0","6","1","","02","1","2005","6","","","","11","0","0","0","0","0","1","0","0","1","0","0","0","","","0","","0","","","6","0","","0","0","0","0","2301","0","0","0","N","0","0","0","2","02301","0","","1.0","","1","Y","N","","0","","0","0","0","","0","N","","2","0","0","0","0","0","0","1","0","2","","","","N","","","","","","","","","",""
"2005044894","","0","0","0","0","0","0","0","0","0","7","0","","02","1","2005","6","40.6015","-79.9672","","11","0","0","0","0","0","0","0","0","2","0","0","0","","","0","","0","","40 36:05.400","5","0","79 58:01.920","0","0","0","0","2207","0","0","0","N","0","0","0","2","02207","0","","4.0","","2","N","N","","0","","0","0","1","","0","Y","","1","0","0","0","0","0","0","2","0","1","","","","N","","","","","","","","","",""
"2005044895","","2","0","0","0","0","0","0","0","0","1","0","","02","1","2005","7","40.463754","-79.94929","","11","0","0","0","0","0","0","0","0","","0","0","0","","","0","","0","","40 27:49.514","","0","79 56:57.444","0","0","0","0","2301","0","0","0","N","0","0","0","1","02301","0","","6.0","","7","N","N","","0","","0","0","0","","0","","","2","0","1","0","0","0","0","2","0","2","","","","N","","","","","","","","","",""
"2005044897","","2","0","0","0","0","0","0","0","0","4","0","","02","1","2005","6","","","","11","0","0","0","0","0","0","0","1","","0","0","0","","","0","","0","","","","0","","0","0","0","0","2301","0","0","0","N","0","0","0","2","02301","0","","1.0","","1","N","N","","0","","0","0","0","","0","","","2","0","0","0","0","0","0","1","0","2","","","","N","","","","","","","","","",""
"2005044898","","0","0","0","0","0","0","0","0","0","7","0","","02","1","2005","6","","","","11","0","0","0","0","0","0","0","0","","0","0","0","","","0","","3","","","","0","","9","0","0","0","2301","0","0","0","N","0","0","0","1","02301","0","","5.0","","1","N","N","","1","","0","0","0","","0","","","1","0","0","0","0","0","1","1","0","1","","","","N","","","","","","","","","",""
"2005044899","","2","0","0","0","0","0","0","0","0","4","0","","02","1","2005","7","40.483889","-79.907918","","11","0","0","0","0","0","0","0","0","2","0","0","0","","","0","","2","","40 29:02.000","1","0","79 54:28.506","0","0","0","0","2301","0","0","0","N","0","0","0","3","02301","0","","1.0","","2","N","N","","0","","0","0","0","","2","N","","2","0","3","0","0","0","0","2","0","2","","","","N","","","","","","","","","",""
"2005044900","","1","0","0","0","0","0","0","0","0","7","0","","02","1","2005","1","","","","11","0","0","0","0","0","0","0","0","","0","0","0","","","0","","0","","","","0","","0","0","0","0","2301","0","0","0","N","0","0","0","2","02301","0","","4.0","","7","N","N","","0","","0","0","0","","0","","","1","0","0","0","0","0","0","1","0","1","","","","N","","","","","","","","","",""
"2005044901","","1","0","0","0","0","0","0","0","0","8","0","","02","1","2005","3","40.384232","-79.994312","","11","0","0","0","0","0","0","0","0","","0","0","0","","","1","","0","","40 23:03.235","","0","79 59:39.523","8","0","0","0","2301","1","0","0","N","1","0","0","2","02301","0","","1.0","","6","N","N","","0","","0","0","0","","0","","","2","1","0","0","0","1","0","2","0","1","","","","N","","","","","","","","","",""
"2005044902","","0","0","0","0","0","0","0","0","0","7","0","","02","1","2005","6","40.42357","-79.99748","","11","0","0","0","1","0","0","0","0","","0","0","0","","","1","","0","","40 25:24.852","","0","79 59:50.928","3","0","0","0","2301","0","0","0","N","0","0","0","1","02301","0","","2.0","","2","N","N","","0","","1","0","1","","0","","","1","1","1","0","0","0","0","2","0","1","","","","N","","","","","","","","","",""
"2005044905","","2","0","0","0","0","0","0","0","0","5","0","","02","1","2005","6","40.441177","-80.034945","","11","0","0","0","0","0","0","0","0","","0","0","0","","","0","","0","","40 26:28.237","","0","80 02:05.802","0","0","0","0","2301","0","0","0","N","0","0","0","1","02301","0","","6.0","","1","N","N","","0","","0","0","0","","0","","","2","0","0","0","0","0","0","2","0","2","","","","N","","","","","","","","","",""
"2005044906","","1","0","0","0","0","0","0","0","0","0","0","","02","1","2005","7","40.423863","-79.997493","","11","0","0","1","0","0","0","0","0","2","0","0","0","","","0","","0","","40 25:25.906","5","0","79 59:50.974","0","0","0","0","2301","0","0","0","N","0","0","0","1","02301","0","","1.0","","7","N","N","","0","","0","0","0","","0","Y","","1","0","1","0","0","0","0","2","0","1","","","","N","","","","","","","","","",""
"2005044907","","1","0","0","0","0","0","0","0","0","99","0","","02","1","2005","7","","","","11","0","0","0","0","0","0","0","0","","0","0","0","","","1","","0","","","","0","","4","0","0","0","2301","0","0","0","N","0","0","0","1","02301","1","","4.0","","7","N","N","","0","","0","0","1","","0","","","2","1","0","0","0","0","0","1","0","2","","","","N","","","","","","","","","",""
"2005044908","","2","0","1","0","0","0","0","0","0","4","0","","02","1","2005","1","40.431711","-80.013701","","11","0","0","0","0","0","0","0","0","","0","0","0","","","1","","1","","40 25:54.159","","0","80 00:49.323","2","0","0","0","2301","0","0","0","N","0","0","0","3","02301","0","","1.0","","2","N","N","","0","","0","1","0","","1","","","2","1","0","0","0","0","0","2","0","2","","","","N","","","","","","","","","",""
"2005044909","","2","0","0","0","0","0","0","0","0","1","0","","02","1","2005","1","40.385356","-79.976495","","11","0","0","0","0","0","1","0","0","","0","0","0","","","1","","2","","40 23:07.281","","0","79 58:35.382","4","0","0","0","2301","0","0","0","N","0","0","0","3","02301","1","","1.0","","6","N","N","","1","","0","0","0","","3","","","3","1","1","0","0","0","0","2","0","3","","","","N","","","","","","","","","",""
"2005044910","","0","0","0","0","0","0","0","0","0","7","0","","02","1","2005","1","40.383962","-79.993702","","11","0","0","0","0","0","0","0","0","","0","0","0","","","1","","2","","40 23:02.263","","0","79 59:37.327","8","0","0","0","2301","0","0","0","N","0","0","0","1","02301","0","","2.0","","6","N","N","","1","","0","0","0","","0","","","1","1","1","0","0","1","0","2","0","1","","","","N","","","","","","","","","",""
"2005044911","","3","0","0","0","0","0","0","0","0","5","0","","02","1","2005","2","40.427028","-80.005198","","11","0","0","0","0","0","0","0","0","1","0","0","0","","","0","","2","","40 25:37.300","3","0","80 00:18.712","0","0","0","0","2301","0","0","0","N","0","0","0","2","02301","0","","4.0","","1","N","N","","0","","0","0","1","","0","N","","4","0","0","0","0","0","0","2","0","4","","","","N","","","","","","","","","",""
"2005044912","","1","0","0","0","0","0","0","0","0","4","0","","02","1","2005","1","40.447532","-79.988017","","11","0","0","0","0","0","0","0","0","","0","0","0","","","0","","0","","40 26:51.115","","0","79 59:16.861","0","0","0","0","2301","0","0","0","N","0","0","0","1","02301","0","","5.0","","9","N","N","","1","","0","0","3","","0","","","5","0","0","0","0","0","0","2","0","5","","","","N","","","","","","","","","",""