"CRN","ARRIVAL_TM","AUTOMOBILE_COUNT","BELTED_DEATH_COUNT","BELTED_SUSP_SERIOUS_INJ_COUNT","BICYCLE_COUNT","BICYCLE_DEATH_COUNT","BICYCLE_SUSP_SERIOUS_INJ_COUNT","BUS_COUNT","CHLDPAS_DEATH_COUNT","CHLDPAS_SUSP_SERIOUS_INJ_COUNT","COLLISION_TYPE","COMM_VEH_COUNT","CONS_ZONE_SPD_LIM","COUNTY","CRASH_MONTH","CRASH_YEAR","DAY_OF_WEEK","DEC_LATITUDE","DEC_LONGITUDE","DISPATCH_TM","DISTRICT","DRIVER_COUNT_16YR","DRIVER_COUNT_17YR","DRIVER_COUNT_18YR","DRIVER_COUNT_19YR","DRIVER_COUNT_20YR","DRIVER_COUNT_50_64YR","DRIVER_COUNT_65_74YR","DRIVER_COUNT_75PLUS","EST_HRS_CLOSED","FATAL_COUNT","HEAVY_TRUCK_COUNT","HORSE_BUGGY_COUNT","HOUR_OF_DAY","ILLUMINATION","INJURY_COUNT","INTERSECTION_RELATED","INTERSECT_TYPE","LANE_CLOSED","LATITUDE","LN_CLOSE_DIR","LOCATION_TYPE","LONGITUDE","MAX_SEVERITY_LEVEL","MCYCLE_DEATH_COUNT","MCYCLE_SUSP_SERIOUS_INJ_COUNT","MOTORCYCLE_COUNT","MUNICIPALITY","NONMOTR_COUNT","NONMOTR_DEATH_COUNT","NONMOTR_SUSP_SERIOUS_INJ_COUNT","NTFY_HIWY_MAINT","PED_COUNT","PED_DEATH_COUNT","PED_SUSP_SERIOUS_INJ_COUNT","PERSON_COUNT","POLICE_AGCY","POSSIBLE_INJ_COUNT","RDWY_SURF_TYPE_CD","RELATION_TO_ROAD","ROADWAY_CLEARED","ROAD_CONDITION","SCH_BUS_IND","SCH_ZONE_IND","SECONDARY_CRASH","SMALL_TRUCK_COUNT","SPEC_JURIS_CD","SUSP_MINOR_INJ_COUNT","SUSP_SERIOUS_INJ_COUNT","SUV_COUNT","TCD_FUNC_CD","TCD_TYPE","TFC_DETOUR_IND","TIME_OF_DAY","TOTAL_UNITS","TOT_INJ_COUNT","UNBELTED_OCC_COUNT","UNB_DEATH_COUNT","UNB_SUSP_SERIOUS_INJ_COUNT","UNK_INJ_DEG_COUNT","UNK_INJ_PER_COUNT","URBAN_RURAL","VAN_COUNT","VEHICLE_COUNT","WEATHER1","WEATHER2","WORKERS_PRES","WORK_ZONE_IND","WORK_ZONE_LOC","WORK_ZONE_TYPE","WZ_CLOSE_DETOUR","WZ_FLAGGER","WZ_LAW_OFFCR_IND","WZ_LN_CLOSURE","WZ_MOVING","WZ_OTHER","WZ_SHLDER_MDN","WZ_WORKERS_INJ_KILLED"
"2005065864","","1","0","0","0","0","0","0","0","0","1","0","","02","1","2005","6","40.466774","-80.025144","","11","0","0","0","0","0","1","0","0","","0","0","0","","","1","","1","","40 28:00.387","","0","80 01:30.517","3","0","0","0","2301","0","0","0","N","0","0","0","2","02301","0","","1.0","","1","N","N","","0","","1","0","1","","2","","","2","1","0","0","0","0","0","2","0","2","","","","N","","","","","","","","","",""
"2005065866","","0","0","0","0","0","0","0","0","0","4","0","","02","1","2005","1","","","","11","0","0","0","0","0","0","0","0","","0","0","0","","","0","","1","","","","0","","0","0","0","0","2301","0","0","0","N","0","0","0","4","02301","0","","1.0","","1","N","N","","1","","0","0","1","","2","","","2","0","0","0","0","0","0","1","0","2","","","","N","","","","","","","","","",""
"2005065867","","0","0","0","0","0","0","0","0","0","7","0","","02","1","2005","7","40.446954","-79.988979","","11","0","0","0","0","0","0","0","0","","0","0","0","","","0","","0","","40 26:49.034","","0","79 59:20.324","0","0","0","0","2301","0","0","0","N","0","0","0","2","02301","0","","2.0","","1","N","N","","0","","0","0","1","","0","","","1","0","0","0","0","0","0","2","0","1","","","","N","","","","","","","","","",""
"2005065868","","2","0","0","0","0","0","0","0","0","4","0","","02","1","2005","7","","","","11","0","0","0","0","0","0","0","0","","0","0","0","","","0","","1","","","","0","","9","0","0","0","2301","0","0","0","N","0","0","0","5","02301","0","","1.0","","1","N","N","","0","","0","0","0","","2","","","2","0","0","0","0","0","1","1","0","2","","","","N","","","","","","","","","",""
"2005065869","","2","0","0","0","0","0","0","0","0","1","0","","02","1","2005","7","","","","11","0","0","0","0","0","2","0","0","","0","0","0","","","1","","1","","","","3","","8","0","0","0","2301","0","0","0","N","0","0","0","4","02301","0","","1.0","","1","N","N","","0","","0","0","0","","2","","","3","1","0","0","0","1","0","1","1","3","","","","N","","","","","","","","","",""
"2005065870","","0","0","0","0","0","0","0","0","0","7","0","","02","1","2005","1","40.4548","-79.9539","","11","0","0","0","0","0","0","0","0","2","0","0","0","","","0","","0","","40 27:17.280","3","0","79 57:14.040","0","0","0","0","2301","0","0","0","N","0","0","0","1","02301","0","","4.0","","2","N","N","","0","","0","0","1","","0","N","","1","0","0","0","0","0","0","2","0","1","","","","N","","","","","","","","","",""
"2005065871","","1","0","0","0","0","0","0","0","0","7","0","","02","1","2005","1","","","","11","0","0","0","0","0","0","0","0","","0","0","0","","","0","","0","","","","0","","0","0","0","0","2301","0","0","0","","0","0","0","1","02301","0","","4.0","","2","N","N","","0","","0","0","0","","0","","","1","0","0","0","0","0","0","1","0","1","","","","N","","","","","","","","","",""
"2005065872","","1","0","0","0","0","0","0","0","0","7","0","","02","2","2005","7","40.435268","-80.050661","","11","0","0","0","0","0","0","0","0","","0","0","0","","","0","","0","","40 26:06.966","","0","80 03:02.381","0","0","0","0","2301","0","0","0","N","0","0","0","1","02301","0","","5.0","","98","N","N","","0","","0","0","1","","0","","","2","0","0","0","0","0","0","2","0","2","","","","N","","","","","","","","","",""
"2005065874","","1","0","0","0","0","0","0","0","0","4","0","","02","1","2005","2","","","","11","0","0","0","0","0","0","0","0","1","0","0","0","","","0","","1","","","3","0","","0","0","0","0","2301","0","0","0","N","0","0","0","3","02301","0","","1.0","","9","N","N","","0","","0","0","0","","3","N","","2","0","0","0","0","0","0","1","1","2","","","","N","","","","","","","","","",""
"2005065926","","1","0","0","0","0","0","0","0","0","7","0","","02","3","2005","2","40.311307","-79.911229","","11","0","0","0","0","0","0","0","0","1","0","0","0","","","1","","0","","40 18:40.705","1","0","79 54:40.424","4","0","0","0","2440","0","0","0","N","0","0","0","1","02440","1","","5.0","","9","N","N","","0","","0","0","0","","0","N","","1","1","0","0","0","0","0","2","0","1","","","","N","","","","","","","","","",""
"2005065929","","2","0","0","0","0","0","0","0","0","4","0","","02","1","2005","2","40.439811","-79.959355","","11","0","0","0","0","0","0","0","0","1","0","0","0","","","2","","1","","40 26:23.319","3","0","79 57:33.678","4","0","0","0","2301","0","0","0","N","0","0","0","4","02301","1","","1.0","","9","N","N","","0","","0","0","0","","2","N","","2","2","0","0","0","1","0","2","0","2","","","","N","","","","","","","","","",""
"2005065930","","2","0","0","0","0","0","0","0","0","4","0","","02","1","2005","3","","","","11","0","0","0","0","0","1","0","0","1","0","0","0","","","0","","2","","","3","0","","0","0","0","0","2301","0","0","0","N","0","0","0","2","02301","0","","1.0","","1","N","N","","0","","0","0","0","","3","N","","2","0","0","0","0","0","0","1","0","2","","","","N","","","","","","","","","",""
"2005065931","","2","0","0","0","0","0","0","0","0","4","0","","02","1","2005","7","","","","11","0","0","0","0","0","0","1","0","1","0","0","0","","","1","","1","","","4","0","","8","0","0","0","2301","0","0","0","N","0","0","0","2","02301","0","","1.0","","1","N","N","","0","","0","0","0","","2","N","","2","1","0","0","0","1","0","1","0","2","","","","N","","","","","","","","","",""
"2005065932","","1","0","0","0","0","0","0","0","0","7","0","","02","1","2005","1","","","","11","0","0","0","1","0","0","0","0","1","0","0","0","","","1","","0","","","1","0","","8","0","0","0","2301","0","0","0","N","0","0","0","1","02301","0","","4.0","","2","N","N","","0","","0","0","0","","0","N","","1","1","0","0","0","1","0","1","0","1","","","","N","","","","","","","","","",""
"2005065933","","2","0","0","0","0","0","0","0","0","1","0","","02","1","2005","2","40.415444","-79.924874","","11","0","0","1","0","0","0","0","0","","0","0","0","","","0","","1","","40 24:55.598","","0","79 55:29.546","0","0","0","0","2301","0","0","0","N","0","0","0","2","02501","0","","1.0","","9","N","N","","0","","0","0","0","","2","","","2","0","0","0","0","0","0","2","0","2","","","","N","","","","","","","","","",""
"2005065934","","2","0","0","0","0","0","0","0","0","4","0","","02","1","2005","2","40.438023","-79.913084","","11","0","1","0","1","0","0","0","0","","0","0","0","","","0","","1","","40 26:16.882","","0","79 54:47.102","0","0","0","0","2301","0","0","0","N","0","0","0","3","02301","0","","1.0","","9","N","N","","0","","0","0","0","","2","","","2","0","0","0","0","0","0","2","0","2","","","","N","","","","","","","","","",""
"2005065935","","0","0","0","0","0","0","0","0","0","7","0","","02","1","2005","7","","","","11","0","0","0","0","0","0","0","0","","0","0","0","","","1","","0","","","","0","","4","0","0","0","2301","0","0","0","N","0","0","0","2","02301","1","","4.0","","2","N","N","","0","","0","0","1","","0","","","1","1","0","0","0","0","0","1","0","1","","","","N","","","","","","","","","",""
"2005065936","","2","0","0","0","0","0","0","0","0","4","0","","02","1","2005","7","40.446283","-79.946935","","11","0","0","0","0","0","0","0","0","","0","0","0","","","0","","2","","40 26:46.618","","0","79 56:48.966","0","0","0","0","2301","0","0","0","N","0","0","0","3","02301","0","","1.0","","1","N","N","","0","","0","0","0","","3","","","2","0","0","0","0","0","0","2","0","2","","","","N","","","","","","","","","",""
"2005065938","","2","0","0","0","0","0","0","0","0","4","0","","02","2","2005","4","","","","11","0","0","0","0","0","0","0","0","","0","0","0","","","2","","0","","","","0","","4","0","0","0","2301","0","0","0","N","0","0","0","4","02301","1","","1.0","","2","N","N","","0","","0","0","0","","0","","","2","2","0","0","0","1","0","1","0","2","","","","N","","","","","","","","","",""
"2005065939","","0","0","0","1","0","0","0","0","0","8","0","","02","1","2005","2","","","","11","0","0","0","0","0","0","0","0","","0","0","0","","","1","","1","","","","0","","8","0","0","0","2301","1","0","0","N","0","0","0","2","02301","0","","1.0","","1","N","N","","1","","0","0","0","","0","","","2","1","0","0","0","1","0","1","0","1","","","","N","","","","","","","","","",""
"2005065942","","2","0","0","0","0","0","0","0","0","4","0","","02","1","2005","7","","","","11","0","0","0","0","0","0","0","0","1","0","0","0","","","2","","1","","","1","0","","4","0","0","0","2301","0","0","0","N","0","0","0","4","02301","1","","1.0","","1","N","N","","0","","0","0","0","","2","Y","","2","2","1","0","0","1","0","1","0","2","","","","N","","","","","","","","","",""
"2005065944","","1","0","0","0","0","0","0","0","0","1","0","","02","1","2005","3","40.464701","-79.979821","","11","0","0","0","0","0","0","0","0","1","0","0","0","","","0","","1","","40 27:52.923","4","0","79 58:47.357","0","0","0","0","2301","0","0","0","N","0","0","0","2","02301","0","","1.0","","9","N","N","","0","","0","0","0","","2","N","","2","0","0","0","0","0","0","2","1","2","","","","N","","","","","","","","","",""
"2005065945","","1","0","0","0","0","0","0","0","0","2","0","","02","1","2005","7","40.493558","-80.022225","","11","0","0","1","0","0","1","0","0","2","0","0","0","","","1","","0","","40 29:36.807","7","0","80 01:20.009","8","0","0","0","2301","0","0","0","N","0","0","0","4","02301","0","","1.0","","1","N","N","","1","","0","0","0","","0","N","","2","1","0","0","0","1","0","2","0","2","","","","N","","","","","","","","","",""
"2005065946","","2","0","0","0","0","0","0","0","0","6","0","","02","1","2005","1","40.44977","-80.025508","","11","0","0","0","0","0","0","1","0","","0","0","0","","","1","","1","","40 26:59.173","","2","80 01:31.830","8","0","0","0","2301","0","0","0","N","0","0","0","5","02301","0","","7.0","","1","N","N","","0","","0","0","0","","2","","","2","1","1","0","0","1","0","2","0","2","","","","N","","","","","","","","","",""
"2005065948","","1","0","0","0","0","0","0","0","0","7","0","","02","1","2005","7","","","","11","0","0","0","0","0","0","0","0","6","0","0","0","","","1","","0","","","6","0","","4","0","0","0","2301","0","0","0","N","0","0","0","1","02301","1","","4.0","","2","N","N","","0","","0","0","0","","0","Y","","1","1","0","0","0","0","0","1","0","1","","","","N","","","","","","","","","",""
"2005065949","","2","0","0","0","0","0","0","0","0","5","0","","02","1","2005","1","40.4709","-79.9744","","11","0","0","0","0","0","0","0","0","","0","0","0","","","0","","0","","40 28:15.240","","0","79 58:27.840","0","0","0","0","2301","0","0","0","N","0","0","0","3","02301","0","","1.0","","1","","N","","0","","0","0","0","","0","","","2","0","0","0","0","0","0","2","0","2","","","","N","","","","","","","","","",""
"2005065950","","2","0","0","0","0","0","0","0","0","4","0","","02","2","2005","3","40.478745","-80.043089","","11","0","0","0","0","0","0","0","0","","0","0","0","","","1","","1","","40 28:43.481","","0","80 02:35.120","8","0","0","0","2301","0","0","0","N","0","0","0","3","02301","0","","1.0","","1","N","N","","0","","0","0","0","","4","","","2","1","0","0","0","1","0","2","0","2","","","","N","","","","","","","","","",""
"2005065951","","2","0","0","0","0","0","0","0","0","4","0","","02","2","2005","7","40.44977","-80.025508","","11","0","0","0","1","0","0","0","0","1","0","0","0","","","1","","1","","40 26:59.173","2","0","80 01:31.830","4","0","0","0","2301","0","0","0","N","0","0","0","7","02301","1","","1.0","","1","N","N","","0","","0","0","0","","1","N","","2","1","0","0","0","0","0","2","0","2","","","","N","","","","","","","","","",""
"2005065952","","2","0","0","0","0","0","0","0","0","4","0","","02","2","2005","1","40.4574","-79.9979","","11","0","0","0","0","0","0","0","1","","0","0","0","","","0","","1","","40 27:26.640","","0","79 59:52.440","0","0","0","0","2301","0","0","0","N","0","0","0","4","02301","0","","1.0","","1","N","N","","0","","0","0","0","","2","","","2","0","0","0","0","0","0","2","0","2","","","","N","","","","","","","","","",""
"2005065990","","3","0","0","0","0","0","0","0","0","1","0","","02","1","2005","3","40.438671","-79.748406","","11","0","0","0","0","0","0","0","0","","0","0","0","","","0","","0","","40 26:19.217","","0","79 44:54.261","0","0","0","0","2446","0","0","0","N","0","0","0","3","02446","0","","1.0","","9","N","N","","0","","0","0","0","","2","","","3","0","0","0","0","0","0","2","0","3","","","","N","","","","","","","","","",""
"2005065993","","2","0","0","0","0","0","0","0","0","6","0","","02","1","2005","1","40.425991","-79.927738","","11","0","0","0","0","0","0","0","0","","0","0","0","","","0","","0","","40 25:33.567","","0","79 55:39.856","0","0","0","0","2301","0","0","0","N","0","0","0","3","02301","0","","1.0","","7","N","N","","0","","0","0","1","","0","","","3","0","0","0","0","0","0","2","0","3","","","","N","","","","","","","","","",""
"2005065995","","2","0","0","0","0","0","0","0","0","4","0","","02","1","2005","2","","","","11","0","0","0","0","0","0","0","0","","0","0","0","","","0","","2","","","","0","","0","0","0","0","2301","0","0","0","N","0","0","0","2","02301","0","","1.0","","1","N","N","","0","","0","0","0","","2","","","2","0","0","0","0","0","0","1","0","2","","","","N","","","","","","","","","",""
"2005065996","","1","0","0","0","0","0","0","0","0","8","0","","02","1","2005","2","","","","11","0","0","0","0","0","1","0","0","","0","0","0","","","1","","1","","","","0","","4","0","0","0","2301","1","0","0","N","1","0","0","2","02301","1","","1.0","","9","N","N","","0","","0","0","0","","2","","","2","1","0","0","0","0","0","1","0","1","","","","N","","","","","","","","","",""
"2005065997","","2","0","0","0","0","0","0","0","0","4","0","","02","1","2005","3","40.446335","-79.955571","","11","0","0","0","0","0","1","0","0","","0","0","0","","","0","","1","","40 26:46.806","","0","79 57:20.055","9","0","0","0","2301","0","0","0","N","0","0","0","2","02301","0","","1.0","","9","N","N","","0","","0","0","0","","3","","","2","0","0","0","0","0","1","2","0","2","","","","N","","","","","","","","","",""
"2005065998","","1","0","0","0","0","0","0","0","0","7","0","","02","1","2005","6","40.437751","-79.93265","","11","0","0","0","0","0","0","0","0","","0","0","0","","","0","","0","","40 26:15.903","","0","79 55:57.540","0","0","0","0","2301","0","0","0","N","0","0","0","3","02301","0","","4.0","","9","N","N","","0","","0","0","0","","0","","","1","0","1","0","0","0","0","2","0","1","","","","N","","","","","","","","","",""
"2005066056","","1","0","0","0","0","0","0","0","0","6","0","","02","1","2005","4","","","","11","0","0","0","0","0","1","0","0","","0","0","0","","","0","","0","","","","0","","0","0","0","0","2113","0","0","0","N","0","0","0","2","02113","0","","1.0","","9","N","N","","0","","0","0","1","","0","","","2","0","0","0","0","0","0","1","0","2","","","","N","","","","","","","","","",""
"2005066057","","2","0","0","0","0","0","0","0","0","1","0","","02","1","2005","5","40.4814","-79.8759","","11","0","0","0","0","0","1","0","0","","0","0","0","","","0","","0","","40 28:53.040","","3","79 52:33.240","9","0","0","0","2113","0","0","0","N","0","0","0","2","02113","0","","1.0","","1","N","N","","0","","0","0","0","","0","","","2","0","0","0","0","0","1","2","0","2","","","","N","","","","","","","","","",""
"2005066058","","2","0","0","0","0","0","0","0","0","2","0","","02","2","2005","1","","","","11","0","0","0","0","0","0","1","0","","0","0","0","","","1","","0","","","","0","","8","0","0","0","2113","0","0","0","N","0","0","0","1","02113","0","","4.0","","1","N","N","","0","","0","0","0","","0","","","2","1","0","0","0","1","0","1","0","2","","","","N","","","","","","","","","",""
"2005066060","","1","0","0","0","0","0","0","0","0","0","0","","02","1","2005","2","40.464823","-79.883011","","11","0","0","0","0","0","1","0","0","3","0","0","0","","","1","","0","","40 27:53.361","6","0","79 52:58.841","3","0","0","0","2113","0","0","0","","0","0","0","1","02113","0","","4.0","","2","N","N","","0","","1","0","0","","0","Y","","1","1","1","0","0","0","0","2","0","1","","","","N","","","","","","","","","",""
"2005066062","","1","0","0","0","0","0","0","0","0","7","0","","02","1","2005","2","40.5021","-79.812","","11","0","0","0","0","0","0","0","0","","0","0","0","","","0","","0","","40 30:07.560","","0","79 48:43.200","0","0","0","0","2113","0","0","0","N","0","0","0","1","02113","0","","5.0","","9","N","N","","0","","0","0","0","","0","","","1","0","1","0","0","0","0","2","0","1","","","","N","","","","","","","","","",""
"2005066063","","1","0","0","0","0","0","0","0","0","1","0","","02","1","2005","4","40.4751","-79.849","","11","0","0","0","0","0","1","1","0","","0","0","0","","","1","","0","","40 28:30.360","","0","79 50:56.400","4","0","0","0","2113","0","0","0","N","0","0","0","2","02113","1","","1.0","","1","N","N","","0","","0","0","0","","0","","","2","1","0","0","0","0","0","2","1","2","","","","N","","","","","","","","","",""
"2005066064","","2","0","0","0","0","0","0","0","0","4","0","","02","2","2005","1","40.470346","-79.812795","","11","0","0","0","0","0","0","0","1","","0","0","0","","","0","","0","","40 28:13.245","","0","79 48:46.062","0","0","0","0","2113","0","0","0","N","0","0","0","3","02113","0","","1.0","","1","N","N","","0","","0","0","0","","0","","","2","0","1","0","0","0","0","2","0","2","","","","N","","","","","","","","","",""
"2005066065","","1","0","0","0","0","0","0","0","0","7","0","","02","2","2005","1","40.465793","-79.821343","","11","0","0","0","0","0","0","0","0","1","0","0","0","","","0","","0","","40 27:56.856","5","0","79 49:16.836","9","0","0","0","2113","0","0","0","N","0","0","0","1","02113","0","","5.0","","2","N","N","","0","","0","0","0","","0","N","","1","0","0","0","0","0","1","2","0","1","","","","N","","","","","","","","","",""
"2005066066","","2","0","0","0","0","0","0","0","0","6","0","","02","1","2005","4","40.4846","-79.8168","","11","0","0","0","0","0","2","0","0","","0","0","0","","","2","","0","","40 29:04.560","","0","79 49:00.480","3","0","0","0","2113","0","0","0","N","0","0","0","2","02113","1","","1.0","","9","N","N","","0","","1","0","0","","0","","","2","2","0","0","0","0","0","2","0","2","","","","N","","","","","","","","","",""
"2005066067","","2","0","0","0","0","0","0","0","0","4","0","","02","1","2005","4","40.464893","-79.828476","","11","0","0","0","0","0","0","0","0","","0","0","0","","","1","","1","","40 27:53.615","","0","79 49:42.513","4","0","0","0","2113","0","0","0","N","0","0","0","5","02113","1","","1.0","","9","N","N","","0","","0","0","0","","2","","","2","1","3","0","0","0","0","2","0","2","","","","N","","","","","","","","","",""
"2005066068","","0","0","0","0","0","0","0","0","0","0","0","","02","1","2005","5","40.480956","-79.784027","","11","0","0","0","0","0","1","0","0","","0","0","0","","","1","","0","","40 28:51.441","","0","79 47:02.497","4","0","0","0","2113","0","0","0","N","0","0","0","1","02113","1","","5.0","","1","N","N","","0","","0","0","1","","0","","","1","1","0","0","0","0","0","2","0","1","","","","N","","","","","","","","","",""
"2005066069","","2","0","0","0","0","0","0","0","0","1","0","","02","1","2005","2","40.496165","-79.818903","","11","0","0","0","0","0","0","0","0","","0","0","0","","","0","","0","","40 29:46.193","","0","79 49:08.049","0","0","0","0","2113","0","0","0","N","0","0","0","5","02113","0","","1.0","","1","N","N","","0","","0","0","0","","0","","","2","0","3","0","0","0","0","2","0","2","","","","N","","","","","","","","","",""
"2005066070","","1","0","0","0","0","0","0","0","0","7","0","","02","1","2005","1","40.479717","-79.828259","","11","0","0","0","0","0","0","0","0","","0","0","0","","","0","","0","","40 28:46.981","","0","79 49:41.732","0","0","0","0","2113","0","0","0","N","0","0","0","1","02113","0","","4.0","","1","N","N","","0","","0","0","0","","0","","","1","0","0","0","0","0","0","2","0","1","","","","N","","","","","","","","","",""
"2005066071","","1","0","0","0","0","0","0","0","0","2","0","","02","2","2005","3","40.460179","-79.842685","","11","0","0","0","0","0","0","0","0","","0","0","0","","","1","","1","","40 27:36.643","","0","79 50:33.667","4","0","0","0","2113","0","0","0","N","0","0","0","4","02113","1","","1.0","","1","N","N","","1","","0","0","0","","2","","","2","1","0","0","0","0","0","2","0","2","","","","N","","","","","","","","","",""
"2005066072","","1","0","0","0","0","0","0","0","0","8","0","","02","1","2005","2","40.4982","-79.7897","","11","0","0","0","0","0","0","0","1","","0","0","0","","","1","","0","","40 29:53.520","","0","79 47:22.920","4","0","0","0","2113","1","0","0","N","1","0","0","2","02113","1","","6.0","","1","N","N","","0","","0","0","0","","0","","","2","1","0","0","0","0","0","2","0","1","","","","N","","","","","","","","","",""
"2005066073","","1","0","0","0","0","0","0","0","0","7","0","","02","2","2005","3","40.45766","-79.85004","","11","0","0","0","0","0","0","0","0","","0","0","0","","","0","","2","","40 27:27.576","","0","79 51:00.144","0","0","0","0","2113","0","0","0","N","0","0","0","2","02113","0","","5.0","","2","N","N","","0","","0","0","0","","0","","","1","0","0","0","0","0","0","2","0","1","","","","N","","","","","","","","","",""
"2005066078","","1","0","0","0","0","0","0","0","0","7","0","","02","1","2005","1","40.4898","-79.82","","11","0","0","0","0","0","0","1","0","","0","0","0","","","1","","0","","40 29:23.280","","0","79 49:12.000","4","0","0","0","2113","0","0","0","N","0","0","0","1","02113","1","","5.0","","7","N","N","","0","","0","0","0","","0","","","1","1","0","0","0","0","0","2","0","1","","","","N","","","","","","","","","",""
"2005066079","","3","0","0","0","0","0","0","0","0","1","0","","02","1","2005","4","40.459112","-79.840318","","11","0","0","0","0","0","0","0","0","","0","0","0","","","0","","0","","40 27:32.803","","0","79 50:25.144","0","0","0","0","2113","0","0","0","N","0","0","0","3","02113","0","","1.0","","9","N","N","","0","","0","0","0","","0","","","3","0","1","0","0","0","0","2","0","3","","","","N","","","","","","","","","",""
"2005066080","","1","0","1","0","0","0","0","0","0","7","0","","02","1","2005","6","40.451849","-79.811936","","11","0","0","0","0","0","0","0","0","","0","0","0","","","1","","2","","40 27:06.657","","0","79 48:42.970","2","0","0","0","2113","0","0","0","N","0","0","0","1","02113","0","","5.0","","1","N","N","","0","","0","1","0","","0","","","1","1","0","0","0","0","0","2","0","1","","","","N","","","","","","","","","",""
"2005066081","","2","0","0","0","0","0","0","0","0","1","0","","02","1","2005","3","","","","11","0","0","0","0","0","0","0","0","1","0","0","0","","","0","","2","","","1","0","","0","0","0","0","2113","0","0","0","N","0","0","0","2","02113","0","","1.0","","1","N","N","","0","","0","0","0","","3","N","","2","0","0","0","0","0","0","1","0","2","","","","N","","","","","","","","","",""
"2005066082","","2","0","0","0","0","0","0","0","0","4","0","","02","1","2005","4","40.497896","-79.837015","","11","0","0","0","0","1","0","0","0","","0","0","0","","","0","","0","","40 29:52.425","","0","79 50:13.254","0","0","0","0","2113","0","0","0","N","0","0","0","1","02113","0","","5.0","","9","N","N","","0","","0","0","0","","0","","","2","0","0","0","0","0","0","2","0","2","","","","N","","","","","","","","","",""
"2005066083","","1","0","0","0","0","0","0","0","0","2","0","","02","1","2005","6","40.4678","-79.8655","","11","0","0","0","0","0","0","0","0","1","0","0","0","","","0","","0","","40 28:04.080","4","0","79 51:55.800","0","0","0","0","2113","0","0","0","N","0","0","0","3","02113","0","","1.0","","1","N","N","","0","","0","0","1","","0","N","","2","0","0","0","0","0","0","2","0","2","","","","N","","","","","","","","","",""
"2005066084","","1","0","0","0","0","0","0","0","0","7","0","","02","1","2005","7","40.4838","-79.8112","","11","0","0","0","0","0","0","0","0","3","0","0","0","","","1","","0","","40 29:01.680","6","0","79 48:40.320","3","0","0","0","2113","0","0","0","N","0","0","0","1","02113","0","","5.0","","1","N","N","","0","","1","0","0","","0","Y","","1","1","1","0","0","0","0","2","0","1","","","","N","","","","","","","","","",""
"2005066122","","0","0","0","0","0","0","0","0","0","7","0","","02","1","2005","1","40.403074","-80.107161","","11","0","0","0","0","0","0","1","0","","0","0","0","","","2","","0","","40 24:11.065","","0","80 06:25.779","4","0","0","0","2102","0","0","0","Y","0","0","0","2","68B03","2","","3.0","","9","N","N","","0","","0","0","1","","0","","","1","2","0","0","0","0","0","2","0","1","","","","N","","","","","","","","","",""
"2005066123","","1","0","0","0","0","0","0","0","0","1","0","","02","1","2005","2","","","","11","0","0","0","0","0","2","0","0","","0","0","0","","","2","","0","","40 25:26.04","","0","80 06:34.56","4","0","0","0","2102","0","0","0","N","0","0","0","3","68B03","2","","1.0","","9","N","N","","1","","0","0","0","","0","","","2","2","0","0","0","0","0","2","0","2","","","","N","","","","","","","","","",""
"2005066127","","0","0","0","0","0","0","0","0","0","0","0","","02","1","2005","3","40.495667","-79.910993","","11","0","0","0","0","0","0","0","0","2","0","0","0","","","0","","0","","40 29:44.400","1","0","79 54:39.574","0","0","0","0","2461","0","0","0","N","0","0","0","1","68D02","0","","3.0","","1","N","N","","1","","0","0","0","","0","N","","1","0","1","0","0","0","0","2","0","1","","","","N","","","","","","","","","",""
"2005066133","","1","0","0","0","0","0","0","0","0","7","0","","02","1","2005","4","40.495589","-79.910506","","11","0","0","1","0","0","0","0","0","2","0","0","0","","","0","","0","","40 29:44.122","1","0","79 54:37.821","0","0","0","0","2112","0","0","0","N","0","0","0","1","68D02","0","","2.0","","8","N","N","","0","","0","0","0","","0","N","","1","0","0","0","0","0","0","2","0","1","","","","N","","","","","","","","","",""
"2005066291","","1","0","0","0","0","0","0","0","0","99","0","","02","1","2005","1","40.2823","-79.9244","","11","0","0","0","0","0","1","0","0","","0","0","0","","","1","","0","","40 16:56.280","","0","79 55:27.840","4","0","0","0","2440","0","0","0","N","0","0","0","1","02440","1","","1.0","","1","N","N","","0","","0","0","0","","0","","","1","1","0","0","0","0","0","2","0","1","","","","N","","","","","","","","","",""
"2005066292","","2","0","0","0","0","0","0","0","0","4","0","","02","1","2005","3","","","","11","0","0","0","0","0","1","0","0","1","0","0","0","","","2","","0","","40 25:46.92","3","0","80 08:02.40","8","0","0","0","2102","0","0","0","N","0","0","0","3","68B03","0","","1.0","","9","N","N","","1","","0","0","0","","0","N","","4","2","0","0","0","2","0","2","0","3","","","","N","","","","","","","","","",""
"2005066307","","2","0","0","0","0","0","0","0","0","4","0","","02","2","2005","5","40.443155","-80.057911","","11","0","0","0","0","0","2","0","0","","0","0","0","","","3","","1","","40 26:35.358","","0","80 03:28.479","3","0","0","0","2439","0","0","0","N","0","0","0","4","02439","2","","1.0","","1","N","N","","0","","1","0","0","","3","","","2","3","0","0","0","0","0","2","0","2","","","","N","","","","","","","","","",""