"CRN","ARRIVAL_TM","AUTOMOBILE_COUNT","BELTED_DEATH_COUNT","BELTED_SUSP_SERIOUS_INJ_COUNT","BICYCLE_COUNT","BICYCLE_DEATH_COUNT","BICYCLE_SUSP_SERIOUS_INJ_COUNT","BUS_COUNT","CHLDPAS_DEATH_COUNT","CHLDPAS_SUSP_SERIOUS_INJ_COUNT","COLLISION_TYPE","COMM_VEH_COUNT","CONS_ZONE_SPD_LIM","COUNTY","CRASH_MONTH","CRASH_YEAR","DAY_OF_WEEK","DEC_LATITUDE","DEC_LONGITUDE","DISPATCH_TM","DISTRICT","DRIVER_COUNT_16YR","DRIVER_COUNT_17YR","DRIVER_COUNT_18YR","DRIVER_COUNT_19YR","DRIVER_COUNT_20YR","DRIVER_COUNT_50_64YR","DRIVER_COUNT_65_74YR","DRIVER_COUNT_75PLUS","EST_HRS_CLOSED","FATAL_COUNT","HEAVY_TRUCK_COUNT","HORSE_BUGGY_COUNT","HOUR_OF_DAY","ILLUMINATION","INJURY_COUNT","INTERSECTION_RELATED","INTERSECT_TYPE","LANE_CLOSED","LATITUDE","LN_CLOSE_DIR","LOCATION_TYPE","LONGITUDE","MAX_SEVERITY_LEVEL","MCYCLE_DEATH_COUNT","MCYCLE_SUSP_SERIOUS_INJ_COUNT","MOTORCYCLE_COUNT","MUNICIPALITY","NONMOTR_COUNT","NONMOTR_DEATH_COUNT","NONMOTR_SUSP_SERIOUS_INJ_COUNT","NTFY_HIWY_MAINT","PED_COUNT","PED_DEATH_COUNT","PED_SUSP_SERIOUS_INJ_COUNT","PERSON_COUNT","POLICE_AGCY","POSSIBLE_INJ_COUNT","RDWY_SURF_TYPE_CD","RELATION_TO_ROAD","ROADWAY_CLEARED","ROAD_CONDITION","SCH_BUS_IND","SCH_ZONE_IND","SECONDARY_CRASH","SMALL_TRUCK_COUNT","SPEC_JURIS_CD","SUSP_MINOR_INJ_COUNT","SUSP_SERIOUS_INJ_COUNT","SUV_COUNT","TCD_FUNC_CD","TCD_TYPE","TFC_DETOUR_IND","TIME_OF_DAY","TOTAL_UNITS","TOT_INJ_COUNT","UNBELTED_OCC_COUNT","UNB_DEATH_COUNT","UNB_SUSP_SERIOUS_INJ_COUNT","UNK_INJ_DEG_COUNT","UNK_INJ_PER_COUNT","URBAN_RURAL","VAN_COUNT","VEHICLE_COUNT","WEATHER1","WEATHER2","WORKERS_PRES","WORK_ZONE_IND","WORK_ZONE_LOC","WORK_ZONE_TYPE","WZ_CLOSE_DETOUR","WZ_FLAGGER","WZ_LAW_OFFCR_IND","WZ_LN_CLOSURE","WZ_MOVING","WZ_OTHER","WZ_SHLDER_MDN","WZ_WORKERS_INJ_KILLED"
"2005066308","","2","0","0","0","0","0","0","0","0","1","0","","02","2","2005","3","","","","11","0","0","0","0","0","1","0","1","","0","0","0","","","1","","1","","","","0","","4","0","0","0","2214","0","0","0","N","0","0","0","4","02214","1","","1.0","","1","N","N","","0","","0","0","0","","2","","","2","1","0","0","0","0","0","1","0","2","","","","N","","","","","","","","","",""
"2005066418","","2","0","0","0","0","0","0","0","0","5","0","","02","2","2005","7","40.437562","-79.777771","","11","0","0","0","0","0","2","0","0","9","0","0","0","","","2","","2","","40 26:15.223","6","0","79 46:39.977","4","0","0","0","2446","0","0","0","N","0","0","0","3","02446","2","","1.0","","1","N","N","","0","","0","0","0","","2","Y","","3","2","0","0","0","0","0","2","1","3","","","","N","","","","","","","","","",""
"2005066452","","2","0","0","0","0","0","0","0","0","4","0","","02","1","2005","3","","","","11","0","0","0","0","0","0","0","0","1","0","0","0","","","1","","2","","","5","0","","4","0","0","0","2101","0","0","0","N","0","0","0","4","02109","1","","1.0","","1","N","N","","0","","0","0","0","","3","N","","2","1","1","0","0","0","0","1","0","2","","","","N","","","","","","","","","",""
"2005066453","","2","0","0","0","0","0","0","0","0","4","0","","02","1","2005","3","40.389865","-80.051319","","11","0","0","0","0","0","0","0","0","","0","0","0","","","0","","1","","40 23:23.514","","0","80 03:04.748","0","0","0","0","2109","0","0","0","N","0","0","0","2","02109","0","","1.0","","1","N","N","","0","","0","0","0","","3","","","2","0","0","0","0","0","0","2","0","2","","","","N","","","","","","","","","",""
"2005066454","","2","0","0","0","0","0","0","0","0","4","0","","02","1","2005","5","40.356303","-80.050309","","11","0","0","0","0","0","1","0","1","2","0","0","0","","","1","","0","","40 21:22.690","2","0","80 03:01.112","8","0","0","0","2109","0","0","0","N","0","0","0","6","02109","0","","1.0","","9","N","N","","0","","0","0","1","","0","Y","","4","1","1","0","0","1","0","2","1","4","","","","N","","","","","","","","","",""
"2005066455","","1","0","0","0","0","0","0","0","0","7","0","","02","1","2005","6","40.361186","-80.045415","","11","0","0","0","0","0","0","0","0","5","0","0","0","","","0","","3","","40 21:40.269","5","0","80 02:43.494","0","0","0","0","2109","0","0","0","N","0","0","0","3","02109","0","","4.0","","9","N","N","","0","","0","0","0","","0","Y","","1","0","2","0","0","0","0","2","0","1","","","","N","","","","","","","","","",""
"2005066456","","0","0","0","0","0","0","0","0","0","4","0","","02","1","2005","7","40.381471","-80.059252","","11","0","0","0","0","0","2","0","0","1","0","0","0","","","0","","0","","40 22:53.295","3","0","80 03:33.307","0","0","0","0","2109","0","0","0","N","0","0","0","2","02109","0","","1.0","","1","N","N","","1","","0","0","0","","1","N","","2","0","0","0","0","0","0","2","1","2","","","","N","","","","","","","","","",""
"2005066457","","1","0","0","0","0","0","0","0","0","7","0","","02","1","2005","1","40.3745","-80.0359","","11","0","0","0","0","0","0","0","0","2","0","0","0","","","0","","0","","40 22:28.200","2","0","80 02:09.240","0","0","0","0","2109","0","0","0","N","0","0","0","1","02109","0","","4.0","","6","N","N","","0","","0","0","0","","0","N","","1","0","0","0","0","0","0","2","0","1","","","","N","","","","","","","","","",""
"2005066458","","1","0","0","0","0","0","0","0","0","1","0","","02","1","2005","1","40.368981","-80.049369","","11","0","1","0","0","0","0","0","0","2","0","0","0","","","0","","2","","40 22:08.331","2","0","80 02:57.727","0","0","0","0","2109","0","0","0","N","0","0","0","2","02109","0","","1.0","","1","N","N","","0","","0","0","1","","0","Y","","2","0","0","0","0","0","0","2","0","2","","","","N","","","","","","","","","",""
"2005066459","","1","0","0","0","0","0","0","0","0","2","0","","02","1","2005","4","40.364571","-80.062439","","11","0","0","0","0","0","1","1","0","2","0","0","0","","","3","","0","","40 21:52.455","5","0","80 03:44.780","3","0","0","0","2109","0","0","0","N","0","0","0","6","02109","2","","1.0","","9","N","N","","1","","1","0","1","","0","Y","","3","3","0","0","0","0","0","2","0","3","","","","N","","","","","","","","","",""
"2005066460","","0","0","0","0","0","0","0","0","0","1","0","","02","1","2005","7","40.380892","-80.051108","","11","0","0","0","0","0","0","0","0","3","0","0","0","","","0","","0","","40 22:51.211","6","0","80 03:03.988","0","0","0","0","2109","0","0","0","N","0","0","0","1","02109","0","","1.0","","1","N","N","","0","","0","0","3","","0","Y","","3","0","1","0","0","0","0","2","0","3","","","","N","","","","","","","","","",""
"2005066461","","1","0","0","0","0","0","0","0","0","1","0","","02","1","2005","1","","","","11","0","0","0","0","0","1","0","0","","0","0","0","","","1","","1","","","","0","","8","0","0","0","2109","0","0","0","N","0","0","0","4","02109","0","","1.0","","7","N","N","","0","","0","0","1","","2","","","2","1","0","0","0","1","0","1","0","2","","","","N","","","","","","","","","",""
"2005066462","","1","0","0","0","0","0","0","0","0","4","0","","02","1","2005","1","40.377861","-80.03435","","11","0","0","0","0","0","1","0","0","","0","0","0","","","0","","1","","40 22:40.299","","0","80 02:03.660","0","0","0","0","2109","0","0","0","N","0","0","0","2","02109","0","","1.0","","7","N","N","","0","","0","0","0","","3","","","2","0","0","0","0","0","0","2","1","2","","","","N","","","","","","","","","",""
"2005066463","","1","0","0","0","0","0","0","0","0","8","0","","02","1","2005","3","40.393464","-80.047568","","11","0","0","0","0","0","0","0","0","2","0","0","0","","","1","","2","","40 23:36.470","5","0","80 02:51.244","4","0","0","0","2109","1","0","0","N","1","0","0","2","02109","1","","1.0","","2","N","N","","0","","0","0","0","","0","Y","","2","1","0","0","0","0","0","2","0","1","","","","N","","","","","","","","","",""
"2005066464","","2","0","0","0","0","0","0","0","0","4","0","","02","2","2005","6","40.386663","-80.046159","","11","0","0","0","0","0","1","0","0","","0","0","0","","","0","","1","","40 23:11.986","","0","80 02:46.172","0","0","0","0","2109","0","0","0","N","0","0","0","2","02109","0","","1.0","","9","N","N","","0","","0","0","0","","3","","","2","0","0","0","0","0","0","2","0","2","","","","N","","","","","","","","","",""
"2005066465","","1","0","0","0","0","0","0","0","0","4","0","","02","2","2005","7","40.3565","-80.0532","","11","0","0","0","0","0","0","1","0","1","0","0","0","","","0","","0","","40 21:23.400","3","7","80 03:11.520","0","0","0","0","2109","0","0","0","N","0","0","0","5","02109","0","","1.0","","1","N","N","","1","","0","0","0","","2","N","","2","0","0","0","0","0","0","2","0","2","","","","N","","","","","","","","","",""
"2005066469","","1","0","0","0","0","0","0","0","0","4","0","","02","1","2005","5","40.309722","-79.858731","","11","1","0","0","0","0","1","0","0","1","0","0","0","","","0","","2","","40 18:35.000","1","0","79 51:31.431","0","0","0","0","2443","0","0","0","N","0","0","0","2","02443","0","","1.0","","1","N","N","","1","","0","0","0","","3","N","","2","0","0","0","0","0","0","1","0","2","","","","N","","","","","","","","","",""
"2005066470","","2","0","0","0","0","0","0","0","0","1","0","","02","2","2005","3","40.557907","-80.204695","","11","0","0","0","0","0","0","0","0","","0","0","0","","","1","","2","","40 33:28.466","","0","80 12:16.902","8","0","0","0","2441","0","0","0","N","0","0","0","2","02441","0","","1.0","","1","N","N","","0","","0","0","0","","2","","","2","1","0","0","0","1","0","2","0","2","","","","N","","","","","","","","","",""
"2005066471","","2","0","0","0","0","0","0","0","0","1","0","","02","2","2005","6","40.562154","-80.207078","","11","0","0","0","0","0","2","0","0","1","0","0","0","","","1","","0","","40 33:43.753","1","0","80 12:25.480","4","0","0","0","2441","0","0","0","N","0","0","0","2","02441","1","","1.0","","1","N","N","","0","","0","0","0","","0","N","","2","1","1","0","0","0","0","2","0","2","","","","N","","","","","","","","","",""
"2005066547","","1","0","0","0","0","0","0","0","0","2","0","","02","1","2005","5","","","","11","0","0","0","0","0","0","0","0","","0","0","0","","","0","","0","","","","0","","0","0","0","0","2304","0","0","0","N","0","0","0","1","02304","0","","1.0","","9","N","N","","1","","0","0","0","","0","","","2","0","0","0","0","0","0","1","0","2","","","","N","","","","","","","","","",""
"2005066616","","1","0","0","0","0","0","0","0","0","8","0","","02","3","2005","6","","","","11","0","0","0","0","0","1","0","0","1","0","0","0","","","1","","0","","","6","0","","8","0","0","0","2404","1","0","0","N","1","0","0","2","02404","0","","6.0","","1","N","N","","0","","0","0","0","","0","Y","","2","1","0","0","0","1","0","1","0","1","","","","N","","","","","","","","","",""
"2005066817","","1","0","0","0","0","0","0","0","0","1","0","","02","1","2005","2","","","","11","0","0","1","0","0","0","0","0","1","0","0","0","","","1","","0","","40 25:26.76","3","0","80 06:34.92","4","0","0","0","2115","0","0","0","N","0","0","0","2","68B03","1","","1.0","","9","N","N","","0","","0","0","1","","0","N","","2","1","1","0","0","0","0","2","0","2","","","","N","","","","","","","","","",""
"2005066818","","2","0","0","0","0","0","0","0","0","1","0","","02","1","2005","2","","","","11","0","0","0","0","0","0","0","0","","0","0","0","","","1","","6","","40 24:42.12","","2","80 04:36.84","4","0","0","0","2117","0","0","0","N","0","0","0","2","68B03","1","","1.0","","9","N","N","","0","","0","0","0","","4","","","2","1","0","0","0","0","0","2","0","2","","","","N","","","","","","","","","",""
"2005066819","","1","0","0","0","0","0","0","0","0","7","0","","02","1","2005","2","40.423013","-80.103648","","11","0","0","0","0","0","1","0","0","","0","0","0","","","0","","0","","40 25:22.845","","0","80 06:13.134","0","0","0","0","2115","0","0","0","N","0","0","0","1","68B03","0","","2.0","","9","N","N","","0","","0","0","0","","0","","","1","0","0","0","0","0","0","2","0","1","","","","N","","","","","","","","","",""
"2005066820","","1","0","0","0","0","0","0","0","0","7","0","","02","1","2005","3","","","","11","0","0","0","0","0","0","0","0","","0","0","0","","","0","","0","","40 25:15.24","","0","80 02:48.12","0","0","0","0","2435","0","0","0","N","0","0","0","1","68B03","0","","4.0","","1","N","N","","0","","0","0","0","","0","","","1","0","0","0","0","0","0","2","0","1","","","","N","","","","","","","","","",""
"2005066943","","1","0","0","0","0","0","0","0","0","4","0","","02","1","2005","6","40.4126","-79.8563","","11","0","0","0","0","0","1","1","0","","0","0","0","","","0","","1","","40 24:45.360","","0","79 51:22.680","0","0","0","0","2411","0","0","0","N","0","0","0","2","02411","0","","1.0","","1","N","N","","1","","0","0","0","","3","","","2","0","0","0","0","0","0","2","0","2","","","","N","","","","","","","","","",""
"2005066946","","1","0","0","0","0","0","0","0","0","2","0","","02","1","2005","5","40.4336","-79.7574","","11","0","0","0","0","0","1","0","0","2","0","0","0","","","3","","0","","40 26:00.960","6","0","79 45:26.640","3","0","0","0","2446","0","0","0","N","0","0","0","3","02446","2","","1.0","","9","N","N","","1","","1","0","0","","0","N","","2","3","0","0","0","0","0","2","0","2","","","","N","","","","","","","","","",""
"2005066953","","2","0","0","0","0","0","0","0","0","4","0","","02","2","2005","2","","","","11","0","0","0","0","0","0","0","1","","0","0","0","","","1","","0","","","","0","","4","0","0","0","2446","0","0","0","N","0","0","0","3","02446","1","","1.0","","9","N","N","","0","","0","0","0","","0","","","2","1","1","0","0","0","0","1","0","2","","","","N","","","","","","","","","",""
"2005066954","","2","0","0","0","0","0","0","0","0","6","0","","02","1","2005","1","40.438871","-79.760639","","11","0","0","0","0","0","0","0","0","","0","0","0","","","1","","1","","40 26:19.937","","0","79 45:38.301","4","0","0","0","2446","0","0","0","N","0","0","0","2","02446","1","","1.0","","1","N","N","","0","","0","0","0","","2","","","2","1","0","0","0","0","0","2","0","2","","","","N","","","","","","","","","",""
"2005066956","","1","0","0","0","0","0","0","0","0","1","3","","02","3","2005","2","40.248977","-79.876996","","11","0","0","0","0","0","2","0","0","2","0","3","0","","","0","","2","","40 14:56.318","1","0","79 52:37.184","0","0","0","0","2204","0","0","0","N","0","0","0","4","02204","0","","1.0","","1","N","N","","0","","0","0","0","","2","Y","","4","0","2","0","0","0","0","1","0","4","","","","N","","","","","","","","","",""
"2005066967","","2","0","0","0","0","0","0","0","0","5","1","","02","2","2005","3","40.4224","-79.8547","","11","0","0","0","0","0","1","0","0","2","0","1","0","","","3","","0","","40 25:20.640","4","0","79 51:16.920","4","0","0","0","2431","0","0","0","N","0","0","0","8","02431","3","","1.0","","1","N","N","","0","","0","0","0","","0","Y","","3","3","3","0","0","0","0","2","0","3","","","","N","","","","","","","","","",""
"2005066971","","1","0","0","0","0","0","0","0","0","4","0","","02","1","2005","2","","","","11","0","0","0","0","0","0","0","0","","0","0","0","","","1","","1","","","","0","","4","0","0","0","2108","0","0","0","N","0","0","0","2","02108","1","","1.0","","1","N","N","","0","","0","0","1","","2","","","2","1","1","0","0","0","0","1","0","2","","","","N","","","","","","","","","",""
"2005066972","","1","0","0","0","0","0","0","0","0","1","0","","02","2","2005","5","","","","11","0","0","0","0","0","0","0","0","1","0","0","0","","","1","","0","","","5","0","","8","0","0","0","2108","0","0","0","N","0","0","0","2","02108","0","","1.0","","2","N","N","","0","","0","0","1","","0","Y","","2","1","0","0","0","1","0","1","0","2","","","","N","","","","","","","","","",""
"2005066973","","2","0","0","0","0","0","0","0","0","4","0","","02","1","2005","2","40.554536","-80.02121","","11","0","0","0","0","0","0","1","0","1","0","0","0","","","1","","1","","40 33:16.330","1","0","80 01:16.357","3","0","0","0","2108","0","0","0","N","0","0","0","2","02108","0","","1.0","","9","N","N","","0","","1","0","0","","2","N","","2","1","0","0","0","0","0","2","0","2","","","","N","","","","","","","","","",""
"2005066975","","2","0","0","0","0","0","0","0","0","1","0","","02","1","2005","2","40.561459","-80.013047","","11","0","0","0","0","0","0","1","0","1","0","0","0","","","1","","1","","40 33:41.254","3","0","80 00:46.970","4","0","0","0","2108","0","0","0","N","0","0","0","5","02108","1","","1.0","","1","N","N","","0","","0","0","1","","2","N","","4","1","1","0","0","0","0","2","1","4","","","","N","","","","","","","","","",""
"2005066976","","1","0","0","0","0","0","0","0","0","1","0","","02","2","2005","3","40.576295","-80.014544","","11","0","0","0","0","0","1","0","0","1","0","0","0","","","3","","3","","40 34:34.663","1","0","80 00:52.357","8","0","0","0","2108","0","0","0","N","0","0","0","3","02108","0","","1.0","","9","N","N","","0","","0","0","1","","0","N","","2","3","0","0","0","3","0","2","0","2","","","","N","","","","","","","","","",""
"2005066977","","0","0","0","0","0","0","0","0","0","4","0","","02","1","2005","1","40.558175","-80.016176","","11","1","0","0","0","0","0","0","0","2","0","0","0","","","1","","2","","40 33:29.430","4","0","80 00:58.233","8","0","0","0","2108","0","0","0","N","0","0","0","3","02108","0","","1.0","","1","N","N","","1","","0","0","1","","3","Y","","2","1","0","0","0","1","0","2","0","2","","","","N","","","","","","","","","",""
"2005067014","","1","0","0","0","0","0","0","0","0","1","0","","02","1","2005","6","","","","11","0","0","0","0","0","1","0","0","","0","0","0","","","1","","0","","","","0","","8","0","0","0","2427","0","0","0","N","0","0","0","5","02427","0","","1.0","","1","N","N","","0","","0","0","0","","0","","","3","1","0","0","0","1","0","1","2","3","","","","N","","","","","","","","","",""
"2005067099","","1","0","0","0","0","0","1","0","0","2","1","","02","3","2005","3","","","","11","0","0","0","0","0","0","0","0","","0","0","0","","","2","","0","","","","0","","4","0","0","0","2301","0","0","0","N","0","0","0","3","02503","2","","1.0","","2","N","N","","0","","0","0","0","","0","","","2","2","0","0","0","0","0","1","0","2","","","","N","","","","","","","","","",""
"2005067122","","1","0","0","0","0","0","0","0","0","7","0","","02","3","2005","3","40.256485","-79.836017","","11","0","0","0","0","0","0","0","0","","0","0","0","","","0","","0","","40 15:23.346","","0","79 50:09.661","0","0","0","0","2105","0","0","0","N","0","0","0","1","02105","0","","5.0","","7","N","N","","0","","0","0","0","","0","","","1","0","0","0","0","0","0","1","0","1","","","","N","","","","","","","","","",""
"2005067139","","1","0","0","0","0","0","0","0","0","2","0","","02","3","2005","2","40.514168","-79.879115","","11","0","0","0","0","0","1","0","0","","0","0","0","","","1","","1","","40 30:51.004","","0","79 52:44.814","8","0","0","0","2432","0","0","0","N","0","0","0","3","02432","0","","1.0","","1","N","N","","0","","0","0","1","","2","","","2","1","0","0","0","1","0","2","0","2","","","","N","","","","","","","","","",""
"2005067155","","1","0","0","0","0","0","0","0","0","7","0","","02","1","2005","1","","","","11","0","0","0","0","0","0","0","0","","0","0","0","","","0","","0","","40 28:54.12","","0","80 00:25.56","0","0","0","0","2301","0","0","0","N","0","0","0","1","68B03","0","","5.0","","9","N","N","","0","","0","0","0","","0","","","1","0","0","0","0","0","0","2","0","1","","","","N","","","","","","","","","",""
"2005067173","","2","0","0","0","0","0","0","0","0","1","0","","02","1","2005","3","40.447222","-80.166528","","11","0","0","0","0","0","1","0","0","","0","0","0","","","1","","6","","40 26:50.000","","2","80 09:59.502","4","0","0","0","2115","0","0","0","N","0","0","0","2","68B03","1","","1.0","","1","N","N","","0","","0","0","0","","3","","","2","1","0","0","0","0","0","2","0","2","","","","N","","","","","","","","","",""
"2005067224","","1","0","0","0","0","0","0","0","0","1","0","","02","3","2005","3","40.421743","-80.049771","","11","0","0","0","0","0","0","0","0","","0","0","0","","","1","","0","","40 25:18.276","","0","80 02:59.177","4","0","0","0","2435","0","0","0","N","0","0","0","2","02435","1","","1.0","","9","N","N","","0","","0","0","0","","0","","","2","1","0","0","0","0","0","2","1","2","","","","N","","","","","","","","","",""
"2005067262","","1","0","0","0","0","0","0","0","0","7","0","","02","1","2005","2","","","","11","0","0","0","1","0","0","0","0","","0","0","0","","","0","","0","","","","0","","0","0","0","0","2451","0","0","0","N","0","0","0","1","02451","0","","5.0","","7","N","N","","0","","0","0","0","","0","","","1","0","0","0","0","0","0","1","0","1","","","","N","","","","","","","","","",""
"2005067266","","1","0","0","0","0","0","0","0","0","7","0","","02","1","2005","7","40.508933","-80.157677","","11","0","0","0","0","0","0","1","0","2","0","0","0","","","0","","0","","40 30:32.159","5","0","80 09:27.636","9","0","0","0","2420","0","0","0","N","0","0","0","1","02420","0","","5.0","","1","N","N","","0","","0","0","0","","0","Y","","1","0","0","0","0","0","1","2","0","1","","","","N","","","","","","","","","",""
"2005067267","","2","0","0","0","0","0","0","0","0","4","0","","02","2","2005","4","40.516642","-80.159005","","11","0","0","0","0","0","0","0","0","","0","0","0","","","0","","1","","40 30:59.910","","0","80 09:32.418","0","0","0","0","2420","0","0","0","N","0","0","0","3","02420","0","","1.0","","1","N","N","","0","","0","0","0","","3","","","2","0","3","0","0","0","0","2","0","2","","","","N","","","","","","","","","",""
"2005067349","","1","0","0","0","0","0","0","0","0","7","0","","02","2","2005","6","40.28","-80.0016","","11","0","0","0","0","0","0","0","0","","0","0","0","","","0","","0","","40 16:48.000","","0","80 00:05.760","0","0","0","0","2219","0","0","0","N","0","0","0","1","02219","0","","2.0","","2","N","N","","0","","0","0","0","","0","","","1","0","0","0","0","0","0","1","0","1","","","","N","","","","","","","","","",""
"2005067350","","1","0","0","0","0","0","0","0","0","7","0","","02","1","2005","7","40.322054","-79.99517","","11","0","0","0","0","0","0","0","0","","0","0","0","","","0","","2","","40 19:19.394","","0","79 59:42.612","0","0","0","0","2219","0","0","0","N","0","0","0","1","02219","0","","4.0","","9","N","N","","0","","0","0","0","","0","","","1","0","0","0","0","0","0","2","0","1","","","","N","","","","","","","","","",""
"2005067351","","1","0","0","0","0","0","0","0","0","7","0","","02","1","2005","7","40.3328","-80.0001","","11","0","0","0","0","0","0","0","0","","0","0","0","","","0","","0","","40 19:58.080","","0","80 00:00.360","0","0","0","0","2219","0","0","0","N","0","0","0","1","02219","0","","2.0","","9","N","N","","0","","0","0","0","","0","","","1","0","0","0","0","0","0","2","0","1","","","","N","","","","","","","","","",""
"2005067538","","1","0","0","0","0","0","0","0","0","2","0","","02","1","2005","3","40.417501","-79.986539","","11","0","0","0","0","0","1","0","0","","0","0","0","","","1","","0","","40 25:03.005","","0","79 59:11.542","4","0","0","0","2447","0","0","0","N","0","0","0","1","02447","1","","6.0","","1","N","N","","1","","0","0","0","","0","","","2","1","1","0","0","0","0","2","0","2","","","","N","","","","","","","","","",""
"2005067539","","2","0","0","0","0","0","0","0","0","4","0","","02","1","2005","2","40.521827","-80.217409","","11","0","0","0","0","0","0","0","1","2","0","0","0","","","1","","0","","40 31:18.576","4","7","80 13:02.671","4","0","0","0","2213","0","0","0","N","0","0","0","2","02213","1","","1.0","","1","N","N","","0","","0","0","0","","2","Y","","2","1","1","0","0","0","0","2","0","2","","","","N","","","","","","","","","",""
"2005067540","","1","0","0","0","0","0","0","0","0","7","0","","02","1","2005","4","40.5046","-80.1908","","11","0","0","0","0","0","0","1","0","2","0","0","0","","","2","","0","","40 30:16.560","1","0","80 11:26.880","4","0","0","0","2213","0","0","0","N","0","0","0","2","02213","2","","4.0","","9","N","N","","0","","0","0","0","","0","N","","1","2","0","0","0","0","0","2","0","1","","","","N","","","","","","","","","",""
"2005067541","","3","0","0","0","0","0","0","0","0","1","0","","02","1","2005","1","40.5178","-80.2222","","11","0","0","0","0","1","0","0","0","","0","0","0","","","2","","0","","40 31:04.080","","0","80 13:19.920","4","0","0","0","2213","0","0","0","N","0","0","0","7","02213","2","","1.0","","1","N","N","","0","","0","0","0","","0","","","3","2","0","0","0","0","0","2","0","3","","","","N","","","","","","","","","",""
"2005067542","","1","0","0","0","0","0","0","0","0","1","0","","02","1","2005","6","40.4789","-80.1773","","11","0","0","0","0","0","0","0","0","","0","0","0","","","0","","0","","40 28:44.040","","0","80 10:38.280","0","0","0","0","2213","0","0","0","N","0","0","0","3","02213","0","","1.0","","1","N","N","","1","","0","0","0","","0","","","2","0","0","0","0","0","0","2","0","2","","","","N","","","","","","","","","",""
"2005067543","","1","0","0","0","0","0","0","0","0","7","0","","02","1","2005","6","","","","11","0","0","0","0","0","1","0","0","","0","0","0","","","0","","0","","","","0","","0","0","0","0","2213","0","0","0","N","0","0","0","1","02213","0","","5.0","","1","N","N","","0","","0","0","0","","0","","","1","0","0","0","0","0","0","1","0","1","","","","N","","","","","","","","","",""
"2005067544","","1","0","0","0","0","0","0","0","0","7","0","","02","1","2005","1","40.495149","-80.2003","","11","0","0","0","0","1","0","0","0","","0","0","0","","","0","","0","","40 29:42.535","","0","80 12:01.081","0","0","0","0","2213","0","0","0","N","0","0","0","1","02213","0","","4.0","","7","N","N","","0","","0","0","0","","0","","","1","0","0","0","0","0","0","2","0","1","","","","N","","","","","","","","","",""
"2005067554","","2","0","0","0","0","0","0","0","0","1","0","","02","1","2005","3","40.419067","-79.926108","","11","0","0","0","0","0","0","0","0","","0","0","0","","","1","","2","","40 25:08.641","","0","79 55:33.988","4","0","0","0","2301","0","0","0","N","0","0","0","2","02301","1","","1.0","","9","N","N","","0","","0","0","0","","0","","","2","1","0","0","0","0","0","2","0","2","","","","N","","","","","","","","","",""
"2005067570","","2","0","0","0","0","0","0","0","0","1","0","","02","1","2005","2","40.483184","-79.898588","","11","0","0","0","0","0","0","0","0","2","0","0","0","","","0","","0","","40 28:59.461","6","0","79 53:54.917","0","0","0","0","2301","0","0","0","N","0","0","0","3","02301","0","","1.0","","98","N","N","","0","","0","0","1","","0","N","","3","0","0","0","0","0","0","2","0","3","","","","N","","","","","","","","","",""
"2005067571","","2","0","0","0","0","0","0","0","0","4","0","","02","2","2005","1","40.457257","-79.909028","","11","0","0","0","0","0","1","1","0","2","0","0","0","","","1","","1","","40 27:26.125","7","0","79 54:32.499","4","0","0","0","2301","0","0","0","N","0","0","0","2","02301","1","","1.0","","1","N","N","","0","","0","0","0","","2","N","","2","1","0","0","0","0","0","2","0","2","","","","N","","","","","","","","","",""
"2005067572","","1","0","0","0","0","0","0","0","0","7","0","","02","1","2005","2","40.47294","-79.888597","","11","0","0","0","0","0","1","0","0","","0","0","0","","","0","","0","","40 28:22.584","","0","79 53:18.949","0","0","0","0","2301","0","0","0","N","0","0","0","1","02301","0","","4.0","","9","N","N","","0","","0","0","0","","0","","","1","0","0","0","0","0","0","2","0","1","","","","N","","","","","","","","","",""
"2005067597","","1","0","0","0","0","0","0","0","0","7","0","","02","3","2005","2","40.5027","-79.9468","","11","0","0","0","0","0","1","0","0","","0","0","0","","","0","","0","","40 30:09.720","","0","79 56:48.480","0","0","0","0","2430","0","0","0","N","0","0","0","1","02430","0","","5.0","","9","N","N","","0","","0","0","0","","2","","","1","0","1","0","0","0","0","2","0","1","","","","N","","","","","","","","","",""
"2005067671","","1","0","0","0","0","0","0","0","0","1","0","","02","1","2005","2","40.541224","-79.785156","","11","0","0","0","0","0","0","0","0","1","0","0","0","","","1","","0","","40 32:28.406","6","0","79 47:06.561","8","0","0","0","2462","0","0","0","N","0","0","0","2","02462","0","","1.0","","1","N","N","","1","","0","0","0","","0","Y","","2","1","2","0","0","1","0","2","0","2","","","","N","","","","","","","","","",""
"2005067690","","1","0","0","0","0","0","0","0","0","4","0","","02","3","2005","2","40.5116","-79.9474","","11","0","0","0","0","0","1","0","0","1","0","0","0","","","1","","1","","40 30:41.760","2","0","79 56:50.640","4","0","0","0","2118","0","0","0","N","0","0","0","5","02118","1","","1.0","","1","N","N","","0","","0","0","0","","2","Y","","2","1","0","0","0","0","0","2","1","2","","","","N","","","","","","","","","",""
"2005067693","","1","0","0","0","0","0","0","0","0","5","1","","02","3","2005","3","40.491645","-80.061207","","11","0","0","0","0","0","0","0","0","","0","1","0","","","1","","1","","40 29:29.921","","0","80 03:40.346","8","0","0","0","2404","0","0","0","N","0","0","0","2","02404","0","","1.0","","1","N","N","","0","","0","0","0","","2","","","2","1","0","0","0","1","1","2","0","2","","","","N","","","","","","","","","",""