"CRN","ARRIVAL_TM","AUTOMOBILE_COUNT","BELTED_DEATH_COUNT","BELTED_SUSP_SERIOUS_INJ_COUNT","BICYCLE_COUNT","BICYCLE_DEATH_COUNT","BICYCLE_SUSP_SERIOUS_INJ_COUNT","BUS_COUNT","CHLDPAS_DEATH_COUNT","CHLDPAS_SUSP_SERIOUS_INJ_COUNT","COLLISION_TYPE","COMM_VEH_COUNT","CONS_ZONE_SPD_LIM","COUNTY","CRASH_MONTH","CRASH_YEAR","DAY_OF_WEEK","DEC_LATITUDE","DEC_LONGITUDE","DISPATCH_TM","DISTRICT","DRIVER_COUNT_16YR","DRIVER_COUNT_17YR","DRIVER_COUNT_18YR","DRIVER_COUNT_19YR","DRIVER_COUNT_20YR","DRIVER_COUNT_50_64YR","DRIVER_COUNT_65_74YR","DRIVER_COUNT_75PLUS","EST_HRS_CLOSED","FATAL_COUNT","HEAVY_TRUCK_COUNT","HORSE_BUGGY_COUNT","HOUR_OF_DAY","ILLUMINATION","INJURY_COUNT","INTERSECTION_RELATED","INTERSECT_TYPE","LANE_CLOSED","LATITUDE","LN_CLOSE_DIR","LOCATION_TYPE","LONGITUDE","MAX_SEVERITY_LEVEL","MCYCLE_DEATH_COUNT","MCYCLE_SUSP_SERIOUS_INJ_COUNT","MOTORCYCLE_COUNT","MUNICIPALITY","NONMOTR_COUNT","NONMOTR_DEATH_COUNT","NONMOTR_SUSP_SERIOUS_INJ_COUNT","NTFY_HIWY_MAINT","PED_COUNT","PED_DEATH_COUNT","PED_SUSP_SERIOUS_INJ_COUNT","PERSON_COUNT","POLICE_AGCY","POSSIBLE_INJ_COUNT","RDWY_SURF_TYPE_CD","RELATION_TO_ROAD","ROADWAY_CLEARED","ROAD_CONDITION","SCH_BUS_IND","SCH_ZONE_IND","SECONDARY_CRASH","SMALL_TRUCK_COUNT","SPEC_JURIS_CD","SUSP_MINOR_INJ_COUNT","SUSP_SERIOUS_INJ_COUNT","SUV_COUNT","TCD_FUNC_CD","TCD_TYPE","TFC_DETOUR_IND","TIME_OF_DAY","TOTAL_UNITS","TOT_INJ_COUNT","UNBELTED_OCC_COUNT","UNB_DEATH_COUNT","UNB_SUSP_SERIOUS_INJ_COUNT","UNK_INJ_DEG_COUNT","UNK_INJ_PER_COUNT","URBAN_RURAL","VAN_COUNT","VEHICLE_COUNT","WEATHER1","WEATHER2","WORKERS_PRES","WORK_ZONE_IND","WORK_ZONE_LOC","WORK_ZONE_TYPE","WZ_CLOSE_DETOUR","WZ_FLAGGER","WZ_LAW_OFFCR_IND","WZ_LN_CLOSURE","WZ_MOVING","WZ_OTHER","WZ_SHLDER_MDN","WZ_WORKERS_INJ_KILLED"
"2005071084","","1","0","0","0","0","0","0","0","0","7","0","","02","1","2005","3","","","","11","0","0","0","0","0","0","0","0","1","0","0","0","","","0","","0","","40 25:35.04","2","0","80 01:51.24","0","0","0","0","2301","0","0","0","Y","0","0","0","1","68B03","0","","2.0","","1","N","N","","0","","0","0","0","","0","N","","1","0","0","0","0","0","0","2","0","1","","","","N","","","","","","","","","",""
"2005071089","","1","0","0","0","0","0","0","0","0","5","0","","02","1","2005","1","","","","11","0","0","0","0","0","1","0","0","","0","0","0","","","0","","0","","40 30:25.92","","0","80 02:12.84","0","0","0","0","2116","0","0","0","Y","0","0","0","3","68B03","0","","1.0","","1","N","N","","1","","0","0","0","","0","","","2","0","0","0","0","0","0","2","0","2","","","","N","","","","","","","","","",""
"2005071093","","0","0","0","0","0","0","0","0","0","7","0","","02","1","2005","7","","","","11","0","0","0","0","0","0","0","0","","0","0","0","","","1","","0","","40 25:54.84","","4","80 01:27.48","4","0","0","0","2301","0","0","0","Y","0","0","0","2","68B03","1","","5.0","","2","N","N","","1","","0","0","0","","0","","","1","1","0","0","0","0","0","2","0","1","","","","N","","","","","","","","","",""
"2005071116","","1","0","0","0","0","0","0","0","0","0","0","","02","1","2005","1","40.652793","-79.725126","","11","0","0","0","0","0","0","0","0","","0","0","0","","","1","","0","","40 39:10.056","","0","79 43:30.452","4","0","0","0","2106","0","0","0","","0","0","0","1","68D02","1","","2.0","","7","N","N","","0","","0","0","0","","0","","","1","1","1","0","0","0","0","2","0","1","","","","N","","","","","","","","","",""
"2005071119","","2","0","0","0","0","0","0","0","0","1","0","","02","1","2005","5","40.4942","-79.9036","","11","0","0","0","2","0","0","0","0","","0","0","0","","","0","","0","","40 29:39.120","","0","79 54:12.960","0","0","0","0","2104","0","0","0","N","0","0","0","3","68D02","0","","1.0","","1","N","N","","0","","0","0","1","","0","","","3","0","0","0","0","0","0","2","0","3","","","","N","","","","","","","","","",""
"2005071120","","1","0","0","0","0","0","0","0","0","7","0","","02","1","2005","1","40.604469","-79.76533","","11","0","0","0","0","0","0","0","0","","0","0","0","","","0","","0","","40 36:16.087","","0","79 45:55.189","0","0","0","0","2104","0","0","0","Y","0","0","0","2","68D02","0","","4.0","","7","N","N","","0","","0","0","0","","0","","","1","0","0","0","0","0","0","2","0","1","","","","N","","","","","","","","","",""
"2005071121","","2","0","0","0","0","0","0","0","0","4","0","","02","1","2005","1","40.608987","-79.761892","","11","0","0","0","1","0","0","0","0","","0","0","0","","","0","","0","","40 36:32.352","","0","79 45:42.811","0","0","0","0","2104","0","0","0","N","0","0","0","9","68D02","0","","1.0","","7","N","N","","0","","0","0","0","","0","","","2","0","2","0","0","0","0","2","0","2","","","","N","","","","","","","","","",""
"2005071162","","2","0","0","0","0","0","0","0","0","5","0","","02","1","2005","4","40.6543","-80.093","","11","0","0","0","0","0","1","0","0","","0","0","0","","","1","","0","","40 39:15.480","","0","80 05:34.800","4","0","0","0","2212","0","0","0","Y","0","0","0","4","68B03","1","","1.0","","7","N","N","","0","","0","0","0","","0","","","3","1","0","0","0","0","0","2","1","3","","","","N","","","","","","","","","",""
"2005071163","","1","0","0","0","0","0","0","0","0","7","0","","02","1","2005","1","40.4707","-79.7647","","11","0","0","0","0","0","0","0","0","","0","0","0","","","1","","0","","40 28:14.520","","0","79 45:52.920","3","0","0","0","2466","0","0","0","N","0","0","0","1","68T02","0","","5.0","","1","N","N","","0","","1","0","0","","0","","","1","1","0","0","0","0","0","2","0","1","","","","N","","","","","","","","","",""
"2005071237","","2","0","0","0","0","0","0","0","0","4","0","","02","2","2005","6","40.441723","-80.239448","","11","0","0","0","0","1","0","1","0","","0","0","0","","","2","","1","","40 26:30.202","","0","80 14:22.014","4","0","0","0","2214","0","0","0","N","0","0","0","5","02214","2","","1.0","","9","N","N","","0","","0","0","0","","2","","","2","2","0","0","0","0","0","2","0","2","","","","N","","","","","","","","","",""
"2005071408","","0","0","0","0","0","0","0","0","0","7","0","","02","3","2005","6","","","","11","0","0","0","0","0","0","0","0","","0","0","0","","","0","","0","","","","0","","0","0","0","0","2202","0","0","0","N","0","0","0","1","02202","0","","2.0","","7","N","N","","1","","0","0","0","","0","","","1","0","0","0","0","0","0","1","0","1","","","","N","","","","","","","","","",""
"2005071499","","2","0","0","0","0","0","0","0","0","1","0","","02","3","2005","3","40.4785","-79.9674","","11","0","1","0","0","0","1","0","0","1","0","0","0","","","2","","6","","40 28:42.600","1","2","79 58:02.640","4","0","0","0","2118","0","0","0","N","0","0","0","2","02118","2","","7.0","","1","N","N","","0","","0","0","0","","4","N","","2","2","0","0","0","0","0","2","0","2","","","","N","","","","","","","","","",""
"2005071520","","3","0","0","0","0","0","0","0","0","1","0","","02","1","2005","6","40.4737","-80.0622","","11","0","0","0","0","0","1","0","0","1","0","0","0","","","0","","0","","40 28:25.320","4","3","80 03:43.920","0","0","0","0","2444","0","0","0","N","0","0","0","4","02444","0","","1.0","","1","N","N","","0","","0","0","0","","0","N","","3","0","0","0","0","0","0","2","0","3","","","","N","","","","","","","","","",""
"2005071698","","1","0","0","0","0","0","0","0","0","7","0","","02","3","2005","6","40.6622","-79.7552","","11","0","0","0","0","0","0","0","0","2","0","0","0","","","1","","0","","40 39:43.920","3","7","79 45:18.720","4","0","0","0","2220","0","0","0","N","0","0","0","1","02220","1","","5.0","","2","N","N","","0","","0","0","0","","0","N","","1","1","0","0","0","0","0","1","0","1","","","","N","","","","","","","","","",""
"2005071699","","2","0","0","0","0","0","0","0","0","7","0","","02","3","2005","5","","","","11","0","0","1","0","0","0","0","0","1","0","0","0","","","1","","0","","","4","0","","4","0","0","0","2435","0","0","0","N","0","0","0","2","02435","1","","5.0","","9","N","N","","0","","0","0","0","","0","Y","","2","1","0","0","0","0","0","1","0","2","","","","N","","","","","","","","","",""
"2005071753","","0","0","0","0","0","0","0","0","0","7","0","","02","1","2005","1","","","","11","0","0","0","0","0","0","0","0","","0","0","0","","","0","","0","","40 33:00.00","","0","80 05:10.32","0","0","0","0","2215","0","0","0","Y","0","0","0","1","68B03","0","","2.0","","7","N","N","","0","","0","0","1","","0","","","1","0","0","0","0","0","0","2","0","1","","","","N","","","","","","","","","",""
"2005071754","","0","0","0","0","0","0","0","0","0","7","0","","02","1","2005","1","","","","11","0","0","0","0","0","0","0","0","","0","0","0","","","0","","0","","40 26:03.12","","0","79 52:07.68","0","0","0","0","2478","0","0","0","N","0","0","0","1","68B03","0","","2.0","","7","N","N","","0","","0","0","1","","0","","","1","0","0","0","0","0","0","2","0","1","","","","N","","","","","","","","","",""
"2005071755","","1","0","0","0","0","0","0","0","0","7","0","","02","1","2005","2","40.4297","-79.891","","11","0","0","0","0","0","0","0","0","2","0","0","0","","","0","","0","","40 25:46.920","3","2","79 53:27.600","0","0","0","0","2426","0","0","0","Y","0","0","0","1","68B03","0","","5.0","","2","N","N","","0","","0","0","0","","3","Y","","1","0","0","0","0","0","0","2","0","1","","","","N","","","","","","","","","",""
"2005071756","","1","0","0","0","0","0","0","0","0","4","0","","02","1","2005","4","","","","11","0","0","0","0","0","1","0","0","","0","0","0","","","0","","0","","40 26:43.80","","0","79 50:52.44","0","0","0","0","2113","0","0","0","N","0","0","0","2","68B03","0","","1.0","","6","N","N","","1","","0","0","0","","0","","","2","0","0","0","0","0","0","2","0","2","","","","N","","","","","","","","","",""
"2005071758","","1","0","0","0","0","0","0","0","0","7","0","","02","1","2005","5","","","","11","0","0","0","0","0","0","0","0","","0","0","0","","","0","","0","","40 25:17.40","","0","80 05:46.68","0","0","0","0","2457","0","0","0","N","0","0","0","1","68B03","0","","4.0","","9","N","N","","0","","0","0","0","","0","","","1","0","0","0","0","0","0","2","0","1","","","","N","","","","","","","","","",""
"2005071759","","1","0","0","0","0","0","0","0","0","7","0","","02","1","2005","1","40.4306","-80.2612","","11","0","0","0","0","0","0","0","0","2","0","0","0","","","0","","0","","40 25:50.160","3","0","80 15:40.320","0","0","0","0","2214","0","0","0","N","0","0","0","2","68B03","0","","4.0","","7","N","N","","0","","0","0","0","","0","N","","1","0","0","0","0","0","0","2","0","1","","","","N","","","","","","","","","",""
"2005071762","","1","0","0","0","0","0","0","0","0","7","0","","02","1","2005","7","","","","11","0","0","0","0","1","0","0","0","","0","0","0","","","0","","6","","40 26:43.44","","0","80 00:34.56","0","0","0","0","2301","0","0","0","N","0","0","0","1","68B03","0","","2.0","","1","N","N","","0","","0","0","0","","0","","","1","0","0","0","0","0","0","2","0","1","","","","N","","","","","","","","","",""
"2005071763","","0","0","0","0","0","0","0","0","0","7","0","","02","1","2005","7","","","","11","0","0","0","0","0","0","0","0","","0","0","0","","","0","","0","","40 25:26.40","","0","80 06:33.84","0","0","0","0","2115","0","0","0","N","0","0","0","1","68B03","0","","3.0","","7","N","N","","1","","0","0","0","","0","","","1","0","0","0","0","0","0","2","0","1","","","","N","","","","","","","","","",""
"2005071765","","1","0","0","0","0","0","0","0","0","4","0","","02","1","2005","3","","","","11","0","0","0","0","0","1","0","0","1","0","0","0","","","0","","0","","40 25:13.08","1","0","80 05:31.92","0","0","0","0","2115","0","0","0","N","0","0","0","2","68B03","0","","1.0","","9","N","N","","1","","0","0","0","","0","N","","2","0","0","0","0","0","0","2","0","2","","","","N","","","","","","","","","",""
"2005071767","","3","0","0","0","0","0","0","0","0","1","0","","02","1","2005","2","","","","11","0","0","0","0","0","1","0","0","","0","0","0","","","0","","0","","40 25:41.16","","0","79 55:35.40","0","0","0","0","2301","0","0","0","N","0","0","0","3","68B03","0","","1.0","","6","N","N","","0","","0","0","0","","0","","","4","0","0","0","0","0","0","2","0","3","","","","N","","","","","","","","","",""
"2005071769","","1","0","0","0","0","0","0","0","0","7","0","","02","1","2005","7","","","","11","0","0","0","0","0","0","0","0","","0","0","0","","","0","","0","","40 30:03.60","","0","80 01:27.84","0","0","0","0","2116","0","0","0","N","0","0","0","1","68B03","0","","2.0","","7","N","N","","0","","0","0","0","","0","","","1","0","0","0","0","0","0","2","0","1","","","","N","","","","","","","","","",""
"2005071770","","2","0","0","0","0","0","0","0","0","1","0","","02","1","2005","6","","","","11","0","0","0","0","1","0","0","0","","0","0","0","","","0","","0","","40 25:26.76","","0","80 06:34.20","0","0","0","0","2115","0","0","0","N","0","0","0","7","68B03","0","","1.0","","1","N","N","","0","","0","0","0","","0","","","2","0","1","0","0","0","0","2","0","2","","","","N","","","","","","","","","",""
"2005071913","","3","0","0","0","0","0","0","0","0","1","0","","02","2","2005","6","40.4371","-79.7378","","11","0","0","0","0","0","2","0","0","1","0","0","0","","","0","","0","","40 26:13.560","3","0","79 44:16.080","0","0","0","0","2446","0","0","0","N","0","0","0","5","02446","0","","1.0","","9","N","N","","0","","0","0","1","3","2","N","","5","0","0","0","0","0","0","2","1","5","","","","N","","","","","","","","","",""
"2005071914","","1","0","0","0","0","0","0","0","0","7","0","","02","2","2005","7","40.426454","-79.724955","","11","0","0","0","0","0","0","0","1","1","0","0","0","","","1","","0","","40 25:35.235","3","0","79 43:29.837","4","0","0","0","2446","0","0","0","N","0","0","0","1","02446","1","","2.0","","1","N","N","","0","","0","0","0","0","0","N","","1","1","0","0","0","0","0","2","0","1","","","","N","","","","","","","","","",""
"2005071915","","1","0","0","0","0","0","0","0","0","4","0","","02","2","2005","5","40.430377","-79.710721","","11","0","0","0","0","0","0","1","1","","0","0","0","","","3","","1","","40 25:49.358","","1","79 42:38.596","4","0","0","0","2446","0","0","0","N","0","0","0","3","02446","3","","1.0","","1","N","N","","1","","0","0","0","3","2","","","2","3","0","0","0","0","0","2","0","2","","","","N","","","","","","","","","",""
"2005071916","","2","0","0","0","0","0","0","0","0","1","0","","02","2","2005","4","40.3983","-79.7685","","11","0","0","0","0","0","0","0","0","","0","0","0","","","0","","0","","40 23:53.880","","0","79 46:06.600","0","0","0","0","2446","0","0","0","N","0","0","0","3","02446","0","","1.0","","9","N","N","","0","","0","0","0","0","0","","","3","0","0","0","0","0","0","2","1","3","","","","N","","","","","","","","","",""
"2005071917","","1","0","0","0","0","0","0","0","0","4","0","","02","2","2005","7","40.4341","-79.7951","","11","0","0","0","0","0","0","0","0","2","0","0","0","","","0","","0","","40 26:02.760","4","7","79 47:42.360","0","0","0","0","2446","0","0","0","N","0","0","0","3","02446","0","","1.0","","1","N","N","","1","","0","0","0","3","2","N","","2","0","0","0","0","0","0","2","0","2","","","","N","","","","","","","","","",""
"2005071918","","2","0","0","0","0","0","0","0","0","4","0","","02","1","2005","6","40.391103","-79.766029","","11","0","0","0","0","0","1","0","0","1","0","0","0","","","2","","1","","40 23:27.971","4","0","79 45:57.704","4","0","0","0","2446","0","0","0","N","0","0","0","3","02446","1","","1.0","","1","N","N","","0","","0","0","0","3","2","Y","","2","2","0","0","0","1","0","2","0","2","","","","N","","","","","","","","","",""
"2005071920","","3","0","0","0","0","0","0","0","0","1","0","","02","1","2005","4","40.4169","-79.8481","","11","0","0","0","0","0","1","0","0","","0","0","0","","","2","","0","","40 25:00.840","","0","79 50:53.160","4","0","0","0","2431","0","0","0","N","0","0","0","3","02431","2","","1.0","","9","N","N","","0","","0","0","0","0","0","","","3","2","0","0","0","0","0","2","0","3","","","","N","","","","","","","","","",""
"2005071921","","1","0","0","0","0","0","0","0","0","7","0","","02","1","2005","5","40.417133","-79.848443","","11","0","0","0","0","0","0","0","0","1","0","0","0","","","0","","1","","40 25:01.680","3","0","79 50:54.395","0","0","0","0","2431","0","0","0","N","0","0","0","1","02431","0","","3.0","","2","N","N","","0","","0","0","0","3","2","N","","1","0","0","0","0","0","0","2","0","1","","","","N","","","","","","","","","",""
"2005071922","","2","0","0","0","0","0","0","0","0","4","0","","02","1","2005","1","40.428402","-79.859875","","11","0","0","0","0","0","1","0","0","","0","0","0","","","0","","0","","40 25:42.247","","0","79 51:35.550","0","0","0","0","2431","0","0","0","N","0","0","0","4","02431","0","","1.0","","7","N","N","","0","","0","0","0","0","0","","","2","0","0","0","0","0","0","2","0","2","","","","N","","","","","","","","","",""
"2005071923","","1","0","0","0","0","0","0","0","0","7","0","","02","1","2005","6","40.41377","-79.845723","","11","0","0","0","0","0","1","0","0","","0","0","0","","","1","","2","","40 24:49.571","","0","79 50:44.603","3","0","0","0","2431","0","0","0","N","0","0","0","1","02431","0","","3.0","","1","N","N","","0","","1","0","0","3","3","","","1","1","1","0","0","0","0","2","0","1","","","","N","","","","","","","","","",""
"2005071924","","0","0","0","0","0","0","0","0","0","7","0","","02","1","2005","6","","","","11","0","0","0","0","0","0","0","0","2","0","0","0","","","0","","0","","","4","0","","0","0","0","0","2431","0","0","0","N","0","0","0","1","02431","0","","1.0","","1","N","N","","1","","0","0","0","0","0","N","","1","0","0","0","0","0","0","1","0","1","","","","N","","","","","","","","","",""
"2005071925","","1","0","0","0","0","0","0","0","0","1","0","","02","1","2005","2","40.4139","-79.8459","","11","0","0","0","0","0","1","0","0","","0","0","0","","","0","","0","","40 24:50.040","","0","79 50:45.240","0","0","0","0","2431","0","0","0","N","0","0","0","3","02431","0","","1.0","","1","N","N","","1","","0","0","1","3","2","","","3","0","0","0","0","0","0","2","0","3","","","","N","","","","","","","","","",""
"2005071926","","2","0","0","0","0","0","0","0","0","1","0","","02","2","2005","6","40.420284","-79.850685","","11","0","0","0","1","0","0","0","0","","0","0","0","","","1","","2","","40 25:13.024","","0","79 51:02.467","4","0","0","0","2431","0","0","0","N","0","0","0","3","02431","1","","1.0","","9","N","N","","0","","0","0","0","0","0","","","2","1","0","0","0","0","0","2","0","2","","","","N","","","","","","","","","",""
"2005071927","","1","0","0","0","0","0","0","0","0","1","0","","02","2","2005","4","40.424459","-79.859261","","11","0","0","0","0","0","1","0","0","1","0","0","0","","","0","","1","","40 25:28.053","4","0","79 51:33.341","0","0","0","0","2431","0","0","0","N","0","0","0","2","02431","0","","1.0","","1","N","N","","1","","0","0","0","3","2","N","","2","0","0","0","0","0","0","2","0","2","","","","N","","","","","","","","","",""
"2005071928","","2","0","0","0","0","0","0","0","0","1","0","","02","2","2005","3","40.408282","-79.841996","","11","0","0","0","0","0","1","0","0","","0","0","0","","","1","","2","","40 24:29.814","","0","79 50:31.185","8","0","0","0","2417","0","0","0","N","0","0","0","2","02431","0","","1.0","","1","N","N","","0","","0","0","0","9","4","","","2","1","0","0","0","1","0","2","0","2","","","","N","","","","","","","","","",""
"2005071929","","2","0","0","0","0","0","0","0","0","1","0","","02","2","2005","5","40.4225","-79.8553","","11","0","0","0","0","0","0","0","0","2","0","0","0","","","1","","0","","40 25:21.000","4","0","79 51:19.080","4","0","0","0","2431","0","0","0","N","0","0","0","4","02431","1","","1.0","","9","N","N","","0","","0","0","0","0","0","N","","2","1","0","0","0","0","1","2","0","2","","","","N","","","","","","","","","",""
"2005071930","","2","0","0","0","0","0","0","0","0","4","0","","02","1","2005","3","40.571944","-80.023504","","11","0","1","0","0","0","0","1","0","1","0","0","0","","","0","","1","","40 34:19.000","4","0","80 01:24.616","0","0","0","0","2108","0","0","0","N","0","0","0","3","02108","0","","1.0","","9","N","N","","0","","0","0","0","3","2","N","","2","0","0","0","0","0","0","2","0","2","","","","N","","","","","","","","","",""
"2005071941","","2","0","0","0","0","0","0","0","0","4","0","","02","2","2005","3","","","","11","0","0","0","0","0","1","0","0","","0","0","0","","","0","","1","","","","0","","0","0","0","0","2214","0","0","0","N","0","0","0","5","02214","0","","1.0","","1","N","N","","0","","0","0","0","3","2","","","2","0","1","0","0","0","0","1","0","2","","","","N","","","","","","","","","",""
"2005072126","","1","0","0","0","0","0","0","0","0","4","0","","02","1","2005","2","40.527505","-79.851061","","11","0","0","1","0","0","0","0","0","","0","0","0","","","0","","0","","40 31:39.018","","0","79 51:03.821","0","0","0","0","2112","0","0","0","N","0","0","0","3","68D02","0","","1.0","","1","N","N","","0","","0","0","1","0","0","","","2","0","0","0","0","0","0","2","0","2","","","","N","","","","","","","","","",""
"2005072137","","1","0","0","0","0","0","0","0","0","1","0","","02","1","2005","6","","","","11","0","0","0","0","0","1","0","0","1","0","0","0","","","2","","0","","40 25:15.24","2","0","80 02:50.28","4","0","0","0","2435","0","0","0","N","0","0","0","3","68B03","2","","1.0","","1","N","N","","0","","0","0","1","0","0","N","","2","2","0","0","0","0","0","2","0","2","","","","N","","","","","","","","","",""
"2005072173","","2","0","0","0","0","0","0","0","0","5","0","","02","1","2005","7","","","","11","0","0","0","0","0","2","0","0","1","0","0","0","","","1","","0","","40 25:06.60","2","0","80 05:20.04","8","0","0","0","2435","0","0","0","N","0","0","0","2","68B03","0","","1.0","","7","N","N","","0","","0","0","0","0","0","N","","2","1","0","0","0","1","0","2","0","2","","","","N","","","","","","","","","",""
"2005072187","","2","0","0","0","0","0","0","0","0","4","0","","02","3","2005","6","40.3461","-79.9733","","11","0","0","0","0","1","0","0","1","","0","0","0","","","0","","0","","40 20:45.960","","7","79 58:23.880","0","0","0","0","2476","0","0","0","N","0","0","0","3","02476","0","","1.0","","9","N","N","","0","","0","0","1","0","0","","","3","0","0","0","0","0","0","2","0","3","","","","N","","","","","","","","","",""
"2005072325","","0","0","0","0","0","0","0","0","0","7","0","","02","2","2005","5","40.51256","-80.160771","","11","0","0","0","0","0","0","0","0","3","0","0","0","","","1","","3","","40 30:45.217","5","0","80 09:38.774","4","0","0","0","2420","0","0","0","Y","0","0","0","1","02420","1","","2.0","","7","N","N","","0","","0","0","0","0","0","Y","","1","1","0","0","0","0","0","2","1","1","","","","N","","","","","","","","","",""
"2005072326","","0","0","0","0","0","0","0","0","0","7","0","","02","2","2005","5","40.51256","-80.160771","","11","0","0","0","0","1","0","0","0","3","0","0","0","","","0","","3","","40 30:45.217","5","0","80 09:38.774","0","0","0","0","2420","0","0","0","N","0","0","0","1","02420","0","","2.0","","7","N","N","","1","","0","0","0","0","0","Y","","1","0","0","0","0","0","0","2","0","1","","","","N","","","","","","","","","",""
"2005072338","","0","0","0","0","0","0","0","0","0","7","0","","02","3","2005","6","40.652914","-80.05487","","11","0","0","0","0","0","0","0","0","","0","0","0","","","0","","0","","40 39:10.490","","0","80 03:17.532","0","0","0","0","2216","0","0","0","N","0","0","0","1","02505","0","","5.0","","7","N","N","","0","","0","0","1","0","0","","","1","0","0","0","0","0","0","2","0","1","","","","N","","","","","","","","","",""
"2005072365","","1","0","0","0","0","0","0","0","0","4","0","","02","1","2005","3","","","","11","0","0","0","0","0","0","1","0","","0","0","0","","","1","","2","","","","0","","4","0","0","0","2219","0","0","0","N","0","0","0","4","02219","1","","1.0","","9","N","N","","0","","0","0","0","3","2","","","2","1","3","0","0","0","0","1","1","2","","","","N","","","","","","","","","",""
"2005072511","","2","0","0","0","0","0","0","0","0","4","0","","02","2","2005","3","40.5034","-80.1992","","11","0","0","1","0","1","0","0","0","","0","0","0","","","0","","0","","40 30:12.240","","0","80 11:57.120","0","0","0","0","2213","0","0","0","N","0","0","0","3","02213","0","","1.0","","1","N","N","","0","","0","0","0","0","0","","","2","0","1","0","0","0","0","2","0","2","","","","N","","","","","","","","","",""
"2005072512","","2","0","0","0","0","0","0","0","0","5","0","","02","1","2005","2","40.4846","-80.2018","","11","0","0","0","0","0","0","0","0","","0","0","0","","","1","","0","","40 29:04.560","","0","80 12:06.480","4","0","0","0","2213","0","0","0","N","0","0","0","2","02213","1","","1.0","","1","N","N","","0","","0","0","0","0","0","","","2","1","0","0","0","0","0","2","0","2","","","","N","","","","","","","","","",""
"2005072556","","1","0","0","0","0","0","0","0","0","1","0","","02","3","2005","5","40.2737","-79.8998","","11","0","0","0","0","0","1","0","0","3","0","0","0","","","1","","0","","40 16:25.320","1","0","79 53:59.280","3","0","0","0","2440","0","0","0","N","0","0","0","3","02440","0","","1.0","","1","","N","","1","","1","0","0","0","0","N","","2","1","0","0","0","0","0","2","0","2","","","","N","","","","","","","","","",""
"2005072561","","2","0","0","0","0","0","0","0","0","4","0","","02","3","2005","3","40.354121","-80.004936","","11","0","0","0","0","0","0","0","2","1","0","0","0","","","0","","1","","40 21:14.837","3","0","80 00:17.770","0","0","0","0","2476","0","0","0","N","0","0","0","3","02476","0","","1.0","","1","N","N","","0","","0","0","0","3","3","N","","2","0","0","0","0","0","0","2","0","2","","","","N","","","","","","","","","",""
"2005072566","","1","0","0","0","0","0","0","0","0","2","0","","02","3","2005","6","","","","11","0","0","0","0","0","1","0","0","2","0","0","0","","","1","","0","","","5","1","","4","0","0","0","2440","0","0","0","N","0","0","0","2","02440","1","","1.0","","9","Y","N","","1","","0","0","0","0","0","Y","","2","1","0","0","0","0","0","2","0","2","","","","N","","","","","","","","","",""
"2005072567","","1","0","0","0","0","0","0","0","0","1","0","","02","3","2005","6","40.4916","-79.951","","11","0","0","0","0","0","0","0","0","1","0","0","0","","","2","","0","","40 29:29.760","2","0","79 57:03.600","3","0","0","0","2430","0","0","0","Y","0","0","0","2","02430","1","","1.0","","9","N","N","","0","","1","0","1","0","0","Y","","3","2","0","0","0","0","0","2","0","2","","","","N","","","","","","","","","",""
"2005072569","","2","0","0","0","0","0","0","0","0","4","0","","02","3","2005","6","40.346071","-79.973411","","11","0","0","0","0","0","1","0","1","","0","0","0","","","2","","0","","40 20:45.857","","0","79 58:24.278","4","0","0","0","2476","0","0","0","N","0","0","0","4","02476","2","","1.0","","1","N","N","","0","","0","0","0","0","0","","","2","2","0","0","0","0","0","2","0","2","","","","N","","","","","","","","","",""
"2005072572","","2","0","0","0","0","0","0","0","0","1","0","","02","3","2005","6","","","","11","0","0","1","0","0","0","0","0","1","0","0","0","","","0","","2","","","1","0","","0","0","0","0","2424","0","0","0","N","0","0","0","4","02424","0","","1.0","","7","N","N","","0","","0","0","0","0","0","Y","","2","0","0","0","0","0","0","1","0","2","","","","N","","","","","","","","","",""
"2005072573","","1","0","0","0","0","0","0","0","0","2","0","","02","3","2005","6","40.52804","-79.974609","","11","0","0","1","0","0","0","0","0","2","0","0","0","","","0","","0","","40 31:40.944","6","0","79 58:28.592","0","0","0","0","2118","0","0","0","N","0","0","0","4","02118","0","","1.0","","2","N","N","","1","","0","0","0","0","0","Y","","2","0","0","0","0","0","0","2","0","2","","","","N","","","","","","","","","",""
"2005072574","","1","0","0","0","0","0","0","0","0","7","0","","02","3","2005","6","40.275602","-79.803512","","11","1","0","0","0","0","0","0","0","","0","0","0","","","1","","0","","40 16:32.167","","0","79 48:12.643","8","0","0","0","2105","0","0","0","N","0","0","0","1","02105","0","","5.0","","9","N","N","","0","","0","0","0","0","0","","","1","1","0","0","0","1","0","2","0","1","","","","N","","","","","","","","","",""
"2005072575","","2","0","0","0","0","0","0","0","0","4","0","","02","3","2005","6","40.5325","-79.9651","","11","0","0","0","0","0","2","0","0","2","0","0","0","","","0","","0","","40 31:57.000","6","0","79 57:54.360","0","0","0","0","2118","0","0","0","N","0","0","0","2","02118","0","","1.0","","7","N","N","","0","","0","0","0","0","0","Y","","2","0","1","0","0","0","0","2","0","2","","","","N","","","","","","","","","",""
"2005072579","","1","0","0","0","0","0","0","0","0","7","0","","02","3","2005","6","40.557089","-80.140532","","11","0","0","1","0","0","0","0","0","","0","0","0","","","0","","0","","40 33:25.522","","0","80 08:25.915","0","0","0","0","2459","0","0","0","Y","0","0","0","2","02459","0","","2.0","","7","N","N","","0","","0","0","0","0","0","","","1","0","0","0","0","0","0","1","0","1","","","","N","","","","","","","","","",""