"CRN","ARRIVAL_TM","AUTOMOBILE_COUNT","BELTED_DEATH_COUNT","BELTED_SUSP_SERIOUS_INJ_COUNT","BICYCLE_COUNT","BICYCLE_DEATH_COUNT","BICYCLE_SUSP_SERIOUS_INJ_COUNT","BUS_COUNT","CHLDPAS_DEATH_COUNT","CHLDPAS_SUSP_SERIOUS_INJ_COUNT","COLLISION_TYPE","COMM_VEH_COUNT","CONS_ZONE_SPD_LIM","COUNTY","CRASH_MONTH","CRASH_YEAR","DAY_OF_WEEK","DEC_LATITUDE","DEC_LONGITUDE","DISPATCH_TM","DISTRICT","DRIVER_COUNT_16YR","DRIVER_COUNT_17YR","DRIVER_COUNT_18YR","DRIVER_COUNT_19YR","DRIVER_COUNT_20YR","DRIVER_COUNT_50_64YR","DRIVER_COUNT_65_74YR","DRIVER_COUNT_75PLUS","EST_HRS_CLOSED","FATAL_COUNT","HEAVY_TRUCK_COUNT","HORSE_BUGGY_COUNT","HOUR_OF_DAY","ILLUMINATION","INJURY_COUNT","INTERSECTION_RELATED","INTERSECT_TYPE","LANE_CLOSED","LATITUDE","LN_CLOSE_DIR","LOCATION_TYPE","LONGITUDE","MAX_SEVERITY_LEVEL","MCYCLE_DEATH_COUNT","MCYCLE_SUSP_SERIOUS_INJ_COUNT","MOTORCYCLE_COUNT","MUNICIPALITY","NONMOTR_COUNT","NONMOTR_DEATH_COUNT","NONMOTR_SUSP_SERIOUS_INJ_COUNT","NTFY_HIWY_MAINT","PED_COUNT","PED_DEATH_COUNT","PED_SUSP_SERIOUS_INJ_COUNT","PERSON_COUNT","POLICE_AGCY","POSSIBLE_INJ_COUNT","RDWY_SURF_TYPE_CD","RELATION_TO_ROAD","ROADWAY_CLEARED","ROAD_CONDITION","SCH_BUS_IND","SCH_ZONE_IND","SECONDARY_CRASH","SMALL_TRUCK_COUNT","SPEC_JURIS_CD","SUSP_MINOR_INJ_COUNT","SUSP_SERIOUS_INJ_COUNT","SUV_COUNT","TCD_FUNC_CD","TCD_TYPE","TFC_DETOUR_IND","TIME_OF_DAY","TOTAL_UNITS","TOT_INJ_COUNT","UNBELTED_OCC_COUNT","UNB_DEATH_COUNT","UNB_SUSP_SERIOUS_INJ_COUNT","UNK_INJ_DEG_COUNT","UNK_INJ_PER_COUNT","URBAN_RURAL","VAN_COUNT","VEHICLE_COUNT","WEATHER1","WEATHER2","WORKERS_PRES","WORK_ZONE_IND","WORK_ZONE_LOC","WORK_ZONE_TYPE","WZ_CLOSE_DETOUR","WZ_FLAGGER","WZ_LAW_OFFCR_IND","WZ_LN_CLOSURE","WZ_MOVING","WZ_OTHER","WZ_SHLDER_MDN","WZ_WORKERS_INJ_KILLED"
"2005075919","","1","0","0","0","0","0","0","0","0","7","0","","02","1","2005","1","40.657","-80.082","","11","0","0","0","0","0","0","0","0","","0","0","0","","","0","","0","","40 39:25.200","","0","80 04:55.200","0","0","0","0","2212","0","0","0","N","0","0","0","1","68T02","0","","4.0","","6","N","N","","1","","0","0","0","0","0","","","2","0","1","0","0","0","0","2","0","2","","","","N","","","","","","","","","",""
"2005075990","","2","0","0","0","0","0","0","0","0","1","0","","02","1","2005","5","40.475372","-80.064927","","11","0","0","0","0","0","1","0","0","2","0","0","0","","","1","","3","","40 28:31.340","1","0","80 03:53.736","8","0","0","0","2444","0","0","0","N","0","0","0","2","02444","0","","2.0","","9","N","N","","0","","0","0","0","3","2","N","","2","1","2","0","0","1","1","2","0","2","","","","N","","","","","","","","","",""
"2005076007","","2","0","0","0","0","0","0","0","0","1","0","","02","1","2005","1","","","","11","0","0","0","1","0","0","0","0","1","0","0","0","","","0","","0","","40 26:16.08","1","4","80 00:47.16","0","0","0","0","2301","0","0","0","","0","0","0","7","68B03","0","","1.0","","1","N","N","","0","","0","0","2","0","0","N","","4","0","0","0","0","0","0","2","0","4","","","","N","","","","","","","","","",""
"2005076046","","2","0","0","0","0","0","0","0","0","1","0","","02","1","2005","4","40.4971","-79.9196","","11","0","0","0","0","0","0","0","0","","0","0","0","","","0","","0","","40 29:49.560","","0","79 55:10.560","0","0","0","0","2301","0","0","0","N","0","0","0","4","68D02","0","","1.0","","9","N","N","","0","","0","0","2","0","0","","","4","0","0","0","0","0","0","2","0","4","","","","N","","","","","","","","","",""
"2005076117","","2","0","0","0","0","0","0","0","0","1","0","","02","3","2005","3","40.3988","-80.0656","","11","0","0","0","0","0","2","0","0","1","0","0","0","","","0","","0","","40 23:55.680","1","0","80 03:56.160","0","0","0","0","2117","0","0","0","N","0","0","0","5","02117","0","","1.0","","1","N","N","","0","","0","0","1","0","0","N","","3","0","0","0","0","0","0","2","0","3","","","","N","","","","","","","","","",""
"2005076119","","2","0","0","0","0","0","0","0","0","6","0","","02","3","2005","2","40.465696","-80.215409","","11","0","0","0","0","0","0","0","0","","0","0","0","","","1","","0","","40 27:56.505","","0","80 12:55.472","4","0","0","0","2203","0","0","0","N","0","0","0","3","02203","1","","1.0","","1","N","N","","0","","0","0","0","0","0","","","2","1","0","0","0","0","0","2","0","2","","","","N","","","","","","","","","",""
"2005076120","","1","0","0","0","0","0","0","0","0","7","0","","02","3","2005","2","40.500054","-80.221989","","11","0","0","0","0","0","0","0","0","","0","0","0","","","1","","1","","40 30:00.195","","0","80 13:19.160","8","0","0","0","2213","0","0","0","Y","0","0","0","1","02213","0","","5.0","","1","N","N","","0","","0","0","0","3","2","","","1","1","0","0","0","1","0","2","0","1","","","","N","","","","","","","","","",""
"2005076122","","1","0","0","0","0","0","0","0","0","4","0","","02","3","2005","6","40.542511","-79.804193","","11","0","0","0","1","0","0","0","0","2","0","0","0","","","2","","1","","40 32:33.039","2","0","79 48:15.096","8","0","0","0","2418","0","0","0","N","0","0","0","6","02418","0","","1.0","","9","N","N","","1","","0","0","1","3","3","N","","3","2","0","0","0","2","0","2","0","3","","","","N","","","","","","","","","",""
"2005077206","","2","0","0","0","0","0","0","0","0","4","0","","02","3","2005","3","40.316326","-79.955207","","11","0","1","0","0","0","1","0","0","1","0","0","0","","","3","","0","","40 18:58.773","2","0","79 57:18.745","3","0","0","0","2440","0","0","0","N","0","0","0","3","02440","1","","1.0","","1","N","N","","0","","2","0","0","0","0","Y","","2","3","0","0","0","0","0","2","0","2","","","","N","","","","","","","","","",""
"2005077425","","1","0","0","0","0","0","0","0","0","7","0","","02","3","2005","4","40.4259","-80.0299","","11","0","0","0","0","0","0","0","0","2","0","0","0","","","0","","6","","40 25:33.240","1","0","80 01:47.640","0","0","0","0","2301","0","0","0","N","0","0","0","1","02435","0","","3.0","","1","N","N","","0","","0","0","0","0","0","N","","1","0","1","0","0","0","0","2","0","1","","","","N","","","","","","","","","",""
"2005077603","","2","0","0","0","0","0","0","0","0","4","0","","02","2","2005","1","40.357099","-80.120494","","11","0","0","0","0","0","0","1","0","","0","0","0","","","0","","1","","40 21:25.556","","0","80 07:13.780","0","0","0","0","2119","0","0","0","N","0","0","0","2","02119","0","","1.0","","1","N","N","","0","","0","0","0","3","2","","","2","0","0","0","0","0","0","2","0","2","","","","N","","","","","","","","","",""
"2005077604","","1","0","0","0","0","0","0","0","0","5","1","","02","2","2005","4","40.464718","-79.935894","","11","0","0","0","0","0","0","0","0","","0","1","0","","","1","","0","","40 27:52.984","","0","79 56:09.218","8","0","0","0","2301","0","0","0","N","0","0","0","3","02301","0","","6.0","","1","N","N","","0","","0","0","0","3","2","","","2","1","0","0","0","1","0","2","0","2","","","","N","","","","","","","","","",""
"2005077608","","1","0","0","0","0","0","0","0","0","7","0","","02","2","2005","6","40.470172","-79.893656","","11","0","0","0","0","0","0","0","0","","0","0","0","","","0","","2","","40 28:12.619","","0","79 53:37.161","0","0","0","0","2301","0","0","0","N","0","0","0","1","02301","0","","4.0","","2","N","N","","0","","0","0","0","3","3","","","1","0","1","0","0","0","0","2","0","1","","","","N","","","","","","","","","",""
"2005077609","","1","0","0","0","0","0","0","0","0","7","0","","02","2","2005","6","40.461462","-79.894737","","11","0","0","0","0","0","0","0","0","","0","0","0","","","0","","1","","40 27:41.263","","0","79 53:41.053","9","0","0","0","2301","0","0","0","N","0","0","0","3","02301","0","","5.0","","7","N","N","","0","","0","0","0","0","0","","","1","0","0","0","0","0","3","2","0","1","","","","N","","","","","","","","","",""
"2005077612","","1","0","0","0","0","0","0","0","0","4","0","","02","2","2005","3","40.429797","-80.053468","","11","0","0","0","0","0","1","0","1","","0","0","0","","","1","","0","","40 25:47.268","","0","80 03:12.485","8","0","0","1","2301","0","0","0","N","0","0","0","2","02301","0","","9.0","","1","N","N","","0","","0","0","0","0","0","","","2","1","0","0","0","1","0","2","0","2","","","","N","","","","","","","","","",""
"2005077613","","2","0","0","0","0","0","0","0","0","1","0","","02","2","2005","5","40.427197","-79.962553","","11","0","0","0","0","0","0","0","0","","0","0","0","","","1","","1","","40 25:37.909","","0","79 57:45.190","4","0","0","0","2301","0","0","0","N","0","0","0","2","03201","1","","1.0","","2","N","N","","0","","0","0","0","3","2","","","2","1","1","0","0","0","0","2","0","2","","","","N","","","","","","","","","",""
"2005077614","","3","0","0","0","0","0","0","0","0","5","0","","02","2","2005","4","40.435631","-79.982904","","11","0","0","0","0","1","0","0","0","","0","0","0","","","1","","2","","40 26:08.273","","0","79 58:58.454","4","0","0","0","2301","0","0","0","N","0","0","0","4","02301","1","","1.0","","1","N","N","","0","","0","0","0","0","0","","","3","1","0","0","0","0","2","2","0","3","","","","N","","","","","","","","","",""
"2005077615","","2","0","0","0","0","0","0","0","0","4","0","","02","2","2005","7","40.440126","-79.996436","","11","0","0","0","1","0","0","0","0","","0","0","0","","","0","","2","","40 26:24.453","","0","79 59:47.169","0","0","0","0","2301","0","0","0","N","0","0","0","2","02301","0","","1.0","","1","N","N","","0","","0","0","0","3","2","","","2","0","0","0","0","0","0","2","0","2","","","","N","","","","","","","","","",""
"2005077617","","2","0","0","0","0","0","0","0","0","4","0","","02","2","2005","3","","","","11","0","0","0","1","0","1","0","0","2","0","0","0","","","2","","2","","","4","0","","8","0","0","0","2301","0","0","0","N","0","0","0","6","02301","0","","1.0","","1","N","N","","0","","0","0","0","2","3","N","","2","2","0","0","0","2","0","1","0","2","","","","N","","","","","","","","","",""
"2005077618","","1","0","0","0","0","0","0","0","0","4","0","","02","2","2005","5","","","","11","0","0","0","0","1","0","0","0","","0","0","0","","","0","","1","","","","0","","9","0","0","0","2301","0","0","0","N","0","0","0","2","02301","0","","1.0","","9","N","N","","1","","0","0","0","3","3","","","2","0","0","0","0","0","1","1","0","2","","","","N","","","","","","","","","",""
"2005077619","","1","0","0","0","0","0","0","0","0","8","0","","02","2","2005","4","40.441604","-79.994066","","11","0","0","0","0","0","0","0","0","","0","0","0","","","1","","5","","40 26:29.775","","0","79 59:38.637","4","0","0","0","2301","1","0","0","N","1","0","0","2","02301","1","","1.0","","1","N","N","","0","","0","0","0","3","2","","","2","1","0","0","0","0","0","2","0","1","","","","N","","","","","","","","","",""
"2005077620","","3","0","0","0","0","0","0","0","0","1","0","","02","2","2005","4","","","","11","0","0","0","0","0","2","0","0","1","0","0","0","","","1","","0","","","3","0","","3","0","0","0","2301","0","0","0","N","0","0","0","7","02301","0","","1.0","","1","N","N","","0","","1","0","1","0","0","N","","4","1","1","0","0","0","0","1","0","4","","","","N","","","","","","","","","",""
"2005077621","","1","0","0","0","0","0","0","0","0","7","0","","02","2","2005","5","40.441366","-80.003939","","11","0","0","0","0","0","0","0","0","","0","0","0","","","1","","5","","40 26:28.917","","0","80 00:14.180","8","0","0","0","2301","0","0","0","N","0","0","0","2","02301","0","","3.0","","1","N","N","","0","","0","0","0","3","2","","","1","1","2","0","0","1","0","2","0","1","","","","N","","","","","","","","","",""
"2005077622","","1","0","0","0","0","0","0","0","0","7","0","","02","2","2005","5","40.4293","-79.9991","","11","0","0","0","0","0","0","0","0","","0","0","0","","","1","","1","","40 25:45.480","","0","79 59:56.760","4","0","0","0","2301","0","0","0","N","0","0","0","1","02301","1","","5.0","","1","N","N","","0","","0","0","0","3","2","","","1","1","0","0","0","0","0","2","0","1","","","","N","","","","","","","","","",""
"2005077623","","1","0","0","0","0","0","0","0","0","0","0","","02","2","2005","5","","","","11","0","0","0","0","0","0","0","0","3","0","0","0","","","0","","0","","","1","0","","0","0","0","0","2301","0","0","0","N","0","0","0","2","02301","0","","1.0","","2","N","N","","0","","0","0","0","0","0","N","","1","0","0","0","0","0","0","1","0","1","","","","N","","","","","","","","","",""
"2005077624","","1","0","0","0","0","0","0","0","0","7","0","","02","2","2005","5","","","","11","0","0","0","0","0","1","0","0","2","0","0","0","","","0","","0","","","4","0","","0","0","0","0","2301","0","0","0","Y","0","0","0","1","02301","0","","4.0","","2","N","N","","0","","0","0","0","0","0","Y","","1","0","0","0","0","0","0","1","0","1","","","","N","","","","","","","","","",""
"2005077626","","1","0","0","0","0","0","0","0","0","1","0","","02","2","2005","7","40.454","-79.9124","","11","0","0","0","0","0","0","0","0","2","0","0","0","","","0","","1","","40 27:14.400","3","0","79 54:44.640","0","0","0","0","2301","0","0","0","N","0","0","0","3","02301","0","","1.0","","1","N","N","","1","","0","0","0","3","2","N","","2","0","0","0","0","0","0","2","0","2","","","","N","","","","","","","","","",""
"2005077627","","4","0","0","0","0","0","0","0","0","5","0","","02","2","2005","1","40.451473","-79.949247","","11","0","0","0","0","0","0","0","0","","0","0","0","","","0","","2","","40 27:05.302","","0","79 56:57.289","0","0","0","0","2301","0","0","0","N","0","0","0","1","02301","0","","6.0","","1","N","N","","0","","0","0","0","3","3","","","4","0","0","0","0","0","0","2","0","4","","","","N","","","","","","","","","",""
"2005077628","","2","0","0","0","0","0","0","0","0","4","0","","02","2","2005","6","","","","11","0","0","0","1","0","1","0","0","","0","0","0","","","0","","0","","","","0","","0","0","0","0","2301","0","0","0","N","0","0","0","4","02301","0","","1.0","","1","N","N","","0","","0","0","0","0","0","","","2","0","0","0","0","0","0","1","0","2","","","","N","","","","","","","","","",""
"2005077635","","1","0","0","0","0","0","0","0","0","7","0","","02","2","2005","5","40.407048","-80.045192","","11","0","0","1","0","0","0","0","0","","0","0","0","","","0","","0","","40 24:25.372","","0","80 02:42.691","0","0","0","0","2301","0","0","0","N","0","0","0","1","02301","0","","5.0","","2","N","N","","0","","0","0","0","0","0","","","1","0","0","0","0","0","0","2","0","1","","","","N","","","","","","","","","",""
"2005077659","","2","0","0","0","0","0","0","0","0","1","0","","02","2","2005","5","40.435149","-79.895742","","11","0","0","0","0","0","0","0","0","3","0","0","0","","","1","","0","","40 26:06.536","5","0","79 53:44.671","3","0","0","0","2301","0","0","0","N","0","0","0","1","02301","0","","6.0","","1","N","N","","0","","1","0","0","0","0","Y","","2","1","0","0","0","0","0","2","0","2","","","","N","","","","","","","","","",""
"2005077661","","2","0","0","0","0","0","0","0","0","2","0","","02","3","2005","3","40.495816","-80.020196","","11","0","0","0","0","0","0","0","0","","0","0","0","","","0","","0","","40 29:44.937","","0","80 01:12.705","0","0","0","0","2301","0","0","0","N","0","0","0","1","02301","0","","6.0","","2","N","N","","0","","0","0","0","0","0","","","2","0","0","0","0","0","0","2","0","2","","","","N","","","","","","","","","",""
"2005077662","","1","0","0","0","0","0","0","0","0","7","0","","02","3","2005","4","40.4493","-79.9994","","11","0","0","0","0","0","0","0","0","","0","0","0","","","1","","0","","40 26:57.480","","0","79 59:57.840","4","0","0","0","2301","0","0","0","N","0","0","0","1","02301","1","","2.0","","9","N","N","","0","","0","0","0","0","0","","","1","1","0","0","0","0","0","2","0","1","","","","N","","","","","","","","","",""
"2005077664","","0","0","0","0","0","0","0","0","0","4","0","","02","2","2005","4","40.463454","-80.010963","","11","0","0","0","0","0","1","1","0","","0","0","0","","","1","","1","","40 27:48.434","","0","80 00:39.466","4","0","0","0","2301","0","0","0","N","0","0","0","2","02301","1","","1.0","","1","N","N","","0","","0","0","1","3","3","","","2","1","0","0","0","0","0","2","1","2","","","","N","","","","","","","","","",""
"2005077665","","1","0","0","0","0","0","0","0","0","2","0","","02","2","2005","3","40.485535","-80.015797","","11","0","0","0","0","0","0","0","0","","0","0","0","","","0","","0","","40 29:07.926","","0","80 00:56.870","0","0","0","0","2301","0","0","0","N","0","0","0","1","02301","0","","6.0","","1","Y","N","","1","","0","0","0","0","0","","","2","0","1","0","0","0","0","2","0","2","","","","N","","","","","","","","","",""
"2005077667","","2","0","0","0","0","0","0","0","0","7","0","","02","2","2005","5","40.444","-80.0277","","11","0","0","0","0","1","1","0","0","","0","0","0","","","1","","0","","40 26:38.400","","3","80 01:39.720","8","0","0","0","2301","0","0","0","N","0","0","0","2","02301","0","","4.0","","2","N","N","","0","","0","0","0","0","0","","","2","1","0","0","0","1","0","2","0","2","","","","N","","","","","","","","","",""
"2005077668","","2","0","0","0","0","0","0","0","0","4","0","","02","2","2005","6","40.456346","-80.002086","","11","0","1","0","0","0","0","0","0","1","0","0","0","","","1","","2","","40 27:22.845","6","0","80 00:07.509","8","0","0","0","2301","0","0","0","N","0","0","0","4","02301","0","","1.0","","9","N","N","","0","","0","0","0","3","3","N","","2","1","0","0","0","1","0","2","0","2","","","","N","","","","","","","","","",""
"2005077669","","2","0","0","0","0","0","0","0","0","4","0","","02","2","2005","5","40.448933","-80.000739","","11","0","0","0","0","0","0","0","0","","0","0","0","","","1","","1","","40 26:56.157","","0","80 00:02.660","8","0","0","0","2301","0","0","0","N","0","0","0","4","02301","0","","1.0","","1","N","N","","0","","0","0","0","3","1","","","2","1","0","0","0","1","0","2","0","2","","","","N","","","","","","","","","",""
"2005077670","","1","0","0","0","0","0","0","0","0","7","0","","02","2","2005","5","40.4571","-80.0298","","11","0","0","0","0","0","0","0","0","","0","0","0","","","0","","0","","40 27:25.560","","0","80 01:47.280","0","0","0","0","2301","0","0","0","N","0","0","0","1","02301","0","","4.0","","2","N","N","","0","","0","0","0","0","0","","","1","0","0","0","0","0","0","2","0","1","","","","N","","","","","","","","","",""
"2005077671","","1","0","0","0","0","0","0","0","0","4","0","","02","2","2005","5","40.464722","-79.979915","","11","0","0","0","0","0","0","0","0","","0","0","0","","","1","","5","","40 27:53.000","","0","79 58:47.693","8","0","0","0","2301","0","0","0","N","0","0","0","2","02301","0","","2.0","","2","N","N","","0","","0","0","0","3","2","","","2","1","0","0","0","1","0","2","1","2","","","","N","","","","","","","","","",""
"2005077672","","1","0","0","0","0","0","0","0","0","7","0","","02","2","2005","5","40.49373","-80.022106","","11","0","0","0","0","0","0","0","0","1","0","0","0","","","0","","2","","40 29:37.429","2","0","80 01:19.580","0","0","0","0","2301","0","0","0","N","0","0","0","1","02301","0","","5.0","","9","N","N","","0","","0","0","0","0","0","N","","1","0","0","0","0","0","0","2","0","1","","","","N","","","","","","","","","",""
"2005077674","","2","0","0","0","0","0","0","0","0","2","0","","02","2","2005","4","","","","11","0","0","0","0","0","0","0","0","","0","0","0","","","1","","2","","","","0","","4","0","0","0","2301","0","0","0","N","0","0","0","2","02301","1","","1.0","","9","N","N","","0","","0","0","0","0","0","","","2","1","0","0","0","0","0","1","0","2","","","","N","","","","","","","","","",""
"2005077687","","3","0","0","0","0","0","0","0","0","1","0","","02","2","2005","7","40.457237","-79.934066","","11","0","0","0","0","0","0","0","0","","0","0","0","","","0","","1","","40 27:26.053","","0","79 56:02.637","0","0","0","0","2301","0","0","0","N","0","0","0","3","02301","0","","1.0","","1","N","N","","0","","0","0","2","3","2","","","5","0","1","0","0","0","0","2","0","5","","","","N","","","","","","","","","",""
"2005077723","","1","0","0","0","0","0","0","0","0","1","0","","02","2","2005","7","40.4606","-79.8727","","11","0","0","0","0","0","0","1","0","","0","0","0","","","1","","0","","40 27:38.160","","0","79 52:21.720","4","0","0","0","2113","0","0","0","N","0","0","0","2","02113","1","","1.0","","1","N","N","","1","","0","0","0","0","0","","","2","1","0","0","0","0","0","2","0","2","","","","N","","","","","","","","","",""
"2005077725","","1","0","0","0","0","0","0","0","0","1","0","","02","2","2005","4","40.499731","-79.837566","","11","0","0","0","0","0","1","0","0","","0","0","0","","","1","","0","","40 29:59.031","","0","79 50:15.237","4","0","0","0","2113","0","0","0","N","0","0","0","2","02113","1","","1.0","","9","N","N","","0","","0","0","1","0","0","","","2","1","0","0","0","0","0","2","0","2","","","","N","","","","","","","","","",""
"2005077726","","2","0","0","0","0","0","0","0","0","1","0","","02","2","2005","5","40.4572","-79.8231","","11","0","0","0","1","0","0","0","0","","0","0","0","","","1","","0","","40 27:25.920","","0","79 49:23.160","4","0","0","0","2113","0","0","0","N","0","0","0","2","02113","1","","1.0","","1","N","N","","0","","0","0","0","0","0","","","2","1","0","0","0","0","0","2","0","2","","","","N","","","","","","","","","",""
"2005077728","","2","0","0","0","0","0","0","0","0","4","0","","02","2","2005","5","40.4899","-79.8498","","11","0","0","0","0","0","0","0","0","2","0","0","0","","","0","","0","","40 29:23.640","1","0","79 50:59.280","0","0","0","0","2113","0","0","0","N","0","0","0","3","02113","0","","1.0","","2","N","N","","0","","0","0","0","0","0","Y","","2","0","0","0","0","0","0","2","0","2","","","","N","","","","","","","","","",""
"2005077729","","1","0","0","0","0","0","0","0","0","7","0","","02","2","2005","1","40.468887","-79.795812","","11","0","0","1","0","0","0","0","0","","0","0","0","","","4","","0","","40 28:07.993","","0","79 47:44.923","3","0","0","0","2113","0","0","0","N","0","0","0","4","02113","1","","5.0","","1","N","N","","0","","2","0","0","0","0","","","1","4","1","0","0","1","0","2","0","1","","","","N","","","","","","","","","",""
"2005077730","","0","0","0","0","0","0","0","0","0","7","0","","02","2","2005","3","","","","11","0","1","0","0","0","0","0","0","","0","0","0","","","1","","0","","","","0","","4","0","0","0","2113","0","0","0","N","0","0","0","1","02113","1","","4.0","","1","N","N","","1","","0","0","0","0","0","","","1","1","0","0","0","0","0","1","0","1","","","","N","","","","","","","","","",""
"2005077787","","2","0","0","0","0","0","0","0","0","4","0","","02","2","2005","5","40.475","-79.772899","","11","0","0","0","0","0","1","0","0","3","0","0","0","","","1","","2","","40 28:30.000","3","0","79 46:22.438","8","0","0","0","2466","0","0","0","N","0","0","0","2","02466","0","","1.0","","2","N","N","","0","","0","0","0","3","3","Y","","2","1","0","0","0","1","0","2","0","2","","","","N","","","","","","","","","",""
"2005077788","","2","0","0","0","0","0","0","0","0","4","0","","02","2","2005","5","40.475179","-79.772899","","11","0","0","0","0","0","0","0","0","","0","0","0","","","1","","2","","40 28:30.646","","0","79 46:22.438","8","0","0","0","2466","0","0","0","N","0","0","0","2","02466","0","","1.0","","2","N","N","","0","","0","0","0","3","3","","","2","1","0","0","0","1","0","2","0","2","","","","N","","","","","","","","","",""
"2005077789","","1","0","0","0","0","0","0","0","0","7","0","","02","2","2005","1","40.5444","-79.7304","","11","0","0","0","0","0","0","0","0","","0","0","0","","","0","","2","","40 32:39.840","","0","79 43:49.440","0","0","0","0","2466","0","0","0","N","0","0","0","1","02466","0","","2.0","","9","N","N","","0","","0","0","0","0","0","","","1","0","0","0","0","0","0","1","0","1","","","","N","","","","","","","","","",""
"2005077790","","1","0","0","0","0","0","0","0","0","7","0","","02","2","2005","7","40.474111","-79.750532","","11","0","0","0","0","0","0","0","0","","0","0","0","","","1","","0","","40 28:26.798","","0","79 45:01.914","8","0","0","0","2466","0","0","0","N","0","0","0","1","02466","0","","2.0","","7","N","N","","0","","0","0","0","0","0","","","1","1","1","0","0","1","0","2","0","1","","","","N","","","","","","","","","",""
"2005077791","","0","0","0","0","0","0","0","0","0","7","0","","02","2","2005","3","","","","11","0","0","0","0","0","0","0","0","3","0","0","0","","","0","","0","","","5","0","","9","0","0","0","2466","0","0","0","N","0","0","0","1","02466","0","","2.0","","1","N","N","","0","","0","0","0","0","0","Y","","1","0","0","0","0","0","1","1","1","1","","","","N","","","","","","","","","",""
"2005077792","","0","0","0","0","0","0","0","0","0","7","0","","02","2","2005","5","40.529","-79.748","","11","0","0","0","0","0","0","0","0","2","0","0","0","","","0","","0","","40 31:44.400","4","0","79 44:52.800","0","0","0","0","2466","0","0","0","N","0","0","0","1","02466","0","","2.0","","7","N","N","","1","","0","0","0","0","0","N","","1","0","0","0","0","0","0","1","0","1","","","","N","","","","","","","","","",""
"2005077793","","1","0","0","0","0","0","0","0","0","7","0","","02","2","2005","1","","","","11","0","0","0","0","0","1","0","0","1","0","0","0","","","1","","0","","","7","0","","4","0","0","0","2466","0","0","0","N","0","0","0","1","02466","1","","4.0","","1","N","N","","0","","0","0","0","0","0","N","","1","1","0","0","0","0","0","1","0","1","","","","N","","","","","","","","","",""
"2005077797","","3","0","0","0","0","0","0","0","0","2","0","","02","2","2005","4","40.49053","-80.082731","","11","0","0","0","0","0","0","0","0","9","0","0","0","","","0","","0","","40 29:25.908","1","0","80 04:57.832","0","0","0","0","2122","0","0","0","N","0","0","0","1","02122","0","","2.0","","1","N","N","","0","","0","0","0","0","0","N","","3","0","0","0","0","0","0","2","0","3","","","","N","","","","","","","","","",""
"2005077931","","1","0","0","0","0","0","0","0","0","1","0","","02","2","2005","7","40.278465","-79.855938","","11","0","0","0","0","0","1","0","0","1","0","0","0","","","0","","1","","40 16:42.474","4","0","79 51:21.375","0","0","0","0","2443","0","0","0","N","0","0","0","4","02443","0","","1.0","","1","N","N","","1","","0","0","0","0","0","N","","2","0","0","0","0","0","0","1","0","2","","","","N","","","","","","","","","",""
"2005077995","","1","0","0","0","0","0","0","0","0","5","0","","02","2","2005","3","40.4749","-80.0597","","11","0","0","0","0","0","1","0","0","","0","0","0","","","0","","6","","40 28:29.640","","3","80 03:34.920","0","0","0","0","2444","0","0","0","N","0","0","0","3","02444","0","","7.0","","1","N","N","","0","","0","0","1","3","3","","","2","0","0","0","0","0","0","2","0","2","","","","N","","","","","","","","","",""
"2005078031","","0","0","0","0","0","0","1","0","0","7","1","","02","3","2005","3","","","","11","0","0","0","0","0","0","0","0","","0","0","0","","","1","","10","","","","7","","3","0","0","0","2116","0","0","0","N","0","0","0","1","02503","0","","4.0","","1","N","N","","0","","1","0","0","0","0","","","1","1","0","0","0","0","0","1","0","1","","","","N","","","","","","","","","",""
"2005078131","","2","0","0","0","0","0","0","0","0","1","0","","02","1","2005","3","","","","11","0","0","0","0","1","0","0","0","","0","0","0","","","4","","0","","40 25:26.40","","0","80 06:33.48","4","0","0","0","2102","0","0","0","N","0","0","0","6","68B03","4","","1.0","","1","N","N","","1","","0","0","0","0","0","","","3","4","2","0","0","0","0","2","0","3","","","","N","","","","","","","","","",""
"2005078237","","1","0","0","0","0","0","0","0","0","1","0","","02","2","2005","4","40.45622","-79.736068","","11","0","0","0","0","0","1","0","0","","0","0","0","","","0","","0","","40 27:22.393","","0","79 44:09.846","0","0","0","0","2446","0","0","0","Y","0","0","0","3","02446","0","","1.0","","2","N","N","","1","","0","0","1","0","0","","","3","0","0","0","0","0","0","2","0","3","","","","N","","","","","","","","","",""
"2005078247","","1","0","0","0","0","0","0","0","0","7","0","","02","2","2005","5","40.561146","-80.001864","","11","1","0","0","0","0","0","0","0","","0","0","0","","","0","","0","","40 33:40.126","","0","80 00:06.710","0","0","0","0","2108","0","0","0","N","0","0","0","2","02108","0","","4.0","","2","N","N","","0","","0","0","0","0","0","","","1","0","0","0","0","0","0","2","0","1","","","","N","","","","","","","","","",""
"2005078519","","1","0","0","0","0","0","0","0","0","1","0","","02","2","2005","6","40.516477","-80.163285","","11","0","0","0","0","0","0","0","0","1","0","0","0","","","1","","0","","40 30:59.316","3","0","80 09:47.827","8","0","0","0","2420","0","0","0","N","0","0","0","1","02420","0","","6.0","","9","N","N","","1","","0","0","0","0","0","N","","2","1","0","0","0","1","0","2","0","2","","","","N","","","","","","","","","",""
"2005078520","","0","0","0","0","0","0","0","0","0","1","0","","02","2","2005","2","40.518493","-80.166761","","11","0","0","0","0","0","1","0","0","","0","0","0","","","0","","1","","40 31:06.574","","0","80 10:00.340","0","0","0","0","2420","0","0","0","N","0","0","0","3","02420","0","","1.0","","9","N","N","","0","","0","0","2","3","2","","","2","0","0","0","0","0","0","2","0","2","","","","N","","","","","","","","","",""