"CRN","ARRIVAL_TM","AUTOMOBILE_COUNT","BELTED_DEATH_COUNT","BELTED_SUSP_SERIOUS_INJ_COUNT","BICYCLE_COUNT","BICYCLE_DEATH_COUNT","BICYCLE_SUSP_SERIOUS_INJ_COUNT","BUS_COUNT","CHLDPAS_DEATH_COUNT","CHLDPAS_SUSP_SERIOUS_INJ_COUNT","COLLISION_TYPE","COMM_VEH_COUNT","CONS_ZONE_SPD_LIM","COUNTY","CRASH_MONTH","CRASH_YEAR","DAY_OF_WEEK","DEC_LATITUDE","DEC_LONGITUDE","DISPATCH_TM","DISTRICT","DRIVER_COUNT_16YR","DRIVER_COUNT_17YR","DRIVER_COUNT_18YR","DRIVER_COUNT_19YR","DRIVER_COUNT_20YR","DRIVER_COUNT_50_64YR","DRIVER_COUNT_65_74YR","DRIVER_COUNT_75PLUS","EST_HRS_CLOSED","FATAL_COUNT","HEAVY_TRUCK_COUNT","HORSE_BUGGY_COUNT","HOUR_OF_DAY","ILLUMINATION","INJURY_COUNT","INTERSECTION_RELATED","INTERSECT_TYPE","LANE_CLOSED","LATITUDE","LN_CLOSE_DIR","LOCATION_TYPE","LONGITUDE","MAX_SEVERITY_LEVEL","MCYCLE_DEATH_COUNT","MCYCLE_SUSP_SERIOUS_INJ_COUNT","MOTORCYCLE_COUNT","MUNICIPALITY","NONMOTR_COUNT","NONMOTR_DEATH_COUNT","NONMOTR_SUSP_SERIOUS_INJ_COUNT","NTFY_HIWY_MAINT","PED_COUNT","PED_DEATH_COUNT","PED_SUSP_SERIOUS_INJ_COUNT","PERSON_COUNT","POLICE_AGCY","POSSIBLE_INJ_COUNT","RDWY_SURF_TYPE_CD","RELATION_TO_ROAD","ROADWAY_CLEARED","ROAD_CONDITION","SCH_BUS_IND","SCH_ZONE_IND","SECONDARY_CRASH","SMALL_TRUCK_COUNT","SPEC_JURIS_CD","SUSP_MINOR_INJ_COUNT","SUSP_SERIOUS_INJ_COUNT","SUV_COUNT","TCD_FUNC_CD","TCD_TYPE","TFC_DETOUR_IND","TIME_OF_DAY","TOTAL_UNITS","TOT_INJ_COUNT","UNBELTED_OCC_COUNT","UNB_DEATH_COUNT","UNB_SUSP_SERIOUS_INJ_COUNT","UNK_INJ_DEG_COUNT","UNK_INJ_PER_COUNT","URBAN_RURAL","VAN_COUNT","VEHICLE_COUNT","WEATHER1","WEATHER2","WORKERS_PRES","WORK_ZONE_IND","WORK_ZONE_LOC","WORK_ZONE_TYPE","WZ_CLOSE_DETOUR","WZ_FLAGGER","WZ_LAW_OFFCR_IND","WZ_LN_CLOSURE","WZ_MOVING","WZ_OTHER","WZ_SHLDER_MDN","WZ_WORKERS_INJ_KILLED"
"2005088781","","2","0","0","0","0","0","0","0","0","4","0","","02","2","2005","2","40.436004","-79.999068","","11","0","0","0","0","0","1","0","0","1","0","0","0","","","2","","5","","40 26:09.614","4","0","79 59:56.643","8","0","0","0","2301","0","0","0","N","0","0","0","4","02301","0","","1.0","","9","N","N","","0","","0","0","0","3","2","N","","2","2","1","0","0","2","0","2","0","2","","","","N","","","","","","","","","",""
"2005088783","","2","0","0","0","0","0","0","0","0","2","0","","02","3","2005","4","40.382424","-79.995894","","11","0","0","0","0","0","0","0","0","","0","0","0","","","1","","5","","40 22:56.727","","0","79 59:45.220","4","0","0","0","2301","0","0","0","N","0","0","0","2","02301","1","","1.0","","1","N","N","","0","","0","0","0","3","2","","","2","1","0","0","0","0","0","2","0","2","","","","N","","","","","","","","","",""
"2005088784","","2","0","0","0","0","0","0","0","0","1","0","","02","3","2005","6","40.484444","-79.948003","","11","0","0","0","0","0","0","0","0","","0","0","0","","","0","","0","","40 29:04.000","","0","79 56:52.809","0","0","0","0","2301","0","0","0","N","0","0","0","2","02301","0","","1.0","","1","N","N","","0","","0","0","0","0","0","","","2","0","0","0","0","0","0","2","0","2","","","","N","","","","","","","","","",""
"2005088790","","2","0","0","0","0","0","0","0","0","2","0","","02","2","2005","3","40.4497","-80.0251","","11","0","0","0","0","0","1","0","0","","0","0","0","","","0","","1","","40 26:58.920","","0","80 01:30.360","0","0","0","0","2301","0","0","0","N","0","0","0","2","02301","0","","1.0","","9","N","N","","0","","0","0","0","3","2","","","2","0","1","0","0","0","0","2","0","2","","","","N","","","","","","","","","",""
"2005088809","","0","0","0","0","0","0","0","0","0","4","0","","02","3","2005","4","","","","11","0","0","0","1","0","0","0","0","2","0","0","0","","","2","","0","","","5","0","","8","0","0","0","2301","0","0","0","N","0","0","0","2","02301","0","","1.0","","7","N","N","","0","","0","0","1","0","0","N","","2","2","1","0","0","2","0","1","1","2","","","","N","","","","","","","","","",""
"2005088810","","2","0","0","0","0","0","0","0","0","1","0","","02","3","2005","5","40.454524","-79.913189","","11","0","0","0","0","0","1","0","0","","0","0","0","","","1","","0","","40 27:16.287","","0","79 54:47.479","3","0","0","0","2301","0","0","0","N","0","0","0","5","02301","0","","1.0","","1","N","N","","0","","1","0","0","0","0","","","2","1","0","0","0","0","0","2","0","2","","","","N","","","","","","","","","",""
"2005088812","","1","0","0","0","0","0","0","0","0","1","0","","02","2","2005","7","","","","11","0","0","0","0","0","1","0","0","3","0","0","0","","","1","","2","","","3","0","","4","0","0","0","2301","0","0","0","N","0","0","0","2","02301","1","","1.0","","1","N","N","","0","","0","0","0","3","2","N","","2","1","0","0","0","0","0","1","1","2","","","","N","","","","","","","","","",""
"2005088813","","1","0","0","0","0","0","0","0","0","7","0","","02","2","2005","2","40.43863","-79.90377","","11","0","0","0","0","0","0","0","0","2","0","0","0","","","1","","0","","40 26:19.067","4","0","79 54:13.573","8","0","0","0","2301","0","0","0","N","0","0","0","1","02301","0","","2.0","","2","N","N","","0","","0","0","0","0","0","Y","","1","1","0","0","0","1","0","2","0","1","","","","N","","","","","","","","","",""
"2005088868","","1","0","0","0","0","0","0","0","0","7","0","55","02","1","2005","5","","","","11","0","0","0","0","0","1","0","0","","0","0","0","","","0","","0","","40 29:51.36","","0","80 16:48.72","0","0","0","0","2203","0","0","0","N","0","0","0","1","68B03","0","","3.0","","1","N","N","","0","","0","0","0","0","0","","","1","0","0","0","0","0","0","2","0","1","","","N","Y","4","1","","","U","","Y","","Y",""
"2005088941","","2","0","0","0","0","0","0","0","0","4","0","","02","2","2005","6","40.5386","-79.8304","","11","0","0","0","0","0","1","0","0","1","0","0","0","","","1","","2","","40 32:18.960","2","0","79 49:49.440","8","0","0","0","2208","0","0","0","N","0","0","0","2","02208","0","","1.0","","7","N","N","","0","","0","0","0","3","2","N","","2","1","0","0","0","1","0","2","0","2","","","","N","","","","","","","","","",""
"2005088970","","1","0","0","0","0","0","0","0","0","0","0","","02","2","2005","1","40.484534","-79.859069","","11","0","0","0","0","0","0","0","0","","0","0","0","","","0","","0","","40 29:04.324","","0","79 51:32.649","0","0","0","0","2113","0","0","0","Y","0","0","0","1","02113","0","","1.0","","2","N","N","","0","","0","0","0","0","0","","","1","0","0","0","0","0","0","2","0","1","","","","N","","","","","","","","","",""
"2005088971","","0","0","0","0","0","0","0","0","0","4","1","","02","2","2005","5","40.458598","-79.844035","","11","0","0","0","0","0","0","0","0","","0","1","0","","","0","","1","","40 27:30.952","","0","79 50:38.526","0","0","0","0","2113","0","0","0","N","0","0","0","2","02113","0","","1.0","","7","N","N","","1","","0","0","0","3","3","","","2","0","0","0","0","0","0","2","0","2","","","","N","","","","","","","","","",""
"2005088972","","1","0","0","0","0","0","0","0","0","7","0","","02","2","2005","6","40.4919","-79.8481","","11","0","0","0","0","0","0","0","0","","0","0","0","","","1","","0","","40 29:30.840","","0","79 50:53.160","4","0","0","0","2113","0","0","0","N","0","0","0","1","02113","1","","2.0","","6","N","N","","0","","0","0","0","0","0","","","1","1","0","0","0","0","0","2","0","1","","","","N","","","","","","","","","",""
"2005088973","","1","0","0","0","0","0","0","0","0","0","0","","02","2","2005","5","","","","11","0","0","0","0","1","0","0","0","3","0","0","0","","","1","","0","","","6","0","","3","0","0","0","2113","0","0","0","N","0","0","0","1","02113","0","","4.0","","7","N","N","","0","","1","0","0","0","0","Y","","1","1","0","0","0","0","0","1","0","1","","","","N","","","","","","","","","",""
"2005088974","","1","0","0","0","0","0","0","0","0","7","0","","02","2","2005","5","40.479081","-79.872323","","11","0","0","0","0","0","1","0","0","1","0","0","0","","","0","","0","","40 28:44.691","4","0","79 52:20.362","0","0","0","0","2113","0","0","0","N","0","0","0","1","02113","0","","5.0","","7","N","N","","0","","0","0","0","0","0","N","","1","0","0","0","0","0","0","2","0","1","","","","N","","","","","","","","","",""
"2005088975","","1","0","0","0","0","0","0","0","0","4","0","","02","2","2005","6","40.480743","-79.800748","","11","0","0","0","0","1","1","0","0","1","0","0","0","","","0","","3","","40 28:50.676","4","0","79 48:02.694","0","0","0","0","2113","0","0","0","N","0","0","0","2","02113","0","","1.0","","9","N","N","","0","","0","0","1","0","0","N","","2","0","0","0","0","0","0","2","0","2","","","","N","","","","","","","","","",""
"2005088976","","1","0","0","0","0","0","0","0","0","1","0","","02","2","2005","6","40.5073","-79.7935","","11","0","0","0","0","0","1","0","0","1","0","0","0","","","0","","0","","40 30:26.280","2","0","79 47:36.600","0","0","0","0","2113","0","0","0","N","0","0","0","3","02113","0","","1.0","","1","N","N","","0","","0","0","0","0","0","N","","2","0","0","0","0","0","0","2","1","2","","","","N","","","","","","","","","",""
"2005089051","","1","0","0","0","0","0","0","0","0","7","0","","02","3","2005","7","","","","11","0","0","0","0","0","1","0","0","","0","0","0","","","0","","0","","","","0","","9","0","0","0","2301","0","0","0","N","0","0","0","2","02301","0","","5.0","","1","N","N","","0","","0","0","0","0","0","","","2","0","0","0","0","0","1","1","0","1","","","","N","","","","","","","","","",""
"2005089103","","1","0","0","0","0","0","0","0","0","7","0","","02","1","2005","4","40.5981","-79.92","","11","0","0","0","0","0","0","0","0","","0","0","0","","","0","","0","","40 35:53.160","","0","79 55:12.000","0","0","0","0","2220","0","0","0","N","0","0","0","1","68T02","0","","3.0","","7","N","N","","0","","0","0","0","0","0","","","1","0","0","0","0","0","0","1","0","1","","","","N","","","","","","","","","",""
"2005089112","","0","0","0","0","0","0","0","0","0","7","0","","02","1","2005","7","40.6524","-80.0448","","11","0","0","0","0","0","0","0","0","","0","0","0","","","0","","0","","40 39:08.640","","0","80 02:41.280","0","0","0","0","2216","0","0","0","N","0","0","0","2","68T02","0","","3.0","","6","N","N","","1","","0","0","0","0","0","","","1","0","0","0","0","0","0","2","0","1","","","","N","","","","","","","","","",""
"2005089113","","1","0","0","0","0","0","0","0","0","0","1","","02","1","2005","2","40.4342","-79.748","","11","0","0","0","0","0","0","0","0","","0","1","0","","","2","","0","","40 26:03.120","","0","79 44:52.800","4","0","0","0","2446","0","0","0","N","0","0","0","5","68T02","1","","1.0","","1","N","N","","0","","0","0","0","0","0","","","2","2","0","0","0","1","1","2","0","2","","","","N","","","","","","","","","",""
"2005089114","","1","0","0","0","0","0","0","0","0","7","0","","02","1","2005","7","40.5869","-79.8784","","11","0","0","0","0","0","0","0","0","2","0","0","0","","","2","","0","","40 35:12.840","3","0","79 52:42.240","4","0","0","0","2209","0","0","0","N","0","0","0","2","68T02","2","","2.0","","6","N","N","","0","","0","0","0","0","0","N","","1","2","0","0","0","0","0","2","0","1","","","","N","","","","","","","","","",""
"2005089115","","1","0","0","0","0","0","0","0","0","7","0","","02","1","2005","7","40.5546","-79.8425","","11","0","0","0","0","0","0","0","0","","0","0","0","","","0","","0","","40 33:16.560","","0","79 50:33.000","0","0","0","0","2208","0","0","0","N","0","0","0","1","68T02","0","","2.0","","6","N","N","","0","","0","0","0","0","0","","","1","0","0","0","0","0","0","2","0","1","","","","N","","","","","","","","","",""
"2005089116","","0","0","0","0","0","0","0","0","0","7","0","","02","1","2005","7","40.4788","-79.769","","11","0","0","0","0","0","1","0","0","2","0","0","0","","","2","","0","","40 28:43.680","4","0","79 46:08.400","3","0","0","0","2406","0","0","0","N","0","0","0","4","68T02","1","","3.0","","7","N","N","","0","","1","0","2","0","0","N","","2","2","0","0","0","0","0","2","0","2","","","","N","","","","","","","","","",""
"2005089245","","0","0","0","0","0","0","0","0","0","7","0","","02","2","2005","2","40.3529","-80.1348","","11","0","0","0","0","0","0","0","0","","0","0","0","","","0","","0","","40 21:10.440","","0","80 08:05.280","0","0","0","0","2119","0","0","0","Y","0","0","0","1","02119","0","","1.0","","9","N","N","","1","","0","0","0","0","0","","","1","0","0","0","0","0","0","2","0","1","","","","N","","","","","","","","","",""
"2005089282","","1","0","0","0","0","0","0","0","0","1","0","","02","1","2005","3","40.6125","-80.095295","","11","0","0","0","0","0","1","0","0","","0","0","0","","","1","","0","","40 36:45.000","","0","80 05:43.062","4","0","0","0","2481","0","0","0","N","0","0","0","2","68B03","1","","1.0","","9","N","N","","1","","0","0","0","0","0","","","2","1","0","0","0","0","0","2","0","2","","","","N","","","","","","","","","",""
"2005089385","","1","0","0","0","0","0","0","0","0","1","0","","02","2","2005","6","40.382859","-80.052438","","11","0","0","0","0","0","2","0","0","","0","0","0","","","0","","0","","40 22:58.292","","0","80 03:08.776","0","0","0","0","2109","0","0","0","N","0","0","0","2","02109","0","","1.0","","1","N","N","","0","","0","0","1","0","0","","","2","0","0","0","0","0","0","2","0","2","","","","N","","","","","","","","","",""
"2005089388","","0","0","0","0","0","0","0","0","0","1","0","","02","2","2005","3","40.489721","-80.051929","","11","0","0","0","0","0","0","0","0","2","0","0","0","","","0","","0","","40 29:22.995","6","0","80 03:06.946","0","0","0","0","2109","0","0","0","N","0","0","0","1","02109","0","","1.0","","1","N","N","","1","","0","0","0","0","0","Y","","2","0","0","0","0","0","0","2","1","2","","","","N","","","","","","","","","",""
"2005089389","","1","0","0","0","0","0","0","0","0","4","0","","02","2","2005","5","40.379858","-80.035942","","11","0","0","0","0","0","1","0","0","","0","0","0","","","0","","1","","40 22:47.488","","0","80 02:09.391","0","0","0","0","2109","0","0","0","N","0","0","0","2","02109","0","","1.0","","7","N","N","","1","","0","0","0","2","3","","","2","0","0","0","0","0","0","2","0","2","","","","N","","","","","","","","","",""
"2005089459","","2","0","0","0","0","0","0","0","0","4","0","","02","2","2005","6","40.539001","-79.840041","","11","0","0","0","0","0","1","0","0","","0","0","0","","","0","","1","","40 32:20.404","","0","79 50:24.147","0","0","0","0","2208","0","0","0","N","0","0","0","2","02208","0","","1.0","","1","N","N","","0","","0","0","0","0","0","","","2","0","0","0","0","0","0","2","0","2","","","","N","","","","","","","","","",""
"2005089460","","1","0","0","0","0","0","0","0","0","4","1","","02","2","2005","2","40.548766","-79.838099","","11","0","0","0","0","0","1","0","0","","0","1","0","","","0","","2","","40 32:55.559","","0","79 50:17.156","0","0","0","0","2208","0","0","0","N","0","0","0","3","02208","0","","1.0","","9","N","N","","0","","0","0","0","0","0","","","2","0","0","0","0","0","0","2","0","2","","","","N","","","","","","","","","",""
"2005089978","","1","0","0","0","0","0","0","0","0","4","0","","02","3","2005","6","","","","11","0","0","0","0","0","0","0","1","2","0","0","0","","","2","","1","","","7","0","","3","0","0","0","2404","0","0","0","N","0","0","0","4","02404","0","","1.0","","9","N","N","","0","","2","0","0","3","2","Y","","2","2","0","0","0","0","0","1","1","2","","","","N","","","","","","","","","",""
"2005090074","","1","0","0","0","0","0","0","0","0","7","0","","02","3","2005","3","40.520603","-80.192691","","11","0","0","0","0","0","0","0","0","","0","0","0","","","1","","0","","40 31:14.169","","0","80 11:33.688","4","0","0","0","2213","0","0","0","N","0","0","0","1","02213","1","","4.0","","9","N","N","","0","","0","0","0","0","0","","","1","1","0","0","0","0","0","2","0","1","","","","N","","","","","","","","","",""
"2005090075","","1","0","0","0","0","0","0","0","0","4","0","","02","3","2005","5","40.513242","-80.222385","","11","0","0","0","0","0","0","2","0","","0","0","0","","","1","","1","","40 30:47.672","","0","80 13:20.587","3","0","0","0","2213","0","0","0","N","0","0","0","3","02213","0","","1.0","","1","N","N","","0","","1","0","0","3","2","","","2","1","0","0","0","0","0","2","1","2","","","","N","","","","","","","","","",""
"2005090076","","2","0","0","0","0","0","0","0","0","1","0","","02","2","2005","6","40.5073","-80.2234","","11","0","0","0","0","0","0","0","0","","0","0","0","","","1","","0","","40 30:26.280","","0","80 13:24.240","8","0","0","0","2213","0","0","0","N","0","0","0","2","02213","0","","1.0","","1","N","N","","0","","0","0","0","0","0","","","2","1","1","0","0","1","0","2","0","2","","","","N","","","","","","","","","",""
"2005090077","","0","0","0","0","0","0","0","0","0","7","0","","02","2","2005","1","40.536574","-80.224666","","11","0","0","0","0","0","0","0","0","","0","0","0","","","1","","0","","40 32:11.666","","0","80 13:28.798","4","0","0","0","2213","0","0","0","N","0","0","0","1","02213","1","","5.0","","1","N","N","","1","","0","0","0","0","0","","","1","1","0","0","0","0","0","2","0","1","","","","N","","","","","","","","","",""
"2005090089","","1","0","0","0","0","0","0","0","0","4","0","","02","3","2005","4","","","","11","0","0","0","0","0","1","0","0","","0","0","0","","","0","","1","","","","0","","0","0","0","0","2301","0","0","0","N","0","0","0","2","02301","0","","1.0","","9","N","N","","1","","0","0","0","3","1","","","2","0","0","0","0","0","0","1","0","2","","","","N","","","","","","","","","",""
"2005090090","","1","0","0","0","0","0","0","0","0","4","0","","02","3","2005","7","40.447137","-79.895168","","11","0","0","0","0","0","0","1","0","1","0","0","0","","","2","","1","","40 26:49.694","4","0","79 53:42.603","8","0","0","0","2301","0","0","0","N","0","0","0","4","02301","0","","1.0","","1","N","N","","0","","0","0","1","2","2","N","","2","2","0","0","0","2","0","2","0","2","","","","N","","","","","","","","","",""
"2005090107","","1","0","0","0","0","0","0","0","0","7","0","","02","2","2005","5","","","","11","0","0","0","0","0","1","0","0","1","0","0","0","","","0","","0","","","2","0","","0","0","0","0","2203","0","0","0","N","0","0","0","1","02501","0","","4.0","","2","N","N","","0","","0","0","0","0","0","N","","1","0","0","0","0","0","0","1","0","1","","","","N","","","","","","","","","",""
"2005090108","","1","0","0","0","0","0","0","0","0","7","0","","02","2","2005","5","","","","11","0","0","0","0","0","0","0","0","1","0","0","0","","","1","","0","","","2","0","","8","0","0","0","2203","0","0","0","N","0","0","0","1","02501","0","","4.0","","2","N","N","","0","","0","0","0","0","0","N","","1","1","0","0","0","1","0","1","0","1","","","","N","","","","","","","","","",""
"2005090113","","1","0","0","0","0","0","0","0","0","5","0","","02","2","2005","3","40.381769","-80.044255","","11","0","0","0","0","0","1","0","0","2","0","0","0","","","0","","0","","40 22:54.367","2","0","80 02:39.318","0","0","0","0","2109","0","0","0","N","0","0","0","3","02109","0","","1.0","","1","N","N","","1","","0","0","0","0","0","N","","2","0","0","0","0","0","0","2","0","2","","","","N","","","","","","","","","",""
"2005090114","","1","0","0","0","0","0","0","0","0","1","0","","02","3","2005","5","40.366851","-80.048913","","11","0","1","0","0","0","0","0","0","2","0","0","0","","","0","","0","","40 22:00.664","1","0","80 02:56.087","0","0","0","0","2109","0","0","0","N","0","0","0","2","02109","0","","1.0","","1","N","N","","0","","0","0","1","0","0","N","","2","0","0","0","0","0","0","2","0","2","","","","N","","","","","","","","","",""
"2005090182","","0","0","0","0","0","0","0","0","0","1","0","","02","3","2005","4","40.4382","-79.8305","","11","0","0","0","0","0","1","0","0","","0","0","0","","","2","","2","","40 26:17.520","","0","79 49:49.800","8","0","0","0","2419","0","0","0","N","0","0","0","3","02419","0","","1.0","","9","N","N","","0","","0","0","1","3","3","","","2","2","0","0","0","2","0","2","1","2","","","","N","","","","","","","","","",""
"2005090192","","1","0","0","0","0","0","0","0","0","4","0","","02","3","2005","5","40.366132","-80.106923","","11","0","0","0","0","0","0","0","1","2","0","0","0","","","2","","1","","40 21:58.076","4","0","80 06:24.921","4","0","0","0","2102","0","0","0","N","0","0","0","6","02102","2","","1.0","","1","N","N","","0","","0","0","1","3","2","N","","2","2","2","0","0","0","0","2","0","2","","","","N","","","","","","","","","",""
"2005090193","","1","0","0","0","0","0","0","0","0","7","0","","02","3","2005","7","40.274988","-79.892677","","11","0","0","0","0","0","0","0","0","","0","0","0","","","0","","3","","40 16:29.958","","2","79 53:33.637","0","0","0","0","2440","0","0","0","Y","0","0","0","2","02440","0","","3.0","","9","N","N","","0","","0","0","0","0","0","","","1","0","0","0","0","0","0","2","0","1","","","","N","","","","","","","","","",""
"2005090201","","0","0","0","0","0","0","0","0","0","7","0","","02","3","2005","7","","","","11","0","0","0","0","0","0","0","0","","0","0","0","","","1","","0","","","","0","","3","0","0","0","2476","0","0","0","N","0","0","0","1","02476","0","","4.0","","1","N","N","","0","","1","0","0","0","0","","","1","1","0","0","0","0","0","1","1","1","","","","N","","","","","","","","","",""
"2005090217","","1","0","0","0","0","0","0","0","0","7","0","","02","3","2005","6","40.342047","-79.977406","","11","0","0","0","0","0","0","0","0","","0","0","0","","","1","","2","","40 20:31.369","","0","79 58:38.661","4","0","0","0","2403","0","0","0","N","0","0","0","2","02403","1","","5.0","","1","N","N","","0","","0","0","0","3","3","","","1","1","1","0","0","0","1","2","0","1","","","","N","","","","","","","","","",""
"2005090218","","1","0","0","0","0","0","0","0","0","7","0","","02","3","2005","7","","","","11","0","0","0","0","1","0","0","0","","0","0","0","","","1","","2","","","","0","","4","0","0","0","2440","0","0","0","N","0","0","0","2","02440","1","","5.0","","9","N","N","","0","","0","0","0","0","0","","","1","1","0","0","0","0","0","1","0","1","","","","N","","","","","","","","","",""
"2005090219","","1","0","0","0","0","0","0","0","0","7","0","","02","3","2005","1","40.5012","-80.0615","","11","0","0","0","0","0","0","0","0","","0","0","0","","","1","","0","","40 30:04.320","","0","80 03:41.400","4","0","0","0","2402","0","0","0","N","0","0","0","1","02402","1","","2.0","","1","N","N","","0","","0","0","0","0","0","","","1","1","0","0","0","0","0","2","0","1","","","","N","","","","","","","","","",""
"2005090226","","4","0","0","0","0","0","0","0","0","1","0","","02","3","2005","6","","","","11","0","0","0","0","0","1","2","0","1","0","0","0","","","0","","0","","","2","3","","0","0","0","0","2438","0","0","0","N","0","0","0","4","02438","0","","1.0","","9","N","N","","0","","0","0","0","3","2","N","","4","0","0","0","0","0","0","1","0","4","","","","N","","","","","","","","","",""
"2005090227","","1","0","0","0","0","0","0","0","0","2","0","","02","3","2005","7","40.55198","-79.977262","","11","0","0","0","0","0","0","0","0","","0","0","0","","","0","","0","","40 33:07.128","","0","79 58:38.143","0","0","0","0","2118","0","0","0","N","0","0","0","1","02118","0","","1.0","","1","N","N","","1","","0","0","0","0","0","","","2","0","0","0","0","0","0","2","0","2","","","","N","","","","","","","","","",""
"2005090235","","1","0","0","0","0","0","0","0","0","7","0","","02","3","2005","7","40.394461","-79.785144","","11","0","0","0","0","0","0","0","0","3","0","0","0","","","1","","0","","40 23:40.059","6","0","79 47:06.518","4","0","0","0","2470","0","0","0","N","0","0","0","2","02424","1","","4.0","","1","N","N","","0","","0","0","0","0","0","Y","","1","1","2","0","0","0","1","2","0","1","","","","N","","","","","","","","","",""
"2005090241","","1","0","0","0","0","0","0","0","0","4","0","","02","3","2005","2","40.527165","-79.950286","","11","0","0","0","0","0","0","0","0","1","0","0","0","","","0","","2","","40 31:37.795","1","0","79 57:01.030","0","0","0","0","2118","0","0","0","N","0","0","0","2","02118","0","","1.0","","9","N","N","","1","","0","0","0","3","2","N","","2","0","0","0","0","0","0","2","0","2","","","","N","","","","","","","","","",""
"2005090258","","0","0","0","0","0","0","0","0","0","4","0","","02","3","2005","2","40.568201","-79.966479","","11","0","0","0","0","0","0","0","0","","0","0","0","","","0","","2","","40 34:05.522","","0","79 57:59.326","0","0","0","0","2207","0","0","0","N","0","0","0","7","02207","0","","1.0","","9","N","N","","1","","0","0","0","3","3","","","2","0","0","0","0","0","0","2","1","2","","","","N","","","","","","","","","",""
"2005090265","","1","0","0","0","0","0","0","0","0","7","0","","02","3","2005","1","40.380924","-79.814664","","11","0","0","0","0","0","0","0","0","2","0","0","0","","","1","","3","","40 22:51.326","3","0","79 48:52.791","3","0","0","0","2424","0","0","0","N","0","0","0","1","02424","0","","4.0","","1","N","N","","0","","1","0","0","0","0","N","","1","1","0","0","0","0","0","2","0","1","","","","N","","","","","","","","","",""
"2005090266","","1","0","0","0","0","0","0","0","0","7","0","","02","3","2005","1","40.210858","-79.85144","","11","1","0","0","0","0","0","0","0","2","0","0","0","","","0","","0","","40 12:39.089","4","0","79 51:05.185","0","0","0","0","2204","0","0","0","Y","0","0","0","3","02204","0","","2.0","","9","N","N","","0","","0","0","0","0","0","N","","1","0","0","0","0","0","0","1","0","1","","","","N","","","","","","","","","",""
"2005090274","","2","0","0","0","0","0","0","0","0","2","0","","02","1","2005","2","","","","11","0","0","1","0","0","0","0","0","1","0","0","0","","","6","","1","","","4","0","","4","0","0","0","2301","0","0","0","N","0","0","0","6","02301","6","","1.0","","9","N","N","","0","","0","0","0","3","2","N","","2","6","0","0","0","0","0","1","0","2","","","","N","","","","","","","","","",""
"2005090293","","0","0","0","0","0","0","0","0","0","0","0","","02","2","2005","7","40.345628","-80.154496","","11","0","0","0","1","0","1","0","0","","0","0","0","","","0","","1","","40 20:44.259","","0","80 09:16.187","0","0","0","0","2119","0","0","0","N","0","0","0","2","02119","0","","1.0","","1","N","N","","0","","0","0","1","0","0","","","2","0","0","0","0","0","0","2","1","2","","","","N","","","","","","","","","",""
"2005090301","","1","0","0","0","0","0","0","0","0","7","0","","02","1","2005","1","","","","11","0","0","0","0","0","0","0","0","2","0","0","0","","","0","","0","","","5","0","","0","0","0","0","2304","0","0","0","N","0","0","0","2","02304","0","","4.0","","7","N","N","","0","","0","0","0","0","0","Y","","1","0","0","0","0","0","0","1","0","1","","","","N","","","","","","","","","",""
"2005090302","","2","0","0","0","0","0","0","0","0","4","0","","02","1","2005","2","40.353537","-79.837274","","11","0","0","0","0","0","0","0","1","","0","0","0","","","1","","2","","40 21:12.734","","0","79 50:14.186","8","0","0","0","2304","0","0","0","N","0","0","0","3","02304","0","","1.0","","1","N","N","","0","","0","0","0","3","2","","","2","1","0","0","0","1","0","2","0","2","","","","N","","","","","","","","","",""
"2005090303","","2","0","1","0","0","0","0","0","0","4","0","","02","2","2005","4","","","","11","0","0","0","1","0","0","0","0","4","0","0","0","","","2","","1","","","7","0","","2","0","0","0","2301","0","0","0","N","0","0","0","2","02301","0","","1.0","","1","N","N","","0","","1","1","0","3","2","Y","","2","2","1","0","0","0","0","1","0","2","","","","N","","","","","","","","","",""
"2005090304","","2","0","0","0","0","0","0","0","0","4","0","","02","1","2005","6","40.47152","-79.926282","","11","0","0","0","0","0","0","0","0","","0","0","0","","","0","","1","","40 28:17.472","","0","79 55:34.615","0","0","0","0","2301","0","0","0","N","0","0","0","2","02301","0","","1.0","","9","N","N","","0","","0","0","0","3","2","","","2","0","0","0","0","0","0","2","0","2","","","","N","","","","","","","","","",""
"2005090305","","2","0","0","0","0","0","0","0","0","4","0","","02","2","2005","7","","","","11","0","0","0","0","0","0","0","0","1","0","0","0","","","0","","2","","","4","0","","0","0","0","0","2301","0","0","0","N","0","0","0","2","02301","0","","1.0","","1","N","N","","0","","0","0","0","3","2","N","","2","0","0","0","0","0","0","1","0","2","","","","N","","","","","","","","","",""
"2005090306","","1","0","0","0","0","0","0","0","0","4","0","","02","1","2005","1","","","","11","0","0","1","0","0","0","0","0","1","0","0","0","","","2","","1","","","7","0","","8","0","0","0","2301","0","0","0","N","0","0","0","5","02301","0","","1.0","","1","N","N","","0","","0","0","1","3","1","N","","2","2","0","0","0","2","0","1","0","2","","","","N","","","","","","","","","",""
"2005090307","","1","0","0","0","0","0","0","0","0","7","0","","02","1","2005","1","","","","11","0","0","0","0","0","1","0","0","","0","0","0","","","1","","0","","","","0","","8","0","0","0","2301","0","0","0","N","0","0","0","1","02301","0","","5.0","","1","N","N","","0","","0","0","0","0","0","","","1","1","0","0","0","1","0","1","0","1","","","","N","","","","","","","","","",""