"CRN","ARRIVAL_TM","AUTOMOBILE_COUNT","BELTED_DEATH_COUNT","BELTED_SUSP_SERIOUS_INJ_COUNT","BICYCLE_COUNT","BICYCLE_DEATH_COUNT","BICYCLE_SUSP_SERIOUS_INJ_COUNT","BUS_COUNT","CHLDPAS_DEATH_COUNT","CHLDPAS_SUSP_SERIOUS_INJ_COUNT","COLLISION_TYPE","COMM_VEH_COUNT","CONS_ZONE_SPD_LIM","COUNTY","CRASH_MONTH","CRASH_YEAR","DAY_OF_WEEK","DEC_LATITUDE","DEC_LONGITUDE","DISPATCH_TM","DISTRICT","DRIVER_COUNT_16YR","DRIVER_COUNT_17YR","DRIVER_COUNT_18YR","DRIVER_COUNT_19YR","DRIVER_COUNT_20YR","DRIVER_COUNT_50_64YR","DRIVER_COUNT_65_74YR","DRIVER_COUNT_75PLUS","EST_HRS_CLOSED","FATAL_COUNT","HEAVY_TRUCK_COUNT","HORSE_BUGGY_COUNT","HOUR_OF_DAY","ILLUMINATION","INJURY_COUNT","INTERSECTION_RELATED","INTERSECT_TYPE","LANE_CLOSED","LATITUDE","LN_CLOSE_DIR","LOCATION_TYPE","LONGITUDE","MAX_SEVERITY_LEVEL","MCYCLE_DEATH_COUNT","MCYCLE_SUSP_SERIOUS_INJ_COUNT","MOTORCYCLE_COUNT","MUNICIPALITY","NONMOTR_COUNT","NONMOTR_DEATH_COUNT","NONMOTR_SUSP_SERIOUS_INJ_COUNT","NTFY_HIWY_MAINT","PED_COUNT","PED_DEATH_COUNT","PED_SUSP_SERIOUS_INJ_COUNT","PERSON_COUNT","POLICE_AGCY","POSSIBLE_INJ_COUNT","RDWY_SURF_TYPE_CD","RELATION_TO_ROAD","ROADWAY_CLEARED","ROAD_CONDITION","SCH_BUS_IND","SCH_ZONE_IND","SECONDARY_CRASH","SMALL_TRUCK_COUNT","SPEC_JURIS_CD","SUSP_MINOR_INJ_COUNT","SUSP_SERIOUS_INJ_COUNT","SUV_COUNT","TCD_FUNC_CD","TCD_TYPE","TFC_DETOUR_IND","TIME_OF_DAY","TOTAL_UNITS","TOT_INJ_COUNT","UNBELTED_OCC_COUNT","UNB_DEATH_COUNT","UNB_SUSP_SERIOUS_INJ_COUNT","UNK_INJ_DEG_COUNT","UNK_INJ_PER_COUNT","URBAN_RURAL","VAN_COUNT","VEHICLE_COUNT","WEATHER1","WEATHER2","WORKERS_PRES","WORK_ZONE_IND","WORK_ZONE_LOC","WORK_ZONE_TYPE","WZ_CLOSE_DETOUR","WZ_FLAGGER","WZ_LAW_OFFCR_IND","WZ_LN_CLOSURE","WZ_MOVING","WZ_OTHER","WZ_SHLDER_MDN","WZ_WORKERS_INJ_KILLED"
"2005093705","","1","0","0","0","0","0","0","0","0","1","0","","02","1","2005","3","40.3536","-79.8452","","11","0","0","0","0","0","0","0","1","","0","0","0","","","2","","6","","40 21:12.960","","2","79 50:42.720","4","0","0","0","2304","0","0","0","N","0","0","0","5","02304","2","","1.0","","1","N","N","","0","","0","0","1","0","0","","","2","2","0","0","0","0","0","2","0","2","","","","N","","","","","","","","","",""
"2005093706","","0","0","0","0","0","0","0","0","0","4","0","","02","1","2005","3","40.572002","-79.99818","","11","0","1","0","0","0","0","0","0","2","0","0","0","","","2","","1","","40 34:19.208","3","0","79 59:53.449","3","0","0","0","2108","0","0","0","N","0","0","0","4","02108","0","","1.0","","9","N","N","","1","","2","0","0","3","3","Y","","2","2","2","0","0","0","0","2","1","2","","","","N","","","","","","","","","",""
"2005093707","","1","0","0","0","0","0","0","0","0","4","0","","02","1","2005","1","40.43309","-79.996574","","11","0","0","0","0","0","0","0","0","1","0","0","0","","","0","","0","","40 25:59.123","2","3","79 59:47.666","0","0","0","0","2301","0","0","0","N","0","0","0","5","02301","0","","1.0","","1","N","N","","1","","0","0","0","0","0","N","","2","0","0","0","0","0","0","2","0","2","","","","N","","","","","","","","","",""
"2005093708","","0","0","0","0","0","0","0","0","0","4","0","","02","2","2005","1","","","","11","0","0","1","0","0","0","0","0","","0","0","0","","","0","","1","","","","0","","0","0","0","0","2301","0","0","0","N","0","0","0","2","02301","0","","1.0","","1","N","N","","0","","0","0","2","3","3","","","2","0","0","0","0","0","0","1","0","2","","","","N","","","","","","","","","",""
"2005093709","","1","0","0","0","0","0","0","0","0","2","0","","02","3","2005","4","","","","11","0","0","0","0","0","1","0","0","1","0","0","0","","","1","","0","","","3","0","","4","0","0","0","2301","0","0","0","N","0","0","0","2","02301","1","","1.0","","2","N","N","","0","","0","0","1","0","0","N","","2","1","0","0","0","0","0","1","0","2","","","","N","","","","","","","","","",""
"2005093712","","3","0","0","0","0","0","0","0","0","4","0","","02","2","2005","5","40.409939","-80.023724","","11","0","0","0","0","0","0","0","0","","0","0","0","","","0","","0","","40 24:35.780","","0","80 01:25.406","0","0","0","0","2301","0","0","0","N","0","0","0","1","02301","0","","1.0","","7","N","N","","0","","0","0","0","0","0","","","3","0","0","0","0","0","0","2","0","3","","","","N","","","","","","","","","",""
"2005093755","","1","0","0","0","0","0","0","0","0","6","0","","02","2","2005","1","40.463547","-79.89005","","11","0","0","0","0","0","0","0","0","2","0","0","0","","","1","","0","","40 27:48.769","5","0","79 53:24.180","3","0","0","0","2301","1","0","0","N","1","0","0","2","02301","0","","1.0","","2","N","N","","0","","1","0","1","0","0","N","","3","1","0","0","0","0","0","2","0","2","","","","N","","","","","","","","","",""
"2005093756","","2","0","0","0","0","0","0","0","0","4","0","","02","1","2005","6","40.409644","-79.991381","","11","0","0","0","0","0","0","1","0","","0","0","0","","","0","","1","","40 24:34.718","","0","79 59:28.971","0","0","0","0","2301","0","0","0","N","0","0","0","2","02301","0","","1.0","","9","N","N","","0","","0","0","0","0","0","","","2","0","0","0","0","0","0","2","0","2","","","","N","","","","","","","","","",""
"2005093757","","1","0","0","0","0","0","0","0","0","6","0","","02","1","2005","7","40.395733","-80.032928","","11","0","0","0","0","0","0","0","0","","0","0","0","","","0","","1","","40 23:44.640","","0","80 01:58.541","0","0","0","0","2301","0","0","0","N","0","0","0","3","02301","0","","1.0","","1","N","N","","0","","0","0","0","3","2","","","2","0","0","0","0","0","0","2","1","2","","","","N","","","","","","","","","",""
"2005093758","","2","0","0","0","0","0","0","0","0","1","0","","02","3","2005","5","","","","11","0","0","0","0","0","0","0","0","1","0","0","0","","","0","","0","","","4","0","","0","0","0","0","2301","0","0","0","N","0","0","0","2","02301","0","","1.0","","9","N","N","","0","","0","0","0","0","0","N","","2","0","1","0","0","0","0","1","0","2","","","","N","","","","","","","","","",""
"2005093759","","1","0","0","0","0","0","0","0","0","4","0","","02","2","2005","7","","","","11","0","0","0","0","0","0","0","0","1","0","0","0","","","1","","1","","","7","0","","3","0","0","0","2301","0","0","0","N","0","0","0","3","02301","0","","1.0","","1","N","N","","0","","1","0","1","3","2","Y","","2","1","0","0","0","0","0","1","0","2","","","","N","","","","","","","","","",""
"2005093760","","1","0","0","0","0","0","0","0","0","7","0","","02","2","2005","7","","","","11","0","0","1","0","0","0","0","0","","0","0","0","","","0","","0","","","","0","","0","0","0","0","2301","0","0","0","N","0","0","0","1","02301","0","","4.0","","9","N","N","","0","","0","0","0","0","0","","","1","0","0","0","0","0","0","1","0","1","","","","N","","","","","","","","","",""
"2005093785","","2","0","0","0","0","0","0","0","0","4","0","","02","3","2005","4","40.439811","-79.959355","","11","0","0","0","0","1","1","0","0","","0","0","0","","","0","","1","","40 26:23.319","","0","79 57:33.678","0","0","0","0","2301","0","0","0","N","0","0","0","3","02301","0","","1.0","","2","N","N","","0","","0","0","0","3","2","","","2","0","1","0","0","0","0","2","0","2","","","","N","","","","","","","","","",""
"2005093786","","2","0","0","0","0","0","0","0","0","4","0","","02","3","2005","3","","","","11","0","0","0","0","0","0","0","0","","0","0","0","","","0","","2","","","","0","","0","0","0","0","2301","0","0","0","N","0","0","0","2","02301","0","","1.0","","9","N","N","","0","","0","0","0","3","2","","","2","0","0","0","0","0","0","1","0","2","","","","N","","","","","","","","","",""
"2005093787","","1","0","0","0","0","0","0","0","0","7","0","","02","3","2005","5","40.4558","-79.9923","","11","0","0","0","0","0","1","0","0","","0","0","0","","","1","","6","","40 27:20.880","","2","79 59:32.280","8","0","0","0","2301","0","0","0","N","0","0","0","1","02301","0","","4.0","","1","N","N","","0","","0","0","0","0","0","","","2","1","1","0","0","1","0","2","0","1","","","","N","","","","","","","","","",""
"2005093788","","1","0","0","0","0","0","0","0","0","7","0","","02","3","2005","4","","","","11","0","0","0","1","0","0","0","0","","0","0","0","","","0","","0","","","","0","","0","0","0","0","2301","0","0","0","N","0","0","0","3","02301","0","","4.0","","7","N","N","","0","","0","0","0","0","0","","","1","0","0","0","0","0","0","1","0","1","","","","N","","","","","","","","","",""
"2005093789","","0","0","0","0","0","0","0","0","0","8","0","","02","1","2005","5","40.455479","-80.006628","","11","0","0","0","0","0","0","0","0","","0","0","0","","","1","","1","","40 27:19.724","","0","80 00:23.860","8","0","0","0","2301","1","0","0","N","1","0","0","2","02301","0","","1.0","","1","N","N","","1","","0","0","0","3","2","","","2","1","0","0","0","1","0","2","0","1","","","","N","","","","","","","","","",""
"2005093796","","2","0","0","0","0","0","0","0","0","4","0","","02","3","2005","4","40.438113","-79.95398","","11","0","0","0","0","0","0","1","0","1","0","0","0","","","4","","1","","40 26:17.206","5","0","79 57:14.328","8","0","0","0","2301","0","0","0","N","0","0","0","6","02301","0","","1.0","","9","N","N","","0","","0","0","0","3","2","Y","","2","4","0","0","0","4","0","2","0","2","","","","N","","","","","","","","","",""
"2005093970","","2","0","0","0","0","0","0","0","0","1","0","","02","2","2005","4","40.456964","-79.758683","","11","0","0","0","0","0","0","0","0","9","0","0","0","","","1","","3","","40 27:25.070","3","0","79 45:31.260","4","0","0","0","2466","0","0","0","N","0","0","0","2","02466","1","","1.0","","9","N","N","","0","","0","0","0","0","0","N","","2","1","0","0","0","0","0","2","0","2","","","","N","","","","","","","","","",""
"2005093971","","2","0","0","0","0","0","0","0","0","1","0","","02","2","2005","5","40.535504","-79.764563","","11","0","0","0","0","0","1","0","0","2","0","0","0","","","0","","0","","40 32:07.813","5","0","79 45:52.428","0","0","0","0","2466","0","0","0","N","0","0","0","2","02466","0","","1.0","","2","N","N","","0","","0","0","0","0","0","Y","","2","0","0","0","0","0","0","1","0","2","","","","N","","","","","","","","","",""
"2005094076","","1","0","0","0","0","0","0","0","0","1","0","","02","2","2005","2","40.464802","-80.069393","","11","0","0","0","0","0","0","0","0","","0","0","0","","","0","","0","","40 27:53.287","","0","80 04:09.814","0","0","0","0","2444","0","0","0","N","0","0","0","1","02444","0","","1.0","","7","N","N","","0","","0","0","1","0","0","","","3","0","0","0","0","0","0","2","1","3","","","","N","","","","","","","","","",""
"2005094126","","1","0","0","0","0","0","0","0","0","4","0","","02","2","2005","7","","","","11","0","0","0","0","0","1","0","0","","0","0","0","","","0","","0","","","","0","","0","0","0","0","2446","0","0","0","N","0","0","0","2","02446","0","","1.0","","1","N","N","","1","","0","0","0","0","0","","","2","0","0","0","0","0","0","1","0","2","","","","N","","","","","","","","","",""
"2005094361","","2","0","0","0","0","0","0","0","0","1","0","","02","3","2005","4","40.33032","-79.892541","","11","0","0","1","1","0","0","0","0","","0","0","0","","","1","","0","","40 19:49.152","","0","79 53:33.147","4","0","0","0","2433","0","0","0","N","0","0","0","2","02433","1","","1.0","","1","N","N","","0","","0","0","0","0","0","","","2","1","0","0","0","0","0","2","0","2","","","","N","","","","","","","","","",""
"2005094362","","2","0","0","0","0","0","0","0","0","2","0","","02","3","2005","2","40.332153","-79.89199","","11","0","0","0","0","0","0","0","0","2","0","0","0","","","1","","0","","40 19:55.750","1","0","79 53:31.164","8","0","0","0","2433","0","0","0","N","0","0","0","1","02433","0","","5.0","","1","N","N","","0","","0","0","0","0","0","N","","2","1","0","0","0","1","0","2","0","2","","","","N","","","","","","","","","",""
"2005094382","","0","0","0","0","0","0","0","0","0","99","0","","02","3","2005","4","40.211856","-79.88872","","11","0","0","0","0","0","1","0","0","","0","0","0","","","0","","0","","40 12:42.681","","0","79 53:19.392","0","0","0","0","2204","0","0","0","N","0","0","0","1","02204","0","","1.0","","1","N","N","","0","","0","0","0","0","0","","","1","0","0","0","0","0","0","1","1","1","","","","N","","","","","","","","","",""
"2005094383","","1","0","0","0","0","0","0","0","0","8","0","","02","3","2005","4","40.4269","-79.7534","","11","0","0","0","0","0","0","1","0","1","0","0","0","","","1","","0","","40 25:36.840","5","0","79 45:12.240","3","0","0","0","2446","1","0","0","N","1","0","0","2","02446","0","","1.0","","1","N","N","","0","","1","0","0","0","0","N","","2","1","0","0","0","0","0","2","0","1","","","","N","","","","","","","","","",""
"2005094386","","1","0","0","0","0","0","0","0","0","1","0","","02","3","2005","5","40.489853","-80.295875","","11","0","0","0","0","0","0","0","0","1","0","0","0","","","0","","0","","40 29:23.469","3","0","80 17:45.150","0","0","0","0","2203","0","0","0","N","0","0","0","3","02203","0","","1.0","","1","N","N","","0","","0","0","1","0","0","N","","2","0","0","0","0","0","0","2","0","2","","","","N","","","","","","","","","",""
"2005094390","","2","0","0","0","0","0","0","0","0","1","0","","02","3","2005","5","40.436397","-79.780318","","11","0","0","0","0","0","0","0","0","1","0","0","0","","","1","","1","","40 26:11.029","4","0","79 46:49.146","4","0","0","0","2446","0","0","0","N","0","0","0","2","02446","1","","1.0","","1","N","N","","0","","0","0","0","3","2","N","","2","1","1","0","0","0","0","2","0","2","","","","N","","","","","","","","","",""
"2005094393","","1","0","0","0","0","0","0","0","0","5","1","","02","3","2005","4","40.2974","-79.9199","","11","0","0","0","0","0","2","0","0","2","0","1","0","","","0","","0","","40 17:50.640","2","0","79 55:11.640","0","0","0","0","2440","0","0","0","N","0","0","0","2","02440","0","","1.0","","1","N","N","","0","","0","0","0","0","0","N","","2","0","0","0","0","0","0","2","0","2","","","","N","","","","","","","","","",""
"2005094416","","2","0","0","0","0","0","0","0","0","4","0","","02","3","2005","5","40.368813","-80.084834","","11","0","0","0","0","0","0","0","0","","0","0","0","","","1","","2","","40 22:07.726","","0","80 05:05.402","4","0","0","0","2117","0","0","0","N","0","0","0","2","02117","1","","1.0","","1","N","N","","0","","0","0","0","3","3","","","2","1","0","0","0","0","0","2","0","2","","","","N","","","","","","","","","",""
"2005094493","","1","0","0","0","0","0","0","0","0","7","0","","02","2","2005","5","40.418091","-80.029765","","11","0","0","0","0","0","0","0","0","","0","0","0","","","0","","2","","40 25:05.127","","0","80 01:47.153","0","0","0","0","2301","0","0","0","","0","0","0","1","02301","0","","2.0","","2","N","N","","0","","0","0","0","0","0","","","1","0","0","0","0","0","0","2","0","1","","","","N","","","","","","","","","",""
"2005094494","","0","0","0","0","0","0","0","0","0","4","0","","02","2","2005","3","40.380757","-79.999548","","11","0","0","0","0","0","0","0","0","","0","0","0","","","3","","2","","40 22:50.724","","0","79 59:58.371","4","0","0","0","2301","0","0","0","N","0","0","0","3","02301","3","","1.0","","1","N","N","","1","","0","0","1","0","0","","","2","3","0","0","0","0","0","2","0","2","","","","N","","","","","","","","","",""
"2005094495","","2","0","0","0","0","0","0","0","0","4","0","","02","2","2005","5","","","","11","0","0","0","0","0","0","0","0","","0","0","0","","","0","","0","","","","0","","0","0","0","0","2301","0","0","0","N","0","0","0","5","02301","0","","1.0","","7","N","N","","1","","0","0","0","2","3","","","3","0","0","0","0","0","0","1","0","3","","","","N","","","","","","","","","",""
"2005094496","","0","0","0","0","0","0","0","0","0","2","0","","02","3","2005","3","","","","11","0","0","0","0","0","0","0","0","2","0","0","0","","","2","","0","","","2","0","","4","0","0","0","2301","0","0","0","N","0","0","0","3","02301","2","","1.0","","7","N","N","","0","","0","0","2","0","0","N","","2","2","0","0","0","0","0","1","0","2","","","","N","","","","","","","","","",""
"2005094497","","2","0","0","0","0","0","0","0","0","1","0","","02","3","2005","5","40.384358","-79.983106","","11","0","0","0","0","0","0","0","0","2","0","0","0","","","0","","0","","40 23:03.688","4","0","79 58:59.181","0","0","0","0","2301","0","0","0","N","0","0","0","4","02301","0","","1.0","","1","N","N","","0","","0","0","0","0","0","N","","2","0","0","0","0","0","0","2","0","2","","","","N","","","","","","","","","",""
"2005094498","","1","0","0","0","0","0","0","0","0","1","0","","02","3","2005","5","","","","11","0","0","0","0","0","1","0","0","","0","0","0","","","0","","0","","","","0","","0","0","0","0","2301","0","0","0","N","0","0","0","2","02301","0","","1.0","","1","N","N","","1","","0","0","0","3","2","","","2","0","2","0","0","0","0","1","0","2","","","","N","","","","","","","","","",""
"2005094555","","2","0","0","0","0","0","0","0","0","1","0","","02","2","2005","4","40.3892","-79.934","","11","0","0","0","0","0","1","1","0","","0","0","0","","","0","","6","","40 23:21.120","","2","79 56:02.400","0","0","0","0","2301","0","0","0","N","0","0","0","2","02301","0","","7.0","","1","N","N","","0","","0","0","0","3","4","","","2","0","0","0","0","0","0","2","0","2","","","","N","","","","","","","","","",""
"2005094556","","0","0","0","0","0","0","0","0","0","8","0","","02","1","2005","2","40.442152","-79.957681","","11","0","0","0","0","0","0","0","0","","0","0","0","","","1","","0","","40 26:31.747","","0","79 57:27.651","3","0","0","0","2301","1","0","0","N","1","0","0","2","02301","0","","1.0","","1","N","N","","0","","1","0","1","0","0","","","2","1","1","0","0","0","1","2","0","1","","","","N","","","","","","","","","",""
"2005094557","","2","0","0","0","0","0","0","0","0","7","0","","02","2","2005","4","40.44465","-79.896163","","11","0","0","0","0","0","1","0","0","","0","0","0","","","1","","2","","40 26:40.740","","0","79 53:46.186","8","0","0","0","2301","0","0","0","N","0","0","0","2","02301","0","","4.0","","1","N","N","","0","","0","0","0","3","3","","","2","1","0","0","0","1","0","2","0","2","","","","N","","","","","","","","","",""
"2005094558","","2","0","0","0","0","0","0","0","0","4","0","","02","2","2005","4","","","","11","0","0","0","0","0","1","0","1","2","0","0","0","","","1","","1","","","1","0","","8","0","0","0","2301","0","0","0","N","0","0","0","3","02301","0","","1.0","","1","N","N","","0","","0","0","0","3","2","N","","2","1","0","0","0","1","0","1","0","2","","","","N","","","","","","","","","",""
"2005094559","","1","0","0","0","0","0","0","0","0","4","0","","02","2","2005","2","40.451384","-79.945422","","11","0","0","0","0","0","0","0","0","","0","0","0","","","3","","1","","40 27:04.982","","0","79 56:43.519","4","0","0","0","2301","0","0","0","N","0","0","0","3","02301","3","","1.0","","1","N","N","","0","","0","0","0","3","3","","","2","3","1","0","0","0","0","2","1","2","","","","N","","","","","","","","","",""
"2005094580","","1","0","0","0","0","0","0","0","0","5","1","","02","2","2005","7","40.443304","-79.996569","","11","0","0","0","0","0","0","0","0","","0","1","0","","","0","","3","","40 26:35.894","","0","79 59:47.648","0","0","0","0","2301","0","0","0","N","0","0","0","2","02301","0","","1.0","","9","N","N","","0","","0","0","0","3","2","","","2","0","0","0","0","0","0","2","0","2","","","","N","","","","","","","","","",""
"2005094585","","1","0","0","0","0","0","0","0","0","7","0","","02","1","2005","1","","","","11","0","0","0","0","0","1","0","0","","0","0","0","","","0","","0","","","","0","","0","0","0","0","2301","0","0","0","N","0","0","0","1","02301","0","","2.0","","1","N","N","","0","","0","0","0","0","0","","","1","0","0","0","0","0","0","1","0","1","","","","N","","","","","","","","","",""
"2005094588","","2","0","0","0","0","0","0","0","0","1","0","","02","2","2005","5","40.436","-80.0013","","11","0","0","0","0","0","1","0","0","1","0","0","0","","","0","","0","","40 26:09.600","2","3","80 00:04.680","0","0","0","0","2301","0","0","0","N","0","0","0","2","02301","0","","1.0","","2","N","N","","0","","0","0","0","0","0","N","","2","0","0","0","0","0","0","2","0","2","","","","N","","","","","","","","","",""
"2005094594","","2","0","0","0","0","0","0","0","0","4","0","","02","1","2005","6","","","","11","0","0","0","0","0","0","0","0","","0","0","0","","","1","","1","","","","0","","4","0","0","0","2301","0","0","0","N","0","0","0","2","02301","1","","1.0","","1","N","N","","0","","0","0","0","3","2","","","2","1","1","0","0","0","0","1","0","2","","","","N","","","","","","","","","",""
"2005094595","","1","0","0","0","0","0","0","0","0","7","0","","02","2","2005","5","40.475744","-80.036135","","11","0","0","0","0","0","0","0","0","1","0","0","0","","","0","","2","","40 28:32.678","2","0","80 02:10.086","0","0","0","0","2301","0","0","0","N","0","0","0","1","02301","0","","4.0","","2","N","N","","0","","0","0","0","0","0","N","","1","0","0","0","0","0","0","2","0","1","","","","N","","","","","","","","","",""
"2005094637","","1","0","0","0","0","0","0","0","0","4","0","","02","2","2005","6","40.442878","-79.923667","","11","0","0","0","0","0","1","0","0","","0","0","0","","","0","","1","","40 26:34.360","","0","79 55:25.201","0","0","0","0","2301","0","0","0","N","0","0","0","2","02301","0","","1.0","","1","N","N","","0","","0","0","1","3","3","","","2","0","0","0","0","0","0","2","0","2","","","","N","","","","","","","","","",""
"2005096111","","1","0","0","0","0","0","0","0","0","7","0","","02","2","2005","6","","","","11","0","0","0","0","0","0","0","0","","0","0","0","","","0","","0","","","","0","","9","0","0","0","2301","0","0","0","N","0","0","0","1","02301","0","","5.0","","1","N","N","","0","","0","0","0","0","0","","","1","0","0","0","0","0","1","1","0","1","","","","N","","","","","","","","","",""
"2005096112","","1","0","0","0","0","0","0","0","0","1","0","","02","2","2005","6","40.457437","-79.92236","","11","0","0","0","0","0","0","0","0","","0","0","0","","","0","","0","","40 27:26.773","","0","79 55:20.496","0","0","0","0","2301","0","0","0","N","0","0","0","1","02301","0","","6.0","","1","N","N","","0","","0","0","0","0","0","","","2","0","0","0","0","0","0","2","1","2","","","","N","","","","","","","","","",""
"2005096184","","1","0","0","0","0","0","0","0","0","7","0","","02","3","2005","5","40.371518","-80.088753","","11","0","0","0","0","0","0","0","1","","0","0","0","","","0","","0","","40 22:17.466","","0","80 05:19.511","0","0","0","0","2117","0","0","0","N","0","0","0","1","02117","0","","2.0","","1","N","N","","0","","0","0","0","0","0","","","1","0","1","0","0","0","0","2","0","1","","","","N","","","","","","","","","",""
"2005096188","","0","0","0","0","0","0","0","0","0","1","0","","02","3","2005","4","40.350088","-79.97649","","11","0","0","0","0","0","0","0","0","1","0","0","0","","","1","","2","","40 21:00.316","2","0","79 58:35.364","3","0","0","1","2476","0","0","0","N","0","0","0","2","02476","0","","1.0","","1","N","N","","0","","1","0","1","0","0","N","","2","1","0","0","0","0","0","2","0","2","","","","N","","","","","","","","","",""
"2005096190","","0","0","0","0","0","0","1","0","0","8","1","","02","4","2005","6","40.439557","-79.999042","","11","0","0","0","0","0","0","0","0","","0","0","0","","","5","","0","","40 26:22.405","","0","79 59:56.551","3","0","0","0","2301","1","0","0","N","1","0","0","6","02503","4","","1.0","","1","N","N","","0","","1","0","0","0","0","","","2","5","0","0","0","0","0","2","0","1","","","","N","","","","","","","","","",""
"2005096231","","0","0","0","0","0","0","0","0","0","7","0","","02","3","2005","2","","","","11","1","0","0","0","0","0","0","0","","0","0","0","","","0","","0","","","","0","","0","0","0","0","2459","0","0","0","N","0","0","0","1","02459","0","","2.0","","9","N","N","","0","","0","0","1","0","0","","","1","0","0","0","0","0","0","1","0","1","","","","N","","","","","","","","","",""
"2005096237","","0","0","0","0","0","0","0","0","0","1","0","","02","2","2005","3","40.43","-79.9988","","11","0","0","0","0","0","1","0","0","","0","0","0","","","0","","0","","40 25:48.000","","3","79 59:55.680","0","0","0","0","2301","0","0","0","N","0","0","0","3","02301","0","","1.0","","9","N","N","","1","","0","0","0","3","8","","","2","0","0","0","0","0","0","2","1","2","","","","N","","","","","","","","","",""
"2005096239","","1","0","0","0","0","0","0","0","0","4","0","","02","1","2005","7","40.343601","-79.863317","","11","0","0","0","0","0","0","0","0","2","0","0","0","","","2","","1","","40 20:36.965","5","0","79 51:47.942","3","0","0","0","2304","0","0","0","N","0","0","0","2","02304","1","","1.0","","7","N","N","","1","","1","0","0","0","0","Y","","2","2","1","0","0","0","0","2","0","2","","","","N","","","","","","","","","",""
"2005096244","","1","0","0","0","0","0","0","0","0","4","0","","02","2","2005","7","40.452471","-79.934602","","11","0","0","0","0","0","0","0","0","","0","0","0","","","0","","1","","40 27:08.895","","0","79 56:04.567","0","0","0","0","2301","0","0","0","","0","0","0","2","02301","0","","1.0","","9","","","","0","","0","0","1","0","0","","","2","0","0","0","0","0","0","2","0","2","","","","N","","","","","","","","","",""
"2005096245","","2","0","0","0","0","0","0","0","0","5","0","","02","3","2005","3","","","","11","0","0","0","0","1","1","0","0","1","0","0","0","","","1","","0","","","2","0","","8","0","0","0","2301","0","0","0","N","0","0","0","4","02301","0","","1.0","","1","N","N","","0","","0","0","0","0","0","N","","2","1","0","0","0","1","0","1","0","2","","","","N","","","","","","","","","",""
"2005096249","","2","0","0","0","0","0","0","0","0","1","0","","02","3","2005","6","","","","11","0","0","0","0","0","1","0","0","9","0","0","0","","","1","","0","","","4","0","","4","0","0","0","2301","0","0","0","N","0","0","0","1","02301","1","","4.0","","1","N","N","","0","","0","0","0","0","0","N","","2","1","0","0","0","0","0","1","0","2","","","","N","","","","","","","","","",""
"2005096281","","1","0","0","0","0","0","0","0","0","7","0","","02","1","2005","3","","","","11","0","0","0","0","0","0","0","0","","0","0","0","","","0","","0","","","","0","","0","0","0","0","2439","0","0","0","N","0","0","0","1","02439","0","","5.0","","2","N","N","","0","","0","0","0","0","0","","","1","0","0","0","0","0","0","1","0","1","","","","N","","","","","","","","","",""
"2005096287","","1","0","0","0","0","0","0","0","0","1","0","","02","2","2005","6","","","","11","1","1","0","0","0","0","0","0","","0","0","0","","","0","","0","","","","0","","0","0","0","0","2119","0","0","0","N","0","0","0","2","02119","0","","1.0","","2","N","N","","0","","0","0","1","0","0","","","2","0","0","0","0","0","0","1","0","2","","","","N","","","","","","","","","",""
"2005096392","","1","0","0","0","0","0","0","0","0","1","0","","02","2","2005","3","40.4356","-79.994","","11","0","0","0","0","0","0","0","0","1","0","0","0","","","0","","6","","40 26:08.160","4","2","79 59:38.400","0","0","0","0","2301","0","0","0","","0","0","0","3","02301","0","","7.0","","9","N","","","0","","0","0","1","3","3","N","","2","0","0","0","0","0","0","2","0","2","","","","N","","","","","","","","","",""
"2005096422","","2","0","0","0","0","0","0","0","0","4","0","","02","4","2005","6","40.4269","-79.7534","","11","0","0","1","0","0","1","0","0","","0","0","0","","","0","","0","","40 25:36.840","","0","79 45:12.240","0","0","0","0","2446","0","0","0","N","0","0","0","2","02446","0","","1.0","","1","N","N","","0","","0","0","0","0","0","","","2","0","0","0","0","0","0","2","0","2","","","","N","","","","","","","","","",""
"2005096427","","2","0","0","0","0","0","0","0","0","4","0","","02","4","2005","7","40.535833","-80.18305","","11","0","0","0","0","0","0","0","1","","0","0","0","","","0","","1","","40 32:09.000","","0","80 10:58.980","0","0","0","0","2458","0","0","0","N","0","0","0","2","02458","0","","1.0","","9","N","N","","0","","0","0","0","3","2","","","2","0","0","0","0","0","0","2","0","2","","","","N","","","","","","","","","",""
"2005096429","","1","0","0","0","0","0","0","0","0","4","0","","02","4","2005","7","","","","11","0","0","0","0","0","0","0","0","","0","0","0","","","1","","2","","","","0","","4","0","0","0","2454","0","0","0","N","0","0","0","3","02454","1","","1.0","","9","N","N","","0","","0","0","1","3","3","","","2","1","0","0","0","0","0","1","0","2","","","","N","","","","","","","","","",""
"2005096432","","1","0","0","0","0","0","0","0","0","2","0","","02","4","2005","7","","","","11","0","0","0","0","1","1","0","0","","0","0","0","","","1","","2","","","","0","","8","0","0","0","2448","0","0","0","N","0","0","0","2","02448","0","","1.0","","1","N","N","","0","","0","0","1","0","0","","","2","1","0","0","0","1","0","1","0","2","","","","N","","","","","","","","","",""
"2005096435","","3","0","0","0","0","0","0","0","0","1","0","","02","4","2005","7","","","","11","0","1","0","0","0","0","0","0","2","0","0","0","","","3","","0","","","1","0","","4","0","0","0","2435","0","0","0","N","0","0","0","5","02435","3","","1.0","","9","N","N","","1","","0","0","0","3","8","Y","","4","3","0","0","0","0","0","1","0","4","","","","N","","","","","","","","","",""