"CRN","ARRIVAL_TM","AUTOMOBILE_COUNT","BELTED_DEATH_COUNT","BELTED_SUSP_SERIOUS_INJ_COUNT","BICYCLE_COUNT","BICYCLE_DEATH_COUNT","BICYCLE_SUSP_SERIOUS_INJ_COUNT","BUS_COUNT","CHLDPAS_DEATH_COUNT","CHLDPAS_SUSP_SERIOUS_INJ_COUNT","COLLISION_TYPE","COMM_VEH_COUNT","CONS_ZONE_SPD_LIM","COUNTY","CRASH_MONTH","CRASH_YEAR","DAY_OF_WEEK","DEC_LATITUDE","DEC_LONGITUDE","DISPATCH_TM","DISTRICT","DRIVER_COUNT_16YR","DRIVER_COUNT_17YR","DRIVER_COUNT_18YR","DRIVER_COUNT_19YR","DRIVER_COUNT_20YR","DRIVER_COUNT_50_64YR","DRIVER_COUNT_65_74YR","DRIVER_COUNT_75PLUS","EST_HRS_CLOSED","FATAL_COUNT","HEAVY_TRUCK_COUNT","HORSE_BUGGY_COUNT","HOUR_OF_DAY","ILLUMINATION","INJURY_COUNT","INTERSECTION_RELATED","INTERSECT_TYPE","LANE_CLOSED","LATITUDE","LN_CLOSE_DIR","LOCATION_TYPE","LONGITUDE","MAX_SEVERITY_LEVEL","MCYCLE_DEATH_COUNT","MCYCLE_SUSP_SERIOUS_INJ_COUNT","MOTORCYCLE_COUNT","MUNICIPALITY","NONMOTR_COUNT","NONMOTR_DEATH_COUNT","NONMOTR_SUSP_SERIOUS_INJ_COUNT","NTFY_HIWY_MAINT","PED_COUNT","PED_DEATH_COUNT","PED_SUSP_SERIOUS_INJ_COUNT","PERSON_COUNT","POLICE_AGCY","POSSIBLE_INJ_COUNT","RDWY_SURF_TYPE_CD","RELATION_TO_ROAD","ROADWAY_CLEARED","ROAD_CONDITION","SCH_BUS_IND","SCH_ZONE_IND","SECONDARY_CRASH","SMALL_TRUCK_COUNT","SPEC_JURIS_CD","SUSP_MINOR_INJ_COUNT","SUSP_SERIOUS_INJ_COUNT","SUV_COUNT","TCD_FUNC_CD","TCD_TYPE","TFC_DETOUR_IND","TIME_OF_DAY","TOTAL_UNITS","TOT_INJ_COUNT","UNBELTED_OCC_COUNT","UNB_DEATH_COUNT","UNB_SUSP_SERIOUS_INJ_COUNT","UNK_INJ_DEG_COUNT","UNK_INJ_PER_COUNT","URBAN_RURAL","VAN_COUNT","VEHICLE_COUNT","WEATHER1","WEATHER2","WORKERS_PRES","WORK_ZONE_IND","WORK_ZONE_LOC","WORK_ZONE_TYPE","WZ_CLOSE_DETOUR","WZ_FLAGGER","WZ_LAW_OFFCR_IND","WZ_LN_CLOSURE","WZ_MOVING","WZ_OTHER","WZ_SHLDER_MDN","WZ_WORKERS_INJ_KILLED"
"2005106817","","2","0","0","0","0","0","0","0","0","1","0","","02","2","2005","4","","","","11","0","0","0","0","0","0","0","0","2","0","0","0","","","1","","0","","40 26:11.76","3","2","80 00:02.52","3","0","0","0","2301","0","0","0","N","0","0","0","4","68B03","0","","1.0","","1","N","N","","0","","1","0","0","","4","Y","","2","1","0","0","0","0","0","2","0","2","","","","N","","","","","","","","","",""
"2005106818","","1","0","0","0","0","0","0","0","0","1","0","","02","2","2005","2","","","","11","0","0","0","1","0","0","0","1","","0","1","0","","","1","","0","","40 25:55.56","","4","80 01:26.40","4","0","0","0","2301","0","0","0","N","0","0","0","3","68B03","1","","1.0","","1","N","N","","1","","0","0","0","","0","","","3","1","0","0","0","0","0","2","0","3","","","","N","","","","","","","","","",""
"2005106830","","1","0","0","0","0","0","0","0","0","7","0","99","02","2","2005","1","40.561316","-79.800911","","11","0","0","0","0","0","0","0","0","","0","0","0","","","0","","0","","40 33:40.737","","0","79 48:03.279","9","0","0","0","2121","0","0","0","N","0","0","0","1","68D02","0","","3.0","","6","N","N","","0","","0","0","0","","0","","","1","0","0","0","0","0","1","2","0","1","","","U","Y","8","8","","","U","","","","",""
"2005106833","","0","0","0","0","0","0","0","0","0","7","0","","02","2","2005","1","40.624593","-79.74167","","11","0","0","0","0","0","0","0","0","3","0","0","0","","","0","","0","","40 37:28.534","1","3","79 44:30.013","0","0","0","0","2106","0","0","0","Y","0","0","0","3","68D02","0","","3.0","","6","N","N","","0","","0","0","1","","0","N","","1","0","0","0","0","0","0","2","0","1","","","","N","","","","","","","","","",""
"2005106926","","2","0","0","0","0","0","0","0","0","1","0","","02","2","2005","5","","","","11","0","0","0","0","1","0","0","0","","0","0","0","","","0","","0","","","","0","","0","0","0","0","2301","0","0","0","N","0","0","0","4","68B03","0","","1.0","","6","N","N","","2","","0","0","0","","0","","","4","0","0","0","0","0","0","1","0","4","","","","N","","","","","","","","","",""
"2005106928","","1","0","0","0","0","0","0","0","0","5","1","","02","2","2005","3","","","","11","0","0","1","0","0","0","0","0","2","0","1","0","","","1","","0","","40 26:51.72","1","3","80 00:31.68","4","0","0","0","2301","0","0","0","N","0","0","0","2","68B03","1","","1.0","","9","N","N","","0","","0","0","0","","0","N","","2","1","1","0","0","0","0","2","0","2","","","","N","","","","","","","","","",""
"2005106929","","2","0","0","0","0","0","0","0","0","0","0","","02","3","2005","4","","","","11","0","0","0","0","0","0","0","0","","0","0","0","","","0","","0","","40 26:28.68","","0","79 49:42.96","0","0","0","0","2419","0","0","0","N","0","0","0","2","68B03","0","","1.0","","2","N","N","","0","","0","0","0","","0","","","2","0","0","0","0","0","0","2","0","2","","","","N","","","","","","","","","",""
"2005106930","","0","0","0","0","0","0","0","0","0","7","0","","02","2","2005","7","","","","11","0","0","0","0","0","0","0","0","","0","0","0","","","1","","0","","","","0","","4","0","0","0","2426","0","0","0","N","0","0","0","1","68B03","1","","2.0","","7","N","N","","0","","0","0","1","","0","","","1","1","0","0","0","0","0","1","0","1","","","","N","","","","","","","","","",""
"2005106936","","0","0","0","0","0","0","0","0","0","0","0","","02","3","2005","1","40.4774","-79.742","","11","0","0","0","0","0","0","0","0","","0","0","0","","","1","","0","","40 28:38.640","","0","79 44:31.200","4","0","0","0","2466","0","0","0","N","0","0","0","1","02466","1","","1.0","","1","N","N","","1","","0","0","0","","0","","","1","1","0","0","0","0","0","2","0","1","","","","N","","","","","","","","","",""
"2005106937","","1","0","0","0","0","0","0","0","0","7","0","","02","3","2005","3","","","","11","0","1","0","0","0","0","0","0","1","0","0","0","","","0","","2","","","5","0","","0","0","0","0","2466","0","0","0","N","0","0","0","1","02466","0","","2.0","","7","N","N","","0","","0","0","0","","0","N","","1","0","0","0","0","0","0","1","0","1","","","","N","","","","","","","","","",""
"2005106938","","1","0","0","0","0","0","0","0","0","1","0","","02","3","2005","5","40.463333","-79.705492","","11","0","0","0","0","0","0","0","0","","0","0","0","","","1","","0","","40 27:48.000","","0","79 42:19.772","8","0","0","0","2466","0","0","0","N","0","0","0","2","02466","0","","1.0","","1","N","N","","1","","0","0","0","","2","","","2","1","0","0","0","1","0","2","0","2","","","","N","","","","","","","","","",""
"2005106939","","1","0","0","0","0","0","0","0","0","7","0","","02","3","2005","6","40.49384","-79.759662","","11","1","0","0","0","0","0","0","0","1","0","0","0","","","0","","0","","40 29:37.825","6","0","79 45:34.782","0","0","0","0","2466","0","0","0","N","0","0","0","2","02466","0","","4.0","","7","N","N","","0","","0","0","0","","0","N","","1","0","0","0","0","0","0","2","0","1","","","","N","","","","","","","","","",""
"2005106940","","1","0","0","0","0","0","0","0","0","7","0","","02","3","2005","6","40.4748","-79.7074","","11","0","0","0","0","0","0","0","0","","0","0","0","","","0","","0","","40 28:29.280","","0","79 42:26.640","0","0","0","0","2466","0","0","0","N","0","0","0","2","02466","0","","4.0","","2","N","N","","1","","0","0","0","","0","","","2","0","0","0","0","0","0","2","0","2","","","","N","","","","","","","","","",""
"2005106941","","1","0","0","0","0","0","0","0","0","7","0","","02","3","2005","6","40.465991","-79.757813","","11","0","0","0","0","0","0","0","0","","0","0","0","","","1","","0","","40 27:57.567","","0","79 45:28.126","3","0","0","0","2466","0","0","0","Y","0","0","0","1","02466","0","","5.0","","7","N","N","","0","","1","0","0","","0","","","1","1","0","0","0","0","0","2","0","1","","","","N","","","","","","","","","",""
"2005106942","","1","0","0","0","0","0","0","0","0","7","0","","02","3","2005","2","40.495781","-79.78187","","11","0","0","0","0","0","0","0","0","1","0","0","0","","","0","","0","","40 29:44.811","7","0","79 46:54.732","0","0","0","0","2466","0","0","0","N","0","0","0","0","02466","0","","4.0","","1","N","N","","0","","0","0","0","","0","N","","1","0","0","0","0","0","0","2","0","1","","","","N","","","","","","","","","",""
"2005106943","","1","0","0","0","0","0","0","0","0","0","0","","02","3","2005","5","40.445806","-79.713829","","11","0","0","0","0","0","0","0","0","","0","0","0","","","1","","2","","40 26:44.901","","0","79 42:49.783","4","0","0","1","2466","0","0","0","N","0","0","0","2","02466","1","","4.0","","9","N","N","","0","","0","0","0","","0","","","2","1","0","0","0","0","0","2","0","2","","","","N","","","","","","","","","",""
"2005106945","","2","0","0","0","0","0","0","0","0","4","0","","02","2","2005","5","40.475179","-79.772899","","11","0","0","0","0","0","0","0","0","3","0","0","0","","","0","","2","","40 28:30.646","4","0","79 46:22.438","0","0","0","0","2466","0","0","0","N","0","0","0","2","02466","0","","1.0","","2","N","N","","0","","0","0","0","","3","Y","","2","0","0","0","0","0","0","2","0","2","","","","N","","","","","","","","","",""
"2005106946","","1","0","0","0","0","0","0","0","0","2","0","","02","3","2005","6","","","","11","0","0","0","0","0","1","0","0","","0","0","0","","","2","","0","","","","0","","4","0","0","0","2466","0","0","0","N","0","0","0","2","02466","2","","1.0","","1","N","N","","1","","0","0","0","","0","","","2","2","0","0","0","0","0","1","0","2","","","","N","","","","","","","","","",""
"2005106947","","1","0","0","0","0","0","0","0","0","0","0","","02","3","2005","6","40.475","-79.772899","","11","0","0","0","0","0","0","0","0","1","0","0","0","","","0","","2","","40 28:30.000","3","0","79 46:22.438","0","0","0","0","2466","0","0","0","N","0","0","0","2","02466","0","","1.0","","1","N","N","","0","","0","0","1","","0","N","","2","0","0","0","0","0","0","2","0","2","","","","N","","","","","","","","","",""
"2005106948","","0","0","0","0","0","0","0","0","0","7","0","","02","3","2005","6","40.465991","-79.757813","","11","0","0","0","0","0","0","0","0","","0","0","0","","","0","","0","","40 27:57.567","","0","79 45:28.126","0","0","0","0","2466","0","0","0","N","0","0","0","1","02466","0","","5.0","","7","N","N","","0","","0","0","1","","0","","","1","0","0","0","0","0","0","2","0","1","","","","N","","","","","","","","","",""
"2005106949","","0","0","0","0","0","0","0","0","0","4","0","","02","3","2005","4","","","","11","0","0","0","0","0","0","1","0","","0","0","0","","","1","","2","","","","0","","4","0","0","0","2466","0","0","0","N","0","0","0","3","02466","1","","1.0","","9","N","N","","1","","0","0","0","","3","","","2","1","0","0","0","0","0","1","1","2","","","","N","","","","","","","","","",""
"2005106950","","1","0","0","0","0","0","0","0","0","7","0","","02","3","2005","6","40.466071","-79.711166","","11","0","0","0","1","0","0","0","0","","0","0","0","","","1","","0","","40 27:57.855","","0","79 42:40.197","4","0","0","0","2466","0","0","0","N","0","0","0","1","02466","1","","5.0","","1","N","N","","0","","0","0","0","","0","","","1","1","0","0","0","0","0","2","0","1","","","","N","","","","","","","","","",""
"2005106951","","1","0","0","0","0","0","0","0","0","7","0","","02","2","2005","2","","","","11","0","0","0","0","1","0","0","0","","0","0","0","","","0","","0","","","","0","","0","0","0","0","2466","0","0","0","N","0","0","0","1","02466","0","","4.0","","7","N","N","","0","","0","0","0","","0","","","1","0","0","0","0","0","0","1","0","1","","","","N","","","","","","","","","",""
"2005106955","","0","0","0","0","0","0","0","0","0","4","0","","02","2","2005","2","40.504","-79.762","","11","0","0","0","0","0","1","0","0","1","0","1","0","","","1","","0","","40 30:14.400","1","0","79 45:43.200","4","0","0","0","2466","0","0","0","N","0","0","0","2","02466","1","","1.0","","6","N","N","","0","","0","0","1","","0","N","","2","1","0","0","0","0","0","2","0","2","","","","N","","","","","","","","","",""
"2005106956","","1","0","0","0","0","0","0","0","0","7","0","","02","2","2005","2","40.517778","-79.77163","","11","0","0","0","0","0","0","0","0","1","0","0","0","","","1","","0","","40 31:04.000","5","0","79 46:17.868","4","0","0","0","2466","0","0","0","N","0","0","0","1","02466","1","","5.0","","2","N","N","","0","","0","0","0","","0","N","","1","1","0","0","0","0","0","2","0","1","","","","N","","","","","","","","","",""
"2005106957","","1","0","0","0","0","0","0","0","0","7","0","","02","2","2005","2","40.476944","-79.744147","","11","0","0","0","0","0","0","0","0","","0","0","0","","","0","","0","","40 28:37.000","","0","79 44:38.928","0","0","0","0","2466","0","0","0","N","0","0","0","1","02466","0","","4.0","","2","N","N","","0","","0","0","0","","0","","","1","0","0","0","0","0","0","2","0","1","","","","N","","","","","","","","","",""
"2005106958","","0","0","0","0","0","0","0","0","0","7","0","","02","2","2005","2","","","","11","0","0","0","0","0","0","0","0","","0","0","0","","","0","","0","","","","0","","0","0","0","0","2466","0","0","0","N","0","0","0","1","02466","0","","4.0","","7","N","N","","1","","0","0","0","","0","","","1","0","0","0","0","0","0","1","0","1","","","","N","","","","","","","","","",""
"2005106959","","1","0","0","0","0","0","0","0","0","7","0","","02","3","2005","6","40.479339","-79.713024","","11","0","0","0","0","0","0","0","0","","0","0","0","","","0","","2","","40 28:45.620","","0","79 42:46.886","0","0","0","0","2466","0","0","0","N","0","0","0","1","02466","0","","3.0","","1","N","N","","0","","0","0","0","","0","","","1","0","0","0","0","0","0","2","0","1","","","","N","","","","","","","","","",""
"2005106960","","1","0","0","0","0","0","0","0","0","7","0","","02","3","2005","6","","","","11","0","0","0","0","0","1","0","0","","0","0","0","","","0","","0","","","","0","","0","0","0","0","2219","0","0","0","N","0","0","0","1","02219","0","","4.0","","1","N","N","","0","","0","0","0","","0","","","1","0","0","0","0","0","0","1","0","1","","","","N","","","","","","","","","",""
"2005107009","","1","0","0","0","0","0","0","0","0","0","1","","02","2","2005","5","40.554179","-80.116643","","11","0","0","0","0","0","2","0","0","3","0","1","0","","","0","","0","","40 33:15.043","1","0","80 06:59.914","0","0","0","0","2460","0","0","0","Y","0","0","0","2","68B03","0","","1.0","","2","N","N","","0","","0","0","0","","0","N","","2","0","0","0","0","0","0","2","0","2","","","","N","","","","","","","","","",""
"2005107010","","1","0","0","0","0","0","0","0","0","1","0","","02","2","2005","5","40.554179","-80.116643","","11","0","0","0","0","0","0","0","0","3","0","0","0","","","0","","0","","40 33:15.043","1","0","80 06:59.914","0","0","0","0","2460","0","0","0","Y","0","0","0","4","68B03","0","","1.0","","2","N","N","","1","","0","0","0","","0","N","","2","0","0","0","0","0","0","2","0","2","","","","N","","","","","","","","","",""
"2005107014","","1","0","0","0","0","0","0","0","0","5","0","","02","2","2005","5","","","","11","0","0","0","0","0","1","0","0","","0","0","0","","","1","","0","","40 27:45.36","","0","79 59:57.84","4","0","0","0","2301","0","0","0","N","0","0","0","2","68B03","1","","1.0","","2","N","N","","0","","0","0","1","","0","","","2","1","0","0","0","0","0","2","0","2","","","","N","","","","","","","","","",""
"2005107018","","0","0","0","0","0","0","0","0","0","7","0","","02","2","2005","5","40.3557","-80.1317","","11","0","0","0","0","0","0","0","0","9","0","0","0","","","0","","0","","40 21:20.520","2","0","80 07:54.120","0","0","0","0","2119","0","0","0","N","0","0","0","1","02119","0","","4.0","","7","N","N","","0","","0","0","1","","3","N","","1","0","0","0","0","0","0","2","0","1","","","","N","","","","","","","","","",""
"2005107024","","0","0","0","0","0","0","0","0","0","7","0","","02","3","2005","5","40.336713","-80.131634","","11","0","0","0","0","0","0","0","0","2","0","0","0","","","1","","0","","40 20:12.166","5","0","80 07:53.884","8","0","0","0","2119","0","0","0","N","0","0","0","1","02119","0","","2.0","","7","N","N","","1","","0","0","0","","0","Y","","1","1","1","0","0","1","0","2","0","1","","","","N","","","","","","","","","",""
"2005107025","","0","0","0","0","0","0","0","0","0","7","0","","02","3","2005","5","","","","11","0","0","0","0","0","0","0","0","","0","0","0","","","0","","0","","","","0","","0","0","0","0","2119","0","0","0","N","0","0","0","1","02119","0","","5.0","","1","N","N","","1","","0","0","0","","0","","","1","0","0","0","0","0","0","1","0","1","","","","N","","","","","","","","","",""
"2005107026","","0","0","0","0","0","0","0","0","0","7","0","","02","3","2005","7","","","","11","0","0","0","0","0","0","0","0","","0","0","0","","","0","","2","","","","0","","0","0","0","0","2119","0","0","0","N","0","0","0","1","02119","0","","5.0","","1","N","N","","1","","0","0","0","","0","","","1","0","0","0","0","0","0","1","0","1","","","","N","","","","","","","","","",""
"2005107091","","0","0","0","0","0","0","0","0","0","7","0","","02","2","2005","1","40.4915","-79.8956","","11","0","0","0","0","0","0","0","0","3","0","0","0","","","1","","0","","40 29:29.400","1","2","79 53:44.160","3","0","0","0","2301","0","0","0","Y","0","0","0","1","68D02","0","","5.0","","1","N","N","","0","","1","0","1","","0","Y","","1","1","0","0","0","0","0","2","0","1","","","","N","","","","","","","","","",""
"2005107094","","2","0","0","0","0","0","0","0","0","4","0","","02","3","2005","4","40.539595","-79.841679","","11","0","0","0","0","0","0","0","0","","0","0","0","","","0","","0","","40 32:22.543","","0","79 50:30.045","0","0","0","0","2208","0","0","0","N","0","0","0","4","68D02","0","","1.0","","7","N","N","","1","","0","0","0","","0","","","3","0","0","0","0","0","0","2","0","3","","","","N","","","","","","","","","",""
"2005107185","","1","0","0","0","0","0","0","0","0","99","0","","02","3","2005","4","40.38937","-79.753538","","11","1","0","0","0","0","0","0","0","","0","0","0","","","0","","2","","40 23:21.732","","0","79 45:12.736","0","0","0","0","2446","0","0","0","N","0","0","0","3","02446","0","","4.0","","9","N","N","","0","","0","0","0","","0","","","1","0","0","0","0","0","0","2","0","1","","","","N","","","","","","","","","",""
"2005107201","","2","0","0","0","0","0","0","0","0","1","0","","02","3","2005","5","40.397771","-80.045487","","11","0","0","0","0","0","0","1","0","1","0","0","0","","","0","","0","","40 23:51.975","2","0","80 02:43.752","0","0","0","0","2109","0","0","0","N","0","0","0","2","02109","0","","1.0","","1","N","N","","0","","0","0","0","","0","N","","2","0","0","0","0","0","0","2","0","2","","","","N","","","","","","","","","",""
"2005107202","","1","0","0","0","0","0","0","0","0","4","0","","02","3","2005","3","40.355","-80.050333","","11","0","0","0","0","0","0","0","0","","0","0","0","","","0","","0","","40 21:18.000","","0","80 03:01.200","0","0","0","0","2109","0","0","0","N","0","0","0","2","02109","0","","1.0","","1","N","N","","0","","0","0","1","","0","","","2","0","0","0","0","0","0","2","0","2","","","","N","","","","","","","","","",""
"2005107206","","2","0","0","0","0","0","0","0","0","4","0","","02","3","2005","6","40.290751","-79.835151","","11","0","0","0","0","0","1","0","0","2","0","0","0","","","2","","0","","40 17:26.704","5","0","79 50:06.542","8","0","0","0","2443","0","0","0","N","0","0","0","2","02443","0","","1.0","","9","N","N","","0","","0","0","0","","0","N","","2","2","0","0","0","2","0","2","0","2","","","","N","","","","","","","","","",""
"2005107600","","0","0","0","0","0","0","0","0","0","7","0","","02","2","2005","5","","","","11","0","0","0","0","0","1","0","0","","0","0","0","","","0","","0","","40 25:37.56","","0","79 53:28.68","0","0","0","0","2431","0","0","0","N","0","0","0","2","68B03","0","","2.0","","7","N","N","","1","","0","0","1","","0","","","2","0","0","0","0","0","0","2","0","2","","","","N","","","","","","","","","",""
"2005107601","","1","0","0","0","0","0","0","0","0","4","1","","02","2","2005","3","","","","11","0","0","1","0","0","0","0","0","","0","1","0","","","1","","0","","40 26:20.76","","0","80 00:39.24","4","0","0","0","2301","0","0","0","N","0","0","0","3","68B03","1","","1.0","","1","N","N","","0","","0","0","0","","0","","","3","1","0","0","0","0","0","2","1","3","","","","N","","","","","","","","","",""
"2005107603","","1","0","0","0","0","0","0","0","0","7","0","","02","2","2005","5","40.426951","-80.294871","","11","0","0","0","0","0","0","0","0","","0","0","0","","","0","","0","","40 25:37.023","","0","80 17:41.536","0","0","0","0","2214","0","0","0","N","0","0","0","1","68B03","0","","4.0","","7","N","N","","0","","0","0","0","","0","","","1","0","0","0","0","0","0","1","0","1","","","","N","","","","","","","","","",""
"2005107605","","2","0","0","0","0","0","0","0","0","2","0","","02","4","2005","4","40.4053","-79.9131","","11","0","0","0","0","0","0","0","0","2","0","0","0","","","1","","1","","40 24:19.080","3","0","79 54:47.160","4","0","0","0","2438","0","0","0","N","0","0","0","2","02438","1","","1.0","","1","N","N","","0","","0","0","0","","2","N","","2","1","0","0","0","0","0","2","0","2","","","","N","","","","","","","","","",""
"2005107729","","1","0","0","0","0","0","0","0","0","4","0","","02","4","2005","4","40.3389","-80.0658","","11","0","0","0","0","0","0","1","0","","0","0","0","","","1","","1","","40 20:20.040","","0","80 03:56.880","4","0","0","0","2123","0","0","0","N","0","0","0","3","02123","1","","1.0","","1","N","N","","1","","0","0","0","","2","","","2","1","0","0","0","0","0","2","0","2","","","","N","","","","","","","","","",""
"2005107896","","0","0","0","0","0","0","0","0","0","4","0","","02","2","2005","5","","","","11","0","0","0","0","0","1","0","0","3","0","0","0","","","1","","2","","","6","0","","3","0","0","0","2211","0","0","0","N","0","0","0","3","02211","0","","1.0","","2","N","N","","1","","1","0","2","","0","Y","","3","1","0","0","0","0","0","1","0","3","","","","N","","","","","","","","","",""
"2005107902","","2","0","0","0","0","0","0","0","0","4","0","","02","3","2005","6","40.432597","-79.800159","","11","0","0","0","0","0","0","0","0","2","0","0","0","","","1","","0","","40 25:57.348","3","3","79 48:00.573","8","0","0","0","2446","0","0","0","N","0","0","0","5","02446","0","","1.0","","2","N","N","","0","","0","0","0","","0","Y","","2","1","0","0","0","1","0","2","0","2","","","","N","","","","","","","","","",""
"2005107903","","0","0","0","0","0","0","0","0","0","4","0","","02","3","2005","6","","","","11","0","0","0","0","0","1","0","0","3","0","0","0","","","2","","0","","","3","7","","4","0","0","0","2446","0","0","0","N","0","0","0","3","02446","2","","1.0","","9","N","N","","0","","0","0","2","","0","N","","2","2","0","0","0","0","0","1","0","2","","","","N","","","","","","","","","",""
"2005107904","","1","0","0","0","0","0","0","0","0","4","0","","02","3","2005","6","40.437583","-79.770278","","11","0","0","0","0","0","0","0","0","","0","0","0","","","0","","0","","40 26:15.300","","0","79 46:13.000","0","0","0","0","2446","0","0","0","N","0","0","0","3","02446","0","","1.0","","1","N","N","","1","","0","0","0","","0","","","2","0","0","0","0","0","0","2","0","2","","","","N","","","","","","","","","",""
"2005107905","","1","0","0","0","0","0","0","0","0","4","0","","02","3","2005","5","40.404895","-79.762136","","11","0","0","0","0","0","0","1","0","","0","0","0","","","0","","2","","40 24:17.623","","0","79 45:43.691","0","0","0","0","2446","0","0","0","N","0","0","0","3","02446","0","","1.0","","1","N","N","","1","","0","0","0","","3","","","2","0","3","0","0","0","0","2","0","2","","","","N","","","","","","","","","",""
"2005107906","","1","0","0","0","0","0","0","0","0","7","0","","02","3","2005","2","","","","11","0","0","0","0","0","0","0","0","1","0","0","0","","","0","","0","","","1","0","","0","0","0","0","2446","0","0","0","N","0","0","0","1","02446","0","","2.0","","1","N","N","","0","","0","0","0","","0","Y","","1","0","0","0","0","0","0","1","0","1","","","","N","","","","","","","","","",""
"2005107912","","1","0","0","0","0","0","0","0","0","1","0","","02","3","2005","4","40.603466","-80.050082","","11","0","0","0","0","0","0","0","0","1","0","0","0","","","1","","0","","40 36:12.476","2","0","80 03:00.295","4","0","0","0","2108","0","0","0","N","0","0","0","2","02108","1","","1.0","","1","N","N","","0","","0","0","1","","0","Y","","2","1","0","0","0","0","0","2","0","2","","","","N","","","","","","","","","",""
"2005107936","","0","0","0","0","0","0","0","0","0","1","0","","02","4","2005","5","40.561752","-79.856706","","11","0","0","0","0","0","1","0","0","","0","0","0","","","1","","2","","40 33:42.308","","0","79 51:24.140","4","0","0","0","2209","0","0","0","","0","0","0","2","02209","1","","1.0","","1","N","N","","1","","0","0","1","","0","","","2","1","0","0","0","0","0","2","0","2","","","","N","","","","","","","","","",""
"2005108119","","1","0","0","0","0","0","0","0","0","7","0","","02","1","2005","6","40.430006","-80.270354","","11","0","1","0","0","0","0","0","0","","0","0","0","","","0","","0","","40 25:48.023","","0","80 16:13.276","0","0","0","0","2214","0","0","0","Y","0","0","0","1","68B03","0","","2.0","","1","N","N","","0","","0","0","0","","0","","","1","0","0","0","0","0","0","1","0","1","","","","N","","","","","","","","","",""
"2005108120","","1","0","0","0","0","0","0","0","0","1","0","","02","2","2005","6","40.6658","-80.0944","","11","0","0","0","0","0","0","0","0","","0","0","0","","","0","","0","","40 39:56.880","","2","80 05:39.840","0","0","0","0","2212","0","0","0","N","0","0","0","2","68B03","0","","7.0","","7","N","N","","1","","0","0","0","","0","","","2","0","0","0","0","0","0","2","0","2","","","","N","","","","","","","","","",""
"2005108121","","1","0","0","0","0","0","0","0","0","7","0","","02","2","2005","5","","","","11","0","0","0","0","0","0","0","0","","0","0","0","","","0","","0","","40 27:45.36","","0","79 59:57.84","0","0","0","0","2301","0","0","0","N","0","0","0","1","68B03","0","","3.0","","2","N","N","","0","","0","0","0","","0","","","1","0","0","0","0","0","0","2","0","1","","","","N","","","","","","","","","",""
"2005108122","","1","0","0","0","0","0","0","0","0","7","0","","02","2","2005","5","","","","11","0","0","0","0","0","0","0","0","","0","0","0","","","0","","0","","","","0","","0","0","0","0","2301","0","0","0","N","0","0","0","1","68B03","0","","3.0","","2","N","N","","0","","0","0","0","","0","","","1","0","0","0","0","0","0","1","0","1","","","","N","","","","","","","","","",""
"2005108123","","0","0","0","0","0","0","0","0","0","7","0","","02","2","2005","5","","","","11","0","0","0","0","0","1","0","0","","0","0","0","","","1","","0","","","","0","","4","0","0","0","2214","0","0","0","N","0","0","0","1","68B03","1","","5.0","","7","N","N","","1","","0","0","0","","0","","","1","1","0","0","0","0","0","1","0","1","","","","N","","","","","","","","","",""
"2005108124","","1","0","0","0","0","0","0","0","0","7","0","","02","2","2005","3","40.575555","-80.117629","","11","0","0","0","0","0","0","0","0","","0","0","0","","","1","","0","","40 34:31.999","","0","80 07:03.465","4","0","0","0","2458","0","0","0","N","0","0","0","1","68B03","1","","2.0","","1","N","N","","0","","0","0","0","","0","","","1","1","1","0","0","0","0","1","0","1","","","","N","","","","","","","","","",""
"2005108125","","1","0","0","0","0","0","0","0","0","7","0","","02","2","2005","6","","","","11","0","0","0","0","0","0","1","0","","0","0","0","","","0","","0","","40 28:26.76","","0","80 00:20.88","0","0","0","0","2301","0","0","0","Y","0","0","0","1","68B03","0","","3.0","","6","N","N","","0","","0","0","0","","0","","","1","0","0","0","0","0","0","2","0","1","","","","N","","","","","","","","","",""
"2005108150","","2","0","0","0","0","0","0","0","0","4","0","","02","2","2005","5","40.513867","-79.854452","","11","0","0","0","0","0","1","0","0","","0","0","0","","","0","","0","","40 30:49.922","","0","79 51:16.027","0","0","0","0","2112","0","0","0","N","0","0","0","2","68D02","0","","1.0","","7","N","N","","0","","0","0","0","","0","","","2","0","0","0","0","0","0","2","0","2","","","","N","","","","","","","","","",""
"2005108495","","1","0","0","0","0","0","0","0","0","7","0","","02","3","2005","5","40.5096","-80.2576","","11","0","0","0","0","0","0","0","0","","0","0","0","","","1","","0","","40 30:34.560","","0","80 15:27.360","8","0","0","0","2213","0","0","0","N","0","0","0","1","02213","0","","4.0","","1","N","N","","0","","0","0","0","","0","","","1","1","0","0","0","1","0","2","0","1","","","","N","","","","","","","","","",""
"2005108497","","1","0","0","0","0","0","0","0","0","4","0","","02","3","2005","2","40.46867","-79.934018","","11","0","0","0","0","0","0","0","0","","0","0","0","","","1","","1","","40 28:07.212","","0","79 56:02.464","8","0","0","0","2301","0","0","0","N","0","0","0","2","02301","0","","1.0","","1","N","N","","0","","0","0","0","","3","","","2","1","0","0","0","1","1","2","1","2","","","","N","","","","","","","","","",""
"2005108503","","1","0","0","0","0","0","0","0","0","7","0","","02","3","2005","7","","","","11","0","0","0","1","0","0","0","0","","0","0","0","","","0","","0","","","","0","","0","0","0","0","2109","0","0","0","N","0","0","0","2","02109","0","","4.0","","9","N","N","","0","","0","0","0","","0","","","1","0","0","0","0","0","0","1","0","1","","","","N","","","","","","","","","",""