"CRN","ARRIVAL_TM","AUTOMOBILE_COUNT","BELTED_DEATH_COUNT","BELTED_SUSP_SERIOUS_INJ_COUNT","BICYCLE_COUNT","BICYCLE_DEATH_COUNT","BICYCLE_SUSP_SERIOUS_INJ_COUNT","BUS_COUNT","CHLDPAS_DEATH_COUNT","CHLDPAS_SUSP_SERIOUS_INJ_COUNT","COLLISION_TYPE","COMM_VEH_COUNT","CONS_ZONE_SPD_LIM","COUNTY","CRASH_MONTH","CRASH_YEAR","DAY_OF_WEEK","DEC_LATITUDE","DEC_LONGITUDE","DISPATCH_TM","DISTRICT","DRIVER_COUNT_16YR","DRIVER_COUNT_17YR","DRIVER_COUNT_18YR","DRIVER_COUNT_19YR","DRIVER_COUNT_20YR","DRIVER_COUNT_50_64YR","DRIVER_COUNT_65_74YR","DRIVER_COUNT_75PLUS","EST_HRS_CLOSED","FATAL_COUNT","HEAVY_TRUCK_COUNT","HORSE_BUGGY_COUNT","HOUR_OF_DAY","ILLUMINATION","INJURY_COUNT","INTERSECTION_RELATED","INTERSECT_TYPE","LANE_CLOSED","LATITUDE","LN_CLOSE_DIR","LOCATION_TYPE","LONGITUDE","MAX_SEVERITY_LEVEL","MCYCLE_DEATH_COUNT","MCYCLE_SUSP_SERIOUS_INJ_COUNT","MOTORCYCLE_COUNT","MUNICIPALITY","NONMOTR_COUNT","NONMOTR_DEATH_COUNT","NONMOTR_SUSP_SERIOUS_INJ_COUNT","NTFY_HIWY_MAINT","PED_COUNT","PED_DEATH_COUNT","PED_SUSP_SERIOUS_INJ_COUNT","PERSON_COUNT","POLICE_AGCY","POSSIBLE_INJ_COUNT","RDWY_SURF_TYPE_CD","RELATION_TO_ROAD","ROADWAY_CLEARED","ROAD_CONDITION","SCH_BUS_IND","SCH_ZONE_IND","SECONDARY_CRASH","SMALL_TRUCK_COUNT","SPEC_JURIS_CD","SUSP_MINOR_INJ_COUNT","SUSP_SERIOUS_INJ_COUNT","SUV_COUNT","TCD_FUNC_CD","TCD_TYPE","TFC_DETOUR_IND","TIME_OF_DAY","TOTAL_UNITS","TOT_INJ_COUNT","UNBELTED_OCC_COUNT","UNB_DEATH_COUNT","UNB_SUSP_SERIOUS_INJ_COUNT","UNK_INJ_DEG_COUNT","UNK_INJ_PER_COUNT","URBAN_RURAL","VAN_COUNT","VEHICLE_COUNT","WEATHER1","WEATHER2","WORKERS_PRES","WORK_ZONE_IND","WORK_ZONE_LOC","WORK_ZONE_TYPE","WZ_CLOSE_DETOUR","WZ_FLAGGER","WZ_LAW_OFFCR_IND","WZ_LN_CLOSURE","WZ_MOVING","WZ_OTHER","WZ_SHLDER_MDN","WZ_WORKERS_INJ_KILLED"
"2005109140","","1","0","0","0","0","0","0","0","0","8","0","","02","3","2005","2","","","","11","0","0","0","0","0","0","0","0","1","0","0","0","","","1","","1","","","7","0","","8","0","0","0","2301","1","0","0","N","1","0","0","2","02301","0","","1.0","","9","N","N","","0","","0","0","0","","2","N","","2","1","0","0","0","1","0","1","0","1","","","","N","","","","","","","","","",""
"2005109141","","2","0","0","0","0","0","0","0","0","99","0","","02","3","2005","2","","","","11","0","0","0","0","0","1","0","0","","0","0","0","","","0","","0","","","","0","","0","0","0","0","2301","0","0","0","N","0","0","0","2","02301","0","","1.0","","9","N","N","","0","","0","0","0","","0","","","2","0","0","0","0","0","0","1","0","2","","","","N","","","","","","","","","",""
"2005109142","","2","0","0","0","0","0","0","0","0","1","0","","02","3","2005","3","40.442577","-79.962159","","11","0","0","0","0","0","0","0","0","","0","0","0","","","1","","0","","40 26:33.277","","0","79 57:43.772","8","0","0","0","2301","0","0","0","N","0","0","0","4","02301","0","","1.0","","1","N","N","","0","","0","0","1","","0","","","3","1","0","0","0","1","0","2","0","3","","","","N","","","","","","","","","",""
"2005109143","","1","0","0","0","0","0","0","0","0","8","0","","02","3","2005","5","40.442588","-79.962235","","11","0","0","0","0","0","0","0","0","","0","0","0","","","1","","2","","40 26:33.316","","0","79 57:44.046","3","0","0","0","2301","1","0","0","N","1","0","0","2","02301","0","","1.0","","9","N","N","","0","","1","0","0","","3","","","2","1","0","0","0","0","0","2","0","1","","","","N","","","","","","","","","",""
"2005109144","","0","0","0","0","0","0","0","0","0","7","0","","02","3","2005","6","40.440598","-79.958257","","11","0","0","0","0","0","0","0","0","1","0","0","0","","","0","","1","","40 26:26.154","3","0","79 57:29.726","0","0","0","0","2301","0","0","0","N","0","0","0","2","02301","0","","4.0","","1","N","N","","1","","0","0","0","","2","N","","1","0","0","0","0","0","0","2","0","1","","","","N","","","","","","","","","",""
"2005109145","","2","0","0","0","0","0","0","0","0","5","0","","02","3","2005","2","40.440598","-79.958257","","11","0","0","0","0","0","1","0","0","","0","0","0","","","0","","1","","40 26:26.154","","1","79 57:29.726","0","0","0","0","2301","0","0","0","N","0","0","0","5","02301","0","","1.0","","9","N","N","","0","","0","0","0","","3","","","2","0","0","0","0","0","0","2","0","2","","","","N","","","","","","","","","",""
"2005109146","","1","0","0","0","0","0","0","0","0","5","0","","02","3","2005","2","40.401044","-79.939404","","11","0","0","0","0","0","0","0","0","","0","0","0","","","0","","2","","40 24:03.760","","0","79 56:21.854","0","0","0","0","2301","0","0","0","","0","0","0","2","02301","0","","1.0","","9","","","","0","","0","0","0","","0","","","2","0","0","0","0","0","0","2","1","2","","","","N","","","","","","","","","",""
"2005109149","","0","0","0","0","0","0","0","0","0","7","0","","02","3","2005","3","","","","11","0","0","0","0","0","0","0","0","1","0","0","0","","","1","","0","","","4","0","","3","0","0","0","2301","0","0","0","N","0","0","0","1","02301","0","","4.0","","9","N","N","","0","","1","0","0","","0","N","","1","1","1","0","0","0","0","1","1","1","","","","N","","","","","","","","","",""
"2005109152","","1","0","0","0","0","0","0","0","0","7","0","","02","3","2005","2","","","","11","1","0","0","0","0","0","0","0","","0","0","0","","","1","","0","","","","0","","4","0","0","0","2304","0","0","0","N","0","0","0","1","02304","1","","4.0","","1","N","N","","0","","0","0","0","","0","","","1","1","0","0","0","0","0","1","0","1","","","","N","","","","","","","","","",""
"2005109153","","2","0","0","0","0","0","0","0","0","4","0","","02","3","2005","3","40.349833","-79.856152","","11","0","0","0","0","0","1","0","0","1","0","0","0","","","1","","1","","40 20:59.398","7","0","79 51:22.147","4","0","0","0","2304","0","0","0","N","0","0","0","5","02304","1","","1.0","","1","N","N","","0","","0","0","0","","3","Y","","2","1","2","0","0","0","0","2","0","2","","","","N","","","","","","","","","",""
"2005109154","","1","0","0","0","0","0","0","0","0","7","0","","02","3","2005","7","40.327332","-79.840229","","11","0","0","0","0","0","0","0","0","","0","0","0","","","1","","2","","40 19:38.395","","0","79 50:24.825","8","0","0","0","2304","0","0","0","N","0","0","0","1","02304","0","","2.0","","1","N","N","","0","","0","0","0","","2","","","1","1","0","0","0","1","0","2","0","1","","","","N","","","","","","","","","",""
"2005109155","","1","0","0","0","0","0","0","0","0","1","0","","02","3","2005","4","40.585694","-80.03598","","11","0","0","0","0","0","0","0","0","","0","0","0","","","0","","1","","40 35:08.499","","0","80 02:09.529","0","0","0","0","2108","0","0","0","N","0","0","0","2","02108","0","","1.0","","9","N","N","","0","","0","0","1","","2","","","2","0","0","0","0","0","0","2","0","2","","","","N","","","","","","","","","",""
"2005109156","","1","0","0","0","0","0","0","0","0","2","0","","02","3","2005","5","40.6124","-80.0543","","11","0","0","0","0","0","0","0","1","1","0","0","0","","","2","","1","","40 36:44.640","1","0","80 03:15.480","3","0","0","0","2108","0","0","0","N","0","0","0","2","02108","1","","1.0","","9","N","N","","0","","1","0","1","","2","N","","2","2","1","0","0","0","0","2","0","2","","","","N","","","","","","","","","",""
"2005109157","","1","0","0","0","0","0","0","0","0","0","0","","02","3","2005","5","40.3525","-79.842313","","11","0","0","0","0","0","0","0","0","","0","0","0","","","1","","2","","40 21:09.000","","0","79 50:32.325","3","0","0","0","2304","0","0","0","N","0","0","0","2","02304","0","","1.0","","1","N","N","","1","","1","0","0","","2","","","2","1","0","0","0","0","1","2","0","2","","","","N","","","","","","","","","",""
"2005109158","","3","0","0","0","0","0","0","0","0","1","0","","02","3","2005","6","40.327222","-79.840207","","11","0","0","0","0","0","2","0","0","1","0","0","0","","","0","","1","","40 19:38.000","2","0","79 50:24.746","0","0","0","0","2304","0","0","0","N","0","0","0","3","02304","0","","1.0","","1","N","N","","0","","0","0","0","","2","N","","3","0","0","0","0","0","0","2","0","3","","","","N","","","","","","","","","",""
"2005109159","","1","0","0","0","0","0","0","0","0","7","0","","02","3","2005","3","40.460824","-79.972576","","11","0","0","0","0","0","0","0","0","1","0","0","0","","","1","","0","","40 27:38.968","1","3","79 58:21.275","4","0","0","0","2301","0","0","0","N","0","0","0","1","02301","1","","4.0","","1","N","N","","0","","0","0","0","","0","N","","1","1","0","0","0","0","0","2","0","1","","","","N","","","","","","","","","",""
"2005109160","","2","0","0","0","0","0","0","0","0","4","0","","02","4","2005","1","40.437737","-79.986557","","11","0","0","1","0","0","0","0","0","","0","0","0","","","0","","1","","40 26:15.853","","0","79 59:11.605","0","0","0","0","2301","0","0","0","N","0","0","0","4","02301","0","","1.0","","9","N","N","","0","","0","0","0","","1","","","2","0","0","0","0","0","0","2","0","2","","","","N","","","","","","","","","",""
"2005109161","","1","0","0","0","0","0","0","0","0","1","0","","02","3","2005","5","40.464607","-79.94001","","11","0","0","0","0","0","0","0","0","","0","0","0","","","0","","2","","40 27:52.585","","0","79 56:24.036","0","0","0","0","2301","0","0","0","N","0","0","0","2","02301","0","","1.0","","1","N","N","","0","","0","0","1","","2","","","2","0","0","0","0","0","0","2","0","2","","","","N","","","","","","","","","",""
"2005109162","","2","0","0","0","0","0","0","0","0","4","0","","02","3","2005","2","40.465009","-79.931422","","11","0","0","0","0","1","0","0","0","","0","0","0","","","0","","0","","40 27:54.032","","0","79 55:53.119","0","0","0","0","2301","0","0","0","N","0","0","0","2","02301","0","","6.0","","9","N","N","","0","","0","0","0","","0","","","2","0","0","0","0","0","0","2","0","2","","","","N","","","","","","","","","",""
"2005109163","","2","0","0","0","0","0","0","0","0","4","0","","02","3","2005","1","40.443791","-79.865191","","11","0","0","0","0","0","0","0","0","","0","0","0","","","0","","0","","40 26:37.647","","0","79 51:54.689","9","0","0","0","2301","0","0","0","N","0","0","0","5","02301","0","","1.0","","1","N","N","","0","","0","0","1","","0","","","3","0","0","0","0","0","1","2","0","3","","","","N","","","","","","","","","",""
"2005109164","","2","0","0","0","0","0","0","0","0","4","0","","02","3","2005","5","40.463889","-79.931536","","11","0","0","0","0","0","0","0","0","","0","0","0","","","0","","0","","40 27:50.000","","0","79 55:53.529","0","0","0","0","2301","0","0","0","N","0","0","0","2","02301","0","","1.0","","1","N","N","","0","","0","0","0","","0","","","2","0","0","0","0","0","0","2","0","2","","","","N","","","","","","","","","",""
"2005109165","","1","0","0","0","0","0","0","0","0","4","0","","02","3","2005","5","40.454616","-79.946376","","11","0","0","0","0","0","0","0","0","","0","0","0","","","2","","0","","40 27:16.619","","0","79 56:46.954","8","0","0","0","2301","0","0","0","N","0","0","0","2","02301","0","","1.0","","9","N","N","","0","","0","0","0","","0","","","2","2","0","0","0","2","0","2","1","2","","","","N","","","","","","","","","",""
"2005109166","","1","0","0","0","0","0","0","0","0","4","0","","02","3","2005","1","40.459713","-79.907148","","11","0","0","0","0","0","0","0","0","","0","0","0","","","1","","2","","40 27:34.965","","0","79 54:25.734","4","0","0","0","2301","0","0","0","N","0","0","0","4","02301","1","","1.0","","1","N","N","","0","","0","0","0","","3","","","2","1","0","0","0","0","0","2","1","2","","","","N","","","","","","","","","",""
"2005109167","","1","0","0","0","0","0","0","0","0","7","0","","02","3","2005","6","40.494893","-79.906793","","11","0","0","0","0","0","0","0","0","","0","0","0","","","0","","6","","40 29:41.616","","0","79 54:24.453","0","0","0","0","2301","0","0","0","N","0","0","0","1","02301","0","","2.0","","1","N","N","","0","","0","0","0","","0","","","1","0","1","0","0","0","0","2","0","1","","","","N","","","","","","","","","",""
"2005109168","","1","0","0","0","0","0","0","0","0","4","0","","02","3","2005","6","40.451864","-79.885468","","11","0","0","0","0","0","0","0","0","","0","0","0","","","0","","0","","40 27:06.710","","0","79 53:07.684","9","0","0","0","2301","0","0","0","N","0","0","0","1","02301","0","","6.0","","1","N","N","","0","","0","0","0","","0","","","2","0","0","0","0","0","1","2","1","2","","","","N","","","","","","","","","",""
"2005109169","","3","0","0","0","0","0","0","0","0","99","0","","02","3","2005","6","40.45399","-79.912355","","11","0","0","0","0","0","1","0","0","","0","0","0","","","2","","1","","40 27:14.364","","0","79 54:44.478","4","0","0","0","2301","0","0","0","N","0","0","0","4","02301","2","","9.0","","9","N","N","","0","","0","0","0","","2","","","3","2","0","0","0","0","0","2","0","3","","","","N","","","","","","","","","",""
"2005109170","","4","0","1","0","0","0","0","0","0","5","0","","02","3","2005","1","40.485084","-79.928911","","11","0","0","0","0","0","0","0","0","","0","0","0","","","3","","0","","40 29:06.302","","0","79 55:44.079","2","0","0","0","2301","0","0","0","","0","0","0","3","02301","0","","6.0","","1","","","","0","","1","1","0","","0","","","4","3","0","0","0","1","0","2","0","4","","","","N","","","","","","","","","",""
"2005109171","","1","0","0","0","0","0","0","0","0","7","0","","02","3","2005","4","40.382681","-79.977562","","11","0","0","0","0","0","0","0","0","","0","0","0","","","0","","0","","40 22:57.651","","0","79 58:39.223","0","0","0","0","2301","0","0","0","N","0","0","0","1","02301","0","","4.0","","1","N","N","","0","","0","0","0","","0","","","1","0","1","0","0","0","0","2","0","1","","","","N","","","","","","","","","",""
"2005109172","","1","0","0","0","0","0","0","0","0","6","0","","02","3","2005","2","40.403224","-80.040853","","11","0","0","0","0","0","0","0","0","1","0","0","0","","","1","","1","","40 24:11.606","1","0","80 02:27.071","3","0","0","0","2301","0","0","0","N","0","0","0","2","02301","0","","1.0","","9","N","N","","1","","1","0","0","","2","N","","2","1","0","0","0","0","0","2","0","2","","","","N","","","","","","","","","",""
"2005109173","","2","0","0","0","0","0","0","0","0","1","0","","02","4","2005","6","40.428334","-79.973214","","11","0","0","0","0","1","0","0","0","","0","0","0","","","0","","2","","40 25:42.004","","3","79 58:23.571","0","0","0","0","2301","0","0","0","N","0","0","0","2","02301","0","","1.0","","1","N","N","","0","","0","0","0","","4","","","2","0","0","0","0","0","0","2","0","2","","","","N","","","","","","","","","",""
"2005109174","","2","0","0","0","0","0","0","0","0","1","0","","02","4","2005","6","40.428821","-79.981686","","11","1","0","0","0","0","0","0","0","9","0","0","0","","","0","","0","","40 25:43.755","6","0","79 58:54.069","0","0","0","0","2301","0","0","0","","0","0","0","3","02301","0","","1.0","","9","N","N","","0","","0","0","0","","0","N","","2","0","0","0","0","0","0","2","0","2","","","","N","","","","","","","","","",""
"2005109175","","0","0","0","0","0","0","0","0","0","5","0","","02","4","2005","1","40.405645","-79.969346","","11","0","0","0","0","0","0","0","0","2","0","0","0","","","0","","0","","40 24:20.322","1","0","79 58:09.645","0","0","0","0","2301","0","0","0","N","0","0","0","5","02301","0","","1.0","","9","N","N","","1","","0","0","1","","0","N","","2","0","0","0","0","0","0","2","0","2","","","","N","","","","","","","","","",""
"2005109176","","1","0","0","0","0","0","0","0","0","5","1","","02","3","2005","3","40.38211","-79.995891","","11","0","0","0","0","0","0","0","0","1","0","1","0","","","0","","0","","40 22:55.595","2","0","79 59:45.206","0","0","0","0","2301","0","0","0","N","0","0","0","2","02301","0","","1.0","","1","N","N","","0","","0","0","0","","0","N","","2","0","0","0","0","0","0","2","0","2","","","","N","","","","","","","","","",""
"2005109190","","2","0","0","0","0","0","0","0","0","4","0","","02","3","2005","5","","","","11","0","0","0","0","0","0","0","0","","0","0","0","","","0","","0","","","","0","","9","0","0","0","2301","0","0","0","","0","0","0","3","02301","0","","1.0","","1","","","","0","","0","0","0","","0","","","2","0","0","0","0","0","1","1","0","2","","","","N","","","","","","","","","",""
"2005109191","","2","0","0","0","0","0","0","0","0","4","0","","02","3","2005","2","40.453213","-79.906837","","11","0","0","0","0","0","1","0","0","","0","0","0","","","2","","1","","40 27:11.568","","0","79 54:24.612","4","0","0","0","2301","0","0","0","","0","0","0","5","02301","1","","1.0","","9","","","","0","","0","0","0","","2","","","2","2","1","0","0","1","0","2","0","2","","","","N","","","","","","","","","",""
"2005109192","","2","0","0","0","0","0","0","0","0","4","0","","02","3","2005","5","40.451389","-79.908144","","11","0","0","0","0","0","1","0","0","","0","0","0","","","0","","1","","40 27:05.000","","0","79 54:29.317","0","0","0","0","2301","0","0","0","N","0","0","0","4","02301","0","","1.0","","9","N","N","","0","","0","0","0","","2","","","2","0","0","0","0","0","0","2","0","2","","","","N","","","","","","","","","",""
"2005109193","","1","0","0","0","0","0","0","0","0","7","0","","02","3","2005","7","40.437756","-79.93257","","11","0","0","0","0","1","0","0","0","2","0","0","0","","","1","","0","","40 26:15.921","3","0","79 55:57.252","4","0","0","0","2301","0","0","0","N","0","0","0","2","02301","1","","4.0","","1","N","N","","0","","0","0","0","","0","N","","1","1","0","0","0","0","0","2","0","1","","","","N","","","","","","","","","",""
"2005109194","","2","0","0","0","0","0","0","0","0","4","0","","02","3","2005","1","","","","11","0","0","1","0","0","0","0","0","1","0","0","0","","","0","","10","","","3","0","","0","0","0","0","2301","0","0","0","N","0","0","0","4","02301","0","","1.0","","9","N","N","","0","","0","0","0","","2","N","","2","0","1","0","0","0","0","1","0","2","","","","N","","","","","","","","","",""
"2005109195","","3","0","0","0","0","0","0","0","0","4","0","","02","3","2005","2","","","","11","0","0","0","0","0","1","0","0","","0","0","0","","","1","","0","","","","0","","8","0","0","0","2301","0","0","0","N","0","0","0","4","02301","0","","1.0","","9","N","N","","0","","0","0","0","","0","","","3","1","0","0","0","1","1","1","0","3","","","","N","","","","","","","","","",""
"2005109196","","1","0","0","0","0","0","0","0","0","4","0","","02","3","2005","4","","","","11","0","0","1","0","0","0","0","0","","0","0","0","","","0","","0","","","","0","","0","0","0","0","2301","0","0","0","N","0","0","0","5","02301","0","","1.0","","1","N","N","","0","","0","0","2","","3","","","3","0","0","0","0","0","0","1","0","3","","","","N","","","","","","","","","",""
"2005109208","","1","0","0","1","0","0","0","0","0","8","0","","02","3","2005","4","","","","11","0","0","0","0","0","0","0","0","","0","0","0","","","1","","0","","","","0","","4","0","0","0","2301","1","0","0","N","0","0","0","2","02301","1","","1.0","","9","N","N","","0","","0","0","0","","0","","","2","1","1","0","0","0","0","1","0","1","","","","N","","","","","","","","","",""
"2005109209","","3","0","0","0","0","0","0","0","0","1","0","","02","3","2005","4","40.439622","-79.897672","","11","0","0","0","0","0","1","0","1","","0","0","0","","","1","","0","","40 26:22.639","","0","79 53:51.619","8","0","0","0","2301","0","0","0","N","0","0","0","4","02301","0","","1.0","","1","N","N","","0","","0","0","1","","2","","","4","1","0","0","0","1","0","2","0","4","","","","N","","","","","","","","","",""
"2005109231","","3","0","0","0","0","0","0","0","0","4","0","","02","3","2005","1","40.5378","-79.834715","","11","0","0","0","0","0","1","0","0","","0","0","0","","","0","","2","","40 32:16.081","","0","79 50:04.975","0","0","0","0","2208","0","0","0","N","0","0","0","5","02208","0","","1.0","","1","N","N","","0","","0","0","0","","2","","","3","0","0","0","0","0","0","2","0","3","","","","N","","","","","","","","","",""
"2005109232","","2","0","0","0","0","0","0","0","0","4","0","","02","3","2005","2","40.536944","-79.839132","","11","0","0","0","0","0","0","0","0","2","0","0","0","","","0","","1","","40 32:13.000","4","0","79 50:20.874","0","0","0","0","2208","0","0","0","N","0","0","0","5","02208","0","","1.0","","1","N","N","","0","","0","0","0","","3","N","","2","0","1","0","0","0","0","2","0","2","","","","N","","","","","","","","","",""
"2005109233","","0","0","0","0","0","0","0","0","0","4","0","","02","3","2005","2","40.539001","-79.840041","","11","0","0","0","0","0","1","0","0","","0","0","0","","","0","","1","","40 32:20.404","","0","79 50:24.147","0","0","0","0","2208","0","0","0","N","0","0","0","2","02208","0","","1.0","","1","N","N","","0","","0","0","2","","3","","","2","0","0","0","0","0","0","2","0","2","","","","N","","","","","","","","","",""
"2005109234","","1","0","0","0","0","0","0","0","0","7","0","","02","3","2005","2","40.528503","-79.850309","","11","0","0","0","0","0","0","0","0","","0","0","0","","","0","","2","","40 31:42.609","","0","79 51:01.112","0","0","0","0","2208","0","0","0","N","0","0","0","2","02208","0","","4.0","","9","N","N","","0","","0","0","0","","2","","","1","0","0","0","0","0","0","2","0","1","","","","N","","","","","","","","","",""
"2005109242","","0","0","0","0","0","0","0","0","0","2","0","","02","3","2005","4","40.477586","-79.785212","","11","0","0","0","0","0","1","1","0","1","0","0","0","","","0","","1","","40 28:39.309","1","0","79 47:06.762","0","0","0","0","2113","0","0","0","N","0","0","0","2","02113","0","","1.0","","1","N","N","","1","","0","0","0","","2","N","","2","0","0","0","0","0","0","2","1","2","","","","N","","","","","","","","","",""
"2005109243","","2","0","0","0","0","0","0","0","0","0","0","","02","2","2005","7","40.459267","-79.817162","","11","0","0","0","0","0","0","0","0","4","0","0","0","","","1","","0","","40 27:33.362","5","0","79 49:01.782","2","0","0","0","2113","0","0","0","N","0","0","0","2","02113","0","","4.0","","7","N","N","","0","","0","1","0","","0","Y","","2","1","0","0","0","0","0","2","0","2","","","","N","","","","","","","","","",""
"2005109244","","0","0","0","0","0","0","0","0","0","99","0","","02","3","2005","5","40.461407","-79.864922","","11","0","0","0","0","0","0","0","0","2","0","0","0","","","0","","0","","40 27:41.064","3","0","79 51:53.720","0","0","0","0","2113","0","0","0","N","0","0","0","1","02113","0","","1.0","","1","N","N","","1","","0","0","0","","0","N","","1","0","0","0","0","0","0","2","0","1","","","","N","","","","","","","","","",""
"2005109245","","2","0","0","0","0","0","0","0","0","0","0","","02","3","2005","7","40.460874","-79.867303","","11","0","0","0","0","0","0","0","0","2","0","0","0","","","0","","0","","40 27:39.148","6","0","79 52:02.290","9","0","0","0","2113","0","0","0","","0","0","0","2","02113","0","","1.0","","1","","","","0","","0","0","0","","0","N","","2","0","0","0","0","0","1","2","0","2","","","","N","","","","","","","","","",""
"2005109246","","1","0","0","0","0","0","0","0","0","2","0","","02","3","2005","5","40.481502","-79.805937","","11","0","0","0","0","0","1","0","0","","0","0","0","","","1","","0","","40 28:53.407","","0","79 48:21.373","4","0","0","0","2113","0","0","0","N","0","0","0","2","02113","1","","1.0","","1","N","N","","0","","0","0","1","","0","","","2","1","1","0","0","0","0","2","0","2","","","","N","","","","","","","","","",""
"2005109247","","1","0","0","0","0","0","0","0","0","7","0","","02","4","2005","1","40.470384","-79.81848","","11","0","0","0","0","0","0","0","0","2","0","0","0","","","0","","0","","40 28:13.382","1","0","79 49:06.528","0","0","0","0","2113","0","0","0","N","0","0","0","1","02113","0","","4.0","","6","N","N","","0","","0","0","0","","0","N","","1","0","1","0","0","0","0","2","0","1","","","","N","","","","","","","","","",""
"2005109280","","1","0","0","0","0","0","0","0","0","0","0","","02","3","2005","6","40.5941","-79.9059","","11","0","1","0","0","0","0","0","0","","0","0","0","","","3","","0","","40 35:38.760","","2","79 54:21.240","3","0","0","0","2208","0","0","0","N","0","0","0","4","68T02","1","","7.0","","1","N","N","","0","","1","0","0","","8","","","1","3","1","0","0","1","0","1","0","1","","","","N","","","","","","","","","",""
"2005109294","","1","0","0","0","0","0","0","0","0","1","0","","02","3","2005","4","40.327673","-79.987005","","11","0","0","0","0","0","0","0","0","","0","0","0","","","0","","0","","40 19:39.622","","0","79 59:13.218","0","0","0","0","2219","0","0","0","N","0","0","0","2","02219","0","","1.0","","1","N","N","","1","","0","0","0","","0","","","2","0","0","0","0","0","0","2","0","2","","","","N","","","","","","","","","",""
"2005109350","","2","0","0","0","0","0","0","0","0","4","0","","02","3","2005","4","","","","11","0","0","0","0","0","0","0","1","","0","0","0","","","0","","0","","","","0","","0","0","0","0","2446","0","0","0","N","0","0","0","2","02446","0","","1.0","","1","N","N","","0","","0","0","0","","0","","","2","0","0","0","0","0","0","1","0","2","","","","N","","","","","","","","","",""
"2005109397","","1","0","0","0","0","0","0","0","0","2","0","","02","3","2005","3","40.552243","-79.844174","","11","0","0","0","0","0","0","0","0","1","0","0","0","","","1","","0","","40 33:08.076","7","0","79 50:39.027","4","0","0","0","2208","0","0","0","Y","0","0","0","2","02208","1","","1.0","","2","N","N","","1","","0","0","0","","0","N","","2","1","0","0","0","0","0","2","0","2","","","","N","","","","","","","","","",""
"2005109435","","2","0","0","0","0","0","0","0","0","4","0","","02","3","2005","6","40.490414","-79.904926","","11","1","0","0","0","0","0","0","0","","0","0","0","","","0","","0","","40 29:25.490","","0","79 54:17.733","0","0","0","0","2401","0","0","0","N","0","0","0","2","02401","0","","1.0","","1","N","N","","0","","0","0","0","","0","","","2","0","0","0","0","0","0","2","0","2","","","","N","","","","","","","","","",""
"2005109499","","1","0","0","0","0","0","0","0","0","7","1","","02","1","2005","3","","","","11","0","0","1","0","0","1","0","0","","0","1","0","","","0","","0","","40 25:35.40","","0","79 54:59.40","0","0","0","0","2426","0","0","0","N","0","0","0","3","68B03","0","","4.0","","7","N","N","","0","","0","0","0","","0","","","2","0","0","0","0","0","0","2","0","2","","","","N","","","","","","","","","",""
"2005109612","","1","0","0","0","0","0","0","0","0","1","0","","02","3","2005","5","40.438879","-79.76132","","11","0","0","0","0","0","0","0","0","","0","0","0","","","3","","0","","40 26:19.965","","0","79 45:40.753","8","0","0","0","2446","0","0","0","N","0","0","0","3","02446","0","","1.0","","1","N","N","","0","","0","0","1","","2","","","2","3","0","0","0","3","0","2","0","2","","","","N","","","","","","","","","",""
"2005109613","","2","0","0","0","0","0","0","0","0","1","0","","02","3","2005","3","40.438637","-79.746486","","11","0","0","0","0","0","0","0","0","1","0","0","0","","","1","","0","","40 26:19.093","3","0","79 44:47.351","8","0","0","0","2446","0","0","0","N","0","0","0","6","02446","0","","1.0","","1","N","N","","0","","0","0","1","","0","N","","3","1","0","0","0","1","0","2","0","3","","","","N","","","","","","","","","",""
"2005109614","","1","0","0","0","0","0","0","0","0","4","0","","02","3","2005","4","40.449156","-79.762252","","11","0","0","0","0","0","0","0","0","1","0","0","0","","","2","","1","","40 26:56.961","3","0","79 45:44.107","8","0","0","0","2446","0","0","0","N","0","0","0","4","02446","0","","1.0","","1","N","N","","0","","0","0","0","","3","Y","","2","2","0","0","0","2","2","2","1","2","","","","N","","","","","","","","","",""
"2005109619","","0","0","0","0","0","0","0","0","0","4","0","","02","3","2005","6","40.576389","-80.025911","","11","0","0","0","0","0","1","0","0","1","0","0","0","","","4","","1","","40 34:35.000","2","0","80 01:33.279","4","0","0","0","2108","0","0","0","N","0","0","0","4","02108","4","","1.0","","1","N","N","","0","","0","0","1","","2","Y","","2","4","0","0","0","0","0","2","1","2","","","","N","","","","","","","","","",""
"2005109620","","1","0","0","0","0","0","0","0","0","4","0","","02","3","2005","6","40.6118","-80.0542","","11","0","0","0","0","0","0","1","0","","0","0","0","","","0","","0","","40 36:42.480","","0","80 03:15.120","0","0","0","0","2108","0","0","0","N","0","0","0","4","02108","0","","1.0","","9","N","N","","1","","0","0","0","","0","","","2","0","0","0","0","0","0","2","0","2","","","","N","","","","","","","","","",""
"2005109705","","1","0","0","0","0","0","0","0","0","7","0","","02","3","2005","6","40.512299","-80.151552","","11","0","0","0","0","0","0","0","0","2","0","0","0","","","0","","10","","40 30:44.277","7","0","80 09:05.587","9","0","0","0","2420","0","0","0","N","0","0","0","1","02420","0","","1.0","","1","N","N","","0","","0","0","0","","0","Y","","1","0","0","0","0","0","1","2","0","1","","","","N","","","","","","","","","",""
"2005109867","","1","0","0","0","0","0","0","0","0","1","0","","02","3","2005","3","40.416962","-79.880631","","11","0","0","0","0","0","0","0","0","1","0","0","0","","","1","","0","","40 25:01.063","5","0","79 52:50.271","4","0","0","0","2463","0","0","0","N","0","0","0","4","02463","1","","1.0","","9","N","N","","0","","0","0","1","","0","Y","","2","1","0","0","0","0","0","2","0","2","","","","N","","","","","","","","","",""