"CRN","ARRIVAL_TM","AUTOMOBILE_COUNT","BELTED_DEATH_COUNT","BELTED_SUSP_SERIOUS_INJ_COUNT","BICYCLE_COUNT","BICYCLE_DEATH_COUNT","BICYCLE_SUSP_SERIOUS_INJ_COUNT","BUS_COUNT","CHLDPAS_DEATH_COUNT","CHLDPAS_SUSP_SERIOUS_INJ_COUNT","COLLISION_TYPE","COMM_VEH_COUNT","CONS_ZONE_SPD_LIM","COUNTY","CRASH_MONTH","CRASH_YEAR","DAY_OF_WEEK","DEC_LATITUDE","DEC_LONGITUDE","DISPATCH_TM","DISTRICT","DRIVER_COUNT_16YR","DRIVER_COUNT_17YR","DRIVER_COUNT_18YR","DRIVER_COUNT_19YR","DRIVER_COUNT_20YR","DRIVER_COUNT_50_64YR","DRIVER_COUNT_65_74YR","DRIVER_COUNT_75PLUS","EST_HRS_CLOSED","FATAL_COUNT","HEAVY_TRUCK_COUNT","HORSE_BUGGY_COUNT","HOUR_OF_DAY","ILLUMINATION","INJURY_COUNT","INTERSECTION_RELATED","INTERSECT_TYPE","LANE_CLOSED","LATITUDE","LN_CLOSE_DIR","LOCATION_TYPE","LONGITUDE","MAX_SEVERITY_LEVEL","MCYCLE_DEATH_COUNT","MCYCLE_SUSP_SERIOUS_INJ_COUNT","MOTORCYCLE_COUNT","MUNICIPALITY","NONMOTR_COUNT","NONMOTR_DEATH_COUNT","NONMOTR_SUSP_SERIOUS_INJ_COUNT","NTFY_HIWY_MAINT","PED_COUNT","PED_DEATH_COUNT","PED_SUSP_SERIOUS_INJ_COUNT","PERSON_COUNT","POLICE_AGCY","POSSIBLE_INJ_COUNT","RDWY_SURF_TYPE_CD","RELATION_TO_ROAD","ROADWAY_CLEARED","ROAD_CONDITION","SCH_BUS_IND","SCH_ZONE_IND","SECONDARY_CRASH","SMALL_TRUCK_COUNT","SPEC_JURIS_CD","SUSP_MINOR_INJ_COUNT","SUSP_SERIOUS_INJ_COUNT","SUV_COUNT","TCD_FUNC_CD","TCD_TYPE","TFC_DETOUR_IND","TIME_OF_DAY","TOTAL_UNITS","TOT_INJ_COUNT","UNBELTED_OCC_COUNT","UNB_DEATH_COUNT","UNB_SUSP_SERIOUS_INJ_COUNT","UNK_INJ_DEG_COUNT","UNK_INJ_PER_COUNT","URBAN_RURAL","VAN_COUNT","VEHICLE_COUNT","WEATHER1","WEATHER2","WORKERS_PRES","WORK_ZONE_IND","WORK_ZONE_LOC","WORK_ZONE_TYPE","WZ_CLOSE_DETOUR","WZ_FLAGGER","WZ_LAW_OFFCR_IND","WZ_LN_CLOSURE","WZ_MOVING","WZ_OTHER","WZ_SHLDER_MDN","WZ_WORKERS_INJ_KILLED"
"2005109868","","3","0","0","0","0","0","0","0","0","2","0","","02","3","2005","3","","","","11","0","0","0","0","1","0","0","0","2","0","0","0","","","2","","2","","","7","0","","8","0","0","0","2463","0","0","0","N","0","0","0","2","02463","0","","1.0","","1","N","N","","0","","0","0","0","","0","Y","","3","2","0","0","0","2","0","1","0","3","","","","N","","","","","","","","","",""
"2005109869","","2","0","0","0","0","0","0","0","0","2","0","","02","3","2005","7","40.417133","-79.880952","","11","0","0","0","0","0","0","0","0","","0","0","0","","","1","","2","","40 25:01.678","","0","79 52:51.427","8","0","0","0","2463","0","0","0","N","0","0","0","2","02463","0","","1.0","","1","N","N","","0","","0","0","0","","3","","","2","1","0","0","0","1","0","2","0","2","","","","N","","","","","","","","","",""
"2005109870","","1","0","0","0","0","0","0","0","0","8","0","","02","3","2005","7","40.419256","-79.884559","","11","0","0","0","0","0","1","0","0","1","0","0","0","","","1","","0","","40 25:09.320","5","0","79 53:04.412","8","0","0","0","2463","1","0","0","N","1","0","0","2","02463","0","","1.0","","9","N","N","","0","","0","0","0","","0","Y","","2","1","0","0","0","1","0","2","0","1","","","","N","","","","","","","","","",""
"2005109871","","2","0","0","0","0","0","0","0","0","5","0","","02","3","2005","3","40.420908","-79.882935","","11","0","0","0","0","0","0","0","0","","0","0","0","","","0","","0","","40 25:15.268","","0","79 52:58.566","0","0","0","0","2463","0","0","0","N","0","0","0","1","02463","0","","6.0","","7","N","N","","0","","0","0","0","","0","","","2","0","0","0","0","0","0","2","0","2","","","","N","","","","","","","","","",""
"2005109873","","0","0","0","0","0","0","0","0","0","7","0","","02","3","2005","7","40.531754","-80.204737","","11","0","0","0","0","0","0","0","0","","0","0","0","","","1","","0","","40 31:54.313","","0","80 12:17.054","3","0","0","0","2213","0","0","0","","0","0","0","1","02213","0","","2.0","","6","","","","1","","1","0","0","","0","","","1","1","0","0","0","0","0","2","0","1","","","","N","","","","","","","","","",""
"2005109894","","2","0","0","0","0","0","0","0","0","5","0","","02","3","2005","6","40.45845","-79.875353","","11","0","0","0","0","0","0","0","1","","0","0","0","","","2","","0","","40 27:30.420","","0","79 52:31.271","2","0","0","0","2301","0","0","0","N","0","0","0","3","02301","1","","1.0","","9","N","N","","0","","0","1","0","","0","","","2","2","0","0","0","0","1","2","0","2","","","","N","","","","","","","","","",""
"2005109915","","1","0","0","0","0","0","0","0","0","2","0","","02","4","2005","6","40.5412","-79.7886","","11","0","0","0","0","0","2","0","0","","0","0","0","","","0","","1","","40 32:28.320","","0","79 47:18.960","0","0","0","0","2462","0","0","0","N","0","0","0","2","02462","0","","1.0","","9","N","N","","0","","0","0","1","","0","","","2","0","0","0","0","0","0","2","0","2","","","","N","","","","","","","","","",""
"2005109916","","0","0","0","0","0","0","0","0","0","7","0","","02","4","2005","7","40.544043","-79.774562","","11","0","0","0","0","0","1","0","0","3","0","0","0","","","0","","0","","40 32:38.556","7","0","79 46:28.424","9","0","0","0","2462","0","0","0","N","0","0","0","1","02462","0","","2.0","","1","N","N","","1","","0","0","0","","0","Y","","1","0","0","0","0","0","1","2","0","1","","","","N","","","","","","","","","",""
"2005109941","","1","0","0","0","0","0","0","0","0","1","0","","02","4","2005","2","40.48957","-79.953114","","11","0","0","0","0","0","0","0","0","","0","0","0","","","0","","6","","40 29:22.451","","0","79 57:11.210","0","0","0","0","2430","0","0","0","N","0","0","0","2","02430","0","","4.0","","1","N","N","","1","","0","0","0","","4","","","2","0","0","0","0","0","0","2","0","2","","","","N","","","","","","","","","",""
"2005109947","","1","0","0","0","0","0","0","0","0","7","0","","02","4","2005","4","40.525551","-79.964086","","11","1","0","0","0","0","0","0","0","","0","0","0","","","1","","0","","40 31:31.983","","0","79 57:50.709","4","0","0","0","2118","0","0","0","N","0","0","0","3","02118","1","","5.0","","1","N","N","","0","","0","0","0","","0","","","1","1","0","0","0","0","0","2","0","1","","","","N","","","","","","","","","",""
"2005109950","","0","0","0","0","0","0","0","0","0","1","0","","02","4","2005","4","40.527208","-79.950433","","11","0","0","0","0","0","0","0","0","","0","0","0","","","1","","2","","40 31:37.948","","0","79 57:01.557","4","0","0","0","2118","0","0","0","N","0","0","0","3","02118","1","","1.0","","1","N","N","","1","","0","0","0","","2","","","2","1","0","0","0","0","0","2","1","2","","","","N","","","","","","","","","",""
"2005109952","","2","0","0","0","0","0","0","0","0","2","0","","02","4","2005","3","40.336469","-79.971543","","11","0","0","0","0","0","1","0","1","1","0","0","0","","","1","","2","","40 20:11.288","3","0","79 58:17.555","4","0","0","0","2454","0","0","0","N","0","0","0","2","02454","1","","1.0","","1","N","N","","0","","0","0","0","","2","N","","2","1","0","0","0","0","0","2","0","2","","","","N","","","","","","","","","",""
"2005109959","","1","0","0","0","0","0","0","0","0","7","0","","02","4","2005","3","40.349216","-79.892281","","11","0","0","0","0","0","0","0","1","1","0","0","0","","","0","","3","","40 20:57.179","2","0","79 53:32.213","0","0","0","0","2423","0","0","0","N","0","0","0","2","02423","0","","3.0","","9","N","N","","0","","0","0","0","","0","Y","","1","0","0","0","0","0","0","2","0","1","","","","N","","","","","","","","","",""
"2005109961","","2","0","0","0","0","0","0","0","0","4","0","","02","4","2005","7","40.621791","-80.054264","","11","0","0","0","0","0","1","0","0","1","0","0","0","","","0","","1","","40 37:18.447","2","0","80 03:15.350","0","0","0","0","2216","0","0","0","N","0","0","0","5","02505","0","","1.0","","1","N","N","","0","","0","0","0","","2","N","","2","0","0","0","0","0","0","1","0","2","","","","N","","","","","","","","","",""
"2005109965","","1","0","0","0","0","0","0","0","0","1","1","","02","4","2005","3","40.2751","-79.8931","","11","0","0","0","0","1","0","0","0","1","0","1","0","","","0","","6","","40 16:30.360","2","2","79 53:35.160","0","0","0","0","2440","0","0","0","N","0","0","0","3","02440","0","","1.0","","1","N","N","","0","","0","0","0","","3","N","","2","0","0","0","0","0","0","2","0","2","","","","N","","","","","","","","","",""
"2005110056","","0","0","0","0","0","0","0","0","0","1","0","","02","4","2005","3","40.390743","-80.074158","","11","0","0","0","0","0","0","0","0","1","0","0","0","","","1","","1","","40 23:26.676","3","0","80 04:26.969","8","0","0","0","2117","0","0","0","N","0","0","0","2","02117","0","","1.0","","1","N","N","","0","","0","0","1","","2","N","","2","1","0","0","0","1","0","2","1","2","","","","N","","","","","","","","","",""
"2005110062","","2","0","0","0","0","0","0","0","0","5","0","","02","4","2005","3","40.376238","-80.097737","","11","0","1","0","0","0","0","0","0","2","0","0","0","","","0","","2","","40 22:34.456","1","0","80 05:51.852","0","0","0","0","2102","0","0","0","N","0","0","0","3","02102","0","","1.0","","1","N","N","","0","","0","0","0","","3","N","","2","0","0","0","0","0","0","2","0","2","","","","N","","","","","","","","","",""
"2005110065","","2","0","0","0","0","0","0","0","0","1","0","","02","4","2005","7","40.437639","-79.984977","","11","0","0","0","0","0","0","0","0","","0","0","0","","","0","","0","","40 26:15.500","","0","79 59:05.917","9","0","0","0","2301","0","0","0","N","0","0","0","2","02301","0","","6.0","","9","N","N","","0","","0","0","0","","0","","","2","0","0","0","0","0","2","2","0","2","","","","N","","","","","","","","","",""
"2005110066","","2","0","0","0","0","0","0","0","0","4","0","","02","3","2005","6","","","","11","0","0","0","0","0","2","0","0","1","0","0","0","","","0","","1","","","1","0","","0","0","0","0","2108","0","0","0","N","0","0","0","3","02108","0","","1.0","","1","N","N","","0","","0","0","0","","1","Y","","2","0","0","0","0","0","0","1","0","2","","","","N","","","","","","","","","",""
"2005110067","","1","0","0","0","0","0","0","0","0","4","0","","02","3","2005","1","40.572222","-80.023533","","11","0","0","0","0","0","1","0","0","1","0","0","0","","","1","","1","","40 34:20.000","4","0","80 01:24.720","8","0","0","0","2108","0","0","0","N","0","0","0","3","02108","0","","1.0","","9","N","N","","1","","0","0","0","","2","N","","2","1","0","0","0","1","0","2","0","2","","","","N","","","","","","","","","",""
"2005110068","","0","0","0","0","0","0","0","0","0","7","0","","02","3","2005","1","40.5837","-80.0306","","11","0","0","0","0","0","1","0","0","1","0","0","0","","","1","","0","","40 35:01.320","1","8","80 01:50.160","4","0","0","0","2108","0","0","0","N","0","0","0","1","02108","1","","2.0","","9","N","N","","0","","0","0","1","","0","N","","1","1","0","0","0","0","0","2","0","1","","","","N","","","","","","","","","",""
"2005110079","","1","0","0","0","0","0","0","0","0","4","1","","02","3","2005","5","40.543413","-79.837705","","11","0","0","0","0","0","0","0","0","","0","1","0","","","1","","6","","40 32:36.288","","0","79 50:15.739","8","0","0","0","2208","0","0","0","N","0","0","0","2","02208","0","","1.0","","1","N","N","","0","","0","0","0","","3","","","2","1","0","0","0","1","0","2","0","2","","","","N","","","","","","","","","",""
"2005110097","","2","0","0","0","0","0","0","0","0","4","0","","02","3","2005","6","40.437909","-79.73942","","11","0","0","0","0","0","1","0","0","2","0","1","0","","","2","","2","","40 26:16.474","2","0","79 44:21.911","8","0","0","0","2446","0","0","0","N","0","0","0","9","02446","0","","1.0","","9","N","N","","0","","0","0","0","","2","Y","","3","2","0","0","0","2","0","2","0","3","","","","N","","","","","","","","","",""
"2005110098","","2","0","0","0","0","0","0","0","0","4","0","","02","3","2005","2","40.5673","-80.0163","","11","0","0","0","0","0","1","0","0","","0","0","0","","","0","","1","","40 34:02.280","","0","80 00:58.680","0","0","0","0","2108","0","0","0","N","0","0","0","3","02108","0","","1.0","","1","N","N","","0","","0","0","0","","2","","","2","0","0","0","0","0","0","2","0","2","","","","N","","","","","","","","","",""
"2005110099","","2","0","0","0","0","0","0","0","0","4","0","","02","3","2005","7","40.5675","-80.006841","","11","0","0","0","0","0","1","0","0","","0","0","0","","","0","","1","","40 34:03.000","","0","80 00:24.627","0","0","0","0","2108","0","0","0","N","0","0","0","4","02108","0","","1.0","","1","N","N","","0","","0","0","0","","2","","","2","0","0","0","0","0","0","2","0","2","","","","N","","","","","","","","","",""
"2005110100","","1","0","0","0","0","0","0","0","0","1","0","","02","3","2005","1","40.5746","-80.016369","","11","0","0","0","0","0","1","0","0","1","0","0","0","","","0","","1","","40 34:28.560","1","0","80 00:58.929","0","0","0","0","2108","0","0","0","N","0","0","0","2","02108","0","","1.0","","1","N","N","","0","","0","0","1","","0","N","","2","0","0","0","0","0","0","2","0","2","","","","N","","","","","","","","","",""
"2005110119","","2","0","0","0","0","0","0","0","0","4","0","","02","3","2005","7","","","","11","0","0","0","0","0","0","0","0","","0","0","0","","","0","","2","","","","0","","0","0","0","0","2463","0","0","0","N","0","0","0","2","02463","0","","1.0","","1","N","N","","0","","0","0","0","","3","","","2","0","1","0","0","0","0","1","0","2","","","","N","","","","","","","","","",""
"2005110127","","1","0","0","0","0","0","0","0","0","4","0","","02","4","2005","3","40.393114","-79.968803","","11","0","0","0","0","0","0","0","0","","0","0","0","","","0","","0","","40 23:35.211","","0","79 58:07.692","0","0","0","0","2403","0","0","0","N","0","0","0","4","02403","0","","1.0","","1","N","N","","1","","0","0","0","","0","","","2","0","0","0","0","0","0","2","0","2","","","","N","","","","","","","","","",""
"2005110129","","1","0","0","0","0","0","0","0","0","4","0","","02","4","2005","1","40.393918","-79.787202","","11","0","0","0","0","0","1","0","0","2","0","0","0","","","0","","2","","40 23:38.104","4","0","79 47:13.927","0","0","0","0","2470","0","0","0","N","0","0","0","3","02424","0","","1.0","","1","N","N","","1","","0","0","0","","0","N","","2","0","1","0","0","0","0","2","0","2","","","","N","","","","","","","","","",""
"2005110136","","2","0","0","0","0","0","0","0","0","4","0","99","02","3","2005","2","40.538036","-79.839613","","11","0","0","0","0","0","0","0","0","","0","0","0","","","0","","1","","40 32:16.931","","0","79 50:22.606","0","0","0","0","2208","0","0","0","N","0","0","0","2","02208","0","","1.0","","1","N","N","","0","","0","0","0","","2","","","2","0","0","0","0","0","0","2","0","2","","","U","Y","8","8","","","U","","","","",""
"2005110182","","0","0","0","0","0","0","0","0","0","7","0","","02","4","2005","4","40.242406","-79.926198","","11","0","1","0","0","0","0","0","0","2","0","0","0","","","0","","0","","40 14:32.660","1","0","79 55:34.314","0","0","0","0","2204","0","0","0","Y","0","0","0","5","02204","0","","2.0","","1","N","N","","0","","0","0","0","","0","N","","2","0","0","0","0","0","0","1","1","1","","","","N","","","","","","","","","",""
"2005110188","","1","0","0","0","0","0","0","0","0","1","0","","02","4","2005","4","40.5531","-79.8758","","11","0","1","0","0","0","0","0","0","","0","0","0","","","0","","0","","40 33:11.160","","0","79 52:32.880","0","0","0","0","2209","0","0","0","N","0","0","0","3","02209","0","","1.0","","1","N","N","","1","","0","0","0","","0","","","2","0","0","0","0","0","0","2","0","2","","","","N","","","","","","","","","",""
"2005110189","","2","0","0","0","0","0","0","0","0","4","0","","02","3","2005","2","40.428005","-79.935065","","11","0","0","0","0","0","0","0","0","1","0","0","0","","","1","","0","","40 25:40.818","4","0","79 56:06.234","4","0","0","0","2301","0","0","0","N","0","0","0","2","02301","1","","1.0","","9","N","N","","0","","0","0","0","","0","N","","3","1","0","0","0","0","0","2","0","2","","","","N","","","","","","","","","",""
"2005110190","","2","0","0","0","0","0","0","0","0","5","0","","02","3","2005","7","40.450552","-79.873977","","11","0","0","0","0","0","0","0","0","","0","0","0","","","0","","0","","40 27:01.987","","0","79 52:26.317","9","0","0","0","2301","0","0","0","N","0","0","0","1","02301","0","","1.0","","9","N","N","","0","","0","0","0","","0","","","4","0","0","0","0","0","1","2","2","4","","","","N","","","","","","","","","",""
"2005110191","","2","0","0","0","0","0","0","0","0","1","0","","02","3","2005","5","40.399796","-80.000125","","11","0","0","0","0","0","0","0","0","","0","0","0","","","0","","2","","40 23:59.264","","0","80 00:00.451","0","0","0","0","2301","0","0","0","N","0","0","0","4","02301","0","","1.0","","1","N","N","","0","","0","0","0","","0","","","2","0","0","0","0","0","0","2","0","2","","","","N","","","","","","","","","",""
"2005110192","","1","0","0","0","0","0","0","0","0","1","0","","02","4","2005","1","40.418889","-80.029863","","11","0","0","0","0","0","0","0","0","","0","0","0","","","0","","3","","40 25:08.000","","0","80 01:47.505","0","0","0","0","2301","0","0","0","N","0","0","0","4","02301","0","","1.0","","1","N","N","","0","","0","0","1","","4","","","2","0","0","0","0","0","0","2","0","2","","","","N","","","","","","","","","",""
"2005110193","","0","0","0","0","0","0","0","0","0","7","0","","02","4","2005","7","40.4125","-80.0071","","11","0","0","0","0","0","0","0","0","","0","0","0","","","0","","0","","40 24:45.000","","2","80 00:25.560","0","0","0","0","2301","0","0","0","N","0","0","0","1","02301","0","","5.0","","9","N","N","","1","","0","0","0","","0","","","1","0","0","0","0","0","0","2","0","1","","","","N","","","","","","","","","",""
"2005110194","","3","0","0","0","0","0","0","0","0","4","0","","02","3","2005","2","40.453743","-79.999531","","11","0","0","0","0","0","0","1","0","","0","0","0","","","1","","1","","40 27:13.476","","0","79 59:58.311","8","0","0","0","2301","0","0","0","N","0","0","0","4","02301","0","","1.0","","9","N","N","","0","","0","0","0","","3","","","3","1","0","0","0","1","0","2","0","3","","","","N","","","","","","","","","",""
"2005110205","","1","0","0","0","0","0","0","0","0","7","0","","02","4","2005","4","40.396657","-80.08822","","11","0","0","0","0","0","0","0","1","1","0","0","0","","","0","","2","","40 23:47.965","2","0","80 05:17.592","0","0","0","0","2117","0","0","0","N","0","0","0","1","02117","0","","2.0","","9","N","N","","0","","0","0","0","","3","N","","1","0","0","0","0","0","0","2","0","1","","","","N","","","","","","","","","",""
"2005110208","","0","0","0","0","0","0","0","0","0","7","0","","02","4","2005","7","40.460819","-80.107318","","11","0","0","0","0","0","0","0","0","1","0","0","0","","","1","","0","","40 27:38.948","5","7","80 06:26.344","2","0","0","0","2126","0","0","0","N","0","0","0","1","02126","0","","5.0","","1","N","N","","1","","0","1","0","","0","Y","","1","1","1","0","1","0","0","2","0","1","","","","N","","","","","","","","","",""
"2005110217","","2","0","0","0","0","0","0","0","0","1","0","","02","4","2005","4","40.3283","-80.0733","","11","0","0","0","0","0","1","0","0","1","0","0","0","","","0","","0","","40 19:41.880","1","0","80 04:23.880","0","0","0","0","2123","0","0","0","N","0","0","0","3","02123","0","","1.0","","1","Y","N","","0","","0","0","0","","0","N","","2","0","0","0","0","0","0","2","0","2","","","","N","","","","","","","","","",""
"2005110220","","3","0","0","0","0","0","0","0","0","1","0","","02","4","2005","4","40.3427","-79.9645","","11","0","0","0","0","0","1","0","1","1","0","0","0","","","2","","0","","40 20:33.720","3","0","79 57:52.200","4","0","0","0","2454","0","0","0","N","0","0","0","3","02454","2","","1.0","","1","N","N","","0","","0","0","0","","0","N","","3","2","0","0","0","0","0","2","0","3","","","","N","","","","","","","","","",""
"2005110239","","2","0","0","0","0","0","0","0","0","4","0","","02","4","2005","2","40.421738","-79.797482","","11","0","0","2","0","0","0","0","0","2","0","0","0","","","2","","0","","40 25:18.256","4","0","79 47:50.935","3","0","0","0","2446","0","0","0","N","0","0","0","2","02446","1","","2.0","","1","N","N","","0","","1","0","0","","0","N","","2","2","1","0","0","0","0","2","0","2","","","","N","","","","","","","","","",""
"2005110240","","2","0","0","0","0","0","0","0","0","4","0","","02","4","2005","5","40.435","-79.7903","","11","0","1","0","0","0","0","0","0","","0","0","0","","","0","","0","","40 26:06.000","","0","79 47:25.080","0","0","0","0","2446","0","0","0","N","0","0","0","2","02446","0","","1.0","","1","N","N","","0","","0","0","0","","0","","","2","0","0","0","0","0","0","2","0","2","","","","N","","","","","","","","","",""
"2005110241","","2","0","0","0","0","0","0","0","0","4","0","","02","4","2005","2","40.529455","-79.965669","","11","0","0","1","0","0","0","0","0","","0","0","0","","","0","","1","","40 31:46.037","","0","79 57:56.407","0","0","0","0","2118","0","0","0","N","0","0","0","5","02118","0","","1.0","","1","N","N","","0","","0","0","0","","3","","","2","0","0","0","0","0","0","2","0","2","","","","N","","","","","","","","","",""
"2005110242","","1","0","0","0","0","0","0","0","0","7","0","","02","4","2005","3","40.420822","-79.806892","","11","0","0","0","0","0","0","0","0","2","0","0","0","","","3","","0","","40 25:14.959","3","0","79 48:24.811","4","0","0","0","2446","0","0","0","N","0","0","0","3","02446","3","","2.0","","1","N","N","","0","","0","0","0","","0","N","","1","3","0","0","0","0","0","2","0","1","","","","N","","","","","","","","","",""
"2005110243","","2","0","0","0","0","0","0","0","0","1","0","","02","4","2005","1","40.275684","-79.892524","","11","0","0","0","0","0","0","1","0","","0","0","0","","","0","","6","","40 16:32.463","","2","79 53:33.086","9","0","0","0","2440","0","0","0","N","0","0","0","2","02440","0","","1.0","","1","N","N","","0","","0","0","0","","4","","","2","0","0","0","0","0","1","2","0","2","","","","N","","","","","","","","","",""
"2005110300","","1","0","0","0","0","0","0","0","0","1","0","","02","4","2005","5","","","","11","0","0","1","0","0","0","0","0","1","0","1","0","","","1","","0","","","4","0","","4","0","0","0","2419","0","0","0","N","0","0","0","2","02419","1","","1.0","","1","N","N","","0","","0","0","0","","0","Y","","2","1","0","0","0","0","0","1","0","2","","","","N","","","","","","","","","",""
"2005110312","","2","0","0","0","0","0","0","0","0","4","0","","02","4","2005","5","40.36108","-79.992248","","11","0","1","0","0","0","0","1","0","1","0","0","0","","","1","","2","","40 21:39.888","3","0","79 59:32.094","3","0","0","0","2476","0","0","0","N","0","0","0","4","02476","0","","1.0","","1","N","N","","0","","1","0","0","","0","N","","2","1","1","0","0","0","0","2","0","2","","","","N","","","","","","","","","",""
"2005110313","","1","0","0","0","0","0","0","0","0","7","0","","02","4","2005","2","40.638488","-80.05158","","11","0","0","0","0","0","0","0","0","","0","0","0","","","1","","2","","40 38:18.557","","0","80 03:05.688","3","0","0","0","2216","0","0","0","Y","0","0","0","1","02505","0","","5.0","","1","N","N","","0","","1","0","0","","0","","","1","1","0","0","0","0","0","2","0","1","","","","N","","","","","","","","","",""
"2005110333","","1","0","0","0","0","0","0","0","0","4","0","","02","4","2005","5","40.4319","-79.8392","","11","0","0","0","0","0","0","0","1","1","0","0","0","","","1","","2","","40 25:54.840","4","0","79 50:21.120","8","0","0","0","2419","0","0","0","N","0","0","0","3","02419","0","","1.0","","1","N","N","","0","","0","0","1","","3","N","","2","1","0","0","0","1","0","2","0","2","","","","N","","","","","","","","","",""
"2005110340","","3","0","0","0","0","0","0","0","0","4","0","","02","4","2005","6","40.4967","-79.942359","","11","0","0","0","0","0","0","0","0","1","0","0","0","","","1","","0","","40 29:48.121","6","0","79 56:32.492","4","0","0","0","2430","0","0","0","N","0","0","0","1","02430","1","","1.0","","1","N","N","","0","","0","0","0","","0","N","","3","1","0","0","0","0","0","2","0","3","","","","N","","","","","","","","","",""
"2005110356","","0","0","0","0","0","0","0","0","0","1","1","","02","4","2005","6","40.621199","-79.92701","","11","0","0","0","0","0","1","0","0","","0","1","0","","","0","","0","","40 37:16.316","","0","79 55:37.236","0","0","0","0","2217","0","0","0","N","0","0","0","2","02217","0","","1.0","","9","N","N","","0","","0","0","0","","0","","","2","0","1","0","0","0","0","2","1","2","","","","N","","","","","","","","","",""
"2005110359","","2","0","0","0","0","0","0","0","0","5","0","","02","4","2005","5","","","","11","0","1","0","0","0","0","0","0","","0","0","0","","","0","","0","","","","0","","0","0","0","0","2440","0","0","0","N","0","0","0","1","02440","0","","5.0","","1","N","N","","0","","0","0","0","","0","","","2","0","0","0","0","0","0","1","0","2","","","","N","","","","","","","","","",""
"2005110478","","2","0","0","0","0","0","0","0","0","2","0","","02","4","2005","6","40.639716","-79.953888","","11","0","2","0","0","0","0","0","0","1","0","0","0","","","0","","1","","40 38:22.977","4","0","79 57:13.996","0","0","0","0","2217","0","0","0","N","0","0","0","5","02217","0","","1.0","","9","N","N","","0","","0","0","0","","3","N","","2","0","0","0","0","0","0","2","0","2","","","","N","","","","","","","","","",""
"2005110480","","1","0","0","0","0","0","0","0","0","7","0","","02","4","2005","7","40.4872","-79.957","","11","0","0","0","0","0","0","0","0","","0","0","0","","","0","","0","","40 29:13.920","","0","79 57:25.200","0","0","0","0","2118","0","0","0","N","0","0","0","1","02118","0","","2.0","","9","N","N","","0","","0","0","0","","0","","","1","0","0","0","0","0","0","2","0","1","","","","N","","","","","","","","","",""
"2005110483","","0","0","0","0","0","0","0","0","0","7","0","","02","4","2005","6","","","","11","0","0","0","0","0","0","0","0","2","0","0","0","","","1","","0","","","4","0","","4","0","0","0","2301","0","0","0","N","0","0","0","1","02503","1","","2.0","","9","N","N","","0","","0","0","1","","0","Y","","1","1","0","0","0","0","0","1","0","1","","","","N","","","","","","","","","",""
"2005110490","","0","0","0","0","0","0","0","0","0","7","1","","02","4","2005","6","","","","11","0","0","0","0","0","0","0","0","3","0","1","0","","","0","","0","","","4","0","","0","0","0","0","2419","0","0","0","N","0","0","0","1","02419","0","","2.0","","1","N","N","","0","","0","0","0","","0","N","","1","0","0","0","0","0","0","1","0","1","","","","N","","","","","","","","","",""
"2005110498","","1","0","0","0","0","0","0","0","0","7","0","","02","4","2005","6","40.639842","-80.073696","","11","0","0","1","0","0","0","0","0","","0","0","0","","","0","","0","","40 38:23.430","","0","80 04:25.306","0","0","0","0","2412","0","0","0","N","0","0","0","1","02505","0","","5.0","","9","N","N","","0","","0","0","0","","0","","","1","0","0","0","0","0","0","2","0","1","","","","N","","","","","","","","","",""
"2005110500","","0","0","0","0","0","0","0","0","0","7","0","","02","4","2005","6","","","","11","0","0","0","0","1","0","0","0","","0","0","0","","","2","","2","","","","0","","4","0","0","0","2102","0","0","0","N","0","0","0","3","02102","2","","5.0","","1","N","N","","1","","0","0","0","","3","","","1","2","3","0","0","0","0","1","0","1","","","","N","","","","","","","","","",""
"2005110562","","1","0","0","0","0","0","0","0","0","1","0","","02","4","2005","7","","","","11","0","0","0","0","1","0","0","0","1","0","0","0","","","0","","0","","","2","3","","0","0","0","0","2438","0","0","0","N","0","0","0","4","02438","0","","1.0","","9","N","N","","0","","0","0","0","","2","Y","","2","0","0","0","0","0","0","1","1","2","","","","N","","","","","","","","","",""
"2005110570","","1","0","0","0","0","0","0","0","0","7","0","","02","4","2005","7","40.660785","-79.983914","","11","0","0","0","0","0","0","0","0","2","0","0","0","","","0","","0","","40 39:38.827","6","0","79 59:02.091","0","0","0","0","2217","0","0","0","N","0","0","0","1","02217","0","","5.0","","9","N","N","","0","","0","0","0","","0","Y","","1","0","0","0","0","0","0","1","0","1","","","","N","","","","","","","","","",""
"2005110572","","1","0","0","0","0","0","0","0","0","7","0","","02","4","2005","1","","","","11","0","0","0","0","1","0","0","0","1","0","0","0","","","0","","7","","","3","3","","0","0","0","0","2464","0","0","0","N","0","0","0","1","02464","0","","5.0","","9","N","N","","0","","0","0","0","","3","N","","1","0","1","0","0","0","0","1","0","1","","","","N","","","","","","","","","",""
"2005110574","","0","0","0","0","0","0","0","0","0","5","0","","02","4","2005","7","40.371178","-80.083375","","11","0","0","0","0","0","0","0","0","","0","0","0","","","0","","0","","40 22:16.240","","0","80 05:00.151","0","0","0","0","2117","0","0","0","N","0","0","0","2","02117","0","","1.0","","9","N","N","","0","","0","0","1","","0","","","2","0","1","0","0","0","0","2","1","2","","","","N","","","","","","","","","",""