"CRN","ARRIVAL_TM","AUTOMOBILE_COUNT","BELTED_DEATH_COUNT","BELTED_SUSP_SERIOUS_INJ_COUNT","BICYCLE_COUNT","BICYCLE_DEATH_COUNT","BICYCLE_SUSP_SERIOUS_INJ_COUNT","BUS_COUNT","CHLDPAS_DEATH_COUNT","CHLDPAS_SUSP_SERIOUS_INJ_COUNT","COLLISION_TYPE","COMM_VEH_COUNT","CONS_ZONE_SPD_LIM","COUNTY","CRASH_MONTH","CRASH_YEAR","DAY_OF_WEEK","DEC_LATITUDE","DEC_LONGITUDE","DISPATCH_TM","DISTRICT","DRIVER_COUNT_16YR","DRIVER_COUNT_17YR","DRIVER_COUNT_18YR","DRIVER_COUNT_19YR","DRIVER_COUNT_20YR","DRIVER_COUNT_50_64YR","DRIVER_COUNT_65_74YR","DRIVER_COUNT_75PLUS","EST_HRS_CLOSED","FATAL_COUNT","HEAVY_TRUCK_COUNT","HORSE_BUGGY_COUNT","HOUR_OF_DAY","ILLUMINATION","INJURY_COUNT","INTERSECTION_RELATED","INTERSECT_TYPE","LANE_CLOSED","LATITUDE","LN_CLOSE_DIR","LOCATION_TYPE","LONGITUDE","MAX_SEVERITY_LEVEL","MCYCLE_DEATH_COUNT","MCYCLE_SUSP_SERIOUS_INJ_COUNT","MOTORCYCLE_COUNT","MUNICIPALITY","NONMOTR_COUNT","NONMOTR_DEATH_COUNT","NONMOTR_SUSP_SERIOUS_INJ_COUNT","NTFY_HIWY_MAINT","PED_COUNT","PED_DEATH_COUNT","PED_SUSP_SERIOUS_INJ_COUNT","PERSON_COUNT","POLICE_AGCY","POSSIBLE_INJ_COUNT","RDWY_SURF_TYPE_CD","RELATION_TO_ROAD","ROADWAY_CLEARED","ROAD_CONDITION","SCH_BUS_IND","SCH_ZONE_IND","SECONDARY_CRASH","SMALL_TRUCK_COUNT","SPEC_JURIS_CD","SUSP_MINOR_INJ_COUNT","SUSP_SERIOUS_INJ_COUNT","SUV_COUNT","TCD_FUNC_CD","TCD_TYPE","TFC_DETOUR_IND","TIME_OF_DAY","TOTAL_UNITS","TOT_INJ_COUNT","UNBELTED_OCC_COUNT","UNB_DEATH_COUNT","UNB_SUSP_SERIOUS_INJ_COUNT","UNK_INJ_DEG_COUNT","UNK_INJ_PER_COUNT","URBAN_RURAL","VAN_COUNT","VEHICLE_COUNT","WEATHER1","WEATHER2","WORKERS_PRES","WORK_ZONE_IND","WORK_ZONE_LOC","WORK_ZONE_TYPE","WZ_CLOSE_DETOUR","WZ_FLAGGER","WZ_LAW_OFFCR_IND","WZ_LN_CLOSURE","WZ_MOVING","WZ_OTHER","WZ_SHLDER_MDN","WZ_WORKERS_INJ_KILLED"
"2005118978","","0","0","0","0","0","0","0","0","0","7","0","","02","6","2005","5","","","","11","0","0","0","0","0","0","0","0","3","0","0","0","","","2","","0","","","5","0","","3","0","0","0","2207","0","0","0","N","0","0","0","2","02207","0","","2.0","","1","N","N","","0","","1","0","1","","0","Y","","1","2","0","0","0","1","0","1","0","1","","","","N","","","","","","","","","",""
"2005119009","","2","0","0","0","0","0","0","0","0","2","0","","02","6","2005","4","40.637811","-80.095656","","11","0","0","1","0","0","0","0","0","","0","0","0","","","0","","0","","40 38:16.119","","0","80 05:44.361","0","0","0","0","2412","0","0","0","N","0","0","0","1","02505","0","","1.0","","1","N","N","","0","","0","0","0","","0","","","2","0","0","0","0","0","0","2","0","2","","","","N","","","","","","","","","",""
"2005119079","","0","0","0","0","0","0","0","0","0","7","0","","02","2","2005","7","40.437454","-79.991888","","11","0","0","0","0","0","0","0","0","","1","0","0","","","0","","0","","40 26:14.835","","4","79 59:30.797","1","1","0","1","2301","0","0","0","N","0","0","0","1","02301","0","1","4.0","","1","N","N","","0","0","0","0","0","","0","","","1","0","0","0","0","0","0","2","0","1","","","","N","","","","","","","","","",""
"2005119080","","1","0","0","0","0","0","0","0","0","2","0","","02","2","2005","6","40.430038","-79.998623","","11","0","0","0","0","0","0","0","0","3","1","0","0","","","1","","0","","40 25:48.135","5","3","79 59:55.041","1","0","0","0","2301","0","0","0","N","0","0","0","2","02301","0","2","1.0","","1","N","N","","0","0","0","0","1","","0","Y","","2","1","1","1","0","1","0","2","0","2","","","","N","","","","","","","","","",""
"2005119081","","0","0","0","0","0","0","0","0","0","8","0","","02","2","2005","6","40.435737","-79.962565","","11","0","0","0","0","0","0","0","0","3","1","0","0","","","1","","1","","40 26:08.653","7","0","79 57:45.234","1","0","0","0","2301","2","1","0","N","2","1","0","3","02301","0","2","1.0","","1","N","N","","1","0","0","0","0","","3","Y","","3","1","0","0","0","1","0","2","0","1","","","","N","","","","","","","","","",""
"2005119083","","1","1","0","0","0","0","0","0","0","2","0","","02","4","2005","7","40.402168","-80.021483","","11","0","0","0","0","0","0","0","0","","1","0","0","","","3","","0","","40 24:07.806","","0","80 01:17.338","1","0","0","0","2301","0","0","0","","0","0","0","4","02301","0","2","1.0","","9","","","","0","0","1","2","1","","0","","","2","3","1","0","1","0","0","2","0","2","","","","N","","","","","","","","","",""
"2005119089","","1","0","0","0","0","0","0","0","0","7","0","","02","3","2005","3","40.429241","-79.99928","","11","0","0","0","0","0","0","0","0","","1","0","0","","","0","","1","","40 25:45.269","","0","79 59:57.407","1","0","0","0","2301","0","0","0","Y","0","0","0","1","02301","0","2","5.0","","1","N","N","","0","0","0","0","0","","0","","","1","0","1","1","0","0","0","2","0","1","","","","N","","","","","","","","","",""
"2005119090","","1","0","0","0","0","0","0","0","0","1","0","","02","5","2005","4","40.436801","-79.927708","","11","0","1","0","0","0","0","0","0","","0","0","0","","","0","","1","","40 26:12.483","","0","79 55:39.748","0","0","0","0","2301","0","0","0","N","0","0","0","3","02301","0","","1.0","","1","N","N","","0","","0","0","1","","0","","","2","0","0","0","0","0","0","2","0","2","","","","N","","","","","","","","","",""
"2005119152","","2","1","1","0","0","0","0","0","0","4","0","","02","2","2005","1","","","","11","0","1","0","0","0","0","0","1","3","1","0","0","","","3","","2","","","7","0","","1","0","0","0","2113","0","0","0","N","0","0","0","4","02113","1","2","1.0","","1","N","N","","0","0","1","1","0","","3","Y","","2","3","0","0","0","0","0","1","0","2","","","","N","","","","","","","","","",""
"2005119153","","1","0","0","0","0","0","0","0","0","2","0","","02","2","2005","5","40.489991","-79.849703","","11","0","0","0","0","0","0","2","0","3","1","0","0","","","2","","0","","40 29:23.966","6","0","79 50:58.931","1","0","0","0","2113","0","0","0","Y","0","0","0","3","02113","0","2","1.0","","7","N","N","","1","0","2","0","0","","0","Y","","2","2","2","0","0","0","0","2","0","2","","","","N","","","","","","","","","",""
"2005119175","","1","0","0","0","0","0","0","0","0","1","0","","02","4","2005","5","40.524458","-80.152923","","11","1","0","1","0","0","0","0","0","2","0","0","0","","","0","","0","","40 31:28.047","1","0","80 09:10.522","0","0","0","0","2436","0","0","0","N","0","0","0","2","68B03","0","","1.0","","1","N","N","","0","","0","0","1","","0","Y","","2","0","0","0","0","0","0","2","0","2","","","","N","","","","","","","","","",""
"2005119193","","1","0","0","0","0","0","0","0","0","7","0","","02","4","2005","6","40.493855","-79.750541","","11","0","0","0","0","1","0","0","0","9","1","0","0","","","2","","2","","40 29:37.878","1","0","79 45:01.947","1","0","0","0","2466","0","0","0","N","0","0","0","3","02466","0","2","2.0","","1","N","N","","0","0","2","0","0","","3","Y","","1","2","3","1","0","0","0","2","0","1","","","","N","","","","","","","","","",""
"2005119217","","1","0","0","0","0","0","0","0","0","99","0","","02","6","2005","5","40.380282","-79.894415","","11","0","0","0","0","0","0","0","1","","0","0","0","","","0","","0","","40 22:49.015","","0","79 53:39.894","0","0","0","0","2448","0","0","0","N","0","0","0","1","02448","0","","5.0","","1","N","N","","0","","0","0","0","","0","","","1","0","0","0","0","0","0","2","0","1","","","","N","","","","","","","","","",""
"2005119304","","1","0","0","0","0","0","0","0","0","4","0","","02","6","2005","6","40.634759","-79.93984","","11","0","0","0","0","0","1","0","0","2","0","0","0","","","0","","1","","40 38:05.131","2","0","79 56:23.424","9","0","0","0","2217","0","0","0","N","0","0","0","2","02217","0","","1.0","","9","N","N","","0","","0","0","1","","2","Y","","2","0","0","0","0","0","1","2","0","2","","","","N","","","","","","","","","",""
"2005119312","","1","0","1","0","0","0","0","0","0","1","0","","02","6","2005","7","40.280036","-79.952064","","11","0","0","0","0","0","2","0","0","1","0","0","0","","","3","","0","","40 16:48.131","2","0","79 57:07.429","2","0","0","0","2440","0","0","0","N","0","0","0","3","02440","2","","2.0","","1","N","N","","1","","0","1","0","","0","Y","","2","3","0","0","0","0","0","2","0","2","","","","N","","","","","","","","","",""
"2005119313","","1","0","0","0","0","0","0","0","0","2","0","","02","5","2005","1","40.538468","-79.962416","","11","0","0","0","0","1","1","0","0","","0","0","0","","","0","","1","","40 32:18.486","","0","79 57:44.696","0","0","0","0","2118","0","0","0","N","0","0","0","3","02118","0","","1.0","","1","N","N","","0","","0","0","1","","2","","","2","0","2","0","0","0","0","2","0","2","","","","N","","","","","","","","","",""
"2005119332","","2","0","0","0","0","0","0","0","0","1","0","","02","5","2005","6","40.563484","-79.958519","","11","0","0","0","0","0","1","0","0","1","0","0","0","","","0","","0","","40 33:48.541","1","0","79 57:30.669","0","0","0","0","2118","0","0","0","N","0","0","0","2","02118","0","","1.0","","1","N","N","","0","","0","0","0","","0","N","","2","0","0","0","0","0","0","2","0","2","","","","N","","","","","","","","","",""
"2005119337","","2","0","0","0","0","0","0","0","0","1","0","","02","6","2005","6","40.628391","-79.9418","","11","0","0","1","0","0","0","0","0","","0","0","0","","","0","","2","","40 37:42.207","","0","79 56:30.480","0","0","0","0","2217","0","0","0","N","0","0","0","2","02217","0","","1.0","","1","N","N","","0","","0","0","0","","0","","","2","0","0","0","0","0","0","2","0","2","","","","N","","","","","","","","","",""
"2005119383","","1","0","0","0","0","0","0","0","0","7","0","","02","6","2005","6","40.3292","-79.9451","","11","0","0","0","0","0","1","0","0","1","0","0","0","","","1","","0","","40 19:45.120","2","0","79 56:42.360","4","0","0","0","2454","0","0","0","N","0","0","0","1","02454","1","","5.0","","1","N","N","","0","","0","0","0","","0","N","","1","1","0","0","0","0","0","2","0","1","","","","N","","","","","","","","","",""
"2005119385","","2","0","0","0","0","0","0","0","0","1","0","","02","6","2005","6","40.628024","-79.941939","","11","0","1","1","0","0","0","0","0","","0","0","0","","","1","","2","","40 37:40.888","","0","79 56:30.980","3","0","0","0","2217","0","0","0","N","0","0","0","3","02217","0","","1.0","","1","N","N","","0","","1","0","0","","0","","","2","1","1","0","0","0","0","2","0","2","","","","N","","","","","","","","","",""
"2005119400","","1","0","0","0","0","0","0","0","0","4","0","","02","6","2005","1","40.51386","-79.951393","","11","0","0","0","0","0","0","0","1","1","0","0","0","","","2","","2","","40 30:49.897","2","0","79 57:05.014","3","0","0","0","2118","0","0","0","N","0","0","0","3","02118","1","","1.0","","1","N","N","","1","","1","0","0","","2","Y","","2","2","0","0","0","0","0","2","0","2","","","","N","","","","","","","","","",""
"2005119408","","1","0","0","0","0","0","0","0","0","4","0","","02","6","2005","1","40.368491","-79.99415","","11","0","0","0","0","0","0","0","0","2","0","0","0","","","0","","2","","40 22:06.567","5","0","79 59:38.940","0","0","0","1","2476","0","0","0","N","0","0","0","2","02476","0","","1.0","","1","N","N","","0","","0","0","0","","3","Y","","2","0","0","0","0","0","0","2","0","2","","","","N","","","","","","","","","",""
"2005119414","","2","0","0","0","0","0","0","0","0","4","0","","02","6","2005","7","40.615364","-79.933865","","11","0","0","1","0","0","1","0","0","2","0","0","0","","","0","","1","","40 36:55.311","1","0","79 56:01.915","0","0","0","0","2207","0","0","0","N","0","0","0","3","02207","0","","1.0","","1","N","N","","0","","0","0","0","","3","N","","2","0","0","0","0","0","0","2","0","2","","","","N","","","","","","","","","",""
"2005119423","","1","0","0","0","0","0","0","0","0","7","0","","02","6","2005","1","40.4112","-80.0464","","11","0","0","0","0","0","0","0","0","2","0","0","0","","","1","","2","","40 24:40.320","2","0","80 02:47.040","3","0","0","0","2435","0","0","0","N","0","0","0","1","02435","0","","5.0","","1","N","N","","0","","1","0","0","","0","Y","","1","1","0","0","0","0","0","2","0","1","","","","N","","","","","","","","","",""
"2005119440","","1","0","0","0","0","0","0","0","0","7","0","","02","6","2005","1","40.418123","-79.799826","","11","0","0","0","0","0","0","0","1","","0","0","0","","","0","","0","","40 25:05.242","","0","79 47:59.373","0","0","0","0","2446","0","0","0","N","0","0","0","1","02446","0","","2.0","","1","N","N","","0","","0","0","0","","0","","","1","0","0","0","0","0","0","2","0","1","","","","N","","","","","","","","","",""
"2005119447","","2","0","0","0","0","0","0","0","0","1","0","","02","6","2005","1","40.372158","-80.08968","","11","0","0","0","0","0","0","0","0","","0","0","0","","","0","","0","","40 22:19.767","","0","80 05:22.847","0","0","0","0","2117","0","0","0","N","0","0","0","4","02117","0","","1.0","","1","N","N","","0","","0","0","0","","0","","","2","0","0","0","0","0","0","2","0","2","","","","N","","","","","","","","","",""
"2005119479","","1","0","0","0","0","0","0","0","0","4","0","","02","6","2005","7","40.607174","-79.947129","","11","0","0","0","0","1","0","1","0","","0","0","0","","","0","","0","","40 36:25.827","","0","79 56:49.666","0","0","0","0","2207","0","0","0","N","0","0","0","4","02207","0","","1.0","","1","N","N","","0","","0","0","1","","0","","","2","0","0","0","0","0","0","2","0","2","","","","N","","","","","","","","","",""
"2005119485","","0","0","0","0","0","0","0","0","0","1","0","","02","6","2005","2","","","","11","0","0","1","0","0","0","0","0","2","0","0","0","","","0","","2","","","1","0","","0","0","0","0","2432","0","0","0","N","0","0","0","2","02432","0","","1.0","","1","N","N","","0","","0","0","2","","0","N","","2","0","0","0","0","0","0","1","0","2","","","","N","","","","","","","","","",""
"2005119489","","4","0","0","0","0","0","0","0","0","7","1","","02","6","2005","4","40.523406","-80.176814","","11","0","0","0","0","0","0","0","0","","0","1","0","","","2","","10","","40 31:24.262","","2","80 10:36.530","4","0","0","0","2213","0","0","0","N","0","0","0","2","02213","1","","4.0","","1","N","N","","0","","0","0","0","","4","","","5","2","0","0","0","1","0","2","0","5","","","","N","","","","","","","","","",""
"2005119492","","1","0","0","0","0","0","1","0","0","1","1","","02","6","2005","7","40.481541","-80.033601","","11","0","0","0","0","0","0","0","0","2","0","0","0","","","0","","0","","40 28:53.547","2","0","80 02:00.964","0","0","0","0","2301","0","0","0","N","0","0","0","1","02503","0","","6.0","","1","N","N","","0","","0","0","0","","2","N","","2","0","0","0","0","0","0","2","0","2","","","","N","","","","","","","","","",""
"2005119518","","1","0","0","0","0","0","0","0","0","7","0","","02","6","2005","3","40.372248","-79.956147","","11","0","0","0","0","0","0","0","1","","0","0","0","","","1","","10","","40 22:20.092","","7","79 57:22.129","8","0","0","0","2403","0","0","0","N","0","0","0","1","02403","0","","9.0","","1","N","N","","0","","0","0","0","","0","","","1","1","0","0","0","1","0","2","0","1","","","","N","","","","","","","","","",""
"2005119534","","0","0","0","0","0","0","0","0","0","7","0","","02","6","2005","3","40.358199","-79.990634","","11","0","0","0","0","0","0","0","0","1","0","0","0","","","1","","2","","40 21:29.516","1","0","79 59:26.282","3","0","0","1","2476","0","0","0","N","0","0","0","1","02476","0","","5.0","","1","N","N","","0","","1","0","0","","3","N","","1","1","0","0","0","0","0","2","0","1","","","","N","","","","","","","","","",""
"2005119538","","1","0","0","0","0","0","0","0","0","4","0","","02","6","2005","3","40.372385","-80.120422","","11","0","0","0","0","0","1","1","0","","0","0","0","","","1","","2","","40 22:20.586","","0","80 07:13.519","3","0","0","0","2102","0","0","0","N","0","0","0","4","02102","0","","1.0","","1","N","N","","1","","1","0","0","","3","","","2","1","0","0","0","0","0","2","0","2","","","","N","","","","","","","","","",""
"2005119540","","1","0","0","0","0","0","0","0","0","7","0","","02","6","2005","2","40.299531","-79.919766","","11","0","0","0","0","0","0","0","0","2","0","0","0","","","0","","0","","40 17:58.311","3","0","79 55:11.159","0","0","0","0","2440","0","0","0","N","0","0","0","1","02440","0","","5.0","","9","N","N","","0","","0","0","0","","0","N","","1","0","0","0","0","0","0","2","0","1","","","","N","","","","","","","","","",""
"2005119542","","2","0","0","0","0","0","0","0","0","1","0","","02","6","2005","3","40.623435","-80.053713","","11","0","1","0","0","0","0","0","0","","0","0","0","","","0","","1","","40 37:24.365","","0","80 03:13.365","0","0","0","0","2216","0","0","0","N","0","0","0","2","02505","0","","1.0","","1","N","N","","0","","0","0","0","","2","","","2","0","0","0","0","0","0","1","0","2","","","","N","","","","","","","","","",""
"2005119553","","1","0","0","0","0","0","0","0","0","7","0","","02","6","2005","6","40.64105","-79.750018","","11","0","0","0","0","0","0","0","0","","0","0","0","","","0","","0","","40 38:27.781","","0","79 45:00.066","0","0","0","0","2202","0","0","0","N","0","0","0","0","02202","0","","2.0","","1","N","N","","0","","0","0","0","","0","","","1","0","0","0","0","0","0","1","0","1","","","","N","","","","","","","","","",""
"2005119555","","1","0","0","0","0","0","0","0","0","1","0","","02","6","2005","4","40.4864","-80.0541","","11","0","0","0","0","1","0","0","0","","0","0","0","","","0","","0","","40 29:11.040","","0","80 03:14.760","0","0","0","0","2404","0","0","0","N","0","0","0","2","02404","0","","1.0","","1","N","N","","0","","0","0","1","","0","","","2","0","0","0","0","0","0","2","0","2","","","","N","","","","","","","","","",""
"2005119679","","0","0","0","0","0","0","0","0","0","7","0","45","02","6","2005","3","40.325249","-80.080863","","11","0","0","0","0","0","1","0","0","1","0","0","0","","","0","","0","","40 19:30.897","1","0","80 04:51.108","0","0","0","0","2123","0","0","0","N","0","0","0","2","02123","0","","4.0","","1","N","N","","0","","0","0","2","","8","N","","2","0","0","0","0","0","0","2","0","2","","","Y","Y","3","2","","","N","","Y","","",""
"2005119988","","2","0","0","0","0","0","0","0","0","4","0","","02","5","2005","3","40.425311","-79.943835","","11","0","1","0","0","0","0","0","0","","0","0","0","","","0","","2","","40 25:31.119","","0","79 56:37.806","0","0","0","0","2301","0","0","0","N","0","0","0","2","02301","0","","1.0","","1","N","N","","0","","0","0","0","","3","","","2","0","0","0","0","0","0","2","0","2","","","","N","","","","","","","","","",""
"2005119995","","2","0","0","0","0","0","0","0","0","1","0","","02","5","2005","5","40.352097","-79.858676","","11","0","0","0","0","0","2","1","0","","0","0","0","","","0","","0","","40 21:07.549","","0","79 51:31.235","0","0","0","0","2304","0","0","0","N","0","0","0","4","02304","0","","1.0","","1","N","N","","0","","0","0","1","","0","","","4","0","0","0","0","0","0","2","1","4","","","","N","","","","","","","","","",""
"2005119996","","2","0","0","0","0","0","0","0","0","2","0","","02","5","2005","3","40.61","-80.053381","","11","0","1","0","0","0","1","0","0","1","0","0","0","","","2","","1","","40 36:36.000","2","0","80 03:12.173","4","0","0","0","2108","0","0","0","N","0","0","0","2","02108","2","","1.0","","1","N","N","","0","","0","0","0","","2","Y","","2","2","0","0","0","0","0","2","0","2","","","","N","","","","","","","","","",""
"2005119997","","1","0","0","0","0","0","0","0","0","6","1","","02","5","2005","5","40.45404","-79.997914","","11","0","0","0","0","0","0","0","0","","0","1","0","","","1","","1","","40 27:14.545","","0","79 59:52.491","8","0","0","0","2301","0","0","0","N","0","0","0","2","02301","0","","1.0","","9","N","","","0","","0","0","0","","2","","","2","1","0","0","0","1","0","2","0","2","","","","N","","","","","","","","","",""
"2005120008","","1","0","0","0","0","0","0","0","0","5","0","","02","4","2005","4","40.5667","-79.8546","","11","0","1","0","0","0","0","0","0","","0","0","0","","","0","","0","","40 34:00.120","","0","79 51:16.560","0","0","0","0","2209","0","0","0","N","0","0","0","2","68T02","0","","1.0","","1","N","N","","0","","0","0","1","","0","","","2","0","0","0","0","0","0","2","0","2","","","","N","","","","","","","","","",""
"2005120017","","1","0","0","0","0","0","0","0","0","5","0","","02","5","2005","2","","","","11","0","0","1","0","0","0","0","0","","0","0","0","","","1","","1","","","","0","","4","0","0","0","2301","0","0","0","N","0","0","0","3","02301","1","","1.0","","1","N","N","","1","","0","0","0","","0","","","2","1","0","0","0","0","0","1","0","2","","","","N","","","","","","","","","",""
"2005120018","","2","0","0","0","0","0","0","0","0","1","2","","02","5","2005","4","40.458663","-79.985683","","11","0","0","0","0","0","0","0","0","2","0","1","0","","","4","","0","","40 27:31.188","4","0","79 59:08.457","8","0","0","0","2301","0","0","0","N","0","0","0","7","02301","0","","1.0","","1","N","N","","0","","0","0","0","","0","N","","4","4","0","0","0","4","0","2","1","4","","","","N","","","","","","","","","",""
"2005120019","","1","0","0","0","0","0","0","0","0","1","1","","02","5","2005","3","40.457159","-79.988641","","11","0","0","0","0","0","0","0","0","1","0","1","0","","","0","","0","","40 27:25.772","2","0","79 59:19.108","0","0","0","0","2301","0","0","0","N","0","0","0","2","02301","0","","1.0","","1","N","N","","0","","0","0","0","","0","N","","2","0","0","0","0","0","0","2","0","2","","","","N","","","","","","","","","",""
"2005120050","","1","0","0","1","0","0","0","0","0","8","0","","02","5","2005","4","40.454125","-79.906268","","11","0","0","0","0","0","1","0","0","","0","0","0","","","1","","1","","40 27:14.851","","0","79 54:22.563","4","0","0","0","2301","1","0","0","N","0","0","0","2","02301","1","","1.0","","1","N","N","","0","","0","0","0","","3","","","2","1","1","0","0","0","0","2","0","1","","","","N","","","","","","","","","",""
"2005120126","","1","0","0","0","0","0","0","0","0","7","0","","02","1","2005","7","40.543445","-79.729193","","11","0","0","0","0","0","0","0","0","4","1","0","0","","","4","","0","","40 32:36.402","6","0","79 43:45.094","1","0","0","0","2466","0","0","0","N","0","0","0","5","02466","0","2","4.0","","1","N","N","","0","0","0","1","0","","0","Y","","1","4","0","0","0","3","0","1","0","1","","","","N","","","","","","","","","",""
"2005120134","","0","0","0","0","0","0","0","0","0","7","1","50","02","4","2005","1","40.403074","-80.107161","","11","0","0","0","0","0","0","0","0","2","0","1","0","","","0","","0","","40 24:11.065","1","3","80 06:25.779","0","0","0","0","2102","0","0","0","Y","0","0","0","1","68B03","0","","2.0","","1","N","N","","0","","0","0","0","","0","N","","1","0","0","0","0","0","0","2","0","1","","","N","Y","4","1","","","N","Y","","","",""
"2005120140","","2","0","0","0","0","0","0","0","0","6","0","","02","4","2005","5","40.326654","-80.11088","","11","1","0","0","0","0","0","0","0","2","0","0","0","","","0","","0","","40 19:35.953","2","0","80 06:39.167","0","0","0","0","2119","0","0","0","N","0","0","0","4","02119","0","","1.0","","1","N","N","","0","","0","0","0","","0","N","","2","0","1","0","0","0","0","2","0","2","","","","N","","","","","","","","","",""
"2005120159","","2","0","0","0","0","0","0","0","0","1","0","","02","5","2005","3","40.416027","-79.752212","","11","1","0","0","0","0","0","0","0","1","0","0","0","","","0","","2","","40 24:57.697","2","0","79 45:07.963","0","0","0","0","2446","0","0","0","N","0","0","0","2","02446","0","","1.0","","1","N","N","","0","","0","0","0","","0","N","","2","0","0","0","0","0","0","2","0","2","","","","N","","","","","","","","","",""
"2005120160","","1","0","0","0","0","0","0","0","0","4","0","","02","5","2005","6","40.431792","-79.791261","","11","0","1","0","0","0","0","0","0","","0","0","0","","","0","","2","","40 25:54.451","","7","79 47:28.539","0","0","0","0","2446","0","0","0","N","0","0","0","2","02446","0","","1.0","","9","N","N","","0","","0","0","0","","2","","","2","0","0","0","0","0","0","2","1","2","","","","N","","","","","","","","","",""
"2005120161","","1","0","0","0","0","0","0","0","0","1","1","","02","5","2005","5","40.437909","-79.73942","","11","0","0","0","0","0","1","0","1","","0","1","0","","","0","","1","","40 26:16.474","","0","79 44:21.911","0","0","0","0","2446","0","0","0","N","0","0","0","2","02446","0","","1.0","","1","N","N","","0","","0","0","0","","2","","","2","0","0","0","0","0","0","2","0","2","","","","N","","","","","","","","","",""
"2005120280","","5","0","0","0","0","0","0","0","0","7","0","","02","1","2005","7","40.582217","-80.038026","","11","0","0","0","0","0","0","0","0","4","1","0","0","","","2","","1","","40 34:55.980","7","0","80 02:16.893","1","0","0","0","2108","0","0","0","N","0","0","0","3","02108","0","2","4.0","","1","N","N","","1","0","2","0","0","","2","Y","","6","2","0","0","0","0","0","2","0","6","","","","N","","","","","","","","","",""
"2005120322","","1","0","0","0","0","0","0","0","0","7","0","","02","6","2005","4","40.387272","-79.969415","","11","0","0","0","0","1","0","0","0","","0","0","0","","","1","","10","","40 23:14.179","","0","79 58:09.894","8","0","0","0","2403","0","0","0","N","0","0","0","1","02403","0","","5.0","","1","N","N","","0","","0","0","0","","0","","","1","1","0","0","0","1","0","2","0","1","","","","N","","","","","","","","","",""
"2005120362","","3","0","0","0","0","0","0","0","0","4","0","","02","6","2005","3","40.338924","-79.979505","","11","0","0","1","0","0","0","0","0","","0","0","0","","","0","","0","","40 20:20.126","","0","79 58:46.218","0","0","0","0","2403","0","0","0","N","0","0","0","3","02403","0","","6.0","","1","N","N","","0","","0","0","0","","0","","","3","0","0","0","0","0","0","2","0","3","","","","N","","","","","","","","","",""
"2005120367","","2","0","0","0","0","0","0","0","0","1","0","","02","6","2005","4","40.505997","-79.99087","","11","0","0","0","0","0","1","0","0","","0","0","0","","","1","","0","","40 30:21.588","","0","79 59:27.131","4","0","0","0","2118","0","0","0","N","0","0","0","4","02118","1","","1.0","","1","N","N","","1","","0","0","0","","0","","","3","1","0","0","0","0","0","2","0","3","","","","N","","","","","","","","","",""
"2005120368","","1","0","0","0","0","0","0","0","0","4","1","","02","6","2005","4","40.340334","-79.964782","","11","0","0","1","0","0","1","0","0","","0","1","0","","","0","","0","","40 20:25.201","","0","79 57:53.215","0","0","0","0","2454","0","0","0","N","0","0","0","2","02454","0","","1.0","","1","N","N","","0","","0","0","0","","0","","","2","0","1","0","0","0","0","2","0","2","","","","N","","","","","","","","","",""
"2005120372","","2","0","0","0","0","0","0","0","0","4","0","","02","6","2005","4","40.481395","-80.107519","","11","0","0","0","0","0","0","0","0","","0","0","0","","","0","","3","","40 28:53.022","","0","80 06:27.068","9","0","0","0","2126","0","0","0","N","0","0","0","2","02126","0","","1.0","","1","N","N","","0","","0","0","0","","0","","","2","0","0","0","0","0","2","2","0","2","","","","N","","","","","","","","","",""
"2005120525","","1","0","0","0","0","0","0","0","0","1","1","","02","1","2005","3","","","","11","0","0","0","0","0","0","0","0","","0","1","0","","","0","","0","","40 26:04.56","","0","79 59:19.32","9","0","0","0","2301","0","0","0","N","0","0","0","2","68J03","0","","1.0","","1","N","N","","0","","0","0","0","","9","","","2","0","0","0","0","0","1","2","0","2","","","","N","","","","","","","","","",""
"2005120527","","2","0","0","0","0","0","0","0","0","4","0","","02","6","2005","4","40.481966","-80.081049","","11","0","0","1","0","0","1","0","0","","0","0","0","","","0","","0","","40 28:55.077","","7","80 04:51.778","0","0","0","0","2122","0","0","0","N","0","0","0","2","02122","0","","1.0","","1","N","N","","0","","0","0","0","","0","","","2","0","0","0","0","0","0","2","0","2","","","","N","","","","","","","","","",""
"2005120536","","0","0","0","0","0","0","0","0","0","4","0","","02","6","2005","4","40.616898","-80.089771","","11","0","0","0","1","0","1","0","0","1","0","0","0","","","0","","2","","40 37:00.832","4","0","80 05:23.176","0","0","0","0","2212","0","0","0","N","0","0","0","2","02505","0","","1.0","","1","N","N","","0","","0","0","2","","3","N","","2","0","0","0","0","0","0","2","0","2","","","","N","","","","","","","","","",""
"2005120540","","1","0","0","0","0","0","0","0","0","4","1","","02","5","2005","4","40.582227","-80.062891","","11","0","0","0","0","0","0","1","0","1","0","1","0","","","0","","1","","40 34:56.017","6","0","80 03:46.409","0","0","0","0","2108","0","0","0","N","0","0","0","2","02108","0","","1.0","","1","N","N","","0","","0","0","0","","3","N","","2","0","0","0","0","0","0","2","0","2","","","","N","","","","","","","","","",""