"CRN","ARRIVAL_TM","AUTOMOBILE_COUNT","BELTED_DEATH_COUNT","BELTED_SUSP_SERIOUS_INJ_COUNT","BICYCLE_COUNT","BICYCLE_DEATH_COUNT","BICYCLE_SUSP_SERIOUS_INJ_COUNT","BUS_COUNT","CHLDPAS_DEATH_COUNT","CHLDPAS_SUSP_SERIOUS_INJ_COUNT","COLLISION_TYPE","COMM_VEH_COUNT","CONS_ZONE_SPD_LIM","COUNTY","CRASH_MONTH","CRASH_YEAR","DAY_OF_WEEK","DEC_LATITUDE","DEC_LONGITUDE","DISPATCH_TM","DISTRICT","DRIVER_COUNT_16YR","DRIVER_COUNT_17YR","DRIVER_COUNT_18YR","DRIVER_COUNT_19YR","DRIVER_COUNT_20YR","DRIVER_COUNT_50_64YR","DRIVER_COUNT_65_74YR","DRIVER_COUNT_75PLUS","EST_HRS_CLOSED","FATAL_COUNT","HEAVY_TRUCK_COUNT","HORSE_BUGGY_COUNT","HOUR_OF_DAY","ILLUMINATION","INJURY_COUNT","INTERSECTION_RELATED","INTERSECT_TYPE","LANE_CLOSED","LATITUDE","LN_CLOSE_DIR","LOCATION_TYPE","LONGITUDE","MAX_SEVERITY_LEVEL","MCYCLE_DEATH_COUNT","MCYCLE_SUSP_SERIOUS_INJ_COUNT","MOTORCYCLE_COUNT","MUNICIPALITY","NONMOTR_COUNT","NONMOTR_DEATH_COUNT","NONMOTR_SUSP_SERIOUS_INJ_COUNT","NTFY_HIWY_MAINT","PED_COUNT","PED_DEATH_COUNT","PED_SUSP_SERIOUS_INJ_COUNT","PERSON_COUNT","POLICE_AGCY","POSSIBLE_INJ_COUNT","RDWY_SURF_TYPE_CD","RELATION_TO_ROAD","ROADWAY_CLEARED","ROAD_CONDITION","SCH_BUS_IND","SCH_ZONE_IND","SECONDARY_CRASH","SMALL_TRUCK_COUNT","SPEC_JURIS_CD","SUSP_MINOR_INJ_COUNT","SUSP_SERIOUS_INJ_COUNT","SUV_COUNT","TCD_FUNC_CD","TCD_TYPE","TFC_DETOUR_IND","TIME_OF_DAY","TOTAL_UNITS","TOT_INJ_COUNT","UNBELTED_OCC_COUNT","UNB_DEATH_COUNT","UNB_SUSP_SERIOUS_INJ_COUNT","UNK_INJ_DEG_COUNT","UNK_INJ_PER_COUNT","URBAN_RURAL","VAN_COUNT","VEHICLE_COUNT","WEATHER1","WEATHER2","WORKERS_PRES","WORK_ZONE_IND","WORK_ZONE_LOC","WORK_ZONE_TYPE","WZ_CLOSE_DETOUR","WZ_FLAGGER","WZ_LAW_OFFCR_IND","WZ_LN_CLOSURE","WZ_MOVING","WZ_OTHER","WZ_SHLDER_MDN","WZ_WORKERS_INJ_KILLED"
"2005130264","","2","0","0","0","0","0","0","0","0","1","0","","02","4","2005","7","40.41335","-80.009951","","11","0","0","0","0","0","0","0","0","1","0","0","0","","","0","","1","","40 24:48.061","2","0","80 00:35.825","9","0","0","0","2301","0","0","0","N","0","0","0","2","02301","0","","1.0","","9","N","N","","0","","0","0","0","","2","Y","","2","0","0","0","0","0","1","2","0","2","","","","N","","","","","","","","","",""
"2005130265","","0","0","0","0","0","0","0","0","0","8","0","","02","5","2005","1","","","","11","0","0","0","0","0","0","0","0","","0","0","0","","","1","","1","","","","0","","4","0","0","0","2301","1","0","0","N","1","0","0","3","02301","1","","1.0","","1","N","N","","0","","0","0","1","","0","","","2","1","0","0","0","0","0","1","0","1","","","","N","","","","","","","","","",""
"2005130299","","0","0","0","0","0","0","0","0","0","4","0","","02","6","2005","5","40.456279","-79.97498","","11","0","0","0","0","0","1","0","0","","0","0","0","","","2","","1","","40 27:22.604","","0","79 58:29.928","8","0","0","0","2301","0","0","0","N","0","0","0","2","02301","0","","1.0","","1","N","N","","1","","0","0","1","","2","","","2","2","0","0","0","2","0","2","0","2","","","","N","","","","","","","","","",""
"2005130300","","2","0","0","0","0","0","0","0","0","2","0","","02","6","2005","6","40.466873","-79.964167","","11","0","0","0","0","1","0","0","0","1","0","0","0","","","1","","1","","40 28:00.741","7","0","79 57:51.000","4","0","0","0","2301","0","0","0","N","0","0","0","2","02301","1","","1.0","","1","N","N","","0","","0","0","0","","3","N","","2","1","2","0","0","0","0","2","0","2","","","","N","","","","","","","","","",""
"2005130301","","2","0","0","0","0","0","0","0","0","4","0","","02","6","2005","7","40.4326","-79.9585","","11","0","0","0","0","0","0","0","0","","0","0","0","","","2","","6","","40 25:57.360","","2","79 57:30.600","4","0","0","0","2301","0","0","0","N","0","0","0","2","02301","1","","1.0","","9","N","N","","0","","0","0","0","","3","","","2","2","1","0","0","1","0","2","0","2","","","","N","","","","","","","","","",""
"2005130302","","0","0","0","0","0","0","0","0","0","0","0","","02","6","2005","4","40.435","-79.9953","","11","0","0","0","0","0","1","0","0","","0","0","0","","","1","","0","","40 26:06.000","","2","79 59:43.080","3","0","0","1","2301","0","0","0","N","0","0","0","1","02301","0","","1.0","","1","N","N","","0","","1","0","0","","0","","","1","1","0","0","0","0","0","2","0","1","","","","N","","","","","","","","","",""
"2005130303","","1","0","0","0","0","0","0","0","0","99","0","","02","6","2005","3","40.389788","-79.933193","","11","0","0","0","1","0","0","0","0","","0","0","0","","","0","","0","","40 23:23.237","","0","79 55:59.495","0","0","0","0","2301","0","0","0","N","0","0","0","2","02301","0","","1.0","","1","N","N","","0","","0","0","0","","0","","","1","0","0","0","0","0","0","2","0","1","","","","N","","","","","","","","","",""
"2005130304","","1","0","0","0","0","0","0","0","0","7","0","","02","5","2005","4","40.43768","-79.963843","","11","0","0","0","0","1","0","0","0","","0","0","0","","","2","","0","","40 26:15.648","","0","79 57:49.834","4","0","0","0","2301","0","0","0","","0","0","0","2","02301","2","","4.0","","1","","","","0","","0","0","0","","0","","","1","2","0","0","0","0","0","2","0","1","","","","N","","","","","","","","","",""
"2005130305","","1","0","0","0","0","0","0","0","0","4","0","","02","5","2005","4","","","","11","0","0","0","0","0","0","0","0","1","0","0","0","","","1","","1","","","6","0","","4","0","0","0","2301","0","0","0","N","0","0","0","2","02301","1","","1.0","","1","N","N","","1","","0","0","0","","2","N","","2","1","1","0","0","0","0","1","0","2","","","","N","","","","","","","","","",""
"2005130306","","1","0","0","0","0","0","0","0","0","2","0","","02","4","2005","2","","","","11","0","0","0","0","0","0","0","0","","0","0","0","","","1","","1","","","","0","","4","0","0","0","2301","0","0","0","N","0","0","0","2","02301","1","","1.0","","1","N","N","","0","","0","0","1","","2","","","2","1","0","0","0","0","0","1","0","2","","","","N","","","","","","","","","",""
"2005130307","","3","0","0","0","0","0","0","0","0","4","0","","02","4","2005","1","40.413472","-80.042753","","11","0","0","0","0","0","0","1","0","","0","0","0","","","0","","1","","40 24:48.499","","0","80 02:33.910","9","0","0","0","2301","0","0","0","N","0","0","0","8","02301","0","","1.0","","1","N","N","","0","","0","0","0","","3","","","3","0","0","0","0","0","2","2","0","3","","","","N","","","","","","","","","",""
"2005130308","","0","0","0","0","0","0","0","0","0","7","0","","02","5","2005","1","40.451667","-79.9961","","11","0","0","0","0","0","0","0","0","4","1","0","0","","","0","","0","","40 27:06.000","5","2","79 59:45.961","1","1","0","1","2301","0","0","0","N","0","0","0","1","02301","0","1","9.0","","98","N","N","","0","0","0","0","0","","0","Y","","1","0","0","0","0","0","0","2","0","1","","","","N","","","","","","","","","",""
"2005130309","","1","0","0","0","0","0","0","0","0","1","0","","02","5","2005","4","40.4582","-79.9864","","11","0","0","0","0","0","1","0","0","","0","0","0","","","0","","0","","40 27:29.520","","0","79 59:11.040","0","0","0","0","2301","0","0","0","N","0","0","0","2","02301","0","","1.0","","1","N","N","","0","","0","0","1","","0","","","2","0","0","0","0","0","0","2","0","2","","","","N","","","","","","","","","",""
"2005130310","","1","0","0","0","0","0","0","0","0","1","0","","02","5","2005","2","40.4788","-80.0431","","11","0","0","0","0","0","0","1","0","1","0","0","0","","","0","","1","","40 28:43.680","3","3","80 02:35.160","9","0","0","0","2301","0","0","0","N","0","0","0","3","02301","0","","1.0","","1","N","N","","1","","0","0","0","","2","N","","2","0","0","0","0","0","1","2","0","2","","","","N","","","","","","","","","",""
"2005130312","","1","0","0","0","0","0","0","0","0","0","0","","02","4","2005","7","40.437647","-79.975938","","11","0","0","0","0","0","1","0","0","1","0","0","0","","","0","","0","","40 26:15.529","1","0","79 58:33.376","0","0","0","0","2301","0","0","0","N","0","0","0","1","02301","0","","1.0","","1","N","N","","0","","0","0","0","","0","N","","1","0","0","0","0","0","0","2","0","1","","","","N","","","","","","","","","",""
"2005130313","","1","0","0","0","0","0","0","0","0","1","0","","02","5","2005","1","40.468077","-79.958525","","11","0","0","0","0","0","0","0","0","1","0","0","0","","","1","","0","","40 28:05.077","7","0","79 57:30.690","4","0","0","0","2301","0","0","0","N","0","0","0","1","02301","1","","4.0","","1","N","N","","0","","0","0","1","","0","Y","","3","1","0","0","0","0","0","2","1","3","","","","N","","","","","","","","","",""
"2005130314","","1","0","0","0","0","0","0","0","0","1","0","","02","5","2005","4","","","","11","0","0","0","0","0","1","0","0","","0","0","0","","","0","","0","","","","0","","0","0","0","0","2301","0","0","0","N","0","0","0","5","02301","0","","1.0","","1","N","N","","0","","0","0","1","","0","","","2","0","0","0","0","0","0","1","0","2","","","","N","","","","","","","","","",""
"2005130337","","2","0","0","0","0","0","0","0","0","1","0","","02","5","2005","5","","","","11","0","0","0","0","0","0","0","1","","0","0","0","","","0","","6","","40 26:55.32","","2","80 00:25.92","0","0","0","0","2301","0","0","0","N","0","0","0","2","68B03","0","","1.0","","1","N","N","","0","","0","0","0","","4","","","2","0","0","0","0","0","0","2","0","2","","","","N","","","","","","","","","",""
"2005130341","","4","0","0","0","0","0","0","0","0","5","1","","02","5","2005","3","","","","11","0","0","0","0","1","1","0","1","3","0","0","0","","","2","","0","","40 25:00.12","2","0","80 03:28.08","4","0","0","0","2435","0","0","0","Y","0","0","0","8","68B03","2","","2.0","","1","N","N","","0","","0","0","0","","0","Y","","6","2","0","0","0","0","0","2","1","6","","","","N","","","","","","","","","",""
"2005130343","","1","0","0","0","0","0","0","0","0","7","0","","02","4","2005","1","","","","11","0","0","0","0","0","0","0","0","","0","0","0","","","0","","0","","","","0","","0","0","0","0","2102","0","0","0","Y","0","0","0","1","68B03","0","","2.0","","6","N","N","","0","","0","0","0","","0","","","1","0","0","0","0","0","0","1","0","1","","","","N","","","","","","","","","",""
"2005130384","","2","0","0","0","0","0","0","0","0","1","0","","02","4","2005","5","40.4775","-79.785268","","11","0","0","0","0","0","0","0","1","","0","0","0","","","1","","1","","40 28:39.000","","0","79 47:06.965","8","0","0","0","2113","0","0","0","N","0","0","0","4","02113","0","","1.0","","1","N","N","","0","","0","0","0","","2","","","2","1","1","0","0","1","0","2","0","2","","","","N","","","","","","","","","",""
"2005130385","","1","0","0","0","0","0","0","0","0","7","0","","02","4","2005","3","40.4866","-79.8289","","11","0","0","0","0","0","0","0","0","5","0","0","0","","","1","","0","","40 29:11.760","5","0","79 49:44.040","4","0","0","0","2113","0","0","0","N","0","0","0","1","02113","1","","5.0","","1","N","N","","0","","0","0","0","","0","Y","","1","1","1","0","0","0","0","2","0","1","","","","N","","","","","","","","","",""
"2005130386","","1","0","0","0","0","0","0","0","0","7","0","","02","4","2005","6","40.4802","-79.8354","","11","0","0","0","0","0","0","0","0","1","0","0","0","","","1","","0","","40 28:48.720","3","0","79 50:07.440","3","0","0","0","2113","0","0","0","N","0","0","0","1","02113","0","","4.0","","1","N","N","","0","","1","0","0","","0","N","","1","1","1","0","0","0","0","2","0","1","","","","N","","","","","","","","","",""
"2005130387","","2","0","0","0","0","0","0","0","0","4","0","","02","4","2005","2","40.460391","-79.806913","","11","0","0","0","0","0","0","0","0","1","0","0","0","","","3","","0","","40 27:37.407","6","0","79 48:24.886","3","0","0","0","2113","0","0","0","N","0","0","0","3","02113","2","","1.0","","1","N","N","","0","","1","0","0","","0","N","","2","3","3","0","0","0","0","2","0","2","","","","N","","","","","","","","","",""
"2005130388","","2","0","0","0","0","0","0","0","0","1","0","","02","4","2005","2","","","","11","0","0","0","1","0","0","0","0","","0","0","0","","","2","","0","","","","0","","3","0","0","0","2113","0","0","0","N","0","0","0","3","02113","1","","1.0","","1","N","N","","0","","1","0","0","","0","","","2","2","0","0","0","0","0","1","0","2","","","","N","","","","","","","","","",""
"2005130389","","0","0","0","0","0","0","0","0","0","1","0","","02","4","2005","4","40.4975","-79.8166","","11","0","0","0","0","0","0","0","0","1","0","0","0","","","0","","0","","40 29:51.000","3","0","79 48:59.760","0","0","0","0","2113","0","0","0","N","0","0","0","2","02113","0","","1.0","","1","N","N","","0","","0","0","2","","0","N","","2","0","0","0","0","0","0","2","0","2","","","","N","","","","","","","","","",""
"2005130390","","1","0","0","0","0","0","0","0","0","7","0","","02","4","2005","7","40.497388","-79.80642","","11","0","0","0","0","1","0","0","0","","0","0","0","","","0","","0","","40 29:50.595","","0","79 48:23.112","0","0","0","0","2113","0","0","0","N","0","0","0","1","02113","0","","2.0","","1","N","N","","0","","0","0","0","","0","","","1","0","0","0","0","0","0","2","0","1","","","","N","","","","","","","","","",""
"2005130391","","2","0","0","0","0","0","0","0","0","4","0","","02","5","2005","1","40.466241","-79.888624","","11","0","0","0","0","1","0","0","0","","0","0","0","","","2","","1","","40 27:58.467","","0","79 53:19.046","4","0","0","0","2113","0","0","0","N","0","0","0","5","02113","2","","1.0","","1","N","N","","0","","0","0","0","","3","","","2","2","1","0","0","0","0","2","0","2","","","","N","","","","","","","","","",""
"2005130392","","0","0","0","0","0","0","0","0","0","4","0","","02","4","2005","6","40.462926","-79.850175","","11","0","0","0","0","0","0","0","1","","0","0","0","","","0","","2","","40 27:46.532","","0","79 51:00.630","0","0","0","0","2113","0","0","0","N","0","0","0","2","02113","0","","1.0","","1","N","N","","0","","0","0","1","","3","","","2","0","0","0","0","0","0","2","1","2","","","","N","","","","","","","","","",""
"2005130393","","2","0","0","0","0","0","0","0","0","4","0","","02","4","2005","7","40.5156","-79.8064","","11","0","0","0","0","0","0","1","0","","0","0","0","","","1","","0","","40 30:56.160","","0","79 48:23.040","3","0","0","0","2113","0","0","0","","0","0","0","2","02113","0","","1.0","","1","N","N","","0","","1","0","0","","0","","","2","1","0","0","0","0","0","2","0","2","","","","N","","","","","","","","","",""
"2005130394","","2","0","0","0","0","0","0","0","0","1","0","","02","4","2005","5","40.4614","-79.862","","11","0","0","0","0","0","1","0","0","","0","0","0","","","0","","0","","40 27:41.040","","0","79 51:43.200","0","0","0","0","2113","0","0","0","N","0","0","0","3","02113","0","","1.0","","1","N","N","","0","","0","0","0","","0","","","2","0","1","0","0","0","0","2","0","2","","","","N","","","","","","","","","",""
"2005130395","","1","0","0","0","0","0","0","0","0","4","0","","02","4","2005","3","40.449928","-79.826988","","11","0","0","0","0","1","1","0","0","","0","0","0","","","2","","2","","40 26:59.740","","0","79 49:37.155","4","0","0","0","2113","0","0","0","","0","0","0","3","02113","2","","1.0","","9","N","N","","1","","0","0","0","","3","","","2","2","1","0","0","0","0","2","0","2","","","","N","","","","","","","","","",""
"2005130419","","5","0","0","0","0","0","0","0","0","1","0","","02","3","2005","7","","","","11","0","0","0","0","0","0","1","0","2","0","0","0","","","2","","0","","40 25:54.48","1","4","80 01:28.20","3","0","0","0","2301","0","0","0","N","0","0","0","12","68B03","0","","1.0","","1","N","N","","0","","2","0","0","","0","Y","","5","2","1","0","0","0","0","2","0","5","","","","N","","","","","","","","","",""
"2005130425","","1","0","0","0","0","0","0","0","0","7","0","","02","5","2005","7","40.435783","-79.967468","","11","0","0","0","0","0","0","0","0","2","0","0","0","","","0","","3","","40 26:08.819","3","8","79 58:02.883","0","0","0","0","2301","0","0","0","Y","0","0","0","1","68G03","0","","7.0","","1","N","N","","0","","0","0","0","","0","Y","","1","0","0","0","0","0","0","2","0","1","","","","N","","","","","","","","","",""
"2005130426","","1","0","0","0","0","0","0","0","0","7","0","","02","4","2005","2","","","","11","0","0","0","0","0","0","0","0","","0","0","0","","","1","","0","","40 25:06.60","","0","80 05:20.04","4","0","0","0","2435","0","0","0","N","0","0","0","1","68B03","1","","5.0","","1","N","N","","0","","0","0","0","","0","","","1","1","0","0","0","0","0","2","0","1","","","","N","","","","","","","","","",""
"2005130427","","2","0","0","0","0","0","0","0","0","1","0","","02","4","2005","2","","","","11","0","0","0","0","0","0","0","1","2","0","0","0","","","1","","0","","40 25:06.60","2","0","80 05:20.04","3","0","0","0","2435","0","0","0","N","0","0","0","3","68B03","0","","1.0","","1","N","N","","1","","1","0","0","","0","Y","","3","1","1","0","0","0","0","2","0","3","","","","N","","","","","","","","","",""
"2005130428","","1","0","0","0","0","0","0","0","0","7","0","","02","4","2005","6","","","","11","0","0","0","0","0","0","0","0","2","0","0","0","","","0","","0","","40 26:09.24","4","0","79 58:22.08","0","0","0","0","2301","0","0","0","N","0","0","0","3","68B03","0","","2.0","","9","N","N","","0","","0","0","0","","0","N","","1","0","1","0","0","0","0","2","0","1","","","","N","","","","","","","","","",""
"2005130513","","2","0","0","0","0","0","0","0","0","1","0","","02","4","2005","7","40.389208","-80.088598","","11","0","0","0","0","0","1","0","0","","0","0","0","","","0","","2","","40 23:21.148","","0","80 05:18.951","0","0","0","0","2437","0","0","0","N","0","0","0","2","02437","0","","1.0","","1","N","N","","0","","0","0","0","","0","","","2","0","0","0","0","0","0","2","0","2","","","","N","","","","","","","","","",""
"2005130526","","1","0","0","0","0","0","0","0","0","7","0","","02","5","2005","6","","","","11","0","0","0","0","0","0","0","0","","0","0","0","","","0","","0","","40 25:23.16","","0","80 06:15.84","0","0","0","0","2115","0","0","0","N","0","0","0","2","68B03","0","","2.0","","9","N","N","","0","","0","0","0","","0","","","1","0","0","0","0","0","0","2","0","1","","","","N","","","","","","","","","",""
"2005130527","","2","0","0","0","0","0","0","0","0","4","0","","02","3","2005","5","40.419601","-80.046047","","11","0","0","1","1","0","0","0","0","","0","0","0","","","1","","2","","40 25:10.563","","2","80 02:45.770","4","0","0","0","2435","0","0","0","N","0","0","0","2","68B03","1","","1.0","","1","N","N","","0","","0","0","0","","2","","","2","1","1","0","0","0","0","2","0","2","","","","N","","","","","","","","","",""
"2005130528","","0","0","0","0","0","0","0","0","0","7","0","50","02","5","2005","7","40.373855","-80.10371","","11","0","0","0","0","0","0","0","0","1","0","0","0","","","1","","0","","40 22:25.879","1","0","80 06:13.356","4","0","0","0","2102","0","0","0","Y","0","0","0","1","68B03","1","","2.0","","1","N","N","","1","","0","0","0","","0","N","","1","1","0","0","0","0","0","2","0","1","","","Y","Y","4","1","","","N","","","","",""
"2005130555","","1","0","0","0","0","0","0","0","0","7","0","","02","4","2005","7","40.473394","-80.207431","","11","0","0","0","0","0","0","0","0","","0","0","0","","","0","","0","","40 28:24.217","","0","80 12:26.753","0","0","0","0","2203","0","0","0","N","0","0","0","1","68B03","0","","2.0","","9","N","N","","0","","0","0","0","","0","","","1","0","0","0","0","0","0","2","0","1","","","","N","","","","","","","","","",""
"2005130606","","1","0","0","0","0","0","0","0","0","4","0","","02","4","2005","4","40.433303","-79.760248","","11","0","0","0","0","0","2","0","0","","0","0","0","","","0","","2","","40 25:59.890","","0","79 45:36.893","0","0","0","0","2446","0","0","0","N","0","0","0","4","02446","0","","1.0","","1","N","N","","0","","0","0","1","","3","","","2","0","0","0","0","0","0","2","0","2","","","","N","","","","","","","","","",""
"2005130615","","2","0","0","0","0","0","0","0","0","1","0","","02","6","2005","1","40.388333","-80.042899","","11","0","0","0","1","0","0","0","0","1","0","0","0","","","1","","0","","40 23:18.000","4","0","80 02:34.438","8","0","0","0","2109","0","0","0","N","0","0","0","4","02109","0","","1.0","","1","N","N","","0","","0","0","0","","0","N","","2","1","0","0","0","1","0","2","0","2","","","","N","","","","","","","","","",""
"2005130616","","2","0","0","0","0","0","0","0","0","6","0","","02","5","2005","3","40.384991","-80.032482","","11","0","1","0","0","0","0","0","0","1","0","0","0","","","0","","1","","40 23:05.967","4","0","80 01:56.935","0","0","0","0","2109","0","0","0","","0","0","0","2","02109","0","","1.0","","1","N","N","","0","","0","0","0","","3","N","","2","0","0","0","0","0","0","2","0","2","","","","N","","","","","","","","","",""
"2005130653","","0","0","0","0","0","0","0","0","0","7","0","","02","7","2005","5","40.347003","-79.99028","","11","0","0","0","0","0","0","0","0","2","0","0","0","","","0","","0","","40 20:49.210","6","0","79 59:25.008","0","0","0","0","2403","0","0","0","N","0","0","0","1","02403","0","","5.0","","1","N","N","","0","","0","0","1","","0","N","","1","0","0","0","0","0","0","2","0","1","","","","N","","","","","","","","","",""
"2005130745","","2","0","0","0","0","0","0","0","0","4","0","","02","5","2005","3","40.498","-79.8548","","11","0","0","0","0","0","0","0","0","","0","0","0","","","0","","1","","40 29:52.800","","0","79 51:17.280","0","0","0","0","2112","0","0","0","N","0","0","0","2","02112","0","","1.0","","1","N","N","","0","","0","0","0","","0","","","2","0","0","0","0","0","0","2","0","2","","","","N","","","","","","","","","",""
"2005130816","","1","0","0","0","0","0","0","0","0","4","0","","02","4","2005","1","40.489309","-79.705612","","11","0","0","0","0","0","0","1","0","","0","0","0","","","0","","2","","40 29:21.514","","0","79 42:20.204","0","0","0","0","2466","0","0","0","N","0","0","0","3","02466","0","","1.0","","1","N","N","","0","","0","0","1","","3","","","2","0","0","0","0","0","0","2","0","2","","","","N","","","","","","","","","",""
"2005130817","","1","0","0","0","0","0","0","0","0","1","0","","02","4","2005","6","40.473948","-79.707348","","11","0","0","0","0","0","0","0","0","2","0","0","0","","","1","","0","","40 28:26.212","4","0","79 42:26.453","8","0","0","0","2466","0","0","0","N","0","0","0","6","02466","0","","1.0","","1","N","N","","0","","0","0","1","","0","N","","3","1","0","0","0","1","0","2","1","3","","","","N","","","","","","","","","",""
"2005130818","","2","0","0","0","0","0","0","0","0","4","0","","02","4","2005","4","40.481657","-79.772546","","11","0","0","0","0","0","1","0","0","","0","0","0","","","0","","0","","40 28:53.965","","0","79 46:21.165","0","0","0","0","2466","0","0","0","N","0","0","0","1","02466","0","","5.0","","1","N","N","","0","","0","0","0","","0","","","3","0","0","0","0","0","0","2","1","3","","","","N","","","","","","","","","",""
"2005130819","","0","0","0","0","0","0","0","0","0","7","0","","02","4","2005","5","40.483638","-79.717723","","11","0","0","0","0","0","0","1","0","4","0","0","0","","","0","","0","","40 29:01.096","4","0","79 43:03.804","0","0","0","0","2466","0","0","0","N","0","0","0","1","02466","0","","2.0","","1","N","N","","0","","0","0","1","","0","N","","2","0","0","0","0","0","0","2","0","1","","","","N","","","","","","","","","",""
"2005130820","","2","0","0","0","0","0","0","0","0","5","0","","02","4","2005","5","40.5174","-79.8059","","11","0","0","0","0","0","0","0","0","","0","0","0","","","1","","2","","40 31:02.640","","0","79 48:21.240","4","0","0","0","2466","0","0","0","N","0","0","0","2","02466","1","","1.0","","9","N","N","","0","","0","0","0","","0","","","2","1","0","0","0","0","0","2","0","2","","","","N","","","","","","","","","",""
"2005130821","","0","0","0","0","0","0","0","0","0","7","0","","02","3","2005","2","40.525556","-79.823039","","11","0","0","0","0","0","0","0","0","","0","0","0","","","0","","2","","40 31:32.000","","0","79 49:22.940","0","0","0","0","2466","0","0","0","N","0","0","0","2","02466","0","","2.0","","1","N","N","","0","","0","0","1","","0","","","1","0","0","0","0","0","0","1","0","1","","","","N","","","","","","","","","",""
"2005130822","","1","0","0","0","0","0","0","0","0","8","0","","02","3","2005","2","40.525751","-79.774634","","11","0","0","0","0","0","0","0","1","","0","0","0","","","1","","2","","40 31:32.703","","0","79 46:28.682","3","0","0","0","2466","1","0","0","N","1","0","0","2","02466","0","","1.0","","9","N","N","","0","","1","0","0","","0","","","2","1","0","0","0","0","0","2","0","1","","","","N","","","","","","","","","",""
"2005130823","","1","0","0","0","0","0","0","0","0","7","0","","02","4","2005","3","","","","11","0","0","0","0","0","0","0","0","","0","0","0","","","1","","2","","","","0","","4","0","0","0","2466","0","0","0","N","0","0","0","1","02466","1","","2.0","","1","N","N","","0","","0","0","0","","0","","","1","1","0","0","0","0","0","1","0","1","","","","N","","","","","","","","","",""
"2005130824","","1","0","0","0","0","0","0","0","0","1","0","","02","4","2005","3","40.4637","-79.7054","","11","0","0","0","0","0","1","0","0","","0","0","0","","","0","","1","","40 27:49.320","","0","79 42:19.440","0","0","0","0","2466","0","0","0","N","0","0","0","2","02466","0","","1.0","","1","N","N","","1","","0","0","0","","2","","","2","0","0","0","0","0","0","2","0","2","","","","N","","","","","","","","","",""
"2005130825","","0","0","0","0","0","0","0","0","0","4","0","","02","4","2005","5","40.480174","-79.774599","","11","0","0","0","0","0","1","0","0","","0","0","0","","","0","","0","","40 28:48.626","","7","79 46:28.556","9","0","0","0","2466","0","0","0","N","0","0","0","2","02466","0","","1.0","","1","N","N","","0","","0","0","0","","0","","","2","0","0","0","0","0","1","2","2","2","","","","N","","","","","","","","","",""
"2005130826","","0","0","0","0","0","0","0","0","0","7","0","","02","4","2005","2","40.501174","-79.759174","","11","0","0","0","0","0","0","0","0","1","0","0","0","","","1","","0","","40 30:04.225","5","0","79 45:33.026","4","0","0","0","2466","0","0","0","N","0","0","0","1","02466","1","","5.0","","2","N","N","","0","","0","0","1","","0","N","","1","1","0","0","0","0","0","2","0","1","","","","N","","","","","","","","","",""
"2005130837","","1","0","0","0","0","0","0","0","0","1","0","","02","4","2005","1","40.594","-79.9478","","11","0","0","0","0","0","0","1","0","1","0","0","0","","","2","","0","","40 35:38.400","2","0","79 56:52.080","4","0","0","0","2207","0","0","0","","0","0","0","5","02207","2","","1.0","","9","N","N","","0","","0","0","1","","0","N","","3","2","0","0","0","0","0","2","1","3","","","","N","","","","","","","","","",""
"2005130838","","1","0","0","0","0","0","0","0","0","1","0","","02","4","2005","1","40.5944","-79.9778","","11","0","0","0","0","0","0","0","0","","0","0","0","","","0","","0","","40 35:39.840","","7","79 58:40.080","0","0","0","0","2207","0","0","0","N","0","0","0","2","02207","0","","1.0","","1","N","N","","1","","0","0","0","","0","","","2","0","0","0","0","0","0","2","0","2","","","","N","","","","","","","","","",""
"2005131027","","1","0","0","0","0","0","0","0","0","7","0","","02","5","2005","7","40.439167","-80.237498","","11","0","0","0","0","0","0","0","0","","0","0","0","","","1","","0","","40 26:21.000","","0","80 14:14.994","4","0","0","0","2214","0","0","0","","0","0","0","1","68B03","1","","2.0","","9","N","N","","0","","0","0","0","","0","","","1","1","0","0","0","0","0","2","0","1","","","","N","","","","","","","","","",""
"2005131028","","1","0","0","0","0","0","0","0","0","7","0","","02","5","2005","3","","","","11","0","0","0","0","0","0","0","0","2","0","0","0","","","1","","0","","40 29:59.64","2","0","80 01:23.52","4","0","0","0","2116","0","0","0","N","0","0","0","1","68B03","1","","4.0","","1","N","N","","0","","0","0","0","","0","N","","1","1","0","0","0","0","0","2","0","1","","","","N","","","","","","","","","",""
"2005131029","","2","0","0","0","0","0","0","0","0","1","0","","02","5","2005","3","","","","11","0","0","0","0","0","0","0","1","","0","0","0","","","0","","0","","40 26:55.32","","0","80 10:00.48","0","0","0","0","2115","0","0","0","N","0","0","0","3","68B03","0","","1.0","","1","N","N","","0","","0","0","0","","0","","","2","0","1","0","0","0","0","2","0","2","","","","N","","","","","","","","","",""
"2005131038","","1","0","0","0","0","0","0","0","0","7","0","","02","4","2005","7","","","","11","0","0","0","0","0","0","0","0","4","0","0","0","","","1","","0","","40 25:46.20","4","0","79 52:36.48","2","0","0","0","2426","0","0","0","","0","0","0","1","68B03","0","","4.0","","1","N","N","","0","","0","1","0","","0","Y","","1","1","1","0","1","0","0","2","0","1","","","","N","","","","","","","","","",""
"2005131040","","3","0","0","0","0","0","0","0","0","5","1","","02","5","2005","5","40.515005","-80.133806","","11","0","0","0","0","0","0","0","0","","0","1","0","","","0","","0","","40 30:54.019","","3","80 08:01.700","0","0","0","0","2110","0","0","0","N","0","0","0","4","68B03","0","","1.0","","1","N","N","","0","","0","0","0","","0","","","4","0","0","0","0","0","0","2","0","4","","","","N","","","","","","","","","",""