"CRN","ARRIVAL_TM","AUTOMOBILE_COUNT","BELTED_DEATH_COUNT","BELTED_SUSP_SERIOUS_INJ_COUNT","BICYCLE_COUNT","BICYCLE_DEATH_COUNT","BICYCLE_SUSP_SERIOUS_INJ_COUNT","BUS_COUNT","CHLDPAS_DEATH_COUNT","CHLDPAS_SUSP_SERIOUS_INJ_COUNT","COLLISION_TYPE","COMM_VEH_COUNT","CONS_ZONE_SPD_LIM","COUNTY","CRASH_MONTH","CRASH_YEAR","DAY_OF_WEEK","DEC_LATITUDE","DEC_LONGITUDE","DISPATCH_TM","DISTRICT","DRIVER_COUNT_16YR","DRIVER_COUNT_17YR","DRIVER_COUNT_18YR","DRIVER_COUNT_19YR","DRIVER_COUNT_20YR","DRIVER_COUNT_50_64YR","DRIVER_COUNT_65_74YR","DRIVER_COUNT_75PLUS","EST_HRS_CLOSED","FATAL_COUNT","HEAVY_TRUCK_COUNT","HORSE_BUGGY_COUNT","HOUR_OF_DAY","ILLUMINATION","INJURY_COUNT","INTERSECTION_RELATED","INTERSECT_TYPE","LANE_CLOSED","LATITUDE","LN_CLOSE_DIR","LOCATION_TYPE","LONGITUDE","MAX_SEVERITY_LEVEL","MCYCLE_DEATH_COUNT","MCYCLE_SUSP_SERIOUS_INJ_COUNT","MOTORCYCLE_COUNT","MUNICIPALITY","NONMOTR_COUNT","NONMOTR_DEATH_COUNT","NONMOTR_SUSP_SERIOUS_INJ_COUNT","NTFY_HIWY_MAINT","PED_COUNT","PED_DEATH_COUNT","PED_SUSP_SERIOUS_INJ_COUNT","PERSON_COUNT","POLICE_AGCY","POSSIBLE_INJ_COUNT","RDWY_SURF_TYPE_CD","RELATION_TO_ROAD","ROADWAY_CLEARED","ROAD_CONDITION","SCH_BUS_IND","SCH_ZONE_IND","SECONDARY_CRASH","SMALL_TRUCK_COUNT","SPEC_JURIS_CD","SUSP_MINOR_INJ_COUNT","SUSP_SERIOUS_INJ_COUNT","SUV_COUNT","TCD_FUNC_CD","TCD_TYPE","TFC_DETOUR_IND","TIME_OF_DAY","TOTAL_UNITS","TOT_INJ_COUNT","UNBELTED_OCC_COUNT","UNB_DEATH_COUNT","UNB_SUSP_SERIOUS_INJ_COUNT","UNK_INJ_DEG_COUNT","UNK_INJ_PER_COUNT","URBAN_RURAL","VAN_COUNT","VEHICLE_COUNT","WEATHER1","WEATHER2","WORKERS_PRES","WORK_ZONE_IND","WORK_ZONE_LOC","WORK_ZONE_TYPE","WZ_CLOSE_DETOUR","WZ_FLAGGER","WZ_LAW_OFFCR_IND","WZ_LN_CLOSURE","WZ_MOVING","WZ_OTHER","WZ_SHLDER_MDN","WZ_WORKERS_INJ_KILLED"
"2005131169","","1","0","0","0","0","0","0","0","0","7","0","","02","5","2005","1","","","","11","0","0","0","0","0","0","1","0","1","0","0","0","","","1","","0","","","5","3","","4","0","0","0","2304","0","0","0","","0","0","0","1","02304","1","","3.0","","1","N","N","","0","","0","0","0","","0","Y","","1","1","0","0","0","0","0","1","0","1","","","","N","","","","","","","","","",""
"2005131170","","2","0","0","0","0","0","0","0","0","5","0","","02","4","2005","6","40.424204","-79.889885","","11","0","0","0","0","0","1","0","0","","0","0","0","","","0","","0","","40 25:27.134","","0","79 53:23.586","0","0","0","0","2463","0","0","0","N","0","0","0","1","02463","0","","1.0","","1","N","N","","0","","0","0","0","","0","","","2","0","0","0","0","0","0","2","0","2","","","","N","","","","","","","","","",""
"2005131171","","1","0","0","0","0","0","0","0","0","7","0","","02","4","2005","6","40.424263","-79.887661","","11","0","0","0","0","0","0","0","0","","0","0","0","","","0","","2","","40 25:27.346","","0","79 53:15.579","0","0","0","0","2463","0","0","0","N","0","0","0","2","02463","0","","5.0","","1","N","N","","0","","0","0","0","","3","","","1","0","0","0","0","0","0","2","0","1","","","","N","","","","","","","","","",""
"2005131251","","2","0","0","0","0","0","0","0","0","1","0","","02","5","2005","6","","","","11","0","0","0","1","0","1","0","0","","0","0","0","","","2","","3","","40 26:19.68","","2","79 45:08.64","4","0","0","0","2446","0","0","0","N","0","0","0","3","02446","2","","1.0","","9","N","N","","0","","0","0","0","","4","","","2","2","0","0","0","0","0","2","0","2","","","","N","","","","","","","","","",""
"2005131260","","1","0","0","0","0","0","0","0","0","1","0","","02","4","2005","5","40.437225","-79.759014","","11","0","0","0","0","0","0","0","0","","0","0","0","","","1","","0","","40 26:14.010","","0","79 45:32.449","3","0","0","0","2446","0","0","0","N","0","0","0","2","02446","0","","3.0","","1","N","N","","1","","1","0","0","","0","","","2","1","1","0","0","0","1","2","0","2","","","","N","","","","","","","","","",""
"2005131266","","0","0","0","0","0","0","0","0","0","1","0","","02","6","2005","3","40.567449","-80.012066","","11","0","1","0","0","0","0","0","0","","0","0","0","","","1","","1","","40 34:02.818","","0","80 00:43.439","8","0","0","0","2108","0","0","0","N","0","0","0","3","02108","0","","1.0","","1","N","N","","0","","0","0","2","","0","","","2","1","0","0","0","1","0","2","0","2","","","","N","","","","","","","","","",""
"2005131310","","1","0","0","0","0","0","0","0","0","7","0","","02","5","2005","1","40.44456","-80.235252","","11","0","1","0","0","0","0","0","0","","0","0","0","","","0","","0","","40 26:40.416","","0","80 14:06.907","0","0","0","0","2214","0","0","0","","0","0","0","1","02214","0","","4.0","","1","","","","0","","0","0","0","","0","","","1","0","0","0","0","0","0","2","0","1","","","","N","","","","","","","","","",""
"2005131376","","1","0","0","0","0","0","0","0","0","7","0","","02","5","2005","7","","","","11","0","0","0","0","0","0","0","0","","0","0","0","","","0","","0","","","","0","","0","0","0","0","2115","0","0","0","N","0","0","0","1","68B03","0","","2.0","","1","N","N","","0","","0","0","0","","0","","","1","0","0","0","0","0","0","1","0","1","","","","N","","","","","","","","","",""
"2005131377","","0","0","0","0","0","0","0","0","0","1","0","55","02","5","2005","2","","","","11","0","0","0","0","0","0","0","0","","0","0","0","","","3","","0","","40 31:42.60","","0","80 16:21.00","4","0","0","0","2203","0","0","0","N","0","0","0","3","68B03","3","","1.0","","1","N","N","","1","","0","0","1","","0","","","2","3","1","0","0","0","0","1","0","2","","","Y","Y","3","1","","","N","Y","Y","","Y",""
"2005131378","","3","0","0","0","0","0","0","0","0","1","0","","02","5","2005","2","","","","11","0","0","0","0","0","1","0","0","1","0","0","0","","","4","","0","","","2","0","","4","0","0","0","2115","0","0","0","N","0","0","0","5","68B03","4","","1.0","","9","N","N","","0","","0","0","0","","0","N","","3","4","0","0","0","0","0","1","0","3","","","","N","","","","","","","","","",""
"2005131379","","1","0","0","0","0","0","0","0","0","1","0","45","02","5","2005","2","","","","11","0","0","0","0","0","2","0","0","","0","0","0","","","1","","0","","40 25:30.36","","0","80 07:13.44","4","0","0","0","2115","0","0","0","N","0","0","0","4","68B03","1","","1.0","","9","N","N","","0","","0","0","0","","0","","","2","1","0","0","0","0","0","2","1","2","","","Y","Y","4","1","","","N","","","","Y",""
"2005131380","","0","0","0","0","0","0","0","0","0","1","0","45","02","2","2005","4","","","","11","0","0","0","0","0","1","0","0","","0","0","0","","","1","","6","","40 26:46.68","","2","80 09:54.36","8","0","0","0","2115","0","0","0","N","0","0","0","2","68B03","0","","1.0","","9","N","N","","0","","0","0","1","","3","","","2","1","0","0","0","1","0","2","1","2","","","Y","Y","4","1","","","N","","","","Y",""
"2005131381","","0","0","0","0","0","0","0","0","0","1","0","","02","2","2005","6","40.655825","-80.092756","","11","0","0","0","0","0","0","0","0","3","0","0","0","","","0","","7","","40 39:20.970","1","8","80 05:33.923","0","0","0","0","2212","0","0","0","N","0","0","0","2","68B03","0","","1.0","","2","N","N","","1","","0","0","0","","0","N","","2","0","0","0","0","0","0","2","1","2","","","","N","","","","","","","","","",""
"2005131382","","3","0","0","0","0","0","0","0","0","1","0","","02","4","2005","5","","","","11","0","0","0","0","0","1","0","0","","0","0","0","","","1","","0","","40 25:32.16","","0","79 54:16.20","4","0","0","0","2426","0","0","0","N","0","0","0","5","68B03","1","","1.0","","1","N","N","","0","","0","0","1","","0","","","4","1","0","0","0","0","0","2","0","4","","","","N","","","","","","","","","",""
"2005131398","","2","0","1","0","0","0","0","0","0","4","0","","02","5","2005","5","40.376111","-80.097802","","11","0","0","0","0","0","1","0","0","","0","0","0","","","2","","2","","40 22:34.000","","0","80 05:52.088","2","0","0","0","2102","0","0","0","N","0","0","0","2","02102","1","","1.0","","1","N","N","","0","","0","1","0","","3","","","2","2","0","0","0","0","0","2","0","2","","","","N","","","","","","","","","",""
"2005131399","","0","0","0","0","0","0","0","0","0","7","0","50","02","4","2005","6","40.511975","-80.135129","","11","0","0","0","0","0","1","0","0","","0","0","0","","","0","","0","","40 30:43.111","","0","80 08:06.466","0","0","0","0","2102","0","0","0","Y","0","0","0","1","68B03","0","","7.0","","9","N","N","","0","","0","0","1","","0","","","1","0","0","0","0","0","0","2","0","1","","","N","Y","4","1","","","Y","","","","",""
"2005131418","","0","0","0","0","0","0","0","0","0","7","0","","02","5","2005","1","40.4114","-80.0759","","11","0","1","0","0","0","0","0","0","","0","0","0","","","0","","6","","40 24:41.040","","2","80 04:33.240","0","0","0","1","2117","0","0","0","N","0","0","0","2","68B03","0","","3.0","","9","N","N","","0","","0","0","0","","0","","","1","0","0","0","0","0","0","2","0","1","","","","N","","","","","","","","","",""
"2005131656","","2","0","0","0","0","0","0","0","0","7","0","","02","5","2005","6","","","","11","0","0","0","0","0","0","0","0","","0","0","0","","","0","","0","","","","0","","0","0","0","0","2472","0","0","0","N","0","0","0","2","02472","0","","5.0","","1","N","N","","1","","0","0","0","","0","","","3","0","0","0","0","0","0","1","0","3","","","","N","","","","","","","","","",""
"2005131657","","3","0","0","0","0","0","0","0","0","1","0","","02","4","2005","6","40.423863","-79.887255","","11","0","0","0","0","0","1","0","1","2","0","0","0","","","1","","1","","40 25:25.906","5","0","79 53:14.118","8","0","0","0","2463","0","0","0","N","0","0","0","2","02463","0","","1.0","","1","N","N","","0","","0","0","0","","0","Y","","3","1","0","0","0","1","0","2","0","3","","","","N","","","","","","","","","",""
"2005131658","","1","0","0","0","0","0","0","0","0","1","0","","02","4","2005","5","","","","11","0","0","0","0","0","1","0","0","","0","0","0","","","0","","1","","","","0","","0","0","0","0","2463","0","0","0","N","0","0","0","2","02463","0","","1.0","","1","N","N","","0","","0","0","1","","2","","","2","0","0","0","0","0","0","1","0","2","","","","N","","","","","","","","","",""
"2005131667","","1","0","0","0","0","0","0","0","0","5","0","","02","6","2005","6","40.437015","-79.963241","","11","0","0","0","0","0","1","0","0","","0","0","0","","","0","","0","","40 26:13.255","","0","79 57:47.666","0","0","0","0","2301","0","0","0","N","0","0","0","2","02301","0","","1.0","","1","N","N","","0","","0","0","1","","0","","","2","0","0","0","0","0","0","2","0","2","","","","N","","","","","","","","","",""
"2005131668","","1","0","0","0","0","0","0","0","0","5","0","","02","4","2005","6","","","","11","0","0","0","0","0","0","0","0","1","0","0","0","","","1","","0","","","1","0","","8","0","0","0","2301","0","0","0","N","0","0","0","3","02301","0","","1.0","","1","N","N","","0","","0","0","1","","0","N","","2","1","0","0","0","1","0","1","0","2","","","","N","","","","","","","","","",""
"2005131679","","0","0","0","0","0","0","0","0","0","7","0","","02","4","2005","6","40.456929","-79.871541","","11","0","0","0","0","0","0","0","0","","0","0","0","","","0","","0","","40 27:24.944","","0","79 52:17.547","9","0","0","0","2301","0","0","0","N","0","0","0","1","02301","0","","4.0","","1","N","N","","1","","0","0","0","","0","","","1","0","0","0","0","0","1","2","0","1","","","","N","","","","","","","","","",""
"2005131683","","1","0","0","0","0","0","0","0","0","4","0","","02","5","2005","4","40.362393","-80.04659","","11","0","0","0","0","0","1","0","0","","0","0","0","","","0","","2","","40 21:44.615","","0","80 02:47.723","9","0","0","0","2109","0","0","0","N","0","0","0","3","02109","0","","1.0","","1","N","N","","0","","0","0","1","","3","","","2","0","1","0","0","0","3","2","0","2","","","","N","","","","","","","","","",""
"2005131776","","1","0","0","0","0","0","0","0","0","7","0","","02","7","2005","4","40.6173","-79.9457","","11","0","0","0","0","0","1","0","0","1","0","0","0","","","0","","0","","40 37:02.280","2","0","79 56:44.520","0","0","0","0","2217","0","0","0","N","0","0","0","2","02217","0","","4.0","","1","N","N","","0","","0","0","1","","0","N","","2","0","0","0","0","0","0","2","0","2","","","","N","","","","","","","","","",""
"2005131777","","1","0","0","0","0","0","0","0","0","0","0","","02","7","2005","6","40.19958","-79.867706","","11","0","0","0","0","0","2","0","0","1","0","0","0","","","0","","0","","40 11:58.489","4","0","79 52:03.742","0","0","0","0","2204","0","0","0","N","0","0","0","2","02204","0","","1.0","","1","N","N","","1","","0","0","0","","0","N","","2","0","0","0","0","0","0","1","0","2","","","","N","","","","","","","","","",""
"2005131779","","2","0","0","0","0","0","0","0","0","5","0","","02","7","2005","4","40.496564","-79.943197","","11","0","0","0","0","0","1","0","0","","0","0","0","","","1","","10","","40 29:47.632","","0","79 56:35.508","8","0","0","0","2430","0","0","0","N","0","0","0","2","02430","0","","1.0","","1","N","N","","0","","0","0","0","","0","","","2","1","0","0","0","1","0","2","0","2","","","","N","","","","","","","","","",""
"2005131784","","1","0","0","0","0","0","0","0","0","4","0","","02","7","2005","5","40.65096","-80.118527","","11","1","0","0","0","0","0","0","0","","0","0","0","","","0","","1","","40 39:03.456","","0","80 07:06.697","0","0","0","0","2212","0","0","0","N","0","0","0","2","02505","0","","1.0","","1","N","N","","0","","0","0","1","","3","","","2","0","0","0","0","0","0","1","0","2","","","","N","","","","","","","","","",""
"2005131785","","1","0","0","0","0","0","0","0","0","1","0","","02","7","2005","6","40.354008","-80.005199","","11","0","0","0","0","0","1","0","0","","0","0","0","","","0","","0","","40 21:14.427","","0","80 00:18.718","0","0","0","0","2476","0","0","0","N","0","0","0","5","02476","0","","1.0","","1","N","N","","0","","0","0","1","","0","","","3","0","2","0","0","0","0","2","1","3","","","","N","","","","","","","","","",""
"2005131787","","0","0","0","0","0","0","0","0","0","2","1","","02","7","2005","4","40.327917","-80.064163","","11","0","0","0","0","0","0","0","0","3","0","1","0","","","2","","0","","40 19:40.501","5","0","80 03:50.986","2","0","0","0","2123","0","0","0","N","0","0","0","2","02123","1","","1.0","","1","N","N","","0","","0","1","1","","0","Y","","2","2","1","0","1","0","0","2","0","2","","","","N","","","","","","","","","",""
"2005131791","","1","0","0","0","0","0","0","0","0","7","0","","02","4","2005","6","40.467696","-79.958046","","11","0","0","0","0","0","0","0","1","","0","0","0","","","0","","1","","40 28:03.705","","0","79 57:28.965","0","0","0","0","2301","0","0","0","N","0","0","0","2","02301","0","","4.0","","1","N","N","","0","","0","0","0","","0","","","1","0","1","0","0","0","0","2","0","1","","","","N","","","","","","","","","",""
"2005131792","","1","0","0","0","0","0","0","0","0","7","0","","02","4","2005","1","","","","11","0","0","0","0","0","0","0","0","2","0","0","0","","","3","","1","","","6","0","","3","0","0","0","2301","0","0","0","N","0","0","0","3","02301","1","","4.0","","1","N","N","","0","","2","0","0","","2","Y","","1","3","0","0","0","0","0","1","0","1","","","","N","","","","","","","","","",""
"2005131793","","2","0","0","0","0","0","0","0","0","4","0","","02","4","2005","7","40.443841","-79.920453","","11","0","0","0","1","0","0","0","0","","0","0","0","","","0","","1","","40 26:37.829","","0","79 55:13.630","0","0","0","0","2301","0","0","0","N","0","0","0","2","02301","0","","1.0","","1","N","N","","0","","0","0","0","","2","","","2","0","0","0","0","0","0","2","0","2","","","","N","","","","","","","","","",""
"2005131794","","2","0","0","0","0","0","0","0","0","4","0","","02","6","2005","3","","","","11","0","0","0","0","0","0","0","0","","0","0","0","","","0","","2","","","","0","","0","0","0","0","2301","0","0","0","","0","0","0","2","02301","0","","1.0","","1","N","","","0","","0","0","0","","0","","","2","0","0","0","0","0","0","1","0","2","","","","N","","","","","","","","","",""
"2005131798","","2","0","0","0","0","0","0","0","0","4","0","","02","3","2005","3","40.516111","-80.197405","","11","0","0","0","0","0","1","1","0","","0","0","0","","","1","","2","","40 30:58.000","","0","80 11:50.657","4","0","0","0","2213","0","0","0","N","0","0","0","2","02213","1","","1.0","","1","N","N","","0","","0","0","0","","3","","","2","1","0","0","0","0","0","2","0","2","","","","N","","","","","","","","","",""
"2005131799","","2","0","0","0","0","0","0","0","0","4","0","","02","6","2005","4","40.506291","-80.223308","","11","0","0","0","0","1","0","0","0","1","0","0","0","","","2","","2","","40 30:22.649","2","0","80 13:23.907","4","0","0","0","2213","0","0","0","N","0","0","0","2","05213","2","","1.0","","1","N","N","","0","","0","0","0","","3","N","","2","2","1","0","0","0","0","2","0","2","","","","N","","","","","","","","","",""
"2005131800","","1","0","0","0","0","0","0","0","0","7","0","","02","4","2005","1","40.592148","-80.047581","","11","0","0","0","0","1","0","0","0","","0","0","0","","","0","","0","","40 35:31.733","","0","80 02:51.291","0","0","0","0","2108","0","0","0","Y","0","0","0","2","02108","0","","4.0","","7","N","N","","0","","0","0","0","","0","","","1","0","0","0","0","0","0","2","0","1","","","","N","","","","","","","","","",""
"2005131801","","1","0","0","0","0","0","0","0","0","4","0","","02","6","2005","2","40.568006","-80.049508","","11","0","0","0","1","0","0","0","1","1","0","0","0","","","2","","1","","40 34:04.821","5","0","80 02:58.228","4","0","0","0","2108","0","0","0","","0","0","0","4","02108","2","","1.0","","1","N","N","","1","","0","0","0","","3","Y","","3","2","0","0","0","0","0","2","1","3","","","","N","","","","","","","","","",""
"2005131802","","2","0","0","0","0","0","0","0","0","1","0","","02","6","2005","4","40.6103","-80.0534","","11","0","0","0","1","0","0","0","0","","0","0","0","","","0","","0","","40 36:37.080","","0","80 03:12.240","0","0","0","0","2108","0","0","0","N","0","0","0","3","02108","0","","1.0","","1","N","N","","0","","0","0","0","","0","","","2","0","0","0","0","0","0","2","0","2","","","","N","","","","","","","","","",""
"2005131803","","1","0","0","0","0","0","0","0","0","7","0","","02","6","2005","7","40.5903","-79.9464","","11","0","0","0","0","0","0","0","0","3","0","0","0","","","1","","0","","40 35:25.080","6","0","79 56:47.040","4","0","0","0","2108","0","0","0","N","0","0","0","1","02108","1","","2.0","","9","N","N","","0","","0","0","0","","0","N","","1","1","0","0","0","0","0","2","0","1","","","","N","","","","","","","","","",""
"2005131804","","2","0","0","0","0","0","0","0","0","4","0","","02","6","2005","2","40.572274","-80.02362","","11","0","0","1","0","0","1","0","0","2","0","0","0","","","0","","1","","40 34:20.186","2","0","80 01:25.033","0","0","0","0","2108","0","0","0","N","0","0","0","3","02108","0","","1.0","","1","N","N","","0","","0","0","0","","2","N","","2","0","0","0","0","0","0","2","0","2","","","","N","","","","","","","","","",""
"2005131805","","2","0","0","0","0","0","0","0","0","1","0","","02","5","2005","5","40.5938","-79.9986","","11","0","0","0","0","0","0","0","0","1","0","0","0","","","2","","0","","40 35:37.680","3","0","79 59:54.960","3","0","0","0","2108","0","0","0","N","0","0","0","4","02108","0","","1.0","","1","N","N","","0","","2","0","0","","0","N","","2","2","0","0","0","0","0","1","0","2","","","","N","","","","","","","","","",""
"2005131806","","1","0","0","0","0","0","0","0","0","1","0","","02","5","2005","7","40.571589","-80.036934","","11","0","0","0","0","0","1","0","0","","0","0","0","","","1","","0","","40 34:17.720","","0","80 02:12.964","4","0","0","0","2108","0","0","0","N","0","0","0","3","02108","1","","1.0","","9","N","N","","0","","0","0","1","","0","","","2","1","0","0","0","0","0","2","0","2","","","","N","","","","","","","","","",""
"2005131807","","1","0","0","0","0","0","0","0","0","7","0","","02","4","2005","6","40.5574","-80.061119","","11","0","0","0","0","0","1","0","0","","0","0","0","","","0","","0","","40 33:26.640","","0","80 03:40.028","0","0","0","0","2108","0","0","0","N","0","0","0","1","02108","0","","5.0","","1","N","N","","0","","0","0","0","","0","","","1","0","0","0","0","0","0","2","0","1","","","","N","","","","","","","","","",""
"2005131808","","1","0","0","0","0","0","0","0","0","1","0","","02","4","2005","7","40.574167","-79.991427","","11","0","0","0","0","0","0","0","0","","0","0","0","","","0","","0","","40 34:27.000","","0","79 59:29.137","0","0","0","0","2108","0","0","0","N","0","0","0","4","02108","0","","1.0","","1","N","N","","0","","0","0","0","","0","","","2","0","0","0","0","0","0","2","1","2","","","","N","","","","","","","","","",""
"2005131809","","2","0","0","0","0","0","0","0","0","4","0","","02","4","2005","1","40.453691","-79.945961","","11","0","0","0","0","0","0","0","0","2","0","0","0","","","0","","0","","40 27:13.287","6","0","79 56:45.459","0","0","0","0","2301","0","0","0","N","0","0","0","2","02301","0","","1.0","","1","N","N","","0","","0","0","0","","0","Y","","2","0","0","0","0","0","0","2","0","2","","","","N","","","","","","","","","",""
"2005131810","","2","0","0","0","0","0","0","0","0","5","0","","02","6","2005","3","40.448101","-80.026174","","11","0","0","0","0","0","0","0","0","1","0","0","0","","","0","","7","","40 26:53.162","1","2","80 01:34.227","9","0","0","0","2301","0","0","0","N","0","0","0","2","02301","0","","7.0","","1","N","N","","0","","0","0","0","","0","N","","2","0","0","0","0","0","1","2","0","2","","","","N","","","","","","","","","",""
"2005131811","","3","0","0","0","0","0","0","0","0","1","0","","02","6","2005","3","40.4496","-80.0254","","11","0","0","0","0","0","1","0","0","1","0","0","0","","","0","","0","","40 26:58.560","1","0","80 01:31.440","0","0","0","0","2301","0","0","0","N","0","0","0","4","02301","0","","1.0","","1","N","N","","1","","0","0","0","","0","N","","4","0","0","0","0","0","0","2","0","4","","","","N","","","","","","","","","",""
"2005131812","","1","0","0","0","0","0","0","0","0","7","0","","02","6","2005","1","","","","11","0","0","0","0","0","0","0","0","1","0","0","0","","","1","","6","","","2","0","","8","0","0","0","2301","0","0","0","N","0","0","0","1","02301","0","","2.0","","1","N","N","","0","","0","0","0","","0","N","","1","1","1","0","0","1","0","1","0","1","","","","N","","","","","","","","","",""
"2005131813","","2","0","0","0","0","0","0","0","0","5","0","","02","6","2005","2","40.465866","-80.026138","","11","0","0","0","0","0","0","0","0","","0","0","0","","","1","","0","","40 27:57.119","","0","80 01:34.096","8","0","0","0","2301","0","0","0","N","0","0","0","1","02301","0","","1.0","","1","N","N","","0","","0","0","0","","0","","","2","1","0","0","0","1","0","2","0","2","","","","N","","","","","","","","","",""
"2005131814","","1","0","0","0","0","0","0","0","0","1","0","","02","6","2005","4","40.398289","-79.999692","","11","0","0","0","0","0","0","0","0","2","0","0","0","","","0","","0","","40 23:53.840","1","0","79 59:58.892","0","0","0","0","2301","0","0","0","N","0","0","0","6","02301","0","","1.0","","1","N","N","","0","","0","0","1","","0","N","","2","0","0","0","0","0","0","2","0","2","","","","N","","","","","","","","","",""
"2005131815","","1","0","0","0","0","0","0","0","0","5","0","","02","6","2005","3","","","","11","0","0","0","0","0","0","0","0","","0","0","0","","","1","","0","","","","0","","4","0","0","0","2301","0","0","0","N","0","0","0","2","02301","1","","1.0","","1","N","N","","0","","0","0","0","","0","","","2","1","0","0","0","0","0","1","1","2","","","","N","","","","","","","","","",""
"2005131816","","1","0","0","0","0","0","0","0","0","4","0","","02","6","2005","4","40.402253","-79.988556","","11","0","0","0","0","0","0","0","1","2","0","0","0","","","1","","1","","40 24:08.110","5","0","79 59:18.801","8","0","0","0","2301","0","0","0","N","0","0","0","3","02301","0","","1.0","","1","N","N","","1","","0","0","0","","3","N","","2","1","2","0","0","1","1","2","0","2","","","","N","","","","","","","","","",""
"2005131817","","2","0","0","0","0","0","0","0","0","1","0","","02","6","2005","3","40.486986","-79.886617","","11","0","0","0","0","0","1","0","0","2","0","0","0","","","0","","0","","40 29:13.150","4","0","79 53:11.821","0","0","0","0","2301","0","0","0","N","0","0","0","3","02301","0","","1.0","","1","N","N","","1","","0","0","0","","0","N","","3","0","0","0","0","0","0","2","0","3","","","","N","","","","","","","","","",""
"2005131818","","1","0","0","0","0","0","0","0","0","99","0","","02","6","2005","3","40.435315","-79.993069","","11","0","0","0","0","0","0","0","0","2","0","0","0","","","0","","3","","40 26:07.135","2","0","79 59:35.048","0","0","0","0","2301","0","0","0","N","0","0","0","2","02301","0","","1.0","","1","N","N","","0","","0","0","0","","0","N","","1","0","0","0","0","0","0","2","0","1","","","","N","","","","","","","","","",""
"2005131819","","2","0","0","0","0","0","0","0","0","4","0","","02","6","2005","1","","","","11","0","0","0","0","0","0","0","0","","0","0","0","","","3","","1","","","","0","","4","0","0","0","2301","0","0","0","","0","0","0","5","02301","3","","1.0","","1","","","","0","","0","0","0","","0","","","2","3","3","0","0","0","0","1","0","2","","","","N","","","","","","","","","",""
"2005131820","","2","0","0","0","0","0","0","0","0","1","0","","02","4","2005","6","40.435824","-79.966578","","11","0","0","0","0","0","0","0","0","","0","0","0","","","0","","0","","40 26:08.968","","0","79 57:59.680","0","0","0","0","2301","0","0","0","N","0","0","0","4","02301","0","","1.0","","1","N","N","","0","","0","0","0","","0","","","2","0","0","0","0","0","0","2","0","2","","","","N","","","","","","","","","",""
"2005131821","","2","0","0","0","0","0","0","0","0","6","0","","02","4","2005","7","40.451208","-79.930454","","11","0","0","0","0","0","0","0","0","2","0","0","0","","","0","","1","","40 27:04.348","2","0","79 55:49.634","0","0","0","0","2301","0","0","0","N","0","0","0","2","02301","0","","1.0","","1","N","N","","0","","0","0","0","","3","Y","","3","0","1","0","0","0","0","2","1","3","","","","N","","","","","","","","","",""
"2005131890","","1","0","0","0","0","0","0","0","0","1","0","","02","4","2005","1","","","","11","0","0","0","0","0","0","0","1","","0","0","0","","","0","","0","","","","0","","0","0","0","0","2301","0","0","0","N","0","0","0","3","02301","0","","1.0","","1","N","N","","0","","0","0","1","","0","","","2","0","1","0","0","0","0","1","0","2","","","","N","","","","","","","","","",""
"2005131891","","2","0","0","0","0","0","0","0","0","1","0","","02","4","2005","6","40.441826","-79.919885","","11","0","0","0","0","0","0","1","0","","0","0","0","","","1","","1","","40 26:30.573","","0","79 55:11.586","3","0","0","0","2301","0","0","0","N","0","0","0","3","02301","0","","1.0","","1","N","N","","1","","1","0","0","","2","","","3","1","0","0","0","0","0","2","0","3","","","","N","","","","","","","","","",""
"2005131894","","1","0","0","0","0","0","0","0","0","1","0","","02","4","2005","7","40.438023","-79.913084","","11","0","0","0","0","0","1","0","0","1","0","0","0","","","1","","1","","40 26:16.882","3","0","79 54:47.102","4","0","0","0","2301","0","0","0","","0","0","0","3","02301","1","","1.0","","1","N","N","","0","","0","0","0","","2","N","","2","1","0","0","0","0","0","2","1","2","","","","N","","","","","","","","","",""
"2005131895","","0","0","0","0","0","0","0","0","0","7","0","","02","4","2005","7","40.456205","-80.025368","","11","0","0","0","0","0","0","0","0","","0","0","0","","","0","","10","","40 27:22.338","","0","80 01:31.324","9","0","0","0","2301","0","0","0","N","0","0","0","1","02301","0","","5.0","","1","N","Y","","0","","0","0","1","","0","","","1","0","0","0","0","0","1","2","0","1","","","","N","","","","","","","","","",""
"2005131896","","3","0","0","0","0","0","0","0","0","1","0","","02","4","2005","7","40.4649","-79.9798","","11","0","0","0","0","0","1","0","0","2","0","0","0","","","0","","0","","40 27:53.640","2","0","79 58:47.280","0","0","0","0","2301","0","0","0","N","0","0","0","5","02301","0","","1.0","","1","N","N","","0","","0","0","0","","2","N","","3","0","0","0","0","0","0","2","0","3","","","","N","","","","","","","","","",""
"2005131897","","2","0","0","0","0","0","0","0","0","4","0","","02","4","2005","7","40.451318","-80.020401","","11","0","0","0","0","0","1","0","0","","0","0","0","","","0","","2","","40 27:04.745","","7","80 01:13.445","0","0","0","0","2301","0","0","0","N","0","0","0","4","02301","0","","1.0","","1","N","N","","0","","0","0","0","","0","","","2","0","0","0","0","0","0","2","0","2","","","","N","","","","","","","","","",""