"CRN","ARRIVAL_TM","AUTOMOBILE_COUNT","BELTED_DEATH_COUNT","BELTED_SUSP_SERIOUS_INJ_COUNT","BICYCLE_COUNT","BICYCLE_DEATH_COUNT","BICYCLE_SUSP_SERIOUS_INJ_COUNT","BUS_COUNT","CHLDPAS_DEATH_COUNT","CHLDPAS_SUSP_SERIOUS_INJ_COUNT","COLLISION_TYPE","COMM_VEH_COUNT","CONS_ZONE_SPD_LIM","COUNTY","CRASH_MONTH","CRASH_YEAR","DAY_OF_WEEK","DEC_LATITUDE","DEC_LONGITUDE","DISPATCH_TM","DISTRICT","DRIVER_COUNT_16YR","DRIVER_COUNT_17YR","DRIVER_COUNT_18YR","DRIVER_COUNT_19YR","DRIVER_COUNT_20YR","DRIVER_COUNT_50_64YR","DRIVER_COUNT_65_74YR","DRIVER_COUNT_75PLUS","EST_HRS_CLOSED","FATAL_COUNT","HEAVY_TRUCK_COUNT","HORSE_BUGGY_COUNT","HOUR_OF_DAY","ILLUMINATION","INJURY_COUNT","INTERSECTION_RELATED","INTERSECT_TYPE","LANE_CLOSED","LATITUDE","LN_CLOSE_DIR","LOCATION_TYPE","LONGITUDE","MAX_SEVERITY_LEVEL","MCYCLE_DEATH_COUNT","MCYCLE_SUSP_SERIOUS_INJ_COUNT","MOTORCYCLE_COUNT","MUNICIPALITY","NONMOTR_COUNT","NONMOTR_DEATH_COUNT","NONMOTR_SUSP_SERIOUS_INJ_COUNT","NTFY_HIWY_MAINT","PED_COUNT","PED_DEATH_COUNT","PED_SUSP_SERIOUS_INJ_COUNT","PERSON_COUNT","POLICE_AGCY","POSSIBLE_INJ_COUNT","RDWY_SURF_TYPE_CD","RELATION_TO_ROAD","ROADWAY_CLEARED","ROAD_CONDITION","SCH_BUS_IND","SCH_ZONE_IND","SECONDARY_CRASH","SMALL_TRUCK_COUNT","SPEC_JURIS_CD","SUSP_MINOR_INJ_COUNT","SUSP_SERIOUS_INJ_COUNT","SUV_COUNT","TCD_FUNC_CD","TCD_TYPE","TFC_DETOUR_IND","TIME_OF_DAY","TOTAL_UNITS","TOT_INJ_COUNT","UNBELTED_OCC_COUNT","UNB_DEATH_COUNT","UNB_SUSP_SERIOUS_INJ_COUNT","UNK_INJ_DEG_COUNT","UNK_INJ_PER_COUNT","URBAN_RURAL","VAN_COUNT","VEHICLE_COUNT","WEATHER1","WEATHER2","WORKERS_PRES","WORK_ZONE_IND","WORK_ZONE_LOC","WORK_ZONE_TYPE","WZ_CLOSE_DETOUR","WZ_FLAGGER","WZ_LAW_OFFCR_IND","WZ_LN_CLOSURE","WZ_MOVING","WZ_OTHER","WZ_SHLDER_MDN","WZ_WORKERS_INJ_KILLED"
"2005133204","","0","0","0","0","0","0","0","0","0","7","0","","02","4","2005","1","40.455027","-79.760242","","11","0","0","0","0","0","0","0","0","1","0","0","0","","","1","","0","","40 27:18.097","2","0","79 45:36.871","3","0","0","0","2446","0","0","0","N","0","0","0","1","02446","0","","4.0","","6","N","N","","1","","1","0","0","","0","N","","1","1","0","0","0","0","0","2","0","1","","","","N","","","","","","","","","",""
"2005133213","","1","0","0","0","0","0","0","0","0","7","0","","02","5","2005","2","40.422406","-79.863877","","11","0","0","0","1","0","0","0","0","1","0","0","0","","","0","","1","","40 25:20.661","4","0","79 51:49.956","9","0","0","0","2431","0","0","0","N","0","0","0","1","02431","0","","2.0","","1","N","N","","0","","0","0","0","","0","N","","1","0","0","0","0","0","1","2","0","1","","","","N","","","","","","","","","",""
"2005133214","","2","0","0","0","0","0","0","0","0","3","0","","02","5","2005","2","40.424004","-79.860428","","11","0","0","0","0","1","0","0","0","","0","0","0","","","1","","0","","40 25:26.414","","7","79 51:37.540","4","0","0","0","2431","0","0","0","","0","0","0","2","02431","1","","1.0","","1","N","N","","0","","0","0","0","","0","","","2","1","0","0","0","0","0","2","0","2","","","","N","","","","","","","","","",""
"2005133216","","1","0","0","0","0","0","0","0","0","1","0","","02","5","2005","1","40.415679","-79.838722","","11","0","0","0","0","0","0","1","0","2","0","0","0","","","1","","0","","40 24:56.444","6","0","79 50:19.399","3","0","0","0","2431","0","0","0","","0","0","0","2","02431","0","","1.0","","1","N","N","","1","","1","0","0","","0","Y","","2","1","0","0","0","0","0","2","0","2","","","","N","","","","","","","","","",""
"2005133217","","1","0","0","0","0","0","0","0","0","7","0","","02","6","2005","5","40.419331","-79.849572","","11","0","0","0","0","0","0","0","1","1","0","0","0","","","1","","0","","40 25:09.593","4","0","79 50:58.459","4","0","0","0","2431","0","0","0","N","0","0","0","1","02431","1","","3.0","","1","N","N","","0","","0","0","0","","0","N","","1","1","0","0","0","0","0","2","0","1","","","","N","","","","","","","","","",""
"2005133218","","0","0","0","0","0","0","0","0","0","1","0","","02","4","2005","6","40.572275","-80.023533","","11","0","0","0","0","0","1","0","0","2","0","0","0","","","0","","1","","40 34:20.189","3","0","80 01:24.720","0","0","0","0","2108","0","0","0","N","0","0","0","5","02108","0","","1.0","","1","N","N","","0","","0","0","1","","2","N","","2","0","0","0","0","0","0","2","1","2","","","","N","","","","","","","","","",""
"2005133219","","2","0","0","0","0","0","0","0","0","4","0","","02","6","2005","7","40.5868","-80.043","","11","0","0","0","0","0","0","0","1","1","0","0","0","","","1","","0","","40 35:12.480","2","0","80 02:34.800","4","0","0","0","2108","0","0","0","N","0","0","0","3","02108","1","","1.0","","1","N","N","","0","","0","0","0","","3","Y","","2","1","0","0","0","0","0","2","0","2","","","","N","","","","","","","","","",""
"2005133221","","2","0","0","0","0","0","0","0","0","4","0","","02","4","2005","2","40.610116","-80.053381","","11","0","0","0","0","0","1","0","0","2","0","0","0","","","4","","1","","40 36:36.416","2","0","80 03:12.173","3","0","0","0","2108","0","0","0","N","0","0","0","4","02108","3","","1.0","","1","N","N","","0","","1","0","0","","2","N","","2","4","0","0","0","0","0","2","0","2","","","","N","","","","","","","","","",""
"2005133222","","1","0","0","0","0","0","0","0","0","99","0","","02","4","2005","5","40.562859","-80.011541","","11","0","0","1","0","0","0","0","0","","0","0","0","","","0","","0","","40 33:46.291","","0","80 00:41.546","0","0","0","0","2108","0","0","0","N","0","0","0","1","02108","0","","1.0","","1","N","N","","0","","0","0","0","","0","","","1","0","0","0","0","0","0","2","0","1","","","","N","","","","","","","","","",""
"2005133223","","1","0","0","0","0","0","0","0","0","7","0","","02","4","2005","7","40.579899","-80.000262","","11","0","0","1","0","0","0","0","0","","0","0","0","","","0","","0","","40 34:47.637","","0","80 00:00.943","0","0","0","0","2108","0","0","0","N","0","0","0","4","02108","0","","4.0","","1","N","N","","0","","0","0","0","","0","","","1","0","4","0","0","0","0","2","0","1","","","","N","","","","","","","","","",""
"2005133224","","0","0","0","0","0","0","0","0","0","7","0","","02","4","2005","4","40.581554","-79.992996","","11","0","0","0","0","0","0","0","0","1","0","0","0","","","2","","0","","40 34:53.595","1","0","79 59:34.787","4","0","0","1","2108","0","0","0","N","0","0","0","2","02108","2","","4.0","","1","N","N","","0","","0","0","0","","0","N","","1","2","0","0","0","0","0","2","0","1","","","","N","","","","","","","","","",""
"2005133225","","1","0","0","0","0","0","0","0","0","7","0","","02","6","2005","2","40.565462","-80.024709","","11","0","0","0","0","0","0","0","0","","0","0","0","","","1","","0","","40 33:55.664","","0","80 01:28.952","4","0","0","0","2108","0","0","0","N","0","0","0","3","02108","1","","1.0","","1","N","N","","0","","0","0","0","","8","","","1","1","0","0","0","0","0","2","0","1","","","","N","","","","","","","","","",""
"2005133254","","0","0","0","0","0","0","0","0","0","7","0","","02","6","2005","3","40.328645","-79.817119","","11","0","0","0","0","0","1","0","0","","0","0","0","","","0","","2","","40 19:43.122","","0","79 49:01.627","0","0","0","0","2304","0","0","0","N","0","0","0","1","02304","0","","2.0","","1","N","N","","0","","0","0","1","","0","","","1","0","0","0","0","0","0","2","0","1","","","","N","","","","","","","","","",""
"2005133255","","2","0","0","0","0","0","0","0","0","1","0","","02","6","2005","7","40.333311","-79.847276","","11","0","0","0","0","1","1","0","0","","0","0","0","","","1","","0","","40 19:59.919","","0","79 50:50.195","8","0","0","0","2304","0","0","0","","0","0","0","3","02304","0","","1.0","","1","N","N","","0","","0","0","1","","0","","","3","1","0","0","0","1","0","2","0","3","","","","N","","","","","","","","","",""
"2005133320","","2","0","0","0","0","0","0","0","0","4","0","","02","7","2005","6","40.346046","-79.973399","","11","0","0","0","0","0","0","0","1","2","0","0","0","","","3","","0","","40 20:45.764","2","0","79 58:24.237","4","0","0","0","2476","0","0","0","N","0","0","0","3","02476","3","","1.0","","1","N","N","","0","","0","0","0","","0","Y","","2","3","0","0","0","0","0","2","0","2","","","","N","","","","","","","","","",""
"2005133410","","1","0","0","0","0","0","0","0","0","7","0","","02","3","2005","4","40.42709","-80.106018","","11","0","0","0","0","0","0","0","0","","0","0","0","","","0","","6","","40 25:37.523","","2","80 06:21.663","0","0","0","0","2115","0","0","0","N","0","0","0","1","68B03","0","","2.0","","2","N","N","","0","","0","0","0","","0","","","1","0","0","0","0","0","0","2","0","1","","","","N","","","","","","","","","",""
"2005133411","","2","0","0","0","0","0","0","0","0","1","0","","02","3","2005","4","40.324823","-80.143293","","11","0","0","0","1","0","1","0","0","2","0","0","0","","","2","","0","","40 19:29.364","1","0","80 08:35.856","4","0","0","0","2119","0","0","0","N","0","0","0","4","68B03","2","","1.0","","2","N","N","","0","","0","0","0","","0","N","","2","2","1","0","0","0","0","2","0","2","","","","N","","","","","","","","","",""
"2005133412","","1","0","0","0","0","0","0","0","0","1","0","","02","4","2005","6","","","","11","0","0","0","0","0","0","0","0","","0","0","0","","","1","","0","","40 25:54.84","","0","80 01:27.48","4","0","0","0","2301","0","0","0","N","0","0","0","4","68B03","1","","1.0","","1","N","N","","0","","0","0","1","","0","","","2","1","0","0","0","0","0","2","0","2","","","","N","","","","","","","","","",""
"2005133413","","3","0","0","0","0","0","0","0","0","1","0","","02","2","2005","6","40.655825","-80.092756","","11","0","0","0","0","0","0","0","0","3","0","0","0","","","1","","7","","40 39:20.970","1","8","80 05:33.923","4","0","0","0","2212","0","0","0","N","0","0","0","1","68B03","1","","1.0","","2","N","N","","0","","0","0","0","","0","N","","3","1","0","0","0","0","0","2","0","3","","","","N","","","","","","","","","",""
"2005133414","","2","0","0","0","0","0","0","0","0","4","0","","02","2","2005","6","40.655825","-80.092756","","11","0","0","0","0","0","0","0","0","3","0","0","0","","","0","","7","","40 39:20.970","1","8","80 05:33.923","0","0","0","0","2212","0","0","0","N","0","0","0","1","68B03","0","","1.0","","2","N","N","","1","","0","0","0","","0","N","","3","0","1","0","0","0","0","2","0","3","","","","N","","","","","","","","","",""
"2005133415","","0","0","0","0","0","0","0","0","0","4","0","","02","2","2005","6","40.655825","-80.092756","","11","0","0","0","0","0","0","0","0","3","0","0","0","","","1","","7","","40 39:20.970","1","8","80 05:33.923","4","0","0","0","2212","0","0","0","N","0","0","0","1","68B03","1","","1.0","","2","N","N","","1","","0","0","1","","0","N","","2","1","0","0","0","0","0","2","0","2","","","","N","","","","","","","","","",""
"2005133416","","0","0","0","0","0","0","0","0","0","2","0","","02","2","2005","6","","","","11","0","0","0","0","0","0","0","0","3","0","0","0","","","0","","0","","","1","2","","0","0","0","0","2212","0","0","0","N","0","0","0","1","68B03","0","","1.0","","2","N","N","","2","","0","0","0","","0","N","","2","0","0","0","0","0","0","1","0","2","","","","N","","","","","","","","","",""
"2005133447","","1","0","0","0","0","0","0","0","0","7","0","","02","3","2005","5","40.492136","-79.895252","","11","0","0","0","0","0","1","0","0","","0","0","0","","","0","","7","","40 29:31.689","","8","79 53:42.906","0","0","0","0","2112","0","0","0","Y","0","0","0","1","68D02","0","","5.0","","1","N","N","","0","","0","0","0","","0","","","1","0","0","0","0","0","0","2","0","1","","","","N","","","","","","","","","",""
"2005133457","","1","0","0","0","0","0","0","0","0","7","0","","02","3","2005","3","","","","11","0","0","0","0","0","0","0","0","2","0","0","0","","","1","","0","","40 26:29.40","3","0","79 49:41.52","4","0","0","0","2419","0","0","0","N","0","0","0","1","68B03","1","","2.0","","2","N","N","","0","","0","0","0","","0","N","","1","1","0","0","0","0","0","2","0","1","","","","N","","","","","","","","","",""
"2005133458","","2","0","0","0","0","0","0","0","0","7","0","","02","3","2005","3","","","","11","0","0","0","0","0","1","0","0","1","0","0","0","","","0","","0","","40 26:29.04","4","3","79 49:42.60","0","0","0","0","2419","0","0","0","Y","0","0","0","2","68B03","0","","2.0","","2","N","N","","0","","0","0","0","","0","N","","2","0","0","0","0","0","0","2","0","2","","","","N","","","","","","","","","",""
"2005133490","","2","0","0","0","0","0","0","0","0","5","0","","02","4","2005","2","40.409517","-79.989903","","11","0","0","0","0","0","0","0","0","","0","0","0","","","0","","0","","40 24:34.261","","0","79 59:23.650","9","0","0","0","2447","0","0","0","","0","0","0","3","02447","0","","1.0","","1","N","N","","0","","0","0","0","","0","","","2","0","0","0","0","0","2","2","0","2","","","","N","","","","","","","","","",""
"2005133648","","1","0","0","0","0","0","0","0","0","7","0","","02","5","2005","1","40.283","-80.0013","","11","0","0","0","0","0","1","0","0","","0","0","0","","","1","","0","","40 16:58.800","","0","80 00:04.680","4","0","0","0","2219","0","0","0","N","0","0","0","1","02219","1","","2.0","","1","N","N","","0","","0","0","0","","0","","","1","1","0","0","0","0","0","2","0","1","","","","N","","","","","","","","","",""
"2005133788","","1","0","0","0","0","0","0","0","0","4","0","","02","5","2005","7","","","","11","0","0","0","0","0","1","1","0","","0","0","0","","","4","","2","","","","2","","4","0","0","0","2433","0","0","0","N","0","0","0","5","02433","4","","7.0","","1","N","N","","0","","0","0","1","","0","","","2","4","0","0","0","0","0","1","0","2","","","","N","","","","","","","","","",""
"2005133795","","1","0","0","0","0","0","0","0","0","4","1","","02","5","2005","2","","","","11","0","0","0","0","0","1","0","0","","0","1","0","","","0","","2","","","","0","","0","0","0","0","2301","0","0","0","N","0","0","0","2","02301","0","","1.0","","1","N","N","","0","","0","0","0","","2","","","2","0","0","0","0","0","0","1","0","2","","","","N","","","","","","","","","",""
"2005133806","","2","0","0","0","0","0","0","0","0","1","0","","02","4","2005","4","40.490573","-79.87785","","11","0","0","0","0","0","0","1","0","2","0","0","0","","","0","","3","","40 29:26.061","1","0","79 52:40.260","0","0","0","0","2301","0","0","0","N","0","0","0","3","02301","0","","1.0","","1","","N","","0","","0","0","0","","2","N","","2","0","0","0","0","0","0","2","0","2","","","","N","","","","","","","","","",""
"2005133821","","1","0","0","0","0","0","0","0","0","4","0","","02","6","2005","2","40.456034","-79.941512","","11","0","0","0","0","0","0","0","0","2","0","0","0","","","1","","0","","40 27:21.724","6","0","79 56:29.442","4","0","0","0","2301","0","0","0","N","0","0","0","2","02301","1","","1.0","","1","N","N","","0","","0","0","1","","0","N","","2","1","0","0","0","0","0","2","0","2","","","","N","","","","","","","","","",""
"2005133891","","1","0","0","0","0","0","1","0","0","5","1","","02","7","2005","6","40.449472","-80.002558","","11","0","1","0","0","0","0","0","0","","0","0","0","","","1","","1","","40 26:58.099","","0","80 00:09.210","4","0","0","0","2301","0","0","0","N","0","0","0","5","02503","1","","1.0","","1","N","N","","0","","0","0","0","","2","","","2","1","3","0","0","0","0","2","0","2","","","","N","","","","","","","","","",""
"2005133905","","0","0","0","1","0","0","0","0","0","8","0","","02","7","2005","5","40.390812","-79.970247","","11","0","0","0","0","0","0","0","0","1","0","0","0","","","1","","1","","40 23:26.923","7","0","79 58:12.889","8","0","0","0","2403","1","0","0","N","0","0","0","3","02403","0","","1.0","","1","N","N","","0","","0","0","1","","0","N","","2","1","0","0","0","1","0","2","0","1","","","","N","","","","","","","","","",""
"2005133927","","2","0","0","0","0","0","0","0","0","1","0","","02","7","2005","1","40.403075","-80.055247","","11","0","0","0","0","0","0","0","0","","0","0","0","","","1","","0","","40 24:11.070","","0","80 03:18.889","8","0","0","0","2117","0","0","0","N","0","0","0","2","02117","0","","1.0","","1","N","N","","0","","0","0","0","","0","","","2","1","0","0","0","1","0","2","0","2","","","","N","","","","","","","","","",""
"2005133935","","2","0","0","0","0","0","0","0","0","1","0","","02","7","2005","7","40.6673","-80.0964","","11","0","0","0","0","0","1","0","0","","0","0","0","","","0","","2","","40 40:02.280","","0","80 05:47.040","0","0","0","0","2212","0","0","0","N","0","0","0","2","02505","0","","1.0","","1","N","N","","0","","0","0","0","","2","","","2","0","0","0","0","0","0","2","0","2","","","","N","","","","","","","","","",""
"2005133960","","2","0","0","0","0","0","0","0","0","1","0","","02","6","2005","1","40.271944","-79.897342","","11","0","0","0","0","0","1","0","0","","0","0","0","","","1","","3","","40 16:19.000","","0","79 53:50.431","4","0","0","0","2440","0","0","0","N","0","0","0","3","02440","1","","7.0","","1","N","N","","0","","0","0","0","","3","","","2","1","0","0","0","0","0","2","0","2","","","","N","","","","","","","","","",""
"2005133961","","1","0","0","0","0","0","0","0","0","7","0","","02","7","2005","1","40.38818","-79.910525","","11","0","1","0","0","0","0","0","0","1","0","0","0","","","0","","0","","40 23:17.448","6","0","79 54:37.890","0","0","0","0","2448","0","0","0","","0","0","0","2","02448","0","","4.0","","1","N","N","","0","","0","0","0","","0","Y","","1","0","0","0","0","0","0","2","0","1","","","","N","","","","","","","","","",""
"2005133965","","1","0","0","0","0","0","0","0","0","7","0","","02","7","2005","6","40.408401","-79.907146","","11","0","0","0","0","0","0","0","0","","0","0","0","","","1","","10","","40 24:30.243","","0","79 54:25.725","4","0","0","0","2438","0","0","0","N","0","0","0","2","02438","1","","5.0","","1","N","N","","0","","0","0","0","","0","","","1","1","0","0","0","0","0","2","0","1","","","","N","","","","","","","","","",""
"2005133969","","2","0","0","0","0","0","0","0","0","4","0","","02","7","2005","1","40.35471","-80.073574","","11","0","0","0","0","0","0","0","0","2","0","0","0","","","0","","1","","40 21:16.957","2","0","80 04:24.866","0","0","0","0","2123","0","0","0","N","0","0","0","3","02123","0","","1.0","","1","N","N","","0","","0","0","0","","3","N","","2","0","1","0","0","0","0","2","0","2","","","","N","","","","","","","","","",""
"2005133970","","2","0","0","0","0","0","0","0","0","6","0","","02","7","2005","5","40.21157","-79.849395","","11","0","0","0","0","0","1","0","0","1","0","0","0","","","0","","0","","40 12:41.653","6","0","79 50:57.822","0","0","0","0","2204","0","0","0","N","0","0","0","2","02204","0","","1.0","","1","N","N","","0","","0","0","0","","0","N","","2","0","0","0","0","0","0","1","0","2","","","","N","","","","","","","","","",""
"2005133974","","2","0","0","0","0","0","0","0","0","4","0","","02","7","2005","2","40.633184","-79.954617","","11","0","0","0","0","0","0","0","0","","0","0","0","","","0","","0","","40 37:59.464","","0","79 57:16.620","0","0","0","0","2217","0","0","0","N","0","0","0","2","02217","0","","1.0","","1","N","N","","0","","0","0","0","","0","","","2","0","0","0","0","0","0","2","0","2","","","","N","","","","","","","","","",""
"2005133993","","2","0","0","0","0","0","0","0","0","4","0","","02","3","2005","3","40.4906","-79.8689","","11","0","0","0","0","0","1","0","0","1","0","0","0","","","3","","2","","40 29:26.160","5","0","79 52:08.040","4","0","0","0","2112","0","0","0","N","0","0","0","3","02112","3","","1.0","","9","N","N","","0","","0","0","0","","8","N","","2","3","0","0","0","0","0","2","0","2","","","","N","","","","","","","","","",""
"2005133994","","2","0","0","0","0","0","0","0","0","4","0","","02","3","2005","4","40.489711","-79.882798","","11","0","0","0","0","0","0","1","0","","0","0","0","","","0","","0","","40 29:22.959","","0","79 52:58.072","0","0","0","0","2112","0","0","0","N","0","0","0","2","02112","0","","1.0","","1","N","N","","0","","0","0","0","","0","","","2","0","0","0","0","0","0","2","0","2","","","","N","","","","","","","","","",""
"2005133995","","2","0","0","0","0","0","0","0","0","2","0","","02","3","2005","6","","","","11","0","0","0","0","0","1","0","0","","0","0","0","","","0","","0","","","","0","","0","0","0","0","2112","0","0","0","N","0","0","0","2","02112","0","","2.0","","1","N","N","","0","","0","0","0","","0","","","2","0","0","0","0","0","0","1","0","2","","","","N","","","","","","","","","",""
"2005133996","","1","0","0","0","0","0","0","0","0","8","0","","02","4","2005","7","","","","11","0","0","1","0","0","0","0","0","","0","0","0","","","1","","0","","","","0","","4","0","0","0","2301","1","0","0","N","1","0","0","3","02301","1","","1.0","","1","N","N","","0","","0","0","0","","0","","","2","1","0","0","0","0","0","1","0","1","","","","N","","","","","","","","","",""
"2005133997","","2","0","0","0","0","0","0","0","0","4","0","","02","4","2005","7","40.463986","-79.965105","","11","0","0","0","0","0","0","0","0","","0","0","0","","","0","","2","","40 27:50.349","","0","79 57:54.378","0","0","0","0","2301","0","0","0","N","0","0","0","1","02301","0","","5.0","","1","N","N","","0","","0","0","0","","0","","","2","0","0","0","0","0","0","2","0","2","","","","N","","","","","","","","","",""
"2005133998","","2","0","0","0","0","0","0","0","0","1","0","","02","4","2005","5","40.438498","-80.001973","","11","0","0","0","0","0","1","0","0","","0","0","0","","","0","","0","","40 26:18.592","","0","80 00:07.101","9","0","0","0","2301","0","0","0","N","0","0","0","5","02301","0","","1.0","","9","N","N","","0","","0","0","1","","0","","","4","0","0","0","0","0","1","2","1","4","","","","N","","","","","","","","","",""
"2005133999","","1","0","0","0","0","0","0","0","0","1","0","","02","4","2005","2","40.4716","-79.9595","","11","0","0","0","0","0","0","0","0","1","0","0","0","","","1","","0","","40 28:17.760","4","0","79 57:34.200","8","0","0","0","2301","0","0","0","","0","0","0","2","02301","0","","1.0","","1","N","N","","1","","0","0","0","","0","Y","","2","1","1","0","0","1","0","2","0","2","","","","N","","","","","","","","","",""
"2005134000","","2","0","0","0","0","0","0","0","0","4","0","","02","4","2005","6","","","","11","0","0","0","0","0","1","0","0","","0","0","0","","","1","","10","","","","0","","8","0","0","0","2301","0","0","0","N","0","0","0","2","02301","0","","1.0","","1","N","N","","0","","0","0","0","","3","","","2","1","0","0","0","1","0","1","0","2","","","","N","","","","","","","","","",""
"2005134001","","1","0","0","0","0","0","0","0","0","8","0","","02","4","2005","5","40.436669","-80.000931","","11","0","0","0","0","0","0","0","0","","0","0","0","","","1","","1","","40 26:12.009","","0","80 00:03.353","8","0","0","0","2301","1","0","0","N","1","0","0","2","02301","0","","1.0","","1","N","N","","0","","0","0","0","","2","","","2","1","0","0","0","1","0","2","0","1","","","","N","","","","","","","","","",""
"2005134002","","2","0","0","0","0","0","0","0","0","4","0","","02","6","2005","5","40.440384","-80.006806","","11","0","0","0","0","1","0","0","0","","0","0","0","","","0","","2","","40 26:25.382","","0","80 00:24.501","9","0","0","0","2301","0","0","0","N","0","0","0","2","02301","0","","1.0","","1","N","N","","0","","0","0","0","","2","","","2","0","0","0","0","0","1","2","0","2","","","","N","","","","","","","","","",""
"2005134003","","2","0","0","0","0","0","0","0","0","1","0","","02","4","2005","2","","","","11","0","0","0","0","0","0","0","0","","0","0","0","","","0","","0","","","","0","","0","0","0","0","2301","0","0","0","N","0","0","0","2","02301","0","","1.0","","1","N","N","","0","","0","0","0","","0","","","2","0","2","0","0","0","0","1","0","2","","","","N","","","","","","","","","",""
"2005134004","","2","0","0","0","0","0","0","0","0","4","0","","02","4","2005","6","40.440508","-79.989495","","11","0","0","0","0","0","1","0","0","","0","0","0","","","0","","0","","40 26:25.828","","0","79 59:22.181","0","0","0","0","2301","0","0","0","N","0","0","0","3","02301","0","","1.0","","1","N","N","","0","","0","0","0","","0","","","2","0","0","0","0","0","0","2","0","2","","","","N","","","","","","","","","",""
"2005134005","","2","0","0","0","0","0","0","0","0","1","0","","02","3","2005","2","","","","11","0","0","0","0","0","0","0","1","","0","0","0","","","0","","0","","","","3","","0","0","0","0","2301","0","0","0","N","0","0","0","2","02301","0","","1.0","","9","N","N","","0","","0","0","0","","0","","","2","0","1","0","0","0","0","1","0","2","","","","N","","","","","","","","","",""
"2005134006","","3","0","0","0","0","0","0","0","0","4","0","","02","4","2005","5","40.459171","-79.931266","","11","0","0","0","0","0","1","0","0","1","0","0","0","","","1","","2","","40 27:33.016","3","0","79 55:52.559","8","0","0","0","2301","0","0","0","N","0","0","0","4","02301","0","","1.0","","9","N","N","","1","","0","0","0","","0","N","","4","1","0","0","0","1","0","2","0","4","","","","N","","","","","","","","","",""
"2005134007","","1","0","0","0","0","0","0","0","0","0","0","","02","3","2005","5","40.43805","-79.993342","","11","0","0","0","0","0","0","0","0","2","0","0","0","","","1","","1","","40 26:16.980","4","0","79 59:36.031","3","0","0","1","2301","0","0","0","N","0","0","0","2","02301","0","","1.0","","1","N","N","","0","","1","0","0","","3","Y","","2","1","1","0","0","0","0","2","0","2","","","","N","","","","","","","","","",""
"2005134008","","0","0","0","0","0","0","0","0","0","7","0","","02","4","2005","7","","","","11","0","0","0","0","0","0","0","0","2","0","0","0","","","0","","5","","","3","0","","0","0","0","0","2301","0","0","0","N","0","0","0","1","02301","0","","5.0","","9","N","N","","0","","0","0","1","","2","N","","1","0","0","0","0","0","0","1","0","1","","","","N","","","","","","","","","",""
"2005134009","","1","0","0","0","0","0","0","0","0","4","0","","02","5","2005","6","","","","11","0","0","0","0","0","0","0","0","","0","0","0","","","0","","1","","","","0","","0","0","0","0","2301","0","0","0","N","0","0","0","2","02301","0","","1.0","","1","N","N","","0","","0","0","1","","0","","","2","0","0","0","0","0","0","1","0","2","","","","N","","","","","","","","","",""
"2005134010","","1","0","0","0","0","0","0","0","0","4","0","","02","5","2005","7","40.438761","-79.997342","","11","0","0","0","0","0","0","0","0","1","0","0","0","","","0","","1","","40 26:19.539","4","0","79 59:50.431","0","0","0","0","2301","0","0","0","N","0","0","0","3","02301","0","","1.0","","1","N","N","","1","","0","0","0","","2","N","","2","0","1","0","0","0","0","2","0","2","","","","N","","","","","","","","","",""
"2005134012","","0","0","0","0","0","0","0","0","0","4","0","","02","4","2005","4","40.408843","-79.851873","","11","0","0","0","0","0","0","0","0","","0","0","0","","","0","","0","","40 24:31.833","","0","79 51:06.743","0","0","0","0","2301","0","0","0","N","0","0","0","5","02301","0","","1.0","","1","N","N","","0","","0","0","1","","0","","","2","0","0","0","0","0","0","2","1","2","","","","N","","","","","","","","","",""
"2005134013","","3","0","0","0","0","0","0","0","0","1","0","","02","5","2005","2","","","","11","0","0","0","0","0","1","1","0","","0","0","0","","","2","","0","","","","0","","8","0","0","0","2301","0","0","0","N","0","0","0","3","02301","0","","1.0","","1","N","N","","0","","0","0","0","","0","","","3","2","1","0","0","2","0","1","0","3","","","","N","","","","","","","","","",""
"2005134014","","0","0","0","0","0","0","0","0","0","7","0","","02","4","2005","3","","","","11","0","0","0","0","0","0","0","0","2","0","0","0","","","1","","0","","","6","0","","3","0","0","0","2301","0","0","0","N","0","0","0","1","02301","0","","5.0","","1","N","N","","0","","1","0","1","","0","Y","","1","1","0","0","0","0","0","1","0","1","","","","N","","","","","","","","","",""
"2005134015","","2","0","0","0","0","0","0","0","0","1","0","","02","4","2005","5","40.438892","-79.934087","","11","0","0","0","0","0","0","0","0","","0","0","0","","","2","","1","","40 26:20.011","","0","79 56:02.713","4","0","0","0","2301","0","0","0","","0","0","0","3","02301","2","","1.0","","1","","","","0","","0","0","0","","0","","","2","2","0","0","0","0","0","2","0","2","","","","N","","","","","","","","","",""
"2005134016","","1","0","0","0","0","0","0","0","0","8","0","","02","4","2005","5","40.438471","-79.961218","","11","0","0","0","0","0","1","0","0","","0","0","0","","","1","","1","","40 26:18.494","","0","79 57:40.384","8","0","0","0","2301","1","0","0","N","1","0","0","2","02301","0","","1.0","","1","N","N","","0","","0","0","0","","2","","","2","1","0","0","0","1","0","2","0","1","","","","N","","","","","","","","","",""