"CRN","ARRIVAL_TM","AUTOMOBILE_COUNT","BELTED_DEATH_COUNT","BELTED_SUSP_SERIOUS_INJ_COUNT","BICYCLE_COUNT","BICYCLE_DEATH_COUNT","BICYCLE_SUSP_SERIOUS_INJ_COUNT","BUS_COUNT","CHLDPAS_DEATH_COUNT","CHLDPAS_SUSP_SERIOUS_INJ_COUNT","COLLISION_TYPE","COMM_VEH_COUNT","CONS_ZONE_SPD_LIM","COUNTY","CRASH_MONTH","CRASH_YEAR","DAY_OF_WEEK","DEC_LATITUDE","DEC_LONGITUDE","DISPATCH_TM","DISTRICT","DRIVER_COUNT_16YR","DRIVER_COUNT_17YR","DRIVER_COUNT_18YR","DRIVER_COUNT_19YR","DRIVER_COUNT_20YR","DRIVER_COUNT_50_64YR","DRIVER_COUNT_65_74YR","DRIVER_COUNT_75PLUS","EST_HRS_CLOSED","FATAL_COUNT","HEAVY_TRUCK_COUNT","HORSE_BUGGY_COUNT","HOUR_OF_DAY","ILLUMINATION","INJURY_COUNT","INTERSECTION_RELATED","INTERSECT_TYPE","LANE_CLOSED","LATITUDE","LN_CLOSE_DIR","LOCATION_TYPE","LONGITUDE","MAX_SEVERITY_LEVEL","MCYCLE_DEATH_COUNT","MCYCLE_SUSP_SERIOUS_INJ_COUNT","MOTORCYCLE_COUNT","MUNICIPALITY","NONMOTR_COUNT","NONMOTR_DEATH_COUNT","NONMOTR_SUSP_SERIOUS_INJ_COUNT","NTFY_HIWY_MAINT","PED_COUNT","PED_DEATH_COUNT","PED_SUSP_SERIOUS_INJ_COUNT","PERSON_COUNT","POLICE_AGCY","POSSIBLE_INJ_COUNT","RDWY_SURF_TYPE_CD","RELATION_TO_ROAD","ROADWAY_CLEARED","ROAD_CONDITION","SCH_BUS_IND","SCH_ZONE_IND","SECONDARY_CRASH","SMALL_TRUCK_COUNT","SPEC_JURIS_CD","SUSP_MINOR_INJ_COUNT","SUSP_SERIOUS_INJ_COUNT","SUV_COUNT","TCD_FUNC_CD","TCD_TYPE","TFC_DETOUR_IND","TIME_OF_DAY","TOTAL_UNITS","TOT_INJ_COUNT","UNBELTED_OCC_COUNT","UNB_DEATH_COUNT","UNB_SUSP_SERIOUS_INJ_COUNT","UNK_INJ_DEG_COUNT","UNK_INJ_PER_COUNT","URBAN_RURAL","VAN_COUNT","VEHICLE_COUNT","WEATHER1","WEATHER2","WORKERS_PRES","WORK_ZONE_IND","WORK_ZONE_LOC","WORK_ZONE_TYPE","WZ_CLOSE_DETOUR","WZ_FLAGGER","WZ_LAW_OFFCR_IND","WZ_LN_CLOSURE","WZ_MOVING","WZ_OTHER","WZ_SHLDER_MDN","WZ_WORKERS_INJ_KILLED"
"2005134105","","3","0","0","0","0","0","0","0","0","1","0","","02","5","2005","3","40.487386","-79.895839","","11","0","0","0","0","0","0","0","1","","0","0","0","","","1","","0","","40 29:14.589","","0","79 53:45.021","8","0","0","0","2301","0","0","0","N","0","0","0","5","02301","0","","1.0","","1","N","N","","1","","0","0","0","","2","","","4","1","0","0","0","1","0","2","0","4","","","","N","","","","","","","","","",""
"2005134106","","1","0","0","0","0","0","0","0","0","0","0","","02","5","2005","2","","","","11","0","0","0","0","0","0","0","0","","0","0","0","","","1","","0","","","","0","","4","0","0","0","2301","0","0","0","N","0","0","0","1","02301","1","","1.0","","1","N","N","","0","","0","0","0","","0","","","1","1","0","0","0","0","0","1","0","1","","","","N","","","","","","","","","",""
"2005134107","","2","0","0","0","0","0","0","0","0","4","0","","02","5","2005","5","40.457404","-79.896284","","11","0","0","0","0","0","0","0","0","1","0","0","0","","","4","","1","","40 27:26.654","3","0","79 53:46.622","4","0","0","0","2301","0","0","0","N","0","0","0","5","02301","4","","1.0","","1","N","N","","0","","0","0","0","","2","Y","","2","4","2","0","0","0","0","2","0","2","","","","N","","","","","","","","","",""
"2005134108","","1","0","0","0","0","0","0","0","0","7","0","","02","5","2005","6","40.463471","-79.930682","","11","0","0","0","0","0","0","0","0","","0","0","0","","","0","","1","","40 27:48.495","","0","79 55:50.455","0","0","0","0","2301","0","0","0","N","0","0","0","4","02301","0","","5.0","","1","N","N","","0","","0","0","0","","0","","","1","0","1","0","0","0","0","2","0","1","","","","N","","","","","","","","","",""
"2005134109","","1","0","0","0","0","0","0","0","0","4","0","","02","5","2005","6","40.45555","-79.888078","","11","0","0","0","0","1","1","0","0","1","0","0","0","","","0","","1","","40 27:19.980","2","0","79 53:17.080","0","0","0","0","2301","0","0","0","","0","0","0","2","02301","0","","1.0","","1","","","","0","","0","0","1","","2","Y","","3","0","0","0","0","0","0","2","1","3","","","","N","","","","","","","","","",""
"2005134110","","2","0","0","0","0","0","0","0","0","4","0","","02","4","2005","5","40.440296","-80.006994","","11","0","0","0","0","0","0","0","0","","0","0","0","","","0","","1","","40 26:25.066","","0","80 00:25.180","0","0","0","0","2301","0","0","0","N","0","0","0","2","02301","0","","1.0","","1","N","N","","0","","0","0","0","","2","","","2","0","2","0","0","0","0","2","0","2","","","","N","","","","","","","","","",""
"2005134111","","1","0","0","0","0","0","0","0","0","4","0","","02","5","2005","2","","","","11","0","0","0","0","0","1","0","0","","0","0","0","","","0","","1","","","","0","","0","0","0","0","2301","0","0","0","N","0","0","0","3","02301","0","","1.0","","9","N","N","","1","","0","0","0","","2","","","2","0","0","0","0","0","0","1","0","2","","","","N","","","","","","","","","",""
"2005134112","","1","0","0","0","0","0","0","0","0","7","0","","02","5","2005","2","40.443304","-79.996569","","11","0","0","0","0","0","1","0","0","2","0","0","0","","","1","","3","","40 26:35.894","3","0","79 59:47.648","2","0","0","0","2301","0","0","0","N","0","0","0","1","02301","0","","4.0","","9","N","N","","0","","0","1","0","","2","N","","1","1","0","0","0","0","0","2","0","1","","","","N","","","","","","","","","",""
"2005134113","","3","0","0","0","0","0","0","0","0","1","0","","02","5","2005","2","40.429313","-79.999132","","11","0","0","0","0","0","1","0","0","","0","0","0","","","2","","5","","40 25:45.525","","3","79 59:56.876","4","0","0","0","2301","0","0","0","Y","0","0","0","3","02301","2","","1.0","","9","N","N","","0","","0","0","0","","2","","","3","2","0","0","0","0","0","2","0","3","","","","N","","","","","","","","","",""
"2005134114","","1","0","0","0","0","0","0","0","0","7","0","","02","6","2005","7","40.4364","-79.9943","","11","0","0","0","0","0","0","0","0","","0","0","0","","","1","","7","","40 26:11.040","","2","79 59:39.480","3","0","0","0","2301","0","0","0","","0","0","0","1","02301","0","","2.0","","1","N","N","","0","","1","0","0","","0","","","1","1","0","0","0","0","0","2","0","1","","","","N","","","","","","","","","",""
"2005134115","","1","0","0","0","0","0","0","0","0","4","0","","02","6","2005","5","","","","11","0","0","0","0","0","0","0","0","","0","0","0","","","1","","1","","","","0","","4","0","0","0","2301","0","0","0","N","0","0","0","2","02301","1","","1.0","","1","N","N","","0","","0","0","1","","1","","","2","1","0","0","0","0","0","1","0","2","","","","N","","","","","","","","","",""
"2005134116","","2","0","0","0","0","0","0","0","0","4","0","","02","6","2005","5","","","","11","0","0","0","0","1","0","0","0","","0","0","0","","","0","","0","","","","0","","0","0","0","0","2301","0","0","0","N","0","0","0","3","02301","0","","1.0","","1","N","N","","0","","0","0","0","","0","","","2","0","0","0","0","0","0","1","0","2","","","","N","","","","","","","","","",""
"2005134117","","1","0","0","0","0","0","0","0","0","7","0","","02","4","2005","6","40.436576","-79.97367","","11","0","0","0","0","0","0","0","0","","0","0","0","","","0","","0","","40 26:11.673","","0","79 58:25.212","0","0","0","0","2301","0","0","0","","0","0","0","2","02301","0","","2.0","","1","N","N","","0","","0","0","0","","0","","","1","0","0","0","0","0","0","2","0","1","","","","N","","","","","","","","","",""
"2005134118","","2","0","0","0","0","0","0","0","0","1","0","","02","4","2005","2","40.422889","-79.939796","","11","0","0","0","0","0","1","0","0","","0","0","0","","","0","","0","","40 25:22.401","","0","79 56:23.267","0","0","0","0","2301","0","0","0","N","0","0","0","1","02301","0","","6.0","","1","N","N","","0","","0","0","0","","0","","","2","0","0","0","0","0","0","2","0","2","","","","N","","","","","","","","","",""
"2005134119","","2","0","0","0","0","0","0","0","0","2","0","","02","4","2005","6","","","","11","0","0","1","0","0","1","0","0","","0","0","0","","","0","","0","","","","0","","0","0","0","0","2301","0","0","0","","0","0","0","2","02301","0","","1.0","","1","","","","0","","0","0","0","","0","","","2","0","0","0","0","0","0","1","0","2","","","","N","","","","","","","","","",""
"2005134120","","0","0","0","0","0","0","0","0","0","7","0","","02","4","2005","4","40.4145","-80.0092","","11","0","0","0","0","0","0","0","0","","0","0","0","","","1","","5","","40 24:52.200","","1","80 00:33.120","3","0","0","0","2301","0","0","0","","0","0","0","1","02301","0","","3.0","","1","","","","1","","1","0","0","","2","","","1","1","0","0","0","0","0","2","0","1","","","","N","","","","","","","","","",""
"2005134121","","0","0","0","0","0","0","0","0","0","1","0","","02","4","2005","4","40.3984","-80.0261","","11","0","0","0","0","0","1","0","0","","0","0","0","","","0","","1","","40 23:54.240","","0","80 01:33.960","0","0","0","0","2301","0","0","0","N","0","0","0","2","02301","0","","1.0","","1","N","N","","0","","0","0","2","","2","","","2","0","0","0","0","0","0","2","0","2","","","","N","","","","","","","","","",""
"2005134122","","2","0","0","0","0","0","0","0","0","6","0","","02","4","2005","3","40.425297","-79.964321","","11","0","0","0","0","0","0","0","0","","0","0","0","","","0","","2","","40 25:31.069","","0","79 57:51.556","0","0","0","0","2301","0","0","0","N","0","0","0","3","02301","0","","1.0","","1","N","N","","0","","0","0","0","","2","","","2","0","0","0","0","0","0","2","0","2","","","","N","","","","","","","","","",""
"2005134123","","1","0","0","0","0","0","0","0","0","7","0","","02","4","2005","4","40.4283","-79.9727","","11","0","0","0","0","0","0","0","0","","0","0","0","","","0","","1","","40 25:41.880","","0","79 58:21.720","0","0","0","0","2301","0","0","0","N","0","0","0","2","02301","0","","2.0","","1","N","N","","0","","0","0","0","","0","","","1","0","0","0","0","0","0","2","0","1","","","","N","","","","","","","","","",""
"2005134124","","1","0","0","0","0","0","0","0","0","8","0","","02","4","2005","5","40.410432","-79.990382","","11","0","0","0","0","0","0","0","0","","0","0","0","","","1","","1","","40 24:37.555","","0","79 59:25.375","8","0","0","0","2301","1","0","0","N","1","0","0","4","02301","0","","1.0","","1","N","N","","0","","0","0","0","","2","","","2","1","0","0","0","1","0","2","0","1","","","","N","","","","","","","","","",""
"2005134125","","2","0","0","0","0","0","0","0","0","6","0","","02","4","2005","5","40.4238","-79.962","","11","0","0","0","0","0","0","0","0","","0","0","0","","","0","","0","","40 25:25.680","","0","79 57:43.200","0","0","0","0","2301","0","0","0","","0","0","0","3","02301","0","","1.0","","1","N","N","","0","","0","0","0","","0","","","2","0","0","0","0","0","0","2","0","2","","","","N","","","","","","","","","",""
"2005134126","","2","0","0","0","0","0","0","0","0","4","0","","02","4","2005","6","40.435027","-80.033954","","11","0","0","0","0","0","0","0","0","2","0","0","0","","","2","","2","","40 26:06.098","2","0","80 02:02.236","8","0","0","0","2301","0","0","0","","0","0","0","2","02301","0","","1.0","","1","","","","0","","0","0","0","","0","Y","","2","2","0","0","0","2","0","2","0","2","","","","N","","","","","","","","","",""
"2005134127","","1","0","0","0","0","0","0","0","0","7","0","","02","4","2005","7","40.4458","-80.0303","","11","0","0","0","1","0","0","0","0","","0","0","0","","","0","","0","","40 26:44.880","","0","80 01:49.080","0","0","0","0","2301","0","0","0","N","0","0","0","1","02301","0","","4.0","","1","N","N","","0","","0","0","0","","0","","","1","0","0","0","0","0","0","2","0","1","","","","N","","","","","","","","","",""
"2005134128","","0","0","0","1","0","0","0","0","0","8","0","","02","4","2005","6","40.453544","-80.05081","","11","0","0","0","0","0","0","0","0","","0","0","0","","","1","","2","","40 27:12.758","","0","80 03:02.916","4","0","0","0","2301","1","0","0","N","0","0","0","7","02301","1","","1.0","","1","N","N","","0","","0","0","0","","3","","","2","1","1","0","0","0","0","2","1","1","","","","N","","","","","","","","","",""
"2005134129","","1","0","0","0","0","0","0","0","0","7","0","","02","4","2005","1","40.392762","-79.933186","","11","0","0","0","0","1","0","0","0","2","0","0","0","","","1","","2","","40 23:33.943","3","0","79 55:59.470","4","0","0","0","2301","0","0","0","N","0","0","0","1","02301","1","","5.0","","1","N","N","","0","","0","0","0","","2","N","","1","1","0","0","0","0","0","2","0","1","","","","N","","","","","","","","","",""
"2005134130","","2","0","0","0","0","0","0","0","0","4","0","","02","4","2005","2","40.421048","-80.000541","","11","0","0","0","0","0","1","0","0","","0","0","0","","","0","","1","","40 25:15.772","","0","80 00:01.947","0","0","0","0","2301","0","0","0","N","0","0","0","2","02301","0","","1.0","","1","N","N","","0","","0","0","0","","2","","","2","0","0","0","0","0","0","2","0","2","","","","N","","","","","","","","","",""
"2005134159","","3","0","0","0","0","0","0","0","0","1","0","","02","4","2005","5","40.5393","-79.8225","","11","0","0","0","0","0","1","0","0","","0","0","0","","","3","","0","","40 32:21.480","","3","79 49:21.000","4","0","0","0","2208","0","0","0","N","0","0","0","3","68T02","3","","1.0","","1","N","N","","0","","0","0","0","","0","","","3","3","0","0","0","0","0","2","0","3","","","","N","","","","","","","","","",""
"2005134175","","2","0","0","0","0","0","0","0","0","4","0","","02","6","2005","5","40.43805","-79.993342","","11","0","0","0","0","0","0","0","0","","0","0","0","","","0","","2","","40 26:16.980","","0","79 59:36.031","0","0","0","0","2301","0","0","0","N","0","0","0","2","02301","0","","1.0","","1","N","N","","0","","0","0","0","","3","","","2","0","2","0","0","0","0","2","0","2","","","","N","","","","","","","","","",""
"2005134176","","2","0","0","0","0","0","0","0","0","4","0","","02","6","2005","5","","","","11","0","0","0","0","0","1","0","0","","0","0","0","","","0","","1","","","","0","","0","0","0","0","2301","0","0","0","N","0","0","0","3","02301","0","","1.0","","1","N","N","","0","","0","0","0","","3","","","2","0","0","0","0","0","0","1","0","2","","","","N","","","","","","","","","",""
"2005134178","","0","0","0","0","0","0","0","0","0","7","0","","02","6","2005","1","40.434931","-79.998205","","11","0","0","0","0","0","0","0","0","1","0","0","0","","","1","","6","","40 26:05.751","4","0","79 59:53.537","4","0","0","0","2301","0","0","0","","0","0","0","1","02301","1","","7.0","","1","N","N","","0","","0","0","1","","2","N","","1","1","0","0","0","0","0","2","0","1","","","","N","","","","","","","","","",""
"2005134179","","2","0","0","0","0","0","0","0","0","4","0","","02","6","2005","4","40.453082","-79.980335","","11","0","0","0","0","0","0","0","1","1","0","0","0","","","0","","1","","40 27:11.095","6","0","79 58:49.206","0","0","0","0","2301","0","0","0","N","0","0","0","3","02301","0","","1.0","","1","N","N","","0","","0","0","0","","0","N","","2","0","0","0","0","0","0","2","0","2","","","","N","","","","","","","","","",""
"2005134180","","1","0","0","0","0","0","0","0","0","4","0","","02","6","2005","4","40.402264","-80.000645","","11","0","0","0","0","0","0","0","0","","0","0","0","","","0","","1","","40 24:08.150","","0","80 00:02.322","0","0","0","0","2301","0","0","0","","0","0","0","4","02301","0","","1.0","","1","","","","1","","0","0","0","","2","","","2","0","0","0","0","0","0","2","0","2","","","","N","","","","","","","","","",""
"2005134181","","2","0","0","0","0","0","0","0","0","5","0","","02","4","2005","5","40.451589","-79.932563","","11","0","0","0","0","0","0","0","0","","0","0","0","","","0","","0","","40 27:05.720","","0","79 55:57.226","0","0","0","0","2301","0","0","0","N","0","0","0","2","02301","0","","1.0","","1","N","N","","0","","0","0","0","","0","","","2","0","0","0","0","0","0","2","0","2","","","","N","","","","","","","","","",""
"2005134182","","0","0","0","0","0","0","0","0","0","0","0","","02","4","2005","5","40.4382","-79.9943","","11","0","0","0","0","0","0","0","0","","0","0","0","","","0","","0","","40 26:17.520","","2","79 59:39.480","0","0","0","0","2301","0","0","0","N","0","0","0","1","02301","0","","1.0","","1","N","N","","0","","0","0","0","","0","","","1","0","0","0","0","0","0","2","1","1","","","","N","","","","","","","","","",""
"2005134183","","1","0","0","0","0","0","0","0","0","5","0","","02","5","2005","6","40.44322","-80.043673","","11","0","0","0","0","0","0","0","0","","0","0","0","","","0","","0","","40 26:35.592","","0","80 02:37.222","9","0","0","0","2301","0","0","0","","0","0","0","5","02301","0","","1.0","","1","","","","1","","0","0","0","","0","","","2","0","0","0","0","0","5","2","0","2","","","","N","","","","","","","","","",""
"2005134184","","1","0","0","0","0","0","0","0","0","8","0","","02","4","2005","7","","","","11","0","0","0","0","0","0","0","1","1","0","0","0","","","1","","0","","","6","0","","8","0","0","0","2301","1","0","0","N","1","0","0","2","02301","0","","1.0","","1","N","N","","0","","0","0","0","","0","N","","2","1","0","0","0","1","0","1","0","1","","","","N","","","","","","","","","",""
"2005134185","","2","0","0","0","0","0","0","0","0","4","0","","02","4","2005","4","","","","11","0","0","0","0","0","0","0","0","","0","0","0","","","1","","1","","","","0","","4","0","0","0","2301","0","0","0","N","0","0","0","3","02301","1","","1.0","","1","N","N","","0","","0","0","0","","2","","","2","1","1","0","0","0","0","1","0","2","","","","N","","","","","","","","","",""
"2005134186","","1","0","0","0","0","0","0","0","0","7","0","","02","4","2005","3","40.455452","-79.889929","","11","0","0","0","0","0","0","0","0","","0","0","0","","","0","","0","","40 27:19.627","","0","79 53:23.744","9","0","0","0","2301","0","0","0","N","0","0","0","1","02301","0","","4.0","","1","N","N","","0","","0","0","0","","0","","","1","0","0","0","0","0","1","2","0","1","","","","N","","","","","","","","","",""
"2005134187","","1","0","0","0","0","0","0","0","0","1","0","","02","6","2005","2","","","","11","0","0","0","0","0","0","0","0","","0","0","0","","","0","","0","","","","0","","0","0","0","0","2301","0","0","0","","0","0","0","2","02301","0","","1.0","","1","N","N","","1","","0","0","0","","0","","","2","0","0","0","0","0","0","1","0","2","","","","N","","","","","","","","","",""
"2005134191","","2","0","0","0","0","0","0","0","0","1","0","","02","5","2005","7","40.473737","-80.028831","","11","0","0","0","0","0","1","0","0","","0","0","0","","","0","","1","","40 28:25.453","","0","80 01:43.791","0","0","0","0","2301","0","0","0","N","0","0","0","2","02301","0","","1.0","","9","N","N","","0","","0","0","0","","2","","","2","0","0","0","0","0","0","2","0","2","","","","N","","","","","","","","","",""
"2005134192","","2","0","0","0","0","0","0","0","0","4","0","","02","4","2005","4","","","","11","0","0","0","0","0","0","0","0","","0","0","0","","","1","","1","","","","0","","8","0","0","0","2301","0","0","0","N","0","0","0","3","02301","0","","1.0","","1","N","N","","0","","0","0","0","","2","","","2","1","0","0","0","1","0","1","0","2","","","","N","","","","","","","","","",""
"2005134194","","2","0","0","0","0","0","0","0","0","4","0","","02","4","2005","4","40.478889","-80.043068","","11","0","0","0","0","0","0","0","0","1","0","0","0","","","1","","1","","40 28:44.000","1","0","80 02:35.043","3","0","0","0","2301","0","0","0","N","0","0","0","4","02301","0","","1.0","","1","N","N","","0","","1","0","0","","4","Y","","2","1","0","0","0","0","0","2","0","2","","","","N","","","","","","","","","",""
"2005134195","","2","0","0","0","0","0","0","0","0","1","0","","02","5","2005","7","","","","11","0","0","0","0","0","0","0","0","","0","0","0","","","0","","0","","","","0","","0","0","0","0","2301","0","0","0","N","0","0","0","5","02301","0","","1.0","","9","N","N","","0","","0","0","0","","0","","","2","0","0","0","0","0","0","1","0","2","","","","N","","","","","","","","","",""
"2005134196","","2","0","0","0","0","0","0","0","0","4","0","","02","5","2005","4","40.449472","-80.002558","","11","0","0","0","0","1","1","0","0","","0","0","0","","","0","","1","","40 26:58.099","","0","80 00:09.210","0","0","0","0","2301","0","0","0","N","0","0","0","3","02301","0","","1.0","","1","N","N","","0","","0","0","0","","1","","","2","0","0","0","0","0","0","2","0","2","","","","N","","","","","","","","","",""
"2005134197","","2","0","0","0","0","0","0","0","0","5","0","","02","4","2005","6","40.482974","-80.035389","","11","0","0","0","0","0","0","0","0","","0","0","0","","","0","","0","","40 28:58.706","","0","80 02:07.400","9","0","0","0","2301","0","0","0","N","0","0","0","2","02301","0","","1.0","","1","N","N","","0","","0","0","0","","0","","","2","0","0","0","0","0","1","2","0","2","","","","N","","","","","","","","","",""
"2005134198","","2","0","0","0","0","0","0","0","0","1","0","","02","4","2005","1","40.463723","-80.007477","","11","0","0","0","0","0","0","0","0","","0","0","0","","","2","","2","","40 27:49.402","","0","80 00:26.917","4","0","0","0","2301","0","0","0","N","0","0","0","2","02301","2","","2.0","","1","N","N","","0","","0","0","0","","3","","","2","2","0","0","0","0","0","2","0","2","","","","N","","","","","","","","","",""
"2005134199","","2","0","0","0","0","0","0","0","0","4","0","","02","4","2005","2","40.449195","-80.004952","","11","0","0","0","0","0","0","0","0","","0","0","0","","","0","","1","","40 26:57.102","","0","80 00:17.827","0","0","0","0","2301","0","0","0","N","0","0","0","2","02301","0","","1.0","","1","N","N","","0","","0","0","0","","2","","","2","0","0","0","0","0","0","2","0","2","","","","N","","","","","","","","","",""
"2005134200","","1","0","0","0","0","0","0","0","0","8","0","","02","4","2005","3","40.473737","-80.028831","","11","0","0","0","0","0","0","0","0","","0","0","0","","","1","","1","","40 28:25.453","","0","80 01:43.791","4","0","0","0","2301","1","0","0","N","1","0","0","2","02301","1","","1.0","","1","N","N","","0","","0","0","0","","2","","","2","1","0","0","0","0","0","2","0","1","","","","N","","","","","","","","","",""
"2005134201","","1","0","0","0","0","0","0","0","0","2","0","","02","4","2005","4","40.4823","-80.0059","","11","0","0","0","0","0","1","0","0","1","0","0","0","","","2","","2","","40 28:56.280","1","0","80 00:21.240","4","0","0","0","2301","0","0","0","N","0","0","0","2","02301","1","","1.0","","1","N","N","","0","","0","0","1","","2","Y","","2","2","0","0","0","1","0","2","0","2","","","","N","","","","","","","","","",""
"2005134202","","1","0","0","0","0","0","0","0","0","7","0","","02","4","2005","5","40.457265","-79.997847","","11","0","0","0","0","1","1","0","0","","0","0","0","","","2","","1","","40 27:26.155","","0","79 59:52.249","4","0","0","0","2301","0","0","0","N","0","0","0","5","02301","2","","2.0","","9","N","N","","0","","0","0","0","","2","","","2","2","0","0","0","0","0","2","1","2","","","","N","","","","","","","","","",""
"2005134203","","1","0","0","0","0","0","0","0","0","7","0","","02","4","2005","7","40.457003","-80.029431","","11","0","0","0","0","0","0","1","0","","0","0","0","","","0","","0","","40 27:25.212","","2","80 01:45.953","0","0","0","0","2301","0","0","0","N","0","0","0","1","02301","0","","2.0","","1","N","N","","0","","0","0","0","","0","","","1","0","0","0","0","0","0","2","0","1","","","","N","","","","","","","","","",""
"2005134204","","1","0","0","0","0","0","0","0","0","7","0","","02","5","2005","6","","","","11","0","0","0","0","0","0","0","0","","0","0","0","","","0","","0","","","","0","","0","0","0","0","2301","0","0","0","N","0","0","0","1","02301","0","","4.0","","9","N","N","","0","","0","0","0","","0","","","1","0","0","0","0","0","0","1","0","1","","","","N","","","","","","","","","",""
"2005134205","","2","0","0","0","0","0","0","0","0","5","0","","02","5","2005","7","40.490672","-80.019143","","11","0","0","0","0","0","0","0","0","","0","0","0","","","0","","0","","40 29:26.418","","0","80 01:08.914","0","0","0","0","2301","0","0","0","N","0","0","0","2","02301","0","","6.0","","1","N","N","","0","","0","0","0","","0","","","2","0","0","0","0","0","0","2","0","2","","","","N","","","","","","","","","",""
"2005134222","","1","0","0","0","0","0","0","0","0","4","0","","02","5","2005","5","","","","11","0","0","0","0","0","0","0","0","","0","0","0","","","2","","0","","","","0","","4","0","0","0","2301","0","0","0","N","0","0","0","2","02301","2","","1.0","","1","N","N","","0","","0","0","0","","0","","","2","2","0","0","0","0","0","1","1","2","","","","N","","","","","","","","","",""
"2005134223","","1","0","0","0","0","0","0","0","0","4","0","","02","4","2005","4","","","","11","0","0","0","0","0","0","0","0","1","0","0","0","","","1","","0","","","1","0","","8","0","0","0","2301","0","0","0","N","0","0","0","2","02301","0","","1.0","","1","N","N","","0","","0","0","0","","2","Y","","2","1","0","0","0","1","0","1","1","2","","","","N","","","","","","","","","",""
"2005134224","","2","0","0","0","0","0","0","0","0","5","0","","02","5","2005","4","40.444291","-79.937908","","11","0","0","0","0","0","0","0","0","","0","0","0","","","0","","0","","40 26:39.446","","0","79 56:16.469","0","0","0","0","2301","0","0","0","N","0","0","0","2","02301","0","","6.0","","1","N","N","","0","","0","0","0","","0","","","2","0","0","0","0","0","0","2","0","2","","","","N","","","","","","","","","",""
"2005134225","","1","0","0","0","0","0","0","0","0","1","0","","02","4","2005","2","","","","11","0","0","0","0","0","0","0","0","","0","0","0","","","1","","2","","","","0","","8","0","0","0","2301","0","0","0","N","0","0","0","2","02301","0","","2.0","","1","N","N","","1","","0","0","0","","2","","","2","1","1","0","0","1","0","1","0","2","","","","N","","","","","","","","","",""
"2005134255","","1","0","0","0","0","0","0","0","0","7","0","","02","2","2005","7","","","","11","0","0","0","0","0","0","0","0","","0","0","0","","","1","","0","","40 26:43.08","","0","79 50:54.60","4","0","0","0","2419","0","0","0","Y","0","0","0","1","68B03","1","","5.0","","9","N","N","","0","","0","0","0","","0","","","1","1","0","0","0","0","0","2","0","1","","","","N","","","","","","","","","",""
"2005134389","","1","0","0","0","0","0","0","0","0","7","0","","02","4","2005","3","40.465367","-79.870511","","11","0","0","1","0","0","0","0","0","2","0","0","0","","","0","","0","","40 27:55.321","1","0","79 52:13.839","0","0","0","0","2113","0","0","0","N","0","0","0","1","02113","0","","5.0","","1","N","N","","0","","0","0","0","","0","N","","1","0","0","0","0","0","0","2","0","1","","","","N","","","","","","","","","",""
"2005134397","","0","0","0","0","0","0","0","0","0","1","0","","02","4","2005","6","","","","11","0","0","0","0","0","0","0","0","1","0","0","0","","","0","","0","","","3","0","","0","0","0","0","2113","0","0","0","N","0","0","0","3","02113","0","","1.0","","1","N","N","","1","","0","0","1","","0","N","","2","0","0","0","0","0","0","1","0","2","","","","N","","","","","","","","","",""
"2005134398","","1","0","0","0","0","0","0","0","0","8","0","","02","4","2005","3","40.4625","-79.827971","","11","0","0","0","0","0","0","0","0","","0","0","0","","","1","","0","","40 27:45.000","","0","79 49:40.695","4","0","0","0","2113","1","0","0","N","1","0","0","2","02113","1","","1.0","","1","N","N","","0","","0","0","0","","0","","","2","1","0","0","0","0","0","2","0","1","","","","N","","","","","","","","","",""
"2005134399","","1","0","0","0","0","0","0","0","0","2","0","","02","4","2005","4","40.461222","-79.870288","","11","0","0","0","0","1","1","0","0","","0","0","0","","","1","","1","","40 27:40.399","","0","79 52:13.037","4","0","0","0","2113","0","0","0","N","0","0","0","3","02113","1","","3.0","","1","N","N","","0","","0","0","1","","2","","","2","1","1","0","0","0","0","2","0","2","","","","N","","","","","","","","","",""
"2005134400","","1","0","0","0","0","0","1","0","0","1","1","","02","6","2005","5","40.459436","-79.844022","","11","0","0","0","0","0","1","0","1","","0","0","0","","","0","","1","","40 27:33.969","","0","79 50:38.479","0","0","0","0","2113","0","0","0","N","0","0","0","2","02113","0","","1.0","","1","Y","N","","0","","0","0","0","","0","","","2","0","0","0","0","0","0","2","0","2","","","","N","","","","","","","","","",""
"2005134402","","3","0","0","0","0","0","0","0","0","1","0","","02","5","2005","5","40.453906","-79.824448","","11","0","0","0","0","0","0","1","1","1","0","0","0","","","3","","0","","40 27:14.062","7","0","79 49:28.013","3","0","0","0","2113","0","0","0","N","0","0","0","4","02113","2","","1.0","","1","N","N","","1","","1","0","0","","0","N","","4","3","0","0","0","0","0","2","0","4","","","","N","","","","","","","","","",""
"2005134403","","1","0","0","0","0","0","0","0","0","5","0","","02","5","2005","6","40.509868","-79.794811","","11","0","0","0","0","0","0","0","0","","0","0","0","","","0","","0","","40 30:35.525","","0","79 47:41.320","0","0","0","0","2113","0","0","0","N","0","0","0","1","02113","0","","1.0","","1","N","N","","0","","0","0","0","","0","","","2","0","0","0","0","0","0","2","1","2","","","","N","","","","","","","","","",""