"CRN","ARRIVAL_TM","AUTOMOBILE_COUNT","BELTED_DEATH_COUNT","BELTED_SUSP_SERIOUS_INJ_COUNT","BICYCLE_COUNT","BICYCLE_DEATH_COUNT","BICYCLE_SUSP_SERIOUS_INJ_COUNT","BUS_COUNT","CHLDPAS_DEATH_COUNT","CHLDPAS_SUSP_SERIOUS_INJ_COUNT","COLLISION_TYPE","COMM_VEH_COUNT","CONS_ZONE_SPD_LIM","COUNTY","CRASH_MONTH","CRASH_YEAR","DAY_OF_WEEK","DEC_LATITUDE","DEC_LONGITUDE","DISPATCH_TM","DISTRICT","DRIVER_COUNT_16YR","DRIVER_COUNT_17YR","DRIVER_COUNT_18YR","DRIVER_COUNT_19YR","DRIVER_COUNT_20YR","DRIVER_COUNT_50_64YR","DRIVER_COUNT_65_74YR","DRIVER_COUNT_75PLUS","EST_HRS_CLOSED","FATAL_COUNT","HEAVY_TRUCK_COUNT","HORSE_BUGGY_COUNT","HOUR_OF_DAY","ILLUMINATION","INJURY_COUNT","INTERSECTION_RELATED","INTERSECT_TYPE","LANE_CLOSED","LATITUDE","LN_CLOSE_DIR","LOCATION_TYPE","LONGITUDE","MAX_SEVERITY_LEVEL","MCYCLE_DEATH_COUNT","MCYCLE_SUSP_SERIOUS_INJ_COUNT","MOTORCYCLE_COUNT","MUNICIPALITY","NONMOTR_COUNT","NONMOTR_DEATH_COUNT","NONMOTR_SUSP_SERIOUS_INJ_COUNT","NTFY_HIWY_MAINT","PED_COUNT","PED_DEATH_COUNT","PED_SUSP_SERIOUS_INJ_COUNT","PERSON_COUNT","POLICE_AGCY","POSSIBLE_INJ_COUNT","RDWY_SURF_TYPE_CD","RELATION_TO_ROAD","ROADWAY_CLEARED","ROAD_CONDITION","SCH_BUS_IND","SCH_ZONE_IND","SECONDARY_CRASH","SMALL_TRUCK_COUNT","SPEC_JURIS_CD","SUSP_MINOR_INJ_COUNT","SUSP_SERIOUS_INJ_COUNT","SUV_COUNT","TCD_FUNC_CD","TCD_TYPE","TFC_DETOUR_IND","TIME_OF_DAY","TOTAL_UNITS","TOT_INJ_COUNT","UNBELTED_OCC_COUNT","UNB_DEATH_COUNT","UNB_SUSP_SERIOUS_INJ_COUNT","UNK_INJ_DEG_COUNT","UNK_INJ_PER_COUNT","URBAN_RURAL","VAN_COUNT","VEHICLE_COUNT","WEATHER1","WEATHER2","WORKERS_PRES","WORK_ZONE_IND","WORK_ZONE_LOC","WORK_ZONE_TYPE","WZ_CLOSE_DETOUR","WZ_FLAGGER","WZ_LAW_OFFCR_IND","WZ_LN_CLOSURE","WZ_MOVING","WZ_OTHER","WZ_SHLDER_MDN","WZ_WORKERS_INJ_KILLED"
"2005137377","","2","0","0","0","0","0","0","0","0","5","0","","02","4","2005","4","40.454616","-79.946376","0700","11","0","0","0","0","0","1","0","0","","0","0","0","","","0","","0","","40 27:16.619","","0","79 56:46.954","0","0","0","0","2301","0","0","0","N","0","0","0","3","02301","0","","1.0","","1","N","N","","0","","0","0","0","","0","","","2","0","0","0","0","0","0","2","0","2","","","","N","","","","","","","","","",""
"2005137378","","1","0","0","0","0","0","0","0","0","8","0","","02","4","2005","1","40.465281","-79.914521","1538","11","0","0","0","0","0","0","1","0","","0","0","0","","","1","","1","","40 27:55.011","","0","79 54:52.275","4","0","0","0","2301","1","0","0","","1","0","0","2","02301","1","","1.0","","1","","","","0","","0","0","0","","2","","","2","1","0","0","0","0","0","2","0","1","","","","N","","","","","","","","","",""
"2005137379","","2","0","0","0","0","0","0","0","0","4","0","","02","6","2005","7","40.457237","-79.934066","0109","11","0","0","0","0","1","0","0","0","","0","0","0","","","2","","1","","40 27:26.053","","0","79 56:02.637","8","0","0","0","2301","0","0","0","N","0","0","0","4","02301","0","","1.0","","1","N","N","","0","","0","0","0","","2","","","2","2","2","0","0","2","0","2","0","2","","","","N","","","","","","","","","",""
"2005137380","","2","0","0","0","0","0","0","0","0","1","0","","02","5","2005","6","","","1923","11","0","0","0","0","0","0","0","0","9","0","0","0","","","0","","0","","","7","0","","9","0","0","0","2301","0","0","0","","0","0","0","1","02301","0","","6.0","","1","","","","0","","0","0","0","","0","Y","","2","0","0","0","0","0","1","1","0","2","","","","N","","","","","","","","","",""
"2005137381","","1","0","0","0","0","0","0","0","0","0","0","","02","4","2005","5","40.478833","-79.955384","0019","11","0","0","0","0","0","0","0","0","","0","0","0","","","1","","0","","40 28:43.799","","0","79 57:19.383","8","0","0","1","2301","0","0","0","N","0","0","0","2","02301","0","","1.0","","1","N","N","","1","","0","0","0","","0","","","3","1","0","0","0","1","0","2","0","3","","","","N","","","","","","","","","",""
"2005137382","","4","0","0","0","0","0","0","0","0","1","0","","02","6","2005","6","40.457975","-79.960554","1800","11","0","0","0","0","1","1","0","0","1","0","0","0","","","1","","0","","40 27:28.710","4","0","79 57:37.995","8","0","0","0","2301","0","0","0","N","0","0","0","4","02301","0","","1.0","","1","N","N","","0","","0","0","0","","0","N","","4","1","0","0","0","1","1","2","0","4","","","","N","","","","","","","","","",""
"2005137383","","3","0","0","0","0","0","0","0","0","1","0","","02","4","2005","5","40.477544","-79.951806","1841","11","0","0","0","0","1","0","0","0","2","0","0","0","","","0","","2","","40 28:39.158","2","0","79 57:06.501","0","0","0","0","2301","0","0","0","","0","0","0","3","02301","0","","1.0","","1","N","N","","0","","0","0","0","","0","Y","","3","0","0","0","0","0","0","2","0","3","","","","N","","","","","","","","","",""
"2005137384","","2","0","0","0","0","0","0","0","0","4","0","","02","5","2005","5","40.450983","-79.964971","1947","11","0","0","0","0","0","1","0","0","1","0","0","0","","","0","","2","","40 27:03.538","4","0","79 57:53.895","0","0","0","0","2301","0","0","0","N","0","0","0","2","02301","0","","1.0","","1","N","N","","0","","0","0","0","","0","N","","2","0","0","0","0","0","0","2","0","2","","","","N","","","","","","","","","",""
"2005137385","","0","0","0","0","0","0","0","0","0","1","0","","02","6","2005","7","","","1225","11","0","0","0","0","0","0","0","0","","0","0","0","","","3","","0","","","","0","","3","0","0","0","2301","0","0","0","N","0","0","0","3","02301","2","","1.0","","1","N","N","","2","","1","0","0","","0","","","2","3","0","0","0","0","0","1","0","2","","","","N","","","","","","","","","",""
"2005137386","","2","0","0","0","0","0","0","0","0","1","0","","02","6","2005","7","40.48742","-79.918426","1150","11","0","0","0","0","0","0","0","0","","0","0","0","","","1","","2","","40 29:14.711","","0","79 55:06.332","4","0","0","0","2301","0","0","0","N","0","0","0","3","02302","1","","1.0","","1","N","N","","0","","0","0","0","","2","","","2","1","1","0","0","0","0","2","0","2","","","","N","","","","","","","","","",""
"2005137387","","2","0","0","0","0","0","0","0","0","4","0","","02","6","2005","7","","","1354","11","0","0","0","0","0","0","0","0","","0","0","0","","","2","","1","","","","0","","4","0","0","0","2301","0","0","0","","0","0","0","3","02301","1","","1.0","","1","","","","0","","0","0","0","","2","","","2","2","0","0","0","1","0","1","0","2","","","","N","","","","","","","","","",""
"2005137388","","0","0","0","1","0","0","0","0","0","8","0","","02","6","2005","4","40.455034","-79.890397","1709","11","0","0","0","0","0","1","0","0","","0","0","0","","","1","","1","","40 27:18.124","","0","79 53:25.430","4","0","0","0","2301","1","0","0","N","0","0","0","2","02301","1","","1.0","","1","N","N","","1","","0","0","0","","2","","","2","1","0","0","0","0","0","2","0","1","","","","N","","","","","","","","","",""
"2005137389","","1","0","0","1","0","0","0","0","0","8","0","","02","6","2005","5","40.461022","-79.929475","1622","11","0","0","0","0","0","0","0","0","","0","0","0","","","1","","2","","40 27:39.679","","0","79 55:46.110","4","0","0","0","2301","1","0","0","","0","0","0","2","02301","1","","1.0","","9","","","","0","","0","0","0","","3","","","2","1","0","0","0","0","1","2","0","1","","","","N","","","","","","","","","",""
"2005137390","","0","0","0","0","0","0","0","0","0","4","0","","02","6","2005","7","40.462819","-79.957327","0721","11","0","0","0","0","0","0","0","1","","0","0","0","","","0","","1","","40 27:46.148","","0","79 57:26.377","0","0","0","0","2301","0","0","0","N","0","0","0","2","02301","0","","1.0","","1","N","N","","0","","0","0","1","","1","","","2","0","0","0","0","0","0","2","1","2","","","","N","","","","","","","","","",""
"2005137391","","1","0","0","0","0","0","0","0","0","7","0","","02","6","2005","7","40.458745","-79.912783","1818","11","0","0","0","0","0","1","0","0","","0","0","0","","","0","","0","","40 27:31.482","","0","79 54:46.018","0","0","0","0","2301","0","0","0","N","0","0","0","1","02301","0","","4.0","","1","N","N","","0","","0","0","0","","0","","","1","0","0","0","0","0","0","2","0","1","","","","N","","","","","","","","","",""
"2005137392","","1","0","0","0","0","0","0","0","0","7","0","","02","6","2005","1","40.467513","-79.946804","0214","11","0","0","0","0","0","0","0","0","","0","0","0","","","0","","2","","40 28:03.046","","0","79 56:48.494","0","0","0","0","2301","0","0","0","N","0","0","0","2","02301","0","","4.0","","1","N","N","","0","","0","0","0","","0","","","1","0","2","0","0","0","0","2","0","1","","","","N","","","","","","","","","",""
"2005137393","","2","0","0","0","0","0","0","0","0","1","0","","02","4","2005","6","","","1546","11","0","0","0","0","1","0","0","0","","0","0","0","","","0","","3","","","","0","","0","0","0","0","2301","0","0","0","N","0","0","0","3","02301","0","","1.0","","1","N","N","","0","","0","0","1","","0","","","3","0","0","0","0","0","0","1","0","3","","","","N","","","","","","","","","",""
"2005137394","","1","0","0","0","0","0","0","0","0","4","0","","02","6","2005","6","40.439435","-79.952621","0235","11","0","0","0","0","0","0","0","0","1","0","0","0","","","0","","0","","40 26:21.966","1","0","79 57:09.435","0","0","0","0","2301","0","0","0","N","0","0","0","1","02301","0","","1.0","","1","N","N","","0","","0","0","2","","0","N","","3","0","0","0","0","0","0","2","0","3","","","","N","","","","","","","","","",""
"2005137395","","2","0","0","0","0","0","0","0","0","4","0","","02","5","2005","2","","","2054","11","0","0","0","0","0","0","0","0","","0","0","0","","","0","","2","","","","0","","0","0","0","0","2301","0","0","0","","0","0","0","6","02301","0","","1.0","","1","","","","0","","0","0","0","","2","","","2","0","0","0","0","0","0","1","0","2","","","","N","","","","","","","","","",""
"2005137396","","2","0","0","0","0","0","0","0","0","2","0","","02","5","2005","2","","","2322","11","0","0","0","0","1","1","0","0","2","0","0","0","","","0","","2","","","4","0","","0","0","0","0","2301","0","0","0","N","0","0","0","4","02301","0","","1.0","","1","N","N","","0","","0","0","0","","1","N","","2","0","0","0","0","0","0","1","0","2","","","","N","","","","","","","","","",""
"2005137397","","1","0","0","0","0","0","0","0","0","7","0","","02","5","2005","1","40.452002","-79.899385","1623","11","0","0","0","1","0","0","0","0","","0","0","0","","","0","","0","","40 27:07.207","","0","79 53:57.786","0","0","0","0","2301","0","0","0","N","0","0","0","1","02301","0","","2.0","","1","N","N","","0","","0","0","0","","0","","","1","0","0","0","0","0","0","2","0","1","","","","N","","","","","","","","","",""
"2005137398","","1","0","0","0","0","0","0","0","0","7","0","","02","6","2005","6","","","0924","11","0","0","0","0","0","0","0","0","","0","0","0","","","1","","1","","","","0","","4","0","0","0","2301","0","0","0","N","0","0","0","1","02301","1","","5.0","","1","N","N","","0","","0","0","0","","2","","","1","1","0","0","0","0","0","1","0","1","","","","N","","","","","","","","","",""
"2005137399","","0","0","0","0","0","0","0","0","0","6","0","","02","6","2005","4","40.454029","-79.912399","1238","11","0","0","0","0","0","1","0","0","","0","0","0","","","1","","1","","40 27:14.504","","0","79 54:44.638","4","0","0","0","2301","0","0","0","N","0","0","0","3","02301","1","","1.0","","1","N","N","","1","","0","0","0","","2","","","2","1","0","0","0","0","0","2","1","2","","","","N","","","","","","","","","",""
"2005137400","","1","0","0","0","0","0","0","0","0","4","0","","02","6","2005","4","40.431053","-79.919157","1850","11","0","0","0","0","1","0","0","0","","0","0","0","","","0","","1","","40 25:51.790","","0","79 55:08.965","0","0","0","0","2301","0","0","0","N","0","0","0","2","02301","0","","1.0","","1","N","N","","0","","0","0","1","","3","","","2","0","0","0","0","0","0","2","0","2","","","","N","","","","","","","","","",""
"2005137401","","1","0","0","0","0","0","0","0","0","4","0","","02","6","2005","6","40.454125","-79.906268","1736","11","0","0","0","0","0","0","0","1","","0","0","0","","","0","","1","","40 27:14.851","","0","79 54:22.563","0","0","0","0","2301","0","0","0","N","0","0","0","2","02301","0","","1.0","","1","N","N","","1","","0","0","0","","3","","","2","0","0","0","0","0","0","2","0","2","","","","N","","","","","","","","","",""
"2005137402","","1","0","0","0","0","0","0","0","0","7","0","","02","6","2005","7","40.440389","-79.936526","2347","11","0","0","0","0","0","0","0","1","","0","0","0","","","1","","0","","40 26:25.400","","0","79 56:11.493","3","0","0","0","2301","0","0","0","N","0","0","0","1","02301","0","","5.0","","1","N","N","","0","","1","0","0","","0","","","1","1","0","0","0","0","0","2","0","1","","","","N","","","","","","","","","",""
"2005137403","","1","0","0","0","0","0","0","0","0","2","0","","02","6","2005","2","","","1937","11","0","0","0","0","0","0","0","0","","0","1","0","","","0","","1","","","","0","","0","0","0","0","2301","0","0","0","N","0","0","0","1","02301","0","","6.0","","1","N","N","","0","","0","0","0","","3","","","2","0","0","0","0","0","0","1","0","2","","","","N","","","","","","","","","",""
"2005137404","","1","0","0","0","0","0","0","0","0","4","0","","02","5","2005","5","40.451832","-79.943353","1816","11","0","0","0","0","0","0","0","0","","0","0","0","","","0","","1","","40 27:06.595","","0","79 56:36.070","0","0","0","0","2301","0","0","0","N","0","0","0","2","02301","0","","1.0","","1","N","N","","0","","0","0","0","","2","","","2","0","0","0","0","0","0","2","1","2","","","","N","","","","","","","","","",""
"2005137405","","2","0","0","0","0","0","0","0","0","1","0","","02","5","2005","6","40.459701","-79.920703","1219","11","0","0","1","0","0","0","0","0","1","0","0","0","","","0","","0","","40 27:34.925","3","0","79 55:14.530","0","0","0","0","2301","0","0","0","N","0","0","0","3","02301","0","","1.0","","1","N","N","","0","","0","0","0","","0","N","","2","0","0","0","0","0","0","2","0","2","","","","N","","","","","","","","","",""
"2005137406","","2","0","0","0","0","0","0","0","0","4","0","","02","5","2005","6","40.450916","-79.943053","1909","11","0","0","0","0","0","0","1","0","","0","0","0","","","2","","1","","40 27:03.297","","0","79 56:34.990","3","0","0","0","2301","0","0","0","N","0","0","0","3","02301","0","","1.0","","1","N","N","","0","","2","0","0","","2","","","2","2","0","0","0","0","0","2","0","2","","","","N","","","","","","","","","",""
"2005137407","","2","0","0","0","0","0","0","0","0","1","0","","02","4","2005","7","40.394444","-79.997373","1735","11","0","0","0","0","0","0","0","0","","0","0","0","","","1","","2","","40 23:40.000","","0","79 59:50.544","4","0","0","0","2301","0","0","0","N","0","0","0","3","02301","1","","1.0","","1","N","N","","0","","0","0","0","","0","","","2","1","0","0","0","0","0","2","0","2","","","","N","","","","","","","","","",""
"2005137408","","0","0","0","0","0","0","0","0","0","99","0","","02","4","2005","3","40.433333","-80.02866","1445","11","0","0","0","0","0","0","0","0","","0","0","0","","","0","","2","","40 25:59.998","","0","80 01:43.175","0","0","0","0","2301","0","0","0","","0","0","0","1","02301","0","","1.0","","1","","","","0","","0","0","1","","0","","","1","0","0","0","0","0","0","2","0","1","","","","N","","","","","","","","","",""
"2005137409","","2","0","0","0","0","0","0","0","0","6","0","","02","6","2005","4","","","0130","11","0","0","0","0","0","0","1","0","","0","0","0","","","0","","1","","","","0","","0","0","0","0","2301","0","0","0","N","0","0","0","2","02301","0","","1.0","","1","N","N","","0","","0","0","0","","2","","","2","0","0","0","0","0","0","1","0","2","","","","N","","","","","","","","","",""
"2005137451","","1","0","0","0","0","0","0","0","0","7","0","","02","4","2005","2","","","0629","11","0","0","0","0","0","0","0","0","9","0","0","0","","","0","","1","","","4","0","","0","0","0","0","2301","0","0","0","N","0","0","0","2","02301","0","","4.0","","1","N","N","","0","","0","0","0","","3","N","","1","0","2","0","0","0","0","1","0","1","","","","N","","","","","","","","","",""
"2005137452","","1","0","0","0","0","0","0","0","0","7","0","","02","5","2005","3","","","1352","11","0","0","0","0","0","0","0","0","","0","0","0","","","0","","2","","","","0","","0","0","0","0","2301","0","0","0","N","0","0","0","1","02301","0","","3.0","","9","N","N","","0","","0","0","0","","2","","","1","0","0","0","0","0","0","1","0","1","","","","N","","","","","","","","","",""
"2005137453","","2","0","0","0","0","0","0","0","0","1","0","","02","5","2005","6","","","2329","11","0","0","0","0","0","0","0","0","1","0","0","0","","","0","","0","","","5","0","","0","0","0","0","2301","0","0","0","N","0","0","0","2","02301","0","","6.0","","9","N","N","","0","","0","0","0","","0","Y","","2","0","0","0","0","0","0","1","0","2","","","","N","","","","","","","","","",""
"2005137454","","1","0","0","1","0","0","0","0","0","8","0","","02","5","2005","5","40.46539","-79.956725","0922","11","0","0","0","0","0","1","0","0","","0","0","0","","","0","","1","","40 27:55.404","","0","79 57:24.210","9","0","0","0","2301","1","0","0","N","0","0","0","2","02301","0","","1.0","","1","N","N","","0","","0","0","0","","3","","","2","0","0","0","0","0","1","2","0","1","","","","N","","","","","","","","","",""
"2005137455","","0","0","0","0","0","0","0","0","0","7","0","","02","5","2005","5","","","1605","11","0","0","0","0","0","0","0","0","1","0","0","0","","","0","","0","","","1","3","","0","0","0","0","2301","0","0","0","","0","0","0","1","02301","0","","2.0","","1","","","","1","","0","0","0","","0","N","","2","0","0","0","0","0","0","1","0","1","","","","N","","","","","","","","","",""
"2005137456","","2","0","0","0","0","0","0","0","0","4","0","","02","5","2005","6","40.458606","-79.957119","1748","11","0","0","0","0","0","0","0","0","1","0","0","0","","","3","","5","","40 27:30.982","4","0","79 57:25.629","4","0","0","0","2301","0","0","0","N","0","0","0","5","02301","2","","1.0","","1","N","N","","0","","0","0","0","","2","N","","2","3","1","0","0","1","0","2","0","2","","","","N","","","","","","","","","",""
"2005137457","","2","0","0","0","0","0","0","0","0","4","0","","02","5","2005","7","40.43708","-79.998329","0215","11","0","0","0","0","0","0","0","0","1","0","0","0","","","0","","5","","40 26:13.487","3","0","79 59:53.986","0","0","0","0","2301","0","0","0","N","0","0","0","2","02301","0","","1.0","","1","N","N","","0","","0","0","0","","2","N","","2","0","0","0","0","0","0","2","0","2","","","","N","","","","","","","","","",""
"2005137458","","1","0","0","1","0","0","0","0","0","8","0","","02","6","2005","6","","","0745","11","0","0","0","0","0","0","0","0","","0","0","0","","","1","","2","","","","0","","8","0","0","0","2301","1","0","0","N","0","0","0","2","02301","0","","1.0","","1","N","N","","0","","0","0","0","","2","","","2","1","0","0","0","1","0","1","0","1","","","","N","","","","","","","","","",""
"2005137461","","1","0","0","0","0","0","0","0","0","4","0","","02","5","2005","7","","","2358","11","0","1","0","0","0","0","0","0","1","0","0","0","","","2","","2","","","1","0","","4","0","0","0","2301","0","0","0","N","0","0","0","2","02301","2","","1.0","","1","N","N","","1","","0","0","0","","3","N","","2","2","0","0","0","0","0","1","0","2","","","","N","","","","","","","","","",""
"2005137462","","0","0","0","0","0","0","0","0","0","7","0","","02","5","2005","1","40.452301","-79.909836","0333","11","0","0","0","0","0","0","0","0","1","0","0","0","","","0","","0","","40 27:08.282","3","0","79 54:35.409","0","0","0","0","2301","0","0","0","N","0","0","0","1","02301","0","","4.0","","1","N","N","","0","","0","0","0","","0","N","","1","0","0","0","0","0","0","2","1","1","","","","N","","","","","","","","","",""
"2005137463","","0","0","0","0","0","0","0","0","0","7","0","","02","5","2005","1","","","2008","11","0","0","0","0","0","1","0","0","","0","0","0","","","1","","1","","","","0","","4","0","0","1","2301","0","0","0","N","0","0","0","1","02301","1","","4.0","","1","N","N","","0","","0","0","0","","0","","","1","1","0","0","0","0","0","1","0","1","","","","N","","","","","","","","","",""
"2005137464","","2","0","0","0","0","0","0","0","0","4","0","","02","6","2005","3","40.435631","-79.982904","1611","11","0","0","0","0","0","1","0","1","2","0","0","0","","","1","","2","","40 26:08.273","4","0","79 58:58.454","8","0","0","0","2301","0","0","0","N","0","0","0","3","02301","0","","1.0","","1","N","N","","0","","0","0","0","","0","N","","2","1","0","0","0","1","0","2","0","2","","","","N","","","","","","","","","",""
"2005137465","","2","0","0","0","0","0","0","0","0","4","0","","02","5","2005","2","","","0208","11","0","0","0","0","0","0","0","0","1","0","0","0","","","1","","1","","","3","0","","4","0","0","0","2301","0","0","0","N","0","0","0","4","02301","1","","1.0","","1","N","N","","0","","0","0","0","","3","N","","2","1","0","0","0","0","0","1","0","2","","","","N","","","","","","","","","",""
"2005137466","","2","0","0","0","0","0","0","0","0","4","0","","02","6","2005","2","40.446193","-79.965789","1424","11","0","0","0","0","0","0","0","0","","0","0","0","","","1","","5","","40 26:46.294","","0","79 57:56.840","8","0","0","0","2301","0","0","0","N","0","0","0","4","02301","0","","1.0","","1","N","N","","0","","0","0","0","","0","","","2","1","0","0","0","1","0","2","0","2","","","","N","","","","","","","","","",""
"2005137467","","1","0","0","0","0","0","0","0","0","8","0","","02","6","2005","2","40.442173","-80.000874","1721","11","0","0","0","0","0","1","0","0","1","0","0","0","","","1","","0","","40 26:31.823","4","0","80 00:03.146","4","0","0","0","2301","1","0","0","N","1","0","0","2","02301","1","","1.0","","1","N","N","","0","","0","0","0","","0","Y","","2","1","0","0","0","0","0","2","0","1","","","","N","","","","","","","","","",""
"2005137468","","2","0","0","0","0","0","0","0","0","2","0","","02","6","2005","5","","","1732","11","0","0","0","0","0","0","0","1","","0","0","0","","","1","","1","","","","0","","4","0","0","0","2302","0","0","0","N","0","0","0","2","02301","1","","1.0","","1","N","N","","0","","0","0","0","","3","","","2","1","0","0","0","0","0","1","0","2","","","","N","","","","","","","","","",""
"2005137469","","2","0","0","0","0","0","0","0","0","4","0","","02","6","2005","6","40.43531","-79.91899","1340","11","0","0","0","0","0","2","0","0","1","0","0","0","","","1","","1","","40 26:07.116","2","0","79 55:08.364","4","0","0","0","2301","0","0","0","N","0","0","0","2","02301","1","","1.0","","1","N","N","","0","","0","0","0","","2","Y","","2","1","0","0","0","0","0","2","0","2","","","","N","","","","","","","","","",""
"2005137470","","2","0","0","0","0","0","0","0","0","4","0","","02","5","2005","1","","","1054","11","0","0","0","1","0","0","1","0","","0","0","0","","","1","","2","","","","0","","4","0","0","0","2301","0","0","0","N","0","0","0","2","02301","1","","1.0","","1","N","N","","0","","0","0","0","","0","","","2","1","0","0","0","0","0","1","0","2","","","","N","","","","","","","","","",""
"2005137471","","3","0","0","0","0","0","0","0","0","1","0","","02","6","2005","4","40.377987","-79.926307","1842","11","0","0","0","0","0","0","0","0","2","0","0","0","","","0","","0","","40 22:40.754","2","0","79 55:34.705","0","0","0","0","2301","0","0","0","N","0","0","0","6","02301","0","","1.0","","1","N","N","","0","","0","0","1","","0","N","","4","0","0","0","0","0","0","2","0","4","","","","N","","","","","","","","","",""
"2005137472","","0","0","0","0","0","0","0","0","0","1","0","","02","6","2005","4","40.3835","-79.931","1625","11","0","0","0","0","0","1","0","0","","0","0","0","","","1","","6","","40 23:00.600","","2","79 55:51.600","8","0","0","0","2301","0","0","0","N","0","0","0","2","02301","0","","7.0","","1","N","N","","0","","0","0","2","","0","","","2","1","0","0","0","1","0","2","0","2","","","","N","","","","","","","","","",""
"2005137473","","1","0","0","0","0","0","0","0","0","4","0","","02","4","2005","3","","","0813","11","0","0","0","0","0","1","0","0","","0","0","0","","","0","","1","","","","0","","0","0","0","0","2301","0","0","0","N","0","0","0","2","02301","0","","1.0","","1","N","N","","0","","0","0","1","","3","","","2","0","0","0","0","0","0","1","0","2","","","","N","","","","","","","","","",""
"2005137474","","2","0","0","0","0","0","0","0","0","5","0","","02","5","2005","4","","","1249","11","0","0","0","0","0","0","0","0","1","0","0","0","","","0","","2","","","1","0","","0","0","0","0","2301","0","0","0","N","0","0","0","2","02301","0","","1.0","","1","N","N","","0","","0","0","0","","2","N","","2","0","0","0","0","0","0","1","0","2","","","","N","","","","","","","","","",""
"2005137475","","0","0","0","0","0","0","0","0","0","7","0","","02","5","2005","2","40.458103","-79.995496","1620","11","0","0","0","0","1","0","0","0","","0","0","0","","","0","","1","","40 27:29.170","","0","79 59:43.785","0","0","0","0","2301","0","0","0","","0","0","0","5","02301","0","","5.0","","1","N","N","","0","","0","0","1","","0","","","1","0","1","0","0","0","0","2","0","1","","","","N","","","","","","","","","",""
"2005137476","","0","0","0","0","0","0","0","0","0","8","0","","02","6","2005","6","","","0625","11","0","0","0","0","0","0","0","0","4","0","0","0","","","1","","1","","","5","0","","8","0","0","0","2301","1","0","0","N","1","0","0","2","02301","0","","1.0","","1","N","N","","0","","0","0","1","","0","Y","","2","1","0","0","0","1","0","1","0","1","","","","N","","","","","","","","","",""
"2005137477","","2","0","0","0","0","0","0","0","0","1","0","","02","5","2005","3","","","2112","11","0","0","0","1","0","1","0","0","","0","0","0","","","0","","0","","","","0","","0","0","0","0","2301","0","0","0","N","0","0","0","2","02301","0","","1.0","","9","N","N","","0","","0","0","0","","0","","","2","0","0","0","0","0","0","1","0","2","","","","N","","","","","","","","","",""
"2005137478","","2","0","0","0","0","0","0","0","0","4","0","","02","5","2005","4","40.46539","-79.956725","0822","11","0","0","0","0","0","0","0","0","","0","0","0","","","0","","1","","40 27:55.404","","0","79 57:24.210","0","0","0","0","2301","0","0","0","N","0","0","0","4","02301","0","","1.0","","1","N","N","","0","","0","0","0","","3","","","2","0","0","0","0","0","0","2","0","2","","","","N","","","","","","","","","",""
"2005137479","","2","0","0","0","0","0","0","0","0","5","0","","02","4","2005","7","40.406026","-79.945153","1130","11","0","0","0","0","0","0","0","0","","0","0","0","","","0","","0","","40 24:21.693","","0","79 56:42.550","0","0","0","0","2301","0","0","0","N","0","0","0","4","02301","0","","1.0","","1","N","N","","0","","0","0","0","","0","","","2","0","3","0","0","0","0","2","0","2","","","","N","","","","","","","","","",""
"2005137480","","1","0","0","0","0","0","0","0","0","5","0","","02","4","2005","3","40.4638","-80.022717","1439","11","0","0","0","0","0","0","0","0","","0","0","0","","","1","","0","","40 27:49.680","","0","80 01:21.781","4","0","0","0","2301","0","0","0","N","0","0","0","5","02301","1","","1.0","","1","N","N","","0","","0","0","1","","0","","","2","1","0","0","0","0","0","2","0","2","","","","N","","","","","","","","","",""
"2005137481","","1","0","0","0","0","0","0","0","0","7","0","","02","4","2005","1","","","1232","11","0","0","0","0","0","0","0","0","","0","0","0","","","1","","0","","","","0","","4","0","0","0","2301","0","0","0","N","0","0","0","1","02301","1","","5.0","","1","N","N","","0","","0","0","0","","0","","","1","1","0","0","0","0","0","1","0","1","","","","N","","","","","","","","","",""
"2005137482","","1","0","0","0","0","0","0","0","0","7","0","","02","5","2005","7","40.474519","-80.005126","0309","11","0","0","0","0","1","0","0","0","","0","0","0","","","0","","7","","40 28:28.267","","2","80 00:18.455","0","0","0","0","2301","0","0","0","N","0","0","0","1","02301","0","","7.0","","1","N","N","","0","","0","0","0","","0","","","1","0","0","0","0","0","0","2","0","1","","","","N","","","","","","","","","",""
"2005137483","","4","0","0","0","0","0","0","0","0","4","0","","02","1","2005","3","40.452749","-80.007807","2020","11","0","0","0","0","0","1","0","0","2","0","0","0","","","1","","0","","40 27:09.898","2","0","80 00:28.106","4","0","0","0","2301","0","0","0","N","0","0","0","1","02301","1","","1.0","","9","N","N","","0","","0","0","0","","0","Y","","4","1","0","0","0","0","0","2","0","4","","","","N","","","","","","","","","",""
"2005137484","","2","0","0","0","0","0","0","0","0","2","0","","02","4","2005","4","40.448652","-80.002304","1912","11","0","0","0","0","0","0","0","0","","0","0","0","","","0","","1","","40 26:55.147","","0","80 00:08.294","0","0","0","0","2301","0","0","0","N","0","0","0","2","02301","0","","1.0","","1","N","N","","0","","0","0","0","","0","","","2","0","0","0","0","0","0","2","0","2","","","","N","","","","","","","","","",""
"2005137485","","2","0","0","0","0","0","0","0","0","5","0","","02","4","2005","6","40.4531","-80.0025","1237","11","0","0","0","0","0","0","0","0","","0","0","0","","","0","","2","","40 27:11.160","","0","80 00:09.000","0","0","0","0","2301","0","0","0","N","0","0","0","2","02301","0","","1.0","","1","N","N","","0","","0","0","0","","0","","","2","0","0","0","0","0","0","2","0","2","","","","N","","","","","","","","","",""