"CRN","ARRIVAL_TM","AUTOMOBILE_COUNT","BELTED_DEATH_COUNT","BELTED_SUSP_SERIOUS_INJ_COUNT","BICYCLE_COUNT","BICYCLE_DEATH_COUNT","BICYCLE_SUSP_SERIOUS_INJ_COUNT","BUS_COUNT","CHLDPAS_DEATH_COUNT","CHLDPAS_SUSP_SERIOUS_INJ_COUNT","COLLISION_TYPE","COMM_VEH_COUNT","CONS_ZONE_SPD_LIM","COUNTY","CRASH_MONTH","CRASH_YEAR","DAY_OF_WEEK","DEC_LATITUDE","DEC_LONGITUDE","DISPATCH_TM","DISTRICT","DRIVER_COUNT_16YR","DRIVER_COUNT_17YR","DRIVER_COUNT_18YR","DRIVER_COUNT_19YR","DRIVER_COUNT_20YR","DRIVER_COUNT_50_64YR","DRIVER_COUNT_65_74YR","DRIVER_COUNT_75PLUS","EST_HRS_CLOSED","FATAL_COUNT","HEAVY_TRUCK_COUNT","HORSE_BUGGY_COUNT","HOUR_OF_DAY","ILLUMINATION","INJURY_COUNT","INTERSECTION_RELATED","INTERSECT_TYPE","LANE_CLOSED","LATITUDE","LN_CLOSE_DIR","LOCATION_TYPE","LONGITUDE","MAX_SEVERITY_LEVEL","MCYCLE_DEATH_COUNT","MCYCLE_SUSP_SERIOUS_INJ_COUNT","MOTORCYCLE_COUNT","MUNICIPALITY","NONMOTR_COUNT","NONMOTR_DEATH_COUNT","NONMOTR_SUSP_SERIOUS_INJ_COUNT","NTFY_HIWY_MAINT","PED_COUNT","PED_DEATH_COUNT","PED_SUSP_SERIOUS_INJ_COUNT","PERSON_COUNT","POLICE_AGCY","POSSIBLE_INJ_COUNT","RDWY_SURF_TYPE_CD","RELATION_TO_ROAD","ROADWAY_CLEARED","ROAD_CONDITION","SCH_BUS_IND","SCH_ZONE_IND","SECONDARY_CRASH","SMALL_TRUCK_COUNT","SPEC_JURIS_CD","SUSP_MINOR_INJ_COUNT","SUSP_SERIOUS_INJ_COUNT","SUV_COUNT","TCD_FUNC_CD","TCD_TYPE","TFC_DETOUR_IND","TIME_OF_DAY","TOTAL_UNITS","TOT_INJ_COUNT","UNBELTED_OCC_COUNT","UNB_DEATH_COUNT","UNB_SUSP_SERIOUS_INJ_COUNT","UNK_INJ_DEG_COUNT","UNK_INJ_PER_COUNT","URBAN_RURAL","VAN_COUNT","VEHICLE_COUNT","WEATHER1","WEATHER2","WORKERS_PRES","WORK_ZONE_IND","WORK_ZONE_LOC","WORK_ZONE_TYPE","WZ_CLOSE_DETOUR","WZ_FLAGGER","WZ_LAW_OFFCR_IND","WZ_LN_CLOSURE","WZ_MOVING","WZ_OTHER","WZ_SHLDER_MDN","WZ_WORKERS_INJ_KILLED"
"2005137486","","2","0","0","0","0","0","0","0","0","5","0","","02","4","2005","1","40.485547","-80.036367","2106","11","0","0","0","0","0","0","0","0","","0","0","0","","","0","","0","","40 29:07.969","","0","80 02:10.921","0","0","0","0","2301","0","0","0","N","0","0","0","1","02301","0","","2.0","","1","N","N","","0","","0","0","0","","0","","","3","0","0","0","0","0","0","2","1","3","","","","N","","","","","","","","","",""
"2005137487","","2","0","0","0","0","0","0","0","0","2","0","","02","4","2005","2","40.448652","-80.002304","1902","11","0","0","0","0","0","1","0","0","","0","0","0","","","1","","1","","40 26:55.147","","0","80 00:08.294","3","0","0","0","2301","0","0","0","N","0","0","0","2","02301","0","","1.0","","1","N","N","","0","","1","0","0","","2","","","2","1","0","0","0","0","0","2","0","2","","","","N","","","","","","","","","",""
"2005137488","","1","0","0","0","0","0","0","0","0","7","0","","02","5","2005","7","40.474604","-80.005178","0128","11","0","0","0","0","0","1","0","0","","0","0","0","","","0","","1","","40 28:28.574","","0","80 00:18.642","0","0","0","0","2301","0","0","0","","0","0","0","1","02301","0","","2.0","","1","","","","0","","0","0","0","","2","","","1","0","0","0","0","0","0","2","0","1","","","","N","","","","","","","","","",""
"2005137489","","1","0","0","0","0","0","0","0","0","0","0","","02","5","2005","1","40.457746","-80.007387","0037","11","0","0","0","0","0","0","0","0","","0","0","0","","","1","","0","","40 27:27.885","","0","80 00:26.593","8","0","0","1","2301","0","0","0","N","0","0","0","2","02301","0","","1.0","","1","N","N","","0","","0","0","0","","0","","","2","1","0","0","0","1","0","2","0","2","","","","N","","","","","","","","","",""
"2005137490","","1","0","0","0","0","0","0","0","0","4","0","","02","6","2005","4","","","0927","11","0","0","0","0","0","1","0","0","1","0","0","0","","","1","","1","","","2","0","","8","0","0","1","2301","0","0","0","N","0","0","0","3","02301","0","","1.0","","1","N","N","","0","","0","0","0","","3","N","","2","1","0","0","0","1","0","1","0","2","","","","N","","","","","","","","","",""
"2005137504","","2","0","0","0","0","0","0","0","0","4","0","","02","6","2005","4","","","1618","11","0","0","0","0","0","1","0","0","","0","0","0","","","0","","1","","","","0","","0","0","0","0","2301","0","0","0","N","0","0","0","3","02301","0","","1.0","","1","N","N","","0","","0","0","0","","3","","","2","0","0","0","0","0","0","1","0","2","","","","N","","","","","","","","","",""
"2005137505","","2","0","0","0","0","0","0","0","0","4","0","","02","6","2005","5","40.440863","-79.973978","1628","11","0","0","0","0","0","1","0","1","","0","0","0","","","0","","2","","40 26:27.106","","0","79 58:26.320","0","0","0","0","2301","0","0","0","N","0","0","0","3","02301","0","","1.0","","1","N","N","","0","","0","0","0","","3","","","2","0","3","0","0","0","0","2","0","2","","","","N","","","","","","","","","",""
"2005137506","","3","0","0","0","0","0","0","0","0","1","0","","02","6","2005","6","40.462392","-79.959745","0144","11","0","0","0","0","0","0","0","0","1","0","0","0","","","1","","0","","40 27:44.611","6","0","79 57:35.082","4","0","0","0","2301","0","0","0","N","0","0","0","1","02301","1","","6.0","","9","N","N","","0","","0","0","0","","0","Y","","3","1","0","0","0","0","0","2","0","3","","","","N","","","","","","","","","",""
"2005137542","","2","0","0","0","0","0","0","0","0","1","0","","02","3","2005","2","","","0700","11","0","0","0","0","0","0","0","0","","0","0","0","","","1","","0","","40 24:51.84","","0","80 04:57.72","4","0","0","0","2457","0","0","0","N","0","0","0","2","68B03","1","","1.0","","1","N","N","","0","","0","0","0","","0","","","2","1","0","0","0","0","0","2","0","2","","","","N","","","","","","","","","",""
"2005137607","","2","0","0","0","0","0","0","0","0","4","0","","02","5","2005","4","40.538036","-79.839613","1423","11","0","0","0","0","0","1","1","0","","0","0","0","","","0","","1","","40 32:16.931","","0","79 50:22.606","9","0","0","0","2208","0","0","0","","0","0","0","2","02208","0","","1.0","","1","N","N","","0","","0","0","0","","2","","","2","0","0","0","0","0","1","2","0","2","","","","N","","","","","","","","","",""
"2005137608","","1","0","0","0","0","0","0","0","0","1","0","","02","5","2005","4","40.5378","-79.8347","0743","11","0","0","0","0","0","0","0","0","","0","0","0","","","0","","2","","40 32:16.080","","0","79 50:04.920","0","0","0","0","2208","0","0","0","","0","0","0","2","02208","0","","2.0","","1","N","N","","1","","0","0","0","","2","","","2","0","0","0","0","0","0","2","0","2","","","","N","","","","","","","","","",""
"2005137618","","2","0","0","0","0","0","0","0","0","1","0","","02","5","2005","7","40.485046","-79.856666","0831","11","0","0","0","0","0","1","0","0","","0","0","0","","","1","","0","","40 29:06.167","","0","79 51:23.996","4","0","0","0","2113","0","0","0","N","0","0","0","2","02113","1","","1.0","","9","N","N","","0","","0","0","0","","0","","","2","1","1","0","0","0","0","2","0","2","","","","N","","","","","","","","","",""
"2005137619","","1","0","0","0","0","0","0","0","0","4","0","","02","5","2005","1","40.474279","-79.82182","1704","11","0","0","0","0","0","1","0","0","","0","0","0","","","0","","1","","40 28:27.404","","0","79 49:18.552","0","0","0","0","2113","0","0","0","N","0","0","0","2","02113","0","","1.0","","1","N","N","","1","","0","0","0","","2","","","2","0","0","0","0","0","0","2","0","2","","","","N","","","","","","","","","",""
"2005137620","","0","0","0","0","0","0","0","0","0","7","0","","02","5","2005","6","40.493974","-79.818854","0412","11","0","0","0","0","0","0","0","0","","0","0","0","","","0","","2","","40 29:38.306","","0","79 49:07.873","0","0","0","0","2113","0","0","0","N","0","0","0","1","02113","0","","5.0","","1","N","N","","0","","0","0","1","","0","","","1","0","0","0","0","0","0","2","0","1","","","","N","","","","","","","","","",""
"2005137621","","1","0","0","0","0","0","0","0","0","7","0","","02","5","2005","7","40.450279","-79.842108","2332","11","0","0","1","0","0","0","0","0","","0","0","0","","","1","","0","","40 27:01.003","","0","79 50:31.588","3","0","0","0","2113","0","0","0","N","0","0","0","2","02113","0","","5.0","","1","N","N","","0","","1","0","0","","0","","","1","1","2","0","0","0","0","2","0","1","","","","N","","","","","","","","","",""
"2005137622","","1","0","0","0","0","0","0","0","0","7","0","","02","5","2005","6","40.475498","-79.821861","1906","11","0","0","0","0","0","0","0","0","2","0","0","0","","","1","","0","","40 28:31.791","4","0","79 49:18.701","3","0","0","0","2113","0","0","0","N","0","0","0","1","02113","0","","4.0","","9","N","N","","0","","1","0","0","","0","N","","1","1","0","0","0","0","0","2","0","1","","","","N","","","","","","","","","",""
"2005137623","","1","0","0","0","0","0","0","0","0","1","0","","02","5","2005","3","40.482838","-79.809499","1531","11","0","0","0","0","0","0","1","0","","0","0","0","","","0","","2","","40 28:58.218","","0","79 48:34.195","9","0","0","0","2113","0","0","0","N","0","0","0","2","02113","0","","1.0","","1","N","N","","1","","0","0","0","","2","","","2","0","0","0","0","0","1","2","0","2","","","","N","","","","","","","","","",""
"2005137624","","1","0","0","0","0","0","0","0","0","0","0","","02","4","2005","3","40.49667","-79.834876","1636","11","0","0","0","0","0","0","1","0","","0","0","0","","","1","","1","","40 29:48.013","","0","79 50:05.555","4","0","0","1","2113","0","0","0","N","0","0","0","2","02113","1","","1.0","","1","N","N","","0","","0","0","0","","0","","","2","1","0","0","0","0","0","2","0","2","","","","N","","","","","","","","","",""
"2005137662","","4","0","0","0","0","0","0","0","0","1","0","","02","5","2005","6","","","1604","11","0","0","0","0","0","0","0","0","1","0","0","0","","","1","","0","","40 25:37.20","3","4","79 55:10.20","4","0","0","0","2301","0","0","0","N","0","0","0","4","68B03","1","","1.0","","1","N","N","","0","","0","0","0","","0","N","","4","1","0","0","0","0","0","2","0","4","","","","N","","","","","","","","","",""
"2005137682","","2","0","0","0","0","0","0","0","0","1","0","","02","5","2005","2","40.501495","-80.13322","1721","11","0","0","0","0","0","1","0","0","2","0","0","0","","","2","","6","","40 30:05.382","2","2","80 07:59.592","4","0","0","0","2115","0","0","0","N","0","0","0","2","68B03","2","","1.0","","1","N","N","","0","","0","0","0","","4","N","","2","2","0","0","0","0","0","2","0","2","","","","N","","","","","","","","","",""
"2005137683","","2","0","0","0","0","0","0","0","0","1","0","","02","3","2005","5","","","0719","11","0","0","0","0","0","0","1","0","","0","0","0","","","1","","0","","40 27:07.56","","0","80 10:18.48","4","0","0","0","2214","0","0","0","N","0","0","0","2","68B03","1","","1.0","","9","N","N","","0","","0","0","0","","0","","","2","1","0","0","0","0","0","2","0","2","","","","N","","","","","","","","","",""
"2005137685","","1","0","0","0","0","0","0","0","0","7","0","","02","4","2005","1","40.439282","-80.190046","0750","11","0","0","0","0","0","0","0","0","2","0","0","0","","","1","","0","","40 26:21.414","3","0","80 11:24.164","4","0","0","0","2214","0","0","0","N","0","0","0","2","68B03","1","","2.0","","7","N","N","","0","","0","0","0","","0","N","","1","1","0","0","0","0","0","2","0","1","","","","N","","","","","","","","","",""
"2005137686","","1","0","0","0","0","0","0","0","0","7","0","","02","4","2005","1","","","1236","11","0","0","0","0","0","0","0","0","2","0","0","0","","","0","","0","","40 28:03.72","1","0","80 14:29.76","0","0","0","0","2203","0","0","0","N","0","0","0","1","68B03","0","","2.0","","6","N","N","","0","","0","0","0","","0","N","","1","0","0","0","0","0","0","2","0","1","","","","N","","","","","","","","","",""
"2005137687","","1","0","0","0","0","0","0","0","0","7","0","","02","4","2005","7","40.428772","-79.925529","0720","11","0","0","0","0","0","0","0","0","","0","0","0","","","1","","6","","40 25:43.580","","2","79 55:31.906","4","0","0","0","2301","0","0","0","N","0","0","0","2","68B03","1","","3.0","","9","N","N","","0","","0","0","0","","4","","","1","1","0","0","0","0","0","2","0","1","","","","N","","","","","","","","","",""
"2005137688","","0","0","0","0","0","0","0","0","0","7","0","","02","4","2005","7","","","0708","11","0","0","0","0","0","1","0","0","1","0","0","0","","","0","","0","","40 25:23.88","1","0","80 06:22.32","0","0","0","0","2115","0","0","0","N","0","0","0","1","68B03","0","","2.0","","9","N","N","","0","","0","0","1","","0","N","","1","0","0","0","0","0","0","2","0","1","","","","N","","","","","","","","","",""
"2005137689","","2","0","0","0","0","0","0","0","0","1","0","","02","4","2005","6","","","1350","11","0","0","0","0","0","0","0","0","1","0","0","0","","","2","","6","","40 26:21.12","4","2","80 00:25.56","4","0","0","0","2301","0","0","0","N","0","0","0","3","68B03","2","","1.0","","1","N","N","","0","","0","0","0","","0","N","","2","2","0","0","0","0","0","2","0","2","","","","N","","","","","","","","","",""
"2005137690","","1","0","0","0","0","0","0","0","0","7","0","","02","2","2005","5","40.554179","-80.116643","1554","11","0","0","0","0","0","1","0","0","","0","0","0","","","1","","0","","40 33:15.043","","0","80 06:59.914","3","0","0","0","2460","0","0","0","N","0","0","0","3","68B03","0","","2.0","","7","N","N","","1","","1","0","0","","0","","","3","1","0","0","0","0","0","2","1","3","","","","N","","","","","","","","","",""
"2005137691","","0","0","0","0","0","0","0","0","0","1","0","","02","3","2005","5","","","1519","11","0","0","0","0","0","0","0","0","","0","0","0","","","2","","0","","40 25:57.00","","4","79 52:16.32","4","0","0","0","2301","0","0","0","N","0","0","0","2","68B03","2","","1.0","","1","N","N","","0","","0","0","2","","0","","","2","2","0","0","0","0","0","2","0","2","","","","N","","","","","","","","","",""
"2005137692","","1","0","0","0","0","0","0","0","0","7","0","","02","4","2005","7","","","0600","11","0","0","0","0","0","0","0","0","","0","0","0","","","0","","0","","40 25:54.84","","3","79 57:32.76","0","0","0","0","2301","0","0","0","N","0","0","0","1","68B03","0","","2.0","","9","N","N","","0","","0","0","0","","0","","","1","0","0","0","0","0","0","2","0","1","","","","N","","","","","","","","","",""
"2005137693","","2","0","0","0","0","0","0","0","0","5","0","","02","5","2005","1","","","1952","11","0","0","0","0","0","1","0","0","3","0","0","0","","","1","","0","","40 26:10.32","3","0","79 58:22.80","4","0","0","0","2301","0","0","0","N","0","0","0","2","68B03","1","","1.0","","1","N","N","","0","","0","0","0","","0","N","","2","1","1","0","0","0","0","2","0","2","","","","N","","","","","","","","","",""
"2005137702","","1","0","0","0","0","0","0","0","0","7","0","","02","3","2005","2","40.496779","-79.86729","0457","11","0","0","0","0","0","0","0","0","","0","0","0","","","0","","0","","40 29:48.403","","0","79 52:02.243","0","0","0","0","2112","0","0","0","N","0","0","0","1","68D02","0","","2.0","","1","N","N","","0","","0","0","0","","0","","","1","0","0","0","0","0","0","2","0","1","","","","N","","","","","","","","","",""
"2005137804","","1","0","0","0","0","0","0","0","0","99","0","","02","3","2005","6","40.6357","-79.9908","1854","11","0","0","0","0","0","1","0","0","","0","0","0","","","0","","0","","40 38:08.520","","0","79 59:26.880","0","0","0","0","2217","0","0","0","N","0","0","0","2","68T02","0","","1.0","","1","N","N","","0","","0","0","0","","0","","","1","0","0","0","0","0","0","1","0","1","","","","N","","","","","","","","","",""
"2005137806","","1","0","0","0","0","0","0","0","0","7","0","","02","4","2005","1","","","1257","11","0","0","0","0","0","0","0","0","","0","0","0","","","0","","0","","","","0","","0","0","0","0","2208","0","0","0","N","0","0","0","3","68T02","0","","4.0","","1","N","N","","0","","0","0","0","","0","","","1","0","0","0","0","0","0","1","0","1","","","","N","","","","","","","","","",""
"2005137838","","1","0","0","0","0","0","0","0","0","7","0","","02","3","2005","6","","","0820","11","0","0","0","0","0","0","0","0","2","0","0","0","","","0","","0","","40 25:44.40","4","0","79 55:54.48","0","0","0","0","2301","0","0","0","N","0","0","0","2","68B03","0","","3.0","","1","N","N","","0","","0","0","0","","0","N","","1","0","0","0","0","0","0","2","0","1","","","","N","","","","","","","","","",""
"2005137861","","2","0","0","0","0","0","0","0","0","1","0","","02","3","2005","7","40.613901","-80.09509","0342","11","0","0","0","0","0","1","0","0","","0","0","0","","","0","","0","","40 36:50.044","","0","80 05:42.323","0","0","0","0","2481","0","0","0","N","0","0","0","4","68B03","0","","1.0","","1","N","N","","0","","0","0","0","","0","","","3","0","0","0","0","0","0","2","1","3","","","","N","","","","","","","","","",""
"2005137865","","2","0","0","0","0","0","0","0","0","1","0","","02","1","2005","6","","","2231","11","0","0","0","0","0","1","0","0","","0","0","0","","","1","","0","","40 25:35.40","","0","79 54:59.40","4","0","0","0","2301","0","0","0","N","0","0","0","4","68B03","1","","1.0","","1","N","N","","0","","0","0","0","","0","","","2","1","0","0","0","0","0","2","0","2","","","","N","","","","","","","","","",""
"2005137866","","2","0","0","0","0","0","0","0","0","1","0","","02","5","2005","3","","","1614","11","0","0","0","1","0","1","0","0","","0","0","0","","","1","","0","","40 31:12.36","","0","80 16:30.00","4","0","0","0","2203","0","0","0","N","0","0","0","6","68B03","1","","1.0","","1","N","N","","0","","0","0","0","","7","","","2","1","2","0","0","0","0","2","0","2","","","","N","","","","","","","","","",""
"2005137867","","3","0","0","0","0","0","0","0","0","0","0","","02","4","2005","7","","","1557","11","0","0","0","0","0","1","1","0","2","0","0","0","","","0","","0","","40 26:39.12","2","3","80 00:33.12","0","0","0","0","2301","0","0","0","N","0","0","0","4","68B03","0","","1.0","","1","N","N","","0","","0","0","0","","0","Y","","3","0","0","0","0","0","0","2","0","3","","","","N","","","","","","","","","",""
"2005137868","","2","0","0","0","0","0","0","0","0","1","0","","02","4","2005","6","","","1527","11","0","0","0","0","0","0","1","0","","0","0","0","","","1","","0","","40 25:06.60","","0","80 05:18.96","4","0","0","0","2117","0","0","0","N","0","0","0","3","68B03","1","","1.0","","1","N","N","","0","","0","0","0","","0","","","3","1","0","0","0","0","0","2","1","3","","","","N","","","","","","","","","",""
"2005137870","","0","0","0","0","0","0","0","0","0","7","0","","02","4","2005","1","","","0227","11","0","0","0","0","0","0","0","0","2","0","0","0","","","1","","0","","40 26:37.68","3","0","79 51:15.48","8","0","0","0","2419","0","0","0","N","0","0","0","3","68B03","0","","2.0","","6","N","N","","0","","0","0","0","","0","N","","1","1","0","0","0","1","0","2","1","1","","","","N","","","","","","","","","",""
"2005137871","","2","0","0","0","0","0","0","0","0","1","0","","02","4","2005","5","","","1657","11","0","0","0","0","0","1","0","0","","0","0","0","","","0","","0","","","","2","","0","0","0","0","2301","0","0","0","N","0","0","0","2","68B03","0","","1.0","","1","N","N","","0","","0","0","0","","4","","","2","0","0","0","0","0","0","1","0","2","","","","N","","","","","","","","","",""
"2005137872","","1","0","0","0","0","0","0","0","0","7","0","","02","4","2005","1","","","0310","11","0","0","0","0","0","0","0","0","1","0","0","0","","","0","","0","","40 25:05.16","1","0","80 03:16.56","0","0","0","0","2435","0","0","0","N","0","0","0","1","68B03","0","","5.0","","6","N","N","","0","","0","0","0","","0","N","","1","0","0","0","0","0","0","2","0","1","","","","N","","","","","","","","","",""
"2005137873","","0","0","0","0","0","0","0","0","0","7","0","","02","4","2005","1","","","0737","11","0","0","0","0","0","0","0","0","1","0","0","0","","","1","","0","","40 25:45.12","3","0","79 55:58.44","4","0","0","0","2301","0","0","0","N","0","0","0","1","68B03","1","","4.0","","6","N","N","","1","","0","0","0","","0","Y","","1","1","0","0","0","0","0","2","0","1","","","","N","","","","","","","","","",""
"2005137874","","1","0","0","0","0","0","0","0","0","7","0","","02","5","2005","5","40.427169","-80.03085","0240","11","0","0","0","0","0","0","0","0","","0","0","0","","","1","","6","","40 25:37.808","","2","80 01:51.060","4","0","0","0","2301","0","0","0","N","0","0","0","1","68B03","1","","2.0","","1","N","N","","0","","0","0","0","","0","","","1","1","0","0","0","0","0","2","0","1","","","","N","","","","","","","","","",""
"2005137880","","1","0","0","0","0","0","0","0","0","7","0","","02","4","2005","7","","","0920","11","0","0","0","0","0","0","0","0","","0","0","0","","","0","","0","","40 26:56.76","","0","80 00:17.64","0","0","0","0","2301","0","0","0","N","0","0","0","1","68B03","0","","2.0","","9","N","N","","0","","0","0","0","","0","","","1","0","0","0","0","0","0","2","0","1","","","","N","","","","","","","","","",""
"2005137887","","2","0","0","0","0","0","0","0","0","1","0","","02","5","2005","6","","","0655","11","0","0","0","0","0","0","0","0","","0","0","0","","","1","","0","","40 25:34.68","","3","79 54:49.32","3","0","0","0","2301","0","0","0","N","0","0","0","3","68B03","0","","1.0","","1","N","N","","1","","1","0","0","","0","","","3","1","0","0","0","0","0","2","0","3","","","","N","","","","","","","","","",""
"2005137888","","0","0","0","0","0","0","0","0","0","1","0","","02","3","2005","3","40.446845","-80.169239","1736","11","0","0","0","0","0","0","0","0","","0","0","0","","","0","","0","","40 26:48.642","","2","80 10:09.260","0","0","0","0","2214","0","0","0","N","0","0","0","3","68B03","0","","1.0","","9","N","N","","1","","0","0","1","","4","","","2","0","0","0","0","0","0","2","0","2","","","","N","","","","","","","","","",""
"2005137927","","0","0","0","0","0","0","0","0","0","0","0","","02","5","2005","3","40.490713","-79.879423","1032","11","0","0","0","0","0","0","0","0","2","0","0","0","","","0","","0","","40 29:26.566","1","0","79 52:45.922","0","0","0","0","2112","0","0","0","N","0","0","0","1","68D02","0","","1.0","","1","N","N","","1","","0","0","0","","0","N","","1","0","0","0","0","0","0","2","0","1","","","","N","","","","","","","","","",""
"2005138054","","1","0","0","0","0","0","0","0","0","7","0","","02","5","2005","7","40.3541","-79.8436","2110","11","0","0","0","0","0","0","0","0","1","0","0","0","","","0","","0","","40 21:14.760","3","2","79 50:36.960","0","0","0","0","2301","0","0","0","N","0","0","0","1","02304","0","","7.0","","1","N","N","","0","","0","0","0","","0","N","","1","0","1","0","0","0","0","2","0","1","","","","N","","","","","","","","","",""
"2005138055","","2","0","0","0","0","0","0","0","0","6","0","","02","5","2005","3","40.323614","-79.838883","1529","11","0","0","1","0","0","0","0","0","","0","0","0","","","0","","2","","40 19:25.011","","0","79 50:19.979","0","0","0","0","2304","0","0","0","","0","0","0","2","02304","0","","1.0","","1","","","","0","","0","0","0","","0","","","2","0","2","0","0","0","0","2","0","2","","","","N","","","","","","","","","",""
"2005138056","","1","0","0","0","0","0","0","0","0","4","0","","02","5","2005","6","40.343744","-79.844382","1916","11","0","0","0","1","0","0","0","0","","0","0","0","","","0","","1","","40 20:37.478","","0","79 50:39.775","0","0","0","0","2304","0","0","0","","0","0","0","1","02304","0","","1.0","","1","","","","0","","0","0","0","","0","","","2","0","0","0","0","0","0","2","1","2","","","","N","","","","","","","","","",""
"2005138080","","1","0","0","0","0","0","0","0","0","7","0","","02","3","2005","1","40.4837","-79.7728","1903","11","0","0","0","0","0","1","0","0","2","0","0","0","","","0","","0","","40 29:01.320","4","0","79 46:22.080","0","0","0","0","2466","0","0","0","N","0","0","0","1","68T02","0","","3.0","","1","N","N","","0","","0","0","0","","0","N","","1","0","0","0","0","0","0","2","0","1","","","","N","","","","","","","","","",""
"2005138187","","0","0","0","0","0","0","0","0","0","7","0","","02","7","2005","3","40.350497","-79.97668","1600","11","0","0","0","0","0","0","0","0","2","0","0","0","","","1","","0","","40 21:01.789","1","0","79 58:36.047","3","0","0","0","2476","0","0","0","N","0","0","0","1","02476","0","","2.0","","1","N","N","","1","","1","0","0","","0","N","","1","1","1","0","0","0","0","2","0","1","","","","N","","","","","","","","","",""
"2005138191","","1","0","0","0","0","0","0","0","0","4","0","30","02","5","2005","5","40.536944","-79.839132","1500","11","0","0","0","0","0","0","0","1","","0","0","0","","","0","","1","","40 32:13.000","","0","79 50:20.874","0","0","0","0","2208","0","0","0","N","0","0","0","2","02208","0","","1.0","","1","N","N","","0","","0","0","1","","0","","","2","0","0","0","0","0","0","2","0","2","","","Y","Y","4","1","","","U","Y","","","Y",""
"2005138305","","1","0","0","0","0","0","0","0","0","1","0","","02","4","2005","2","40.360033","-79.845218","0700","11","0","0","0","0","0","0","0","0","","0","0","0","","","0","","0","","40 21:36.120","","3","79 50:42.786","0","0","0","0","2304","0","0","0","N","0","0","0","2","02304","0","","1.0","","9","N","N","","1","","0","0","0","","0","","","2","0","0","0","0","0","0","2","0","2","","","","N","","","","","","","","","",""
"2005138306","","2","0","0","0","0","0","0","0","0","4","0","","02","4","2005","2","","","2112","11","0","0","1","0","0","0","0","0","","0","0","0","","","1","","1","","","","0","","2","0","0","0","2304","0","0","0","N","0","0","0","2","02304","0","","1.0","","1","N","N","","0","","0","1","0","","3","","","2","1","0","0","0","0","0","1","0","2","","","","N","","","","","","","","","",""
"2005138613","","1","0","0","0","0","0","0","0","0","0","0","","02","5","2005","2","","","1045","11","0","0","0","0","0","0","1","0","","0","0","0","","","0","","0","","40 28:21.00","","0","80 12:55.80","0","0","0","0","2203","0","0","0","N","0","0","0","1","68B03","0","","2.0","","1","N","N","","0","","0","0","0","","0","","","1","0","0","0","0","0","0","2","0","1","","","","N","","","","","","","","","",""
"2005138616","","1","0","0","0","0","0","0","0","0","7","0","","02","4","2005","7","","","1919","11","0","0","1","0","0","0","0","0","1","0","0","0","","","0","","0","","40 27:08.28","1","0","80 10:22.44","0","0","0","0","2213","0","0","0","N","0","0","0","2","68B03","0","","2.0","","9","N","N","","0","","0","0","0","","0","N","","1","0","0","0","0","0","0","2","0","1","","","","N","","","","","","","","","",""
"2005138617","","0","0","0","0","0","0","0","0","0","0","0","","02","4","2005","6","","","2055","11","0","0","0","0","0","0","0","0","","0","0","0","","","1","","0","","40 24:52.92","","0","80 03:41.76","8","0","0","1","2435","0","0","0","N","0","0","0","2","68B03","0","","1.0","","1","N","N","","0","","0","0","0","","0","","","1","1","0","0","0","1","0","2","0","1","","","","N","","","","","","","","","",""
"2005138618","","1","0","0","0","0","0","0","0","0","5","0","","02","4","2005","6","","","2233","11","0","0","0","0","0","0","0","0","","0","0","0","","","1","","0","","40 25:54.84","","0","80 01:27.48","4","0","0","0","2301","0","0","0","N","0","0","0","2","68B03","1","","1.0","","1","N","N","","0","","0","0","0","","0","","","2","1","0","0","0","0","1","2","0","2","","","","N","","","","","","","","","",""
"2005138619","","1","0","0","0","0","0","0","0","0","1","0","","02","4","2005","7","","","1802","11","0","0","0","0","1","0","0","0","","0","0","0","","","0","","0","","40 26:43.08","","0","79 50:54.60","0","0","0","0","2419","0","0","0","N","0","0","0","9","68B03","0","","1.0","","1","N","N","","1","","0","0","2","","0","","","4","0","0","0","0","0","0","2","0","4","","","","N","","","","","","","","","",""
"2005138620","","1","0","0","0","0","0","0","0","0","7","0","","02","5","2005","7","40.586219","-80.100259","0936","11","0","0","0","0","0","0","0","0","","0","0","0","","","0","","0","","40 35:10.387","","0","80 06:00.933","0","0","0","0","2481","0","0","0","N","0","0","0","1","68B03","0","","4.0","","1","N","N","","0","","0","0","0","","0","","","1","0","0","0","0","0","0","2","0","1","","","","N","","","","","","","","","",""
"2005138621","","1","0","0","0","0","0","0","0","0","7","0","","02","4","2005","5","","","1910","11","0","0","0","0","0","0","0","0","1","0","0","0","","","1","","6","","40 26:05.28","3","2","79 59:51.00","4","0","0","0","2301","0","0","0","N","0","0","0","1","68B03","1","","7.0","","1","N","N","","0","","0","0","0","","4","N","","1","1","0","0","0","0","0","2","0","1","","","","N","","","","","","","","","",""
"2005138622","","1","0","0","0","0","0","0","0","0","1","0","","02","6","2005","7","","","1800","11","0","1","0","0","0","0","0","0","1","0","0","0","","","0","","0","","","2","0","","0","0","0","0","2102","0","0","0","N","0","0","0","7","68B03","0","","1.0","","1","N","N","","0","","0","0","1","","0","N","","3","0","0","0","0","0","0","1","1","3","","","","N","","","","","","","","","",""