"CRN","ARRIVAL_TM","AUTOMOBILE_COUNT","BELTED_DEATH_COUNT","BELTED_SUSP_SERIOUS_INJ_COUNT","BICYCLE_COUNT","BICYCLE_DEATH_COUNT","BICYCLE_SUSP_SERIOUS_INJ_COUNT","BUS_COUNT","CHLDPAS_DEATH_COUNT","CHLDPAS_SUSP_SERIOUS_INJ_COUNT","COLLISION_TYPE","COMM_VEH_COUNT","CONS_ZONE_SPD_LIM","COUNTY","CRASH_MONTH","CRASH_YEAR","DAY_OF_WEEK","DEC_LATITUDE","DEC_LONGITUDE","DISPATCH_TM","DISTRICT","DRIVER_COUNT_16YR","DRIVER_COUNT_17YR","DRIVER_COUNT_18YR","DRIVER_COUNT_19YR","DRIVER_COUNT_20YR","DRIVER_COUNT_50_64YR","DRIVER_COUNT_65_74YR","DRIVER_COUNT_75PLUS","EST_HRS_CLOSED","FATAL_COUNT","HEAVY_TRUCK_COUNT","HORSE_BUGGY_COUNT","HOUR_OF_DAY","ILLUMINATION","INJURY_COUNT","INTERSECTION_RELATED","INTERSECT_TYPE","LANE_CLOSED","LATITUDE","LN_CLOSE_DIR","LOCATION_TYPE","LONGITUDE","MAX_SEVERITY_LEVEL","MCYCLE_DEATH_COUNT","MCYCLE_SUSP_SERIOUS_INJ_COUNT","MOTORCYCLE_COUNT","MUNICIPALITY","NONMOTR_COUNT","NONMOTR_DEATH_COUNT","NONMOTR_SUSP_SERIOUS_INJ_COUNT","NTFY_HIWY_MAINT","PED_COUNT","PED_DEATH_COUNT","PED_SUSP_SERIOUS_INJ_COUNT","PERSON_COUNT","POLICE_AGCY","POSSIBLE_INJ_COUNT","RDWY_SURF_TYPE_CD","RELATION_TO_ROAD","ROADWAY_CLEARED","ROAD_CONDITION","SCH_BUS_IND","SCH_ZONE_IND","SECONDARY_CRASH","SMALL_TRUCK_COUNT","SPEC_JURIS_CD","SUSP_MINOR_INJ_COUNT","SUSP_SERIOUS_INJ_COUNT","SUV_COUNT","TCD_FUNC_CD","TCD_TYPE","TFC_DETOUR_IND","TIME_OF_DAY","TOTAL_UNITS","TOT_INJ_COUNT","UNBELTED_OCC_COUNT","UNB_DEATH_COUNT","UNB_SUSP_SERIOUS_INJ_COUNT","UNK_INJ_DEG_COUNT","UNK_INJ_PER_COUNT","URBAN_RURAL","VAN_COUNT","VEHICLE_COUNT","WEATHER1","WEATHER2","WORKERS_PRES","WORK_ZONE_IND","WORK_ZONE_LOC","WORK_ZONE_TYPE","WZ_CLOSE_DETOUR","WZ_FLAGGER","WZ_LAW_OFFCR_IND","WZ_LN_CLOSURE","WZ_MOVING","WZ_OTHER","WZ_SHLDER_MDN","WZ_WORKERS_INJ_KILLED"
"2005140071","","1","0","0","0","0","0","0","0","0","99","0","","02","4","2005","4","40.47087","-80.030023","","11","0","0","0","0","0","0","0","0","","0","0","0","","","0","","0","","40 28:15.132","","0","80 01:48.082","0","0","0","0","2301","0","0","0","N","0","0","0","1","02301","0","","9.0","","1","N","N","","0","","0","0","0","","0","","","1","0","0","0","0","0","0","2","0","1","","","","N","","","","","","","","","",""
"2005140072","","2","0","0","0","0","0","0","0","0","1","0","","02","4","2005","4","","","","11","0","0","0","0","0","1","0","0","","0","0","0","","","1","","0","","","","0","","8","0","0","0","2301","0","0","0","","0","0","0","2","02301","0","","1.0","","1","","","","0","","0","0","0","","0","","","2","1","1","0","0","1","0","1","0","2","","","","N","","","","","","","","","",""
"2005140073","","1","0","0","0","0","0","0","0","0","4","0","","02","4","2005","4","40.449195","-80.004952","","11","0","0","0","0","0","2","0","0","","0","0","0","","","0","","1","","40 26:57.102","","0","80 00:17.827","0","0","0","0","2301","0","0","0","N","0","0","0","2","02301","0","","1.0","","1","N","N","","1","","0","0","0","","2","","","2","0","0","0","0","0","0","2","0","2","","","","N","","","","","","","","","",""
"2005140074","","1","0","0","0","0","0","0","0","0","1","0","","02","4","2005","4","40.448652","-80.002304","","11","0","0","0","0","0","1","0","0","","0","0","0","","","1","","2","","40 26:55.147","","0","80 00:08.294","8","0","0","0","2301","0","0","0","N","0","0","0","3","02301","0","","1.0","","1","N","N","","2","","0","0","0","","2","","","3","1","0","0","0","1","1","2","0","3","","","","N","","","","","","","","","",""
"2005140075","","1","0","0","0","0","0","0","0","0","4","0","","02","4","2005","5","","","","11","0","0","0","0","0","0","0","0","","0","0","0","","","0","","0","","","","0","","0","0","0","0","2301","0","0","0","N","0","0","0","3","02301","0","","1.0","","9","N","N","","0","","0","0","0","","0","","","2","0","0","0","0","0","0","1","1","2","","","","N","","","","","","","","","",""
"2005140076","","1","0","0","0","0","0","0","0","0","7","0","","02","4","2005","3","40.467383","-80.035438","","11","0","0","0","0","0","0","0","0","1","0","0","0","","","0","","0","","40 28:02.577","2","0","80 02:07.577","0","0","0","0","2301","0","0","0","N","0","0","0","2","02301","0","","5.0","","1","N","N","","0","","0","0","0","","0","N","","1","0","0","0","0","0","0","2","0","1","","","","N","","","","","","","","","",""
"2005140077","","1","0","0","0","0","0","0","0","0","6","0","","02","4","2005","2","40.4796","-80.0118","","11","0","0","0","0","0","1","0","0","1","0","0","0","","","0","","0","","40 28:46.560","1","0","80 00:42.480","0","0","0","0","2301","0","0","0","N","0","0","0","1","02301","0","","6.0","","1","N","N","","0","","0","0","0","","0","N","","2","0","0","0","0","0","0","2","1","2","","","","N","","","","","","","","","",""
"2005140079","","2","0","0","0","0","0","0","0","0","4","0","","02","4","2005","7","40.448933","-80.000739","","11","0","0","0","0","0","0","0","0","","0","0","0","","","0","","1","","40 26:56.157","","0","80 00:02.660","0","0","0","0","2301","0","0","0","N","0","0","0","2","02301","0","","1.0","","9","N","N","","0","","0","0","0","","1","","","2","0","0","0","0","0","0","2","0","2","","","","N","","","","","","","","","",""
"2005140080","","1","0","0","0","0","0","0","0","0","99","0","","02","4","2005","7","","","","11","0","0","0","0","0","0","0","0","1","0","0","0","","","0","","0","","","3","1","","9","0","0","0","2301","0","0","0","N","0","0","0","1","02301","0","","9.0","","1","N","N","","0","","0","0","0","","0","N","","1","0","0","0","0","0","1","1","0","1","","","","N","","","","","","","","","",""
"2005140081","","2","0","0","0","0","0","0","0","0","4","0","","02","4","2005","4","40.456659","-80.000113","","11","0","0","0","0","0","2","0","0","","0","0","0","","","1","","1","","40 27:23.972","","0","80 00:00.406","8","0","0","0","2301","0","0","0","N","0","0","0","2","02301","0","","1.0","","1","N","N","","0","","0","0","0","","0","","","2","1","0","0","0","1","0","2","0","2","","","","N","","","","","","","","","",""
"2005140104","","1","0","0","0","0","0","0","0","0","4","0","","02","4","2005","2","","","","11","0","0","0","0","0","0","0","0","","0","0","0","","","0","","1","","","","0","","0","0","0","0","2301","0","0","0","N","0","0","0","2","02301","0","","1.0","","1","N","N","","1","","0","0","0","","2","","","2","0","0","0","0","0","0","1","0","2","","","","N","","","","","","","","","",""
"2005140107","","3","0","0","0","0","0","0","0","0","1","0","","02","4","2005","3","40.494363","-79.919899","","11","0","0","1","0","0","0","0","0","","0","0","0","","","1","","0","","40 29:39.705","","0","79 55:11.638","3","0","0","0","2461","0","0","0","N","0","0","0","5","02461","0","","6.0","","1","N","N","","0","","1","0","0","","0","","","3","1","5","0","0","0","0","2","0","3","","","","N","","","","","","","","","",""
"2005140125","","1","0","0","0","0","0","0","0","0","4","0","","02","7","2005","4","40.355557","-79.97964","","11","0","0","0","0","0","0","1","0","","0","0","0","","","0","","2","","40 21:20.006","","0","79 58:46.703","0","0","0","0","2476","0","0","0","N","0","0","0","2","02476","0","","1.0","","1","N","N","","0","","0","0","1","","3","","","2","0","0","0","0","0","0","2","0","2","","","","N","","","","","","","","","",""
"2005140134","","1","0","0","0","0","0","0","0","0","1","0","35","02","7","2005","4","40.3502","-79.9685","","11","0","0","0","0","0","1","0","0","1","0","0","0","","","1","","0","","40 21:00.720","4","0","79 58:06.600","4","0","0","0","2403","0","0","0","N","0","0","0","2","02403","1","","1.0","","1","N","N","","1","","0","0","0","","7","N","","2","1","0","0","0","0","0","2","0","2","","","Y","Y","4","1","","Y","N","Y","Y","","Y",""
"2005140147","","0","0","0","0","0","0","0","0","0","7","0","","02","3","2005","6","40.446482","-80.171464","","11","0","0","0","0","0","0","0","0","2","0","0","0","","","1","","0","","40 26:47.336","4","0","80 10:17.269","4","0","0","0","2115","0","0","0","N","0","0","0","1","68B03","1","","3.0","","7","N","N","","0","","0","0","0","","0","N","","1","1","0","0","0","0","0","2","1","1","","","","N","","","","","","","","","",""
"2005140154","","1","0","0","0","0","0","0","0","0","7","0","","02","3","2005","6","","","","11","0","0","0","0","0","0","0","0","","0","0","0","","","0","","0","","40 25:43.68","","0","79 56:17.52","0","0","0","0","2301","0","0","0","N","0","0","0","1","68B03","0","","2.0","","1","N","N","","0","","0","0","0","","0","","","1","0","0","0","0","0","0","2","0","1","","","","N","","","","","","","","","",""
"2005140256","","1","0","0","0","0","0","0","0","0","4","0","30","02","4","2005","5","40.5402","-79.8409","","11","0","0","0","0","0","0","0","0","","0","0","0","","","0","","1","","40 32:24.720","","0","79 50:27.240","0","0","0","0","2208","0","0","0","N","0","0","0","2","02208","0","","1.0","","1","N","N","","1","","0","0","0","","0","","","2","0","0","0","0","0","0","2","0","2","","","Y","Y","8","1","Y","","U","Y","","","Y",""
"2005140257","","1","0","0","0","0","0","0","0","0","4","0","30","02","4","2005","2","40.539","-79.84","","11","0","0","0","0","0","1","0","0","9","0","0","0","","","1","","7","","40 32:20.400","3","2","79 50:24.000","4","0","0","0","2208","0","0","0","N","0","0","0","2","02208","1","","1.0","","1","N","N","","0","","0","0","1","","3","Y","","2","1","0","0","0","0","0","2","0","2","","","N","Y","4","1","","","N","Y","","","Y",""
"2005140258","","1","0","0","0","0","0","0","0","0","7","0","30","02","3","2005","2","40.538753","-79.83993","","11","0","0","0","0","0","0","0","0","","0","0","0","","","0","","6","","40 32:19.509","","2","79 50:23.748","9","0","0","0","2208","0","0","0","N","0","0","0","1","02208","0","","1.0","","9","N","N","","0","","0","0","0","","0","","","1","0","0","0","0","0","1","2","0","1","","","N","Y","4","1","","","U","","","","Y",""
"2005140274","","1","0","0","0","0","0","0","0","0","4","0","","02","6","2005","7","40.467388","-79.834046","","11","0","0","0","0","0","0","0","1","","0","0","0","","","1","","0","","40 28:02.598","","0","79 50:02.566","4","0","0","0","2113","0","0","0","N","0","0","0","2","02113","1","","1.0","","1","N","N","","1","","0","0","0","","0","","","2","1","0","0","0","0","0","2","0","2","","","","N","","","","","","","","","",""
"2005140275","","2","0","0","0","0","0","0","0","0","2","0","","02","6","2005","5","40.481403","-79.804461","","11","0","0","0","0","0","0","0","1","2","0","0","0","","","3","","2","","40 28:53.049","6","0","79 48:16.060","4","0","0","0","2113","0","0","0","N","0","0","0","3","02113","3","","1.0","","1","N","N","","0","","0","0","0","","0","N","","2","3","0","0","0","0","0","2","0","2","","","","N","","","","","","","","","",""
"2005140276","","2","0","0","0","0","0","0","0","0","6","0","","02","6","2005","7","40.462178","-79.822589","","11","0","0","0","0","0","0","0","0","","0","0","0","","","0","","0","","40 27:43.840","","0","79 49:21.320","0","0","0","0","2113","0","0","0","N","0","0","0","1","02113","0","","4.0","","1","N","N","","0","","0","0","0","","0","","","2","0","0","0","0","0","0","2","0","2","","","","N","","","","","","","","","",""
"2005140277","","1","0","0","0","0","0","0","0","0","1","0","","02","5","2005","1","40.4665","-79.8376","","11","0","0","0","0","0","2","0","0","","0","0","0","","","2","","0","","40 27:59.400","","0","79 50:15.360","4","0","0","0","2113","0","0","0","N","0","0","0","3","02113","2","","1.0","","1","N","N","","1","","0","0","0","","0","","","3","2","0","0","0","0","0","2","1","3","","","","N","","","","","","","","","",""
"2005140323","","1","0","0","0","0","0","0","0","0","7","0","","02","5","2005","7","40.448742","-79.968521","","11","0","0","0","0","0","0","0","0","3","0","0","0","","","0","","0","","40 26:55.471","2","0","79 58:06.675","0","0","0","0","2301","0","0","0","N","0","0","0","1","02301","0","","2.0","","1","N","N","","0","","0","0","0","","0","N","","1","0","0","0","0","0","0","2","0","1","","","","N","","","","","","","","","",""
"2005140324","","1","0","0","0","0","0","0","0","0","8","0","","02","5","2005","2","","","","11","0","0","0","0","0","0","0","0","","0","0","0","","","1","","1","","","","0","","8","0","0","0","2301","1","0","0","N","1","0","0","5","02301","0","","1.0","","9","N","N","","0","","0","0","0","","2","","","2","1","0","0","0","1","0","1","0","1","","","","N","","","","","","","","","",""
"2005140326","","2","0","0","0","0","0","0","0","0","1","0","","02","5","2005","5","","","","11","0","0","0","0","0","1","0","0","","0","0","0","","","1","","6","","40 27:38.16","","2","80 11:29.40","4","0","0","0","2213","0","0","0","N","0","0","0","4","02213","1","","1.0","","1","N","N","","0","","0","0","0","","4","","","2","1","0","0","0","0","0","2","0","2","","","","N","","","","","","","","","",""
"2005140327","","0","0","0","0","0","0","0","0","0","8","0","","02","5","2005","5","","","","11","0","0","0","0","0","0","0","0","","0","0","0","","","1","","2","","","","0","","8","0","0","0","2301","1","0","0","N","1","0","0","3","02301","0","","1.0","","1","N","N","","1","","0","0","0","","0","","","2","1","0","0","0","1","0","1","0","1","","","","N","","","","","","","","","",""
"2005140328","","3","0","0","0","0","0","0","0","0","1","0","","02","5","2005","5","40.463121","-79.951855","","11","0","0","0","0","0","0","0","0","","0","0","0","","","1","","1","","40 27:47.235","","0","79 57:06.678","4","0","0","0","2301","0","0","0","N","0","0","0","4","02301","1","","1.0","","1","N","N","","0","","0","0","0","","2","","","3","1","0","0","0","0","2","2","0","3","","","","N","","","","","","","","","",""
"2005140330","","1","0","0","0","0","0","0","0","0","8","0","","02","5","2005","5","40.459501","-79.895456","","11","0","0","0","0","0","0","1","0","","0","0","0","","","1","","0","","40 27:34.203","","0","79 53:43.642","3","0","0","0","2301","1","0","0","N","1","0","0","3","02301","0","","1.0","","1","N","N","","0","","1","0","0","","0","","","2","1","0","0","0","0","0","2","0","1","","","","N","","","","","","","","","",""
"2005140331","","1","0","0","0","0","0","0","0","0","8","0","","02","5","2005","6","40.462379","-79.945602","","11","0","0","0","0","0","0","0","0","","0","0","0","","","1","","2","","40 27:44.564","","0","79 56:44.167","8","0","0","0","2301","1","0","0","N","1","0","0","2","02301","0","","1.0","","1","N","N","","0","","0","0","0","","0","","","2","1","0","0","0","1","1","2","0","1","","","","N","","","","","","","","","",""
"2005140332","","1","0","0","0","0","0","0","0","0","4","0","","02","5","2005","3","40.463895","-79.952916","","11","0","0","0","0","0","0","0","0","3","0","0","0","","","2","","5","","40 27:50.022","7","0","79 57:10.497","3","0","0","0","2301","0","0","0","N","0","0","0","3","02301","0","","1.0","","1","N","N","","1","","2","0","0","","0","Y","","2","2","0","0","0","0","0","2","0","2","","","","N","","","","","","","","","",""
"2005140333","","1","0","0","0","0","0","0","0","0","7","0","","02","5","2005","5","","","","11","0","0","0","0","0","0","0","0","","0","0","0","","","1","","2","","","","0","","8","0","0","0","2301","0","0","0","N","0","0","0","2","02301","0","","2.0","","1","N","N","","0","","0","0","0","","2","","","1","1","2","0","0","1","0","1","0","1","","","","N","","","","","","","","","",""
"2005140334","","0","0","0","0","0","0","0","0","0","0","0","","02","5","2005","3","40.452604","-80.038876","","11","0","0","0","0","0","0","0","0","","0","0","0","","","0","","2","","40 27:09.374","","0","80 02:19.953","0","0","0","0","2301","0","0","0","N","0","0","0","1","02301","0","","1.0","","9","N","N","","0","","0","0","0","","2","","","1","0","0","0","0","0","0","2","1","1","","","","N","","","","","","","","","",""
"2005140335","","1","0","0","0","0","0","0","0","0","4","0","","02","5","2005","3","40.403251","-79.988942","","11","0","0","0","1","0","0","0","0","","0","0","0","","","1","","1","","40 24:11.703","","0","79 59:20.191","8","0","0","0","2301","0","0","0","N","0","0","0","2","02301","0","","1.0","","1","N","N","","1","","0","0","0","","3","","","2","1","0","0","0","1","0","2","0","2","","","","N","","","","","","","","","",""
"2005140336","","1","0","0","0","0","0","0","0","0","99","0","","02","5","2005","4","40.392432","-80.007598","","11","0","0","0","0","0","0","1","0","2","0","0","0","","","1","","0","","40 23:32.755","6","0","80 00:27.352","8","0","0","0","2301","0","0","0","N","0","0","0","1","02301","0","","1.0","","1","N","N","","0","","0","0","0","","0","N","","1","1","0","0","0","1","0","2","0","1","","","","N","","","","","","","","","",""
"2005140337","","1","0","0","0","0","0","0","0","0","7","0","","02","5","2005","4","40.412952","-80.0306","","11","0","0","0","1","0","0","0","0","1","0","0","0","","","2","","2","","40 24:46.626","1","0","80 01:50.159","4","0","0","0","2301","0","0","0","N","0","0","0","2","02301","1","","5.0","","1","N","N","","0","","0","0","0","","0","N","","1","2","0","0","0","1","0","2","0","1","","","","N","","","","","","","","","",""
"2005140338","","1","0","0","0","0","0","0","0","0","4","0","","02","5","2005","5","","","","11","0","0","0","0","0","0","0","0","","0","0","0","","","0","","2","","","","0","","0","0","0","0","2301","0","0","0","N","0","0","0","2","02301","0","","1.0","","1","N","N","","0","","0","0","1","","0","","","2","0","0","0","0","0","0","1","0","2","","","","N","","","","","","","","","",""
"2005140339","","2","0","0","0","0","0","0","0","0","5","0","","02","5","2005","3","","","","11","0","0","0","0","1","0","0","0","","0","0","0","","","1","","0","","","","0","","4","0","0","0","2301","0","0","0","","0","0","0","3","02301","1","","1.0","","9","","","","0","","0","0","0","","0","","","2","1","0","0","0","0","0","1","0","2","","","","N","","","","","","","","","",""
"2005140340","","2","0","0","0","0","0","0","0","0","4","0","","02","5","2005","2","40.457422","-79.937193","","11","0","0","0","0","0","0","2","0","","0","0","0","","","0","","1","","40 27:26.719","","0","79 56:13.896","0","0","0","0","2301","0","0","0","N","0","0","0","2","02301","0","","1.0","","9","N","N","","0","","0","0","0","","2","","","2","0","0","0","0","0","0","2","0","2","","","","N","","","","","","","","","",""
"2005140341","","2","0","0","0","0","0","0","0","0","4","0","","02","5","2005","5","40.457548","-79.901369","","11","0","0","0","0","0","1","0","0","","0","0","0","","","2","","1","","40 27:27.174","","0","79 54:04.927","8","0","0","0","2301","0","0","0","N","0","0","0","4","02301","0","","1.0","","1","N","N","","0","","0","0","0","","2","","","2","2","0","0","0","2","0","2","0","2","","","","N","","","","","","","","","",""
"2005140342","","0","0","0","0","0","0","0","0","0","4","0","","02","5","2005","3","40.445612","-79.998636","","11","0","0","0","0","1","0","0","0","","0","0","0","","","2","","3","","40 26:44.203","","0","79 59:55.088","4","0","0","0","2301","0","0","0","N","0","0","0","3","02301","2","","2.0","","1","N","N","","1","","0","0","1","","2","","","2","2","0","0","0","0","0","2","0","2","","","","N","","","","","","","","","",""
"2005140344","","2","0","0","0","0","0","0","0","0","1","0","","02","5","2005","2","40.4299","-80.0287","","11","0","0","0","0","0","0","0","0","","0","0","0","","","0","","6","","40 25:47.640","","2","80 01:43.320","0","0","0","0","2301","0","0","0","N","0","0","0","2","02301","0","","7.0","","9","N","N","","0","","0","0","0","","4","","","2","0","0","0","0","0","0","2","0","2","","","","N","","","","","","","","","",""
"2005140359","","1","0","0","0","0","0","0","0","0","7","0","","02","5","2005","3","40.454176","-80.054038","","11","0","0","0","0","0","1","0","0","2","0","0","0","","","1","","0","","40 27:15.033","2","0","80 03:14.536","4","0","0","0","2301","0","0","0","N","0","0","0","3","02301","1","","4.0","","1","N","N","","0","","0","0","0","","0","N","","1","1","1","0","0","0","0","2","0","1","","","","N","","","","","","","","","",""
"2005140375","","1","0","0","0","0","0","0","0","0","7","0","","02","5","2005","1","40.4885","-79.937","","11","0","0","0","0","0","1","0","0","","0","0","0","","","0","","0","","40 29:18.600","","3","79 56:13.200","0","0","0","0","2461","0","0","0","Y","0","0","0","1","02461","0","","4.0","","1","N","N","","0","","0","0","0","","0","","","1","0","0","0","0","0","0","2","0","1","","","","N","","","","","","","","","",""
"2005140430","","1","0","0","0","0","0","0","0","0","7","0","","02","5","2005","3","40.626964","-80.097129","","11","0","0","0","0","0","0","0","0","1","0","0","0","","","0","","0","","40 37:37.071","2","0","80 05:49.664","0","0","0","0","2481","0","0","0","N","0","0","0","1","68B03","0","","5.0","","1","N","N","","0","","0","0","0","","0","N","","1","0","0","0","0","0","0","2","0","1","","","","N","","","","","","","","","",""
"2005140431","","3","0","0","0","0","0","0","0","0","1","0","","02","5","2005","3","","","","11","0","0","0","0","0","2","0","0","","0","0","0","","","1","","0","","40 25:11.28","","0","80 03:03.96","4","0","0","0","2435","0","0","0","N","0","0","0","3","68B03","1","","1.0","","1","N","N","","0","","0","0","0","","0","","","3","1","0","0","0","0","0","2","0","3","","","","N","","","","","","","","","",""
"2005140432","","4","0","0","0","0","0","0","0","0","1","0","","02","5","2005","7","","","","11","0","0","0","0","0","0","0","0","","0","0","0","","","0","","0","","40 25:37.20","","4","79 55:10.20","0","0","0","0","2301","0","0","0","N","0","0","0","6","68B03","0","","1.0","","1","N","N","","0","","0","0","0","","0","","","4","0","0","0","0","0","0","2","0","4","","","","N","","","","","","","","","",""
"2005140447","","0","0","0","0","0","0","0","0","0","0","0","","02","3","2005","5","40.48998","-80.126819","","11","0","0","0","0","1","0","0","0","2","0","0","0","","","0","","0","","40 29:23.929","2","0","80 07:36.547","0","0","0","0","2115","0","0","0","N","0","0","0","1","68B03","0","","1.0","","1","N","N","","0","","0","0","1","","0","N","","1","0","1","0","0","0","0","2","0","1","","","","N","","","","","","","","","",""
"2005140449","","3","0","0","0","0","0","0","0","0","1","0","","02","3","2005","3","","","","11","0","0","0","0","0","1","0","0","","0","0","0","","","0","","0","","40 25:35.40","","0","79 54:59.40","0","0","0","0","2426","0","0","0","N","0","0","0","5","68B03","0","","1.0","","1","N","N","","2","","0","0","0","","0","","","5","0","0","0","0","0","0","2","0","5","","","","N","","","","","","","","","",""
"2005140451","","0","0","0","0","0","0","0","0","0","99","0","","02","3","2005","3","40.324815","-80.1433","","11","0","0","0","0","0","0","0","0","","0","0","0","","","1","","0","","40 19:29.333","","0","80 08:35.880","4","0","0","0","2119","0","0","0","N","0","0","0","3","68B03","1","","1.0","","1","N","N","","1","","0","0","0","","0","","","2","1","0","0","0","0","0","2","1","2","","","","N","","","","","","","","","",""
"2005140452","","0","0","0","0","0","0","0","0","0","1","0","","02","3","2005","5","","","","11","0","0","0","0","0","0","0","0","2","0","0","0","","","0","","6","","40 24:42.12","1","2","80 04:36.84","0","0","0","0","2117","0","0","0","N","0","0","0","2","68B03","0","","1.0","","1","N","N","","0","","0","0","2","","4","N","","2","0","0","0","0","0","0","2","0","2","","","","N","","","","","","","","","",""
"2005140454","","1","0","0","0","0","0","0","0","0","7","0","","02","3","2005","1","","","","11","0","0","0","0","0","0","0","0","","0","0","0","","","1","","0","","40 25:21.36","","0","80 06:07.20","4","0","0","0","2102","0","0","0","N","0","0","0","1","68B03","1","","2.0","","9","N","N","","0","","0","0","0","","0","","","1","1","0","0","0","0","0","2","0","1","","","","N","","","","","","","","","",""
"2005140455","","0","0","0","0","0","0","0","0","0","1","0","","02","3","2005","1","40.372768","-80.099549","","11","0","0","0","0","0","0","0","0","","0","0","0","","","1","","0","","40 22:21.964","","2","80 05:58.378","8","0","0","0","2102","0","0","0","N","0","0","0","4","68B03","0","","1.0","","1","N","N","","0","","0","0","2","","4","","","2","1","0","0","0","1","0","2","0","2","","","","N","","","","","","","","","",""
"2005140456","","1","0","0","0","0","0","0","0","0","7","0","","02","4","2005","1","","","","11","0","0","0","0","0","0","0","0","2","0","0","0","","","2","","0","","40 28:35.40","1","0","80 00:27.36","3","0","0","0","2301","0","0","0","N","0","0","0","2","68B03","1","","3.0","","1","N","N","","0","","1","0","0","","0","Y","","1","2","0","0","0","0","0","2","0","1","","","","N","","","","","","","","","",""
"2005140457","","2","0","0","0","0","0","0","0","0","7","0","","02","4","2005","5","40.439528","-80.226979","","11","0","0","0","0","1","0","0","0","","0","0","0","","","0","","0","","40 26:22.300","","0","80 13:37.126","0","0","0","0","2214","0","0","0","N","0","0","0","2","68B03","0","","4.0","","1","N","N","","0","","0","0","0","","0","","","2","0","0","0","0","0","0","2","0","2","","","","N","","","","","","","","","",""
"2005140458","","2","0","0","0","0","0","0","0","0","1","0","","02","4","2005","5","","","","11","0","0","0","0","0","0","0","0","","0","0","0","","","2","","0","","40 25:39.00","","0","79 55:18.12","4","0","0","0","2301","0","0","0","N","0","0","0","4","68B03","2","","1.0","","1","N","N","","0","","0","0","0","","0","","","2","2","0","0","0","0","0","2","0","2","","","","N","","","","","","","","","",""
"2005140459","","0","0","0","0","0","0","0","0","0","7","0","50","02","4","2005","1","40.374142","-80.103854","","11","0","0","0","0","0","0","0","0","","0","0","0","","","0","","0","","40 22:26.910","","0","80 06:13.874","0","0","0","0","2102","0","0","0","N","0","0","0","2","68B03","0","","4.0","","1","N","N","","1","","0","0","0","","0","","","1","0","0","0","0","0","0","2","0","1","","","Y","Y","4","1","","","Y","Y","","","",""
"2005140460","","2","0","0","0","0","0","0","0","0","4","0","","02","3","2005","1","","","","11","0","0","1","0","0","0","0","0","","0","0","0","","","1","","0","","40 26:29.04","","0","79 49:42.60","3","0","0","0","2418","0","0","0","N","0","0","0","2","68B03","0","","1.0","","1","N","N","","0","","1","0","0","","0","","","2","1","0","0","0","0","0","2","0","2","","","","N","","","","","","","","","",""
"2005140461","","0","0","0","0","0","0","0","0","0","7","0","","02","4","2005","1","","","","11","0","0","0","0","0","0","0","0","","0","0","0","","","1","","0","","40 25:35.40","","0","79 54:59.40","3","0","0","0","2426","0","0","0","Y","0","0","0","1","68B03","0","","3.0","","2","N","N","","0","","1","0","1","","0","","","1","1","0","0","0","0","0","2","0","1","","","","N","","","","","","","","","",""
"2005140462","","2","0","0","0","0","0","0","0","0","1","0","","02","3","2005","5","","","","11","0","0","0","0","0","1","0","0","","0","0","0","","","0","","0","","40 25:57.00","","0","79 52:16.32","0","0","0","0","2301","0","0","0","N","0","0","0","3","68B03","0","","1.0","","1","N","N","","1","","0","0","0","","0","","","3","0","0","0","0","0","0","2","0","3","","","","N","","","","","","","","","",""
"2005140463","","1","0","0","0","0","0","0","0","0","1","0","","02","3","2005","2","","","","11","0","0","0","0","0","0","0","0","","0","0","0","","","1","","0","","40 24:51.12","","0","80 04:57.00","4","0","0","0","2415","0","0","0","N","0","0","0","2","68B03","1","","1.0","","1","N","N","","0","","0","0","1","","0","","","2","1","0","0","0","0","0","2","0","2","","","","N","","","","","","","","","",""
"2005140464","","2","0","0","0","0","0","0","0","0","1","0","","02","2","2005","5","","","","11","0","0","0","0","0","1","0","0","","0","0","0","","","0","","0","","40 27:46.08","","0","79 59:57.84","0","0","0","0","2301","0","0","0","N","0","0","0","4","68B03","0","","1.0","","1","N","N","","0","","0","0","1","","0","","","4","0","0","0","0","0","0","2","1","4","","","","N","","","","","","","","","",""
"2005140465","","0","0","0","0","0","0","0","0","0","7","0","","02","2","2005","5","","","","11","0","0","0","0","0","0","0","0","","0","0","0","","","0","","0","","40 26:29.04","","0","79 49:42.60","0","0","0","0","2113","0","0","0","N","0","0","0","1","68B03","0","","2.0","","2","N","N","","0","","0","0","1","","0","","","1","0","0","0","0","0","0","2","0","1","","","","N","","","","","","","","","",""
"2005140466","","1","0","0","0","0","0","0","0","0","7","0","","02","2","2005","5","40.434105","-79.867948","","11","0","0","0","0","0","0","0","0","","0","0","0","","","0","","6","","40 26:02.777","","2","79 52:04.612","0","0","0","0","2478","0","0","0","N","0","0","0","1","68B03","0","","2.0","","2","N","N","","0","","0","0","0","","0","","","1","0","0","0","0","0","0","2","0","1","","","","N","","","","","","","","","",""
"2005140467","","1","0","0","0","0","0","0","0","0","7","0","","02","3","2005","4","","","","11","0","0","0","0","0","0","0","0","1","0","0","0","","","1","","0","","40 24:42.12","2","0","80 04:36.12","4","0","0","0","2117","0","0","0","N","0","0","0","1","68B03","1","","2.0","","1","N","N","","0","","0","0","0","","0","N","","1","1","0","0","0","0","0","2","0","1","","","","N","","","","","","","","","",""