"CRN","ARRIVAL_TM","AUTOMOBILE_COUNT","BELTED_DEATH_COUNT","BELTED_SUSP_SERIOUS_INJ_COUNT","BICYCLE_COUNT","BICYCLE_DEATH_COUNT","BICYCLE_SUSP_SERIOUS_INJ_COUNT","BUS_COUNT","CHLDPAS_DEATH_COUNT","CHLDPAS_SUSP_SERIOUS_INJ_COUNT","COLLISION_TYPE","COMM_VEH_COUNT","CONS_ZONE_SPD_LIM","COUNTY","CRASH_MONTH","CRASH_YEAR","DAY_OF_WEEK","DEC_LATITUDE","DEC_LONGITUDE","DISPATCH_TM","DISTRICT","DRIVER_COUNT_16YR","DRIVER_COUNT_17YR","DRIVER_COUNT_18YR","DRIVER_COUNT_19YR","DRIVER_COUNT_20YR","DRIVER_COUNT_50_64YR","DRIVER_COUNT_65_74YR","DRIVER_COUNT_75PLUS","EST_HRS_CLOSED","FATAL_COUNT","HEAVY_TRUCK_COUNT","HORSE_BUGGY_COUNT","HOUR_OF_DAY","ILLUMINATION","INJURY_COUNT","INTERSECTION_RELATED","INTERSECT_TYPE","LANE_CLOSED","LATITUDE","LN_CLOSE_DIR","LOCATION_TYPE","LONGITUDE","MAX_SEVERITY_LEVEL","MCYCLE_DEATH_COUNT","MCYCLE_SUSP_SERIOUS_INJ_COUNT","MOTORCYCLE_COUNT","MUNICIPALITY","NONMOTR_COUNT","NONMOTR_DEATH_COUNT","NONMOTR_SUSP_SERIOUS_INJ_COUNT","NTFY_HIWY_MAINT","PED_COUNT","PED_DEATH_COUNT","PED_SUSP_SERIOUS_INJ_COUNT","PERSON_COUNT","POLICE_AGCY","POSSIBLE_INJ_COUNT","RDWY_SURF_TYPE_CD","RELATION_TO_ROAD","ROADWAY_CLEARED","ROAD_CONDITION","SCH_BUS_IND","SCH_ZONE_IND","SECONDARY_CRASH","SMALL_TRUCK_COUNT","SPEC_JURIS_CD","SUSP_MINOR_INJ_COUNT","SUSP_SERIOUS_INJ_COUNT","SUV_COUNT","TCD_FUNC_CD","TCD_TYPE","TFC_DETOUR_IND","TIME_OF_DAY","TOTAL_UNITS","TOT_INJ_COUNT","UNBELTED_OCC_COUNT","UNB_DEATH_COUNT","UNB_SUSP_SERIOUS_INJ_COUNT","UNK_INJ_DEG_COUNT","UNK_INJ_PER_COUNT","URBAN_RURAL","VAN_COUNT","VEHICLE_COUNT","WEATHER1","WEATHER2","WORKERS_PRES","WORK_ZONE_IND","WORK_ZONE_LOC","WORK_ZONE_TYPE","WZ_CLOSE_DETOUR","WZ_FLAGGER","WZ_LAW_OFFCR_IND","WZ_LN_CLOSURE","WZ_MOVING","WZ_OTHER","WZ_SHLDER_MDN","WZ_WORKERS_INJ_KILLED"
"2005142356","","2","0","0","0","0","0","0","0","0","4","0","","02","5","2005","1","40.421943","-79.92884","","11","0","0","0","0","0","1","0","0","","0","0","0","","","0","","1","","40 25:18.994","","0","79 55:43.824","0","0","0","0","2301","0","0","0","N","0","0","0","2","02301","0","","1.0","","1","N","N","","0","","0","0","0","","3","","","2","0","0","0","0","0","0","2","0","2","","","","N","","","","","","","","","",""
"2005142357","","0","0","0","0","0","0","0","0","0","7","0","","02","6","2005","4","","","","11","0","0","0","0","0","0","0","0","3","0","0","0","","","2","","1","","","4","0","","4","0","0","0","2301","0","0","0","","0","0","0","4","02301","2","","5.0","","1","N","N","","0","","0","0","0","","2","N","","1","2","0","0","0","0","0","1","0","1","","","","N","","","","","","","","","",""
"2005142358","","1","0","0","0","0","0","0","0","0","4","0","","02","5","2005","5","","","","11","0","0","0","0","0","1","0","0","","0","0","0","","","1","","1","","","","0","","4","0","0","0","2301","0","0","0","N","0","0","0","2","02301","1","","1.0","","1","N","N","","0","","0","0","1","","3","","","2","1","0","0","0","0","0","1","0","2","","","","N","","","","","","","","","",""
"2005142359","","1","0","0","0","0","0","0","0","0","1","0","","02","5","2005","6","40.451737","-79.884745","","11","0","0","0","0","0","1","0","0","2","0","0","0","","","1","","2","","40 27:06.253","1","0","79 53:05.082","4","0","0","0","2301","0","0","0","N","0","0","0","2","02301","1","","1.0","","1","N","N","","0","","0","0","1","","3","N","","2","1","1","0","0","0","0","2","0","2","","","","N","","","","","","","","","",""
"2005142360","","1","0","0","0","0","0","0","0","0","1","0","","02","5","2005","6","","","","11","0","0","0","0","0","0","1","0","1","0","0","0","","","0","","1","","","4","0","","0","0","0","0","2301","0","0","0","N","0","0","0","2","02301","0","","1.0","","1","N","N","","0","","0","0","1","","2","N","","2","0","1","0","0","0","0","1","0","2","","","","N","","","","","","","","","",""
"2005142361","","0","0","0","0","0","0","0","0","0","0","0","","02","4","2005","7","","","","11","0","0","0","0","0","1","0","0","","0","0","0","","","1","","1","","","","0","","4","0","0","0","2301","0","0","0","N","0","0","0","4","02301","1","","1.0","","1","N","N","","0","","0","0","0","","2","","","1","1","0","0","0","0","0","1","0","1","","","","N","","","","","","","","","",""
"2005142362","","0","0","0","0","0","0","0","0","0","1","0","","02","5","2005","1","","","","11","0","0","0","0","0","1","0","0","","0","0","0","","","1","","2","","","","0","","4","0","0","0","2301","0","0","0","N","0","0","0","3","02301","1","","1.0","","1","N","N","","0","","0","0","1","","2","","","2","1","0","0","0","0","0","1","1","2","","","","N","","","","","","","","","",""
"2005142363","","1","0","0","0","0","0","0","0","0","4","0","","02","4","2005","7","40.437151","-79.998411","","11","0","0","0","0","0","0","0","0","","0","0","0","","","2","","1","","40 26:13.743","","0","79 59:54.279","8","0","0","0","2301","0","0","0","N","0","0","0","6","02301","0","","1.0","","1","N","N","","0","","0","0","0","","2","","","2","2","0","0","0","2","0","2","0","2","","","","N","","","","","","","","","",""
"2005142364","","2","0","0","0","0","0","0","0","0","1","0","","02","5","2005","4","40.429728","-79.998938","","11","0","0","0","0","0","0","0","2","1","0","0","0","","","2","","0","","40 25:47.020","2","3","79 59:56.178","8","0","0","0","2301","0","0","0","N","0","0","0","4","02301","0","","1.0","","1","N","N","","0","","0","0","0","","0","N","","3","2","0","0","0","2","0","2","1","3","","","","N","","","","","","","","","",""
"2005142365","","0","0","0","0","0","0","0","0","0","5","0","","02","5","2005","5","","","","11","0","0","0","0","0","1","0","0","","0","0","0","","","1","","2","","","","0","","8","0","0","0","2301","0","0","0","","0","0","0","6","02301","0","","1.0","","1","N","N","","2","","0","0","0","","0","","","2","1","0","0","0","1","0","1","0","2","","","","N","","","","","","","","","",""
"2005142366","","1","0","0","0","0","0","0","0","0","7","0","","02","5","2005","2","40.453465","-79.979014","","11","0","0","0","0","0","0","0","0","","0","0","0","","","0","","0","","40 27:12.474","","0","79 58:44.450","0","0","0","0","2301","0","0","0","N","0","0","0","1","03201","0","","2.0","","1","N","N","","0","","0","0","0","","0","","","1","0","0","0","0","0","0","2","0","1","","","","N","","","","","","","","","",""
"2005142367","","2","0","0","0","0","0","0","0","0","4","0","","02","5","2005","3","40.43553","-79.983529","","11","0","0","0","0","1","0","0","0","1","0","0","0","","","1","","2","","40 26:07.907","4","0","79 59:00.706","8","0","0","0","2301","0","0","0","N","0","0","0","2","02301","0","","1.0","","1","N","N","","0","","0","0","0","","3","N","","2","1","1","0","0","1","0","2","0","2","","","","N","","","","","","","","","",""
"2005142368","","2","0","0","0","0","0","0","0","0","4","0","","02","5","2005","3","40.458616","-79.957015","","11","0","0","0","0","0","1","0","0","2","0","0","0","","","0","","2","","40 27:31.018","4","0","79 57:25.255","0","0","0","0","2301","0","0","0","N","0","0","0","3","02301","0","","1.0","","1","N","N","","0","","0","0","1","","2","Y","","3","0","0","0","0","0","0","2","0","3","","","","N","","","","","","","","","",""
"2005142369","","0","0","0","0","0","0","0","0","0","7","0","","02","6","2005","5","40.464343","-79.916038","","11","0","1","0","0","0","0","0","0","","0","0","0","","","0","","1","","40 27:51.634","","0","79 54:57.736","0","0","0","0","2301","0","0","0","N","0","0","0","2","02301","0","","4.0","","1","N","N","","0","","0","0","1","","0","","","1","0","2","0","0","0","0","2","0","1","","","","N","","","","","","","","","",""
"2005142370","","1","0","0","0","0","0","0","0","0","8","0","","02","6","2005","2","40.475895","-79.959808","","11","0","0","0","0","0","0","0","0","1","0","0","0","","","1","","0","","40 28:33.222","6","0","79 57:35.308","8","0","0","0","2301","1","0","0","N","1","0","0","3","02301","0","","1.0","","1","N","","","0","","0","0","0","","0","Y","","2","1","2","0","0","1","0","2","0","1","","","","N","","","","","","","","","",""
"2005142371","","2","0","0","0","0","0","0","0","0","2","0","","02","6","2005","7","","","","11","0","0","0","0","0","1","0","0","","0","0","0","","","1","","2","","","","0","","4","0","0","0","2301","0","0","0","N","0","0","0","4","02301","1","","1.0","","1","N","N","","0","","0","0","0","","0","","","3","1","1","0","0","0","0","1","1","3","","","","N","","","","","","","","","",""
"2005142372","","2","0","0","0","0","0","0","0","0","4","0","","02","5","2005","6","","","","11","0","0","0","0","0","1","0","0","","0","0","0","","","2","","0","","","","0","","8","0","0","0","2301","0","0","0","N","0","0","0","4","02301","0","","1.0","","1","N","N","","0","","0","0","0","","0","","","2","2","0","0","0","2","0","1","0","2","","","","N","","","","","","","","","",""
"2005142373","","2","0","0","0","0","0","0","0","0","1","0","","02","6","2005","1","40.430057","-79.957786","","11","0","0","0","0","0","2","0","0","","0","0","0","","","1","","1","","40 25:48.205","","0","79 57:28.031","4","0","0","0","2301","0","0","0","N","0","0","0","2","02301","1","","1.0","","9","N","N","","0","","0","0","0","","2","","","2","1","0","0","0","0","0","2","0","2","","","","N","","","","","","","","","",""
"2005142374","","0","0","0","0","0","0","0","0","0","7","0","","02","6","2005","7","","","","11","0","0","0","0","0","1","0","0","","0","0","0","","","1","","0","","","","3","","3","0","0","1","2301","0","0","0","N","0","0","0","1","02301","0","","4.0","","1","N","N","","0","","1","0","0","","0","","","1","1","0","0","0","0","0","1","0","1","","","","N","","","","","","","","","",""
"2005142375","","1","0","0","0","0","0","0","0","0","5","0","","02","6","2005","7","40.438113","-79.95398","","11","0","0","0","0","0","0","0","0","1","0","0","0","","","1","","1","","40 26:17.206","1","0","79 57:14.328","4","0","0","1","2301","0","0","0","N","0","0","0","2","02301","1","","1.0","","1","N","N","","0","","0","0","0","","2","Y","","2","1","0","0","0","0","0","2","0","2","","","","N","","","","","","","","","",""
"2005142376","","1","0","0","0","0","0","0","0","0","7","0","","02","5","2005","4","40.443882","-79.938809","","11","0","0","0","0","0","1","0","0","2","0","0","0","","","1","","0","","40 26:37.974","6","0","79 56:19.714","3","0","0","0","2301","0","0","0","N","0","0","0","1","02301","0","","5.0","","1","N","N","","0","","1","0","0","","0","Y","","1","1","1","0","0","0","0","2","0","1","","","","N","","","","","","","","","",""
"2005142377","","2","0","0","0","0","0","0","0","0","1","0","","02","4","2005","7","","","","11","0","0","0","0","0","0","0","0","","0","0","0","","","0","","0","","","","0","","0","0","0","0","2301","0","0","0","N","0","0","0","2","02301","0","","2.0","","1","N","N","","0","","0","0","0","","0","","","2","0","0","0","0","0","0","1","0","2","","","","N","","","","","","","","","",""
"2005142378","","2","0","0","0","0","0","0","0","0","1","0","","02","5","2005","4","","","","11","0","0","0","0","0","0","0","0","","0","0","0","","","0","","1","","","","0","","0","0","0","0","2301","0","0","0","","0","0","0","2","02301","0","","1.0","","1","","","","0","","0","0","0","","2","","","2","0","0","0","0","0","0","1","0","2","","","","N","","","","","","","","","",""
"2005142379","","1","0","0","0","0","0","0","0","0","5","0","","02","4","2005","7","40.411426","-80.017457","","11","0","0","0","0","1","0","0","0","","0","0","0","","","1","","0","","40 24:41.133","","0","80 01:02.845","4","0","0","0","2301","0","0","0","","0","0","0","1","02301","1","","6.0","","9","","N","","1","","0","0","0","","0","","","3","1","0","0","0","0","0","2","1","3","","","","N","","","","","","","","","",""
"2005142380","","1","0","0","0","0","0","0","0","0","4","0","","02","5","2005","4","40.396486","-79.998288","","11","0","0","0","0","0","1","0","0","2","0","0","0","","","1","","1","","40 23:47.350","1","0","79 59:53.837","8","0","0","0","2301","0","0","0","N","0","0","0","2","02301","0","","1.0","","1","N","N","","0","","0","0","0","","2","N","","2","1","2","0","0","1","0","2","1","2","","","","N","","","","","","","","","",""
"2005142381","","3","0","0","0","0","0","0","0","0","4","0","","02","5","2005","5","","","","11","0","0","0","0","0","0","0","0","","0","0","0","","","0","","1","","","","0","","0","0","0","0","2301","0","0","0","","0","0","0","2","02301","0","","1.0","","1","","","","0","","0","0","0","","3","","","3","0","0","0","0","0","0","1","0","3","","","","N","","","","","","","","","",""
"2005142382","","1","0","0","0","0","0","0","0","0","4","0","","02","5","2005","6","","","","11","0","0","0","0","0","0","0","0","","0","0","0","","","1","","2","","","","0","","8","0","0","0","2301","0","0","0","N","0","0","0","2","02301","0","","1.0","","1","Y","N","","0","","0","0","1","","3","","","2","1","0","0","0","1","1","1","0","2","","","","N","","","","","","","","","",""
"2005142383","","1","0","0","0","0","0","0","0","0","0","0","","02","5","2005","6","40.399019","-80.009713","","11","0","0","0","0","0","0","0","0","","0","0","0","","","1","","0","","40 23:56.468","","0","80 00:34.966","8","0","0","0","2301","0","0","0","N","0","0","0","2","02301","0","","1.0","","1","N","N","","0","","0","0","0","","0","","","1","1","0","0","0","1","0","2","0","1","","","","N","","","","","","","","","",""
"2005142384","","2","0","0","0","0","0","0","0","0","4","0","","02","5","2005","6","40.428774","-79.985283","","11","0","0","0","0","0","0","0","0","","0","0","0","","","1","","1","","40 25:43.587","","0","79 59:07.020","4","0","0","0","2301","0","0","0","N","0","0","0","6","02301","1","","1.0","","1","N","N","","0","","0","0","0","","3","","","2","1","0","0","0","0","0","2","0","2","","","","N","","","","","","","","","",""
"2005142385","","2","0","0","0","0","0","0","0","0","1","0","","02","5","2005","4","40.4259","-80.0299","","11","0","0","0","0","0","0","0","0","","0","0","0","","","0","","6","","40 25:33.240","","2","80 01:47.640","0","0","0","0","2301","0","0","0","N","0","0","0","5","02301","0","","1.0","","1","N","N","","0","","0","0","0","","0","","","2","0","0","0","0","0","0","2","0","2","","","","N","","","","","","","","","",""
"2005142386","","2","0","0","0","0","0","0","0","0","4","0","","02","5","2005","7","40.425751","-79.969246","","11","0","0","0","0","0","1","0","0","1","0","0","0","","","0","","1","","40 25:32.703","7","0","79 58:09.285","0","0","0","0","2301","0","0","0","N","0","0","0","2","02301","0","","1.0","","1","N","N","","0","","0","0","0","","3","N","","2","0","0","0","0","0","0","2","0","2","","","","N","","","","","","","","","",""
"2005142401","","1","0","0","0","0","0","0","0","0","7","0","","02","3","2005","5","40.490961","-79.876419","","11","0","0","0","0","0","0","0","0","","0","0","0","","","0","","0","","40 29:27.458","","0","79 52:35.108","0","0","0","0","2112","0","0","0","N","0","0","0","1","68D02","0","","2.0","","1","N","N","","0","","0","0","0","","0","","","1","0","0","0","0","0","0","2","0","1","","","","N","","","","","","","","","",""
"2005142402","","0","0","0","0","0","0","0","0","0","0","0","","02","3","2005","6","40.444167","-79.752778","","11","0","0","0","1","0","0","0","0","3","0","0","0","","","0","","0","","40 26:39.000","3","0","79 45:10.000","0","0","0","0","2446","0","0","0","N","0","0","0","1","68T02","0","","1.0","","7","N","N","","1","","0","0","0","","0","N","","1","0","0","0","0","0","0","2","0","1","","","","N","","","","","","","","","",""
"2005142417","","2","0","0","0","0","0","0","0","0","4","0","","02","7","2005","5","40.474372","-80.078935","","11","0","0","0","0","0","0","0","1","","0","0","0","","","1","","0","","40 28:27.740","","0","80 04:44.166","8","0","0","0","2122","0","0","0","N","0","0","0","5","02122","0","","1.0","","1","N","N","","0","","0","0","0","","0","","","2","1","0","0","0","1","1","2","0","2","","","","N","","","","","","","","","",""
"2005142437","","2","0","0","0","0","0","0","0","0","1","0","","02","5","2005","7","40.45189","-79.981359","","11","0","0","0","0","0","0","0","0","1","0","0","0","","","0","","0","","40 27:06.804","1","0","79 58:52.894","0","0","0","0","2301","0","0","0","N","0","0","0","2","02301","0","","1.0","","9","N","N","","0","","0","0","0","","0","N","","2","0","0","0","0","0","0","2","0","2","","","","N","","","","","","","","","",""
"2005142438","","2","0","0","0","0","0","0","0","0","4","0","","02","6","2005","3","","","","11","0","0","0","0","0","2","0","0","1","0","0","0","","","2","","0","","","5","0","","4","0","0","0","2301","0","0","0","N","0","0","0","5","02301","2","","1.0","","1","N","N","","0","","0","0","0","","0","N","","2","2","0","0","0","0","0","1","0","2","","","","N","","","","","","","","","",""
"2005142439","","2","0","0","0","0","0","0","0","0","1","0","","02","6","2005","2","40.4259","-80.0299","","11","0","0","0","0","0","0","0","0","","0","0","0","","","1","","6","","40 25:33.240","","2","80 01:47.640","8","0","0","0","2301","0","0","0","N","0","0","0","2","02301","0","","1.0","","9","N","N","","0","","0","0","0","","4","","","2","1","0","0","0","1","0","2","0","2","","","","N","","","","","","","","","",""
"2005142440","","1","0","0","0","0","0","0","0","0","7","0","","02","5","2005","5","40.442143","-79.978609","","11","0","0","0","0","0","1","0","0","","0","0","0","","","2","","0","","40 26:31.714","","7","79 58:42.992","3","0","0","0","2301","0","0","0","N","0","0","0","2","02301","0","","5.0","","1","N","N","","0","","2","0","0","","0","","","1","2","2","0","0","0","0","2","0","1","","","","N","","","","","","","","","",""
"2005142441","","2","0","0","0","0","0","0","0","0","4","0","","02","5","2005","1","40.436579","-79.955532","","11","0","0","0","0","0","0","0","0","","0","0","0","","","2","","2","","40 26:11.684","","0","79 57:19.915","4","0","0","0","2301","0","0","0","N","0","0","0","5","02301","2","","1.0","","1","N","N","","1","","0","0","0","","0","","","3","2","0","0","0","0","0","2","0","3","","","","N","","","","","","","","","",""
"2005142442","","1","0","0","0","0","0","0","0","0","3","0","","02","5","2005","5","","","","11","0","0","0","0","0","0","0","0","1","0","0","0","","","0","","0","","","3","0","","0","0","0","0","2301","0","0","0","N","0","0","0","4","02301","0","","1.0","","1","N","N","","0","","0","0","3","","0","N","","5","0","0","0","0","0","0","1","0","4","","","","N","","","","","","","","","",""
"2005142443","","2","0","0","0","0","0","0","0","0","4","0","","02","5","2005","7","","","","11","0","0","0","0","0","0","0","0","","0","0","0","","","0","","1","","","","0","","0","0","0","0","2301","0","0","0","N","0","0","0","5","02301","0","","1.0","","9","N","N","","0","","0","0","0","","2","","","2","0","0","0","0","0","0","1","0","2","","","","N","","","","","","","","","",""
"2005142444","","2","0","0","0","0","0","0","0","0","4","0","","02","5","2005","3","40.473804","-79.958056","","11","0","0","0","0","0","0","0","0","","0","0","0","","","2","","2","","40 28:25.696","","0","79 57:29.000","3","0","0","0","2301","0","0","0","N","0","0","0","6","02301","1","","1.0","","1","N","N","","0","","1","0","0","","3","","","2","2","2","0","0","0","0","2","0","2","","","","N","","","","","","","","","",""
"2005142445","","0","0","0","0","0","0","0","0","0","6","0","","02","6","2005","2","","","","11","0","0","0","0","0","0","0","0","","0","0","0","","","0","","0","","","","0","","0","0","0","0","2301","0","0","0","N","0","0","0","3","02301","0","","1.0","","1","N","N","","1","","0","0","1","","0","","","2","0","0","0","0","0","0","1","0","2","","","","N","","","","","","","","","",""
"2005142446","","4","0","0","0","0","0","0","0","0","2","0","","02","5","2005","2","40.464803","-80.02402","","11","0","0","0","0","0","1","0","0","3","0","0","0","","","1","","0","","40 27:53.290","1","0","80 01:26.472","8","0","0","0","2301","0","0","0","N","0","0","0","2","02301","0","","1.0","","1","N","Y","","0","","0","0","0","","0","Y","","4","1","0","0","0","1","0","2","0","4","","","","N","","","","","","","","","",""
"2005142447","","2","0","0","0","0","0","0","0","0","2","0","","02","5","2005","1","40.459398","-80.001004","","11","0","0","0","0","0","0","0","0","","0","0","0","","","0","","0","","40 27:33.832","","0","80 00:03.614","9","0","0","0","2301","0","0","0","N","0","0","0","2","03301","0","","2.0","","9","N","N","","0","","0","0","0","","0","","","3","0","0","0","0","0","2","2","0","3","","","","N","","","","","","","","","",""
"2005142448","","1","0","0","0","0","0","0","0","0","7","0","","02","5","2005","2","40.453845","-80.028405","","11","0","0","0","0","0","0","0","0","","0","0","0","","","0","","0","","40 27:13.843","","0","80 01:42.259","0","0","0","0","2301","0","0","0","N","0","0","0","1","02301","0","","4.0","","1","N","N","","0","","0","0","0","","0","","","1","0","0","0","0","0","0","2","0","1","","","","N","","","","","","","","","",""
"2005142449","","1","0","0","0","0","0","0","0","0","1","0","","02","5","2005","3","40.478566","-80.042807","","11","0","0","0","0","1","0","1","0","","0","0","0","","","0","","0","","40 28:42.839","","0","80 02:34.104","0","0","0","0","2301","0","0","0","N","0","0","0","2","02301","0","","1.0","","1","N","N","","0","","0","0","0","","0","","","2","0","1","0","0","0","0","2","0","2","","","","N","","","","","","","","","",""
"2005142458","","1","0","0","0","0","0","0","0","0","8","0","","02","5","2005","5","40.442216","-80.000834","","11","0","0","0","0","0","0","0","0","","0","0","0","","","1","","0","","40 26:31.977","","0","80 00:03.002","8","0","0","0","2301","1","0","0","N","1","0","0","2","02301","0","","1.0","","1","N","N","","0","","0","0","0","","0","","","2","1","0","0","0","1","0","2","0","1","","","","N","","","","","","","","","",""
"2005142459","","1","0","0","0","0","0","0","0","0","0","0","","02","5","2005","5","40.472384","-79.959103","","11","0","0","0","0","0","0","0","0","","0","0","0","","","0","","1","","40 28:20.582","","0","79 57:32.771","0","0","0","0","2301","0","0","0","N","0","0","0","2","02301","0","","1.0","","1","N","N","","0","","0","0","0","","2","","","1","0","0","0","0","0","0","2","0","1","","","","N","","","","","","","","","",""
"2005142460","","0","0","0","0","0","0","0","0","0","7","0","","02","5","2005","1","40.465691","-79.948009","","11","0","0","0","0","0","0","0","0","","0","0","0","","","1","","0","","40 27:56.487","","0","79 56:52.832","8","0","0","0","2301","0","0","0","N","0","0","0","1","02301","0","","5.0","","1","N","N","","1","","0","0","0","","0","","","1","1","0","0","0","1","0","2","0","1","","","","N","","","","","","","","","",""
"2005142498","","1","0","0","0","0","0","0","0","0","0","0","","02","4","2005","1","","","","11","0","0","0","0","0","0","0","0","","0","0","0","","","0","","0","","40 25:16.32","","0","80 05:42.00","0","0","0","0","2115","0","0","0","N","0","0","0","4","68B03","0","","1.0","","1","N","N","","0","","0","0","1","","0","","","2","0","0","0","0","0","0","2","0","2","","","","N","","","","","","","","","",""
"2005142499","","2","0","0","0","0","0","0","0","0","4","0","","02","4","2005","2","40.425013","-80.01882","","11","0","0","0","1","0","1","0","0","2","0","0","0","","","0","","0","","40 25:30.045","2","0","80 01:07.752","0","0","0","0","2301","0","0","0","N","0","0","0","2","68B03","0","","1.0","","1","N","N","","0","","0","0","0","","0","N","","2","0","0","0","0","0","0","2","0","2","","","","N","","","","","","","","","",""
"2005142547","","1","0","0","0","0","0","0","0","0","4","0","","02","4","2005","5","40.541","-79.8176","","11","0","0","0","0","0","0","0","0","","0","0","0","","","0","","0","","40 32:27.600","","7","79 49:03.360","0","0","0","0","2208","0","0","0","N","0","0","0","3","02208","0","","1.0","","1","N","N","","0","","0","0","0","","0","","","2","0","0","0","0","0","0","2","0","2","","","","N","","","","","","","","","",""
"2005142548","","1","0","0","0","0","0","0","0","0","4","0","25","02","4","2005","5","40.538036","-79.839613","","11","0","0","0","0","0","0","0","0","1","0","0","0","","","0","","1","","40 32:16.931","3","0","79 50:22.606","9","0","0","0","2208","0","0","0","Y","0","0","0","3","02208","0","","1.0","","1","N","N","","1","","0","0","0","","2","N","","2","0","0","0","0","0","1","2","0","2","","","N","Y","4","1","Y","","U","Y","","","Y",""
"2005142561","","2","0","0","0","0","0","0","0","0","4","0","","02","5","2005","3","40.468346","-79.824581","","11","0","0","0","0","0","0","0","1","","0","0","0","","","2","","2","","40 28:06.047","","0","79 49:28.491","4","0","0","0","2113","0","0","0","N","0","0","0","2","02113","2","","1.0","","1","N","N","","0","","0","0","0","","0","","","2","2","0","0","0","0","0","2","0","2","","","","N","","","","","","","","","",""
"2005142562","","2","0","0","0","0","0","0","0","0","5","0","","02","6","2005","5","40.462619","-79.804038","","11","0","0","0","0","0","0","0","1","","0","0","0","","","1","","0","","40 27:45.428","","0","79 48:14.536","4","0","0","0","2113","0","0","0","N","0","0","0","1","02113","1","","2.0","","1","N","N","","0","","0","0","0","","0","","","2","1","0","0","0","0","0","2","0","2","","","","N","","","","","","","","","",""
"2005142563","","2","0","0","0","0","0","0","0","0","4","0","","02","5","2005","3","40.493481","-79.836465","","11","0","0","0","0","0","0","1","0","","0","0","0","","","0","","1","","40 29:36.531","","0","79 50:11.274","0","0","0","0","2113","0","0","0","N","0","0","0","2","02113","0","","1.0","","1","N","N","","0","","0","0","0","","3","","","2","0","0","0","0","0","0","2","0","2","","","","N","","","","","","","","","",""
"2005142564","","1","0","0","0","0","0","0","0","0","7","0","","02","4","2005","5","40.473548","-79.856489","","11","0","0","0","0","0","0","0","0","","0","0","0","","","0","","2","","40 28:24.771","","0","79 51:23.360","9","0","0","0","2113","0","0","0","Y","0","0","0","4","02113","0","","5.0","","1","N","N","","0","","0","0","0","","0","","","1","0","0","0","0","0","4","2","0","1","","","","N","","","","","","","","","",""
"2005142565","","2","0","0","0","0","0","0","0","0","4","0","","02","6","2005","5","40.456542","-79.823078","","11","0","0","0","0","1","1","0","0","","0","0","0","","","1","","2","","40 27:23.551","","0","79 49:23.081","4","0","0","0","2113","0","0","0","N","0","0","0","2","02113","1","","1.0","","1","N","N","","0","","0","0","0","","3","","","2","1","0","0","0","0","0","2","0","2","","","","N","","","","","","","","","",""
"2005142566","","2","0","0","0","0","0","0","0","0","1","0","","02","5","2005","2","40.480448","-79.832119","","11","0","0","0","0","0","1","0","0","","0","0","0","","","0","","2","","40 28:49.612","","0","79 49:55.628","0","0","0","0","2113","0","0","0","N","0","0","0","3","02113","0","","1.0","","1","N","N","","0","","0","0","0","","0","","","2","0","0","0","0","0","0","2","0","2","","","","N","","","","","","","","","",""
"2005142567","","1","0","0","0","0","0","0","0","0","7","0","","02","6","2005","4","40.469083","-79.887065","","11","0","0","0","0","0","0","0","0","","0","0","0","","","0","","0","","40 28:08.698","","0","79 53:13.434","0","0","0","0","2113","0","0","0","N","0","0","0","1","02113","0","","4.0","","1","N","N","","0","","0","0","2","","0","","","3","0","0","0","0","0","0","2","0","3","","","","N","","","","","","","","","",""
"2005142568","","1","0","0","0","0","0","0","0","0","4","0","","02","6","2005","5","40.465705","-79.865401","","11","0","0","0","0","0","0","0","0","","0","0","0","","","2","","2","","40 27:56.539","","0","79 51:55.443","4","0","0","0","2113","0","0","0","N","0","0","0","2","02113","2","","1.0","","1","N","N","","0","","0","0","0","","3","","","2","2","0","0","0","0","0","2","1","2","","","","N","","","","","","","","","",""
"2005142569","","2","0","0","0","0","0","0","0","0","4","0","","02","4","2005","7","40.489406","-79.819887","","11","0","0","1","0","0","1","0","0","","0","0","0","","","1","","1","","40 29:21.860","","0","79 49:11.593","4","0","0","0","2113","0","0","0","N","0","0","0","3","02113","1","","1.0","","1","N","N","","0","","0","0","0","","3","","","2","1","0","0","0","0","0","2","0","2","","","","N","","","","","","","","","",""
"2005142570","","1","0","0","0","0","0","0","0","0","2","0","","02","4","2005","1","40.471152","-79.82809","","11","0","0","0","0","0","0","0","0","","0","0","0","","","2","","3","","40 28:16.147","","0","79 49:41.123","3","0","0","0","2113","0","0","0","N","0","0","0","3","02113","1","","1.0","","9","N","N","","0","","1","0","1","","0","","","2","2","0","0","0","0","0","2","0","2","","","","N","","","","","","","","","",""
"2005142597","","3","0","0","0","0","0","0","0","0","1","0","","02","5","2005","4","","","","11","0","0","0","1","0","0","0","0","1","0","0","0","","","0","","0","","40 24:43.20","1","0","80 04:40.08","0","0","0","0","2117","0","0","0","N","0","0","0","4","68B03","0","","1.0","","1","N","N","","0","","0","0","0","","0","N","","3","0","0","0","0","0","0","2","0","3","","","","N","","","","","","","","","",""