"CRN","ARRIVAL_TM","AUTOMOBILE_COUNT","BELTED_DEATH_COUNT","BELTED_SUSP_SERIOUS_INJ_COUNT","BICYCLE_COUNT","BICYCLE_DEATH_COUNT","BICYCLE_SUSP_SERIOUS_INJ_COUNT","BUS_COUNT","CHLDPAS_DEATH_COUNT","CHLDPAS_SUSP_SERIOUS_INJ_COUNT","COLLISION_TYPE","COMM_VEH_COUNT","CONS_ZONE_SPD_LIM","COUNTY","CRASH_MONTH","CRASH_YEAR","DAY_OF_WEEK","DEC_LATITUDE","DEC_LONGITUDE","DISPATCH_TM","DISTRICT","DRIVER_COUNT_16YR","DRIVER_COUNT_17YR","DRIVER_COUNT_18YR","DRIVER_COUNT_19YR","DRIVER_COUNT_20YR","DRIVER_COUNT_50_64YR","DRIVER_COUNT_65_74YR","DRIVER_COUNT_75PLUS","EST_HRS_CLOSED","FATAL_COUNT","HEAVY_TRUCK_COUNT","HORSE_BUGGY_COUNT","HOUR_OF_DAY","ILLUMINATION","INJURY_COUNT","INTERSECTION_RELATED","INTERSECT_TYPE","LANE_CLOSED","LATITUDE","LN_CLOSE_DIR","LOCATION_TYPE","LONGITUDE","MAX_SEVERITY_LEVEL","MCYCLE_DEATH_COUNT","MCYCLE_SUSP_SERIOUS_INJ_COUNT","MOTORCYCLE_COUNT","MUNICIPALITY","NONMOTR_COUNT","NONMOTR_DEATH_COUNT","NONMOTR_SUSP_SERIOUS_INJ_COUNT","NTFY_HIWY_MAINT","PED_COUNT","PED_DEATH_COUNT","PED_SUSP_SERIOUS_INJ_COUNT","PERSON_COUNT","POLICE_AGCY","POSSIBLE_INJ_COUNT","RDWY_SURF_TYPE_CD","RELATION_TO_ROAD","ROADWAY_CLEARED","ROAD_CONDITION","SCH_BUS_IND","SCH_ZONE_IND","SECONDARY_CRASH","SMALL_TRUCK_COUNT","SPEC_JURIS_CD","SUSP_MINOR_INJ_COUNT","SUSP_SERIOUS_INJ_COUNT","SUV_COUNT","TCD_FUNC_CD","TCD_TYPE","TFC_DETOUR_IND","TIME_OF_DAY","TOTAL_UNITS","TOT_INJ_COUNT","UNBELTED_OCC_COUNT","UNB_DEATH_COUNT","UNB_SUSP_SERIOUS_INJ_COUNT","UNK_INJ_DEG_COUNT","UNK_INJ_PER_COUNT","URBAN_RURAL","VAN_COUNT","VEHICLE_COUNT","WEATHER1","WEATHER2","WORKERS_PRES","WORK_ZONE_IND","WORK_ZONE_LOC","WORK_ZONE_TYPE","WZ_CLOSE_DETOUR","WZ_FLAGGER","WZ_LAW_OFFCR_IND","WZ_LN_CLOSURE","WZ_MOVING","WZ_OTHER","WZ_SHLDER_MDN","WZ_WORKERS_INJ_KILLED"
"2005142598","","0","0","0","0","0","0","0","0","0","0","0","","02","3","2005","1","40.498334","-80.120623","","11","0","0","0","0","0","0","0","0","","0","0","0","","","1","","0","","40 29:54.003","","0","80 07:14.241","3","0","0","0","2115","0","0","0","N","0","0","0","1","68B03","0","","1.0","","1","N","N","","0","","1","0","1","","0","","","1","1","0","0","0","0","0","2","0","1","","","","N","","","","","","","","","",""
"2005142599","","2","0","0","0","0","0","0","0","0","5","0","","02","4","2005","7","","","","11","0","0","0","0","0","0","0","0","","0","0","0","","","0","","0","","40 27:01.80","","0","79 59:55.32","0","0","0","0","2301","0","0","0","N","0","0","0","3","68B03","0","","1.0","","9","N","N","","0","","0","0","0","","0","","","2","0","0","0","0","0","0","2","0","2","","","","N","","","","","","","","","",""
"2005142600","","3","0","0","0","0","0","0","0","0","1","0","50","02","4","2005","5","40.373885","-80.106434","","11","0","0","0","0","0","1","1","0","1","0","0","0","","","2","","0","","40 22:25.986","1","2","80 06:23.161","4","0","0","0","2102","0","0","0","N","0","0","0","3","68B03","2","","1.0","","1","N","N","","0","","0","0","0","","3","N","","3","2","0","0","0","0","0","2","0","3","","","Y","Y","3","1","","Y","N","","","","",""
"2005142601","","2","0","0","0","0","0","0","0","0","1","0","","02","4","2005","6","","","","11","0","0","0","0","0","0","0","0","1","0","0","0","","","1","","6","","40 24:40.32","2","2","80 04:31.44","4","0","0","0","2117","0","0","0","N","0","0","0","2","68B03","1","","1.0","","1","N","N","","0","","0","0","0","","4","N","","2","1","1","0","0","0","0","2","0","2","","","","N","","","","","","","","","",""
"2005142602","","1","0","0","0","0","0","0","0","0","99","0","","02","5","2005","7","40.325606","-80.142331","","11","0","0","0","0","0","0","0","0","","0","0","0","","","0","","0","","40 19:32.183","","0","80 08:32.391","0","0","0","0","2119","0","0","0","N","0","0","0","3","68B03","0","","1.0","","1","N","N","","0","","0","0","0","","0","","","1","0","0","0","0","0","0","2","0","1","","","","N","","","","","","","","","",""
"2005142603","","1","0","0","0","0","0","0","0","0","1","0","","02","5","2005","4","","","","11","0","0","0","0","1","0","0","0","","0","0","0","","","0","","0","","40 25:37.20","","0","79 55:10.20","0","0","0","0","2301","0","0","0","N","0","0","0","3","68B03","0","","1.0","","9","N","N","","0","","0","0","1","","0","","","2","0","0","0","0","0","0","2","0","2","","","","N","","","","","","","","","",""
"2005142604","","2","0","0","0","0","0","0","0","0","1","0","","02","4","2005","6","","","","11","0","0","0","0","1","1","0","0","","0","0","0","","","0","","0","","40 25:37.20","","0","79 55:10.20","0","0","0","0","2301","0","0","0","N","0","0","0","3","68B03","0","","1.0","","1","N","N","","0","","0","0","0","","0","","","2","0","0","0","0","0","0","2","0","2","","","","N","","","","","","","","","",""
"2005142672","","2","0","0","0","0","0","0","0","0","1","0","","02","3","2005","6","","","","11","0","0","0","0","0","0","0","0","","0","0","0","","","0","","0","","","","0","","0","0","0","0","2446","0","0","0","N","0","0","0","3","68T02","0","","1.0","","7","N","N","","0","","0","0","0","","7","","","2","0","0","0","0","0","0","1","0","2","","","","N","","","","","","","","","",""
"2005142730","","1","0","0","0","0","0","0","0","0","1","0","","02","5","2005","6","","","","11","0","0","0","0","0","0","0","0","","0","0","0","","","1","","0","","40 25:35.40","","0","79 54:59.40","3","0","0","0","2426","0","0","0","N","0","0","0","2","68B03","0","","1.0","","1","N","N","","0","","1","0","0","","0","","","2","1","0","0","0","0","0","2","1","2","","","","N","","","","","","","","","",""
"2005142734","","0","0","0","0","0","0","0","0","0","99","0","","02","4","2005","6","","","","11","0","0","0","0","0","0","0","0","","0","0","0","","","1","","0","","40 26:29.04","","0","79 49:42.60","4","0","0","0","2113","0","0","0","N","0","0","0","1","68B03","1","","1.0","","1","N","N","","0","","0","0","1","","0","","","1","1","0","0","0","0","0","2","0","1","","","","N","","","","","","","","","",""
"2005142735","","2","0","0","0","0","0","0","0","0","1","0","","02","5","2005","5","","","","11","0","0","1","0","0","0","0","0","","0","0","0","","","0","","0","","40 25:26.40","","0","80 06:33.48","0","0","0","0","2115","0","0","0","N","0","0","0","3","68B03","0","","1.0","","1","N","N","","0","","0","0","0","","0","","","2","0","1","0","0","0","0","2","0","2","","","","N","","","","","","","","","",""
"2005142736","","1","0","0","0","0","0","0","0","0","1","0","","02","5","2005","6","","","","11","0","0","0","0","0","0","0","0","","0","0","0","","","1","","0","","40 25:59.16","","4","80 01:20.28","4","0","0","0","2301","0","0","0","N","0","0","0","3","02301","1","","1.0","","1","N","N","","0","","0","0","1","","0","","","2","1","0","0","0","0","0","2","0","2","","","","N","","","","","","","","","",""
"2005142737","","3","0","0","0","0","0","0","0","0","1","0","","02","5","2005","6","","","","11","0","0","0","0","0","0","0","0","","0","0","0","","","1","","0","","40 25:46.56","","4","80 01:44.04","4","0","0","0","2301","0","0","0","N","0","0","0","4","68B03","1","","1.0","","1","N","N","","0","","0","0","0","","0","","","3","1","0","0","0","0","0","2","0","3","","","","N","","","","","","","","","",""
"2005142738","","1","0","0","0","0","0","0","0","0","1","0","55","02","5","2005","3","40.423345","-80.109191","","11","0","0","0","0","0","0","0","0","","0","0","0","","","0","","0","","40 25:24.042","","2","80 06:33.086","0","0","0","0","2102","0","0","0","N","0","0","0","2","68B03","0","","1.0","","9","N","N","","0","","0","0","1","","3","","","2","0","0","0","0","0","0","2","0","2","","","Y","Y","4","1","","","N","Y","","","",""
"2005142922","","0","0","0","0","0","0","0","0","0","7","0","","02","4","2005","1","40.5238","-79.8192","","11","0","0","0","0","0","0","0","0","","0","0","0","","","0","","0","","40 31:25.680","","0","79 49:09.120","0","0","0","0","2466","0","0","0","N","0","0","0","1","68T02","0","","4.0","","6","N","N","","0","","0","0","1","","0","","","1","0","0","0","0","0","0","2","0","1","","","","N","","","","","","","","","",""
"2005143046","","0","0","0","0","0","0","0","0","0","7","0","","02","4","2005","6","40.5465","-79.8344","","11","0","0","0","0","0","0","0","0","","0","0","0","","","0","","0","","40 32:47.400","","0","79 50:03.840","0","0","0","0","2208","0","0","0","N","0","0","0","2","02208","0","","2.0","","9","N","N","","1","","0","0","0","","0","","","1","0","0","0","0","0","0","2","0","1","","","","N","","","","","","","","","",""
"2005143106","","2","0","0","0","0","0","0","0","0","1","0","","02","5","2005","3","40.428947","-79.891853","","11","0","0","0","0","0","2","0","0","1","0","0","0","","","0","","0","","40 25:44.208","2","0","79 53:30.670","0","0","0","0","2426","0","0","0","N","0","0","0","6","02426","0","","1.0","","1","N","N","","0","","0","0","1","","0","N","","4","0","0","0","0","0","0","2","1","4","","","","N","","","","","","","","","",""
"2005143107","","2","0","0","0","0","0","0","0","0","1","0","","02","5","2005","5","","","","11","0","0","0","0","0","0","0","0","","0","0","0","","","0","","0","","","","7","","0","0","0","0","2426","0","0","0","N","0","0","0","2","02426","0","","1.0","","9","N","N","","0","","0","0","0","","2","","","2","0","0","0","0","0","0","1","0","2","","","","N","","","","","","","","","",""
"2005143108","","1","0","0","0","0","0","0","0","0","1","0","","02","5","2005","7","","","","11","0","0","0","0","1","0","0","0","","0","0","0","","","0","","0","","","","0","","0","0","0","0","2426","0","0","0","N","0","0","0","8","02426","0","","1.0","","1","N","N","","0","","0","0","0","","0","","","2","0","0","0","0","0","0","1","1","2","","","","N","","","","","","","","","",""
"2005143264","","0","0","0","0","0","0","0","0","0","7","0","","02","4","2005","7","","","","11","0","0","0","0","0","1","0","0","","0","0","0","","","1","","0","","40 25:54.84","","0","80 01:27.48","4","0","0","0","2301","0","0","0","N","0","0","0","1","68B03","1","","2.0","","1","N","N","","0","","0","0","0","","0","","","1","1","0","0","0","0","0","2","1","1","","","","N","","","","","","","","","",""
"2005143265","","2","0","0","0","0","0","0","0","0","1","0","","02","5","2005","7","","","","11","0","0","0","0","0","0","1","1","2","0","0","0","","","0","","0","","40 25:41.16","4","0","79 53:22.92","0","0","0","0","2426","0","0","0","N","0","0","0","5","68B03","0","","1.0","","1","N","N","","0","","0","0","1","","0","N","","3","0","0","0","0","0","0","2","0","3","","","","N","","","","","","","","","",""
"2005143268","","1","0","0","0","0","0","0","0","0","1","0","","02","4","2005","7","","","","11","0","0","0","0","0","1","0","0","1","0","0","0","","","0","","0","","40 29:45.60","1","0","80 00:56.88","0","0","0","0","2301","0","0","0","N","0","0","0","4","68B05","0","","1.0","","1","N","N","","0","","0","0","0","","0","N","","2","0","0","0","0","0","0","2","1","2","","","","N","","","","","","","","","",""
"2005143269","","1","0","0","0","0","0","0","0","0","7","0","","02","5","2005","1","40.598904","-80.093282","","11","0","0","0","0","0","0","0","0","1","0","0","0","","","4","","0","","40 35:56.056","2","0","80 05:35.816","3","0","0","0","2481","0","0","0","Y","0","0","0","4","02481","3","","2.0","","1","N","N","","0","","1","0","0","","0","N","","1","4","0","0","0","0","0","2","0","1","","","","N","","","","","","","","","",""
"2005143270","","3","0","0","0","0","0","0","0","0","5","0","","02","4","2005","5","","","","11","0","0","0","0","0","0","0","0","","0","0","0","","","1","","0","","40 26:29.04","","0","79 49:42.60","3","0","0","0","2446","0","0","0","","0","0","0","3","68B03","0","","1.0","","1","","","","0","","1","0","0","","0","","","3","1","0","0","0","0","0","2","0","3","","","","N","","","","","","","","","",""
"2005143272","","0","0","0","0","0","0","0","0","0","7","0","99","02","4","2005","7","40.402525","-80.106624","","11","0","0","0","0","0","1","0","0","","0","0","0","","","0","","0","","40 24:09.091","","0","80 06:23.847","0","0","0","0","2102","0","0","0","N","0","0","0","1","68B03","0","","3.0","","9","N","N","","0","","0","0","1","","0","","","1","0","0","0","0","0","0","2","0","1","","","U","Y","8","8","","","U","","","","",""
"2005143273","","2","0","0","0","0","0","0","0","0","1","0","","02","5","2005","4","40.448306","-80.008474","","11","0","0","0","0","0","0","0","0","","0","0","0","","","1","","6","","40 26:53.900","","2","80 00:30.508","4","0","0","0","2301","0","0","0","N","0","0","0","4","68B03","1","","1.0","","1","N","N","","0","","0","0","0","","4","","","2","1","0","0","0","0","0","2","0","2","","","","N","","","","","","","","","",""
"2005143274","","1","0","0","0","0","0","0","0","0","7","0","99","02","5","2005","7","40.372829","-80.105769","","11","0","0","1","0","0","0","0","0","","0","0","0","","","0","","7","","40 22:22.185","","0","80 06:20.769","0","0","0","0","2102","0","0","0","Y","0","0","0","4","68B03","0","","7.0","","9","N","N","","0","","0","0","1","","0","","","2","0","0","0","0","0","0","2","0","2","","","U","Y","8","8","","","U","","","","",""
"2005143470","","2","0","0","0","0","0","0","0","0","4","0","","02","3","2005","6","40.631359","-79.880708","","11","0","0","0","0","1","0","0","0","1","0","0","0","","","0","","0","","40 37:52.892","2","99","79 52:50.548","0","0","0","0","2220","0","0","0","N","0","0","0","2","02220","0","","1.0","","1","N","N","","0","","0","0","0","","0","N","","2","0","0","0","0","0","0","2","0","2","","","","N","","","","","","","","","",""
"2005143471","","0","0","0","0","0","0","0","0","0","7","0","","02","1","2005","7","40.654458","-79.903173","","11","0","0","0","0","0","0","0","0","2","0","0","0","","","1","","0","","40 39:16.050","4","99","79 54:11.424","8","0","0","0","2220","0","0","0","","0","0","0","1","02220","0","","2.0","","1","","","","1","","0","0","0","","0","N","","1","1","0","0","0","1","0","1","0","1","","","","N","","","","","","","","","",""
"2005143472","","1","0","0","0","0","0","0","0","0","7","0","","02","2","2005","4","40.653943","-79.900065","","11","0","0","0","0","0","1","0","0","1","0","0","0","","","2","","0","","40 39:14.195","4","99","79 54:00.233","4","0","0","0","2220","0","0","0","N","0","0","0","2","02220","2","","4.0","","1","N","N","","0","","0","0","0","","0","N","","1","2","2","0","0","0","0","1","0","1","","","","N","","","","","","","","","",""
"2005143502","","1","0","0","0","0","0","0","0","0","4","0","","02","4","2005","7","40.390289","-80.19936","","11","0","0","0","0","0","0","0","0","","0","0","0","","","1","","2","","40 23:25.040","","0","80 11:57.696","4","0","0","1","2214","0","0","0","N","0","0","0","3","02214","1","","1.0","","1","N","N","","0","","0","0","0","","0","","","2","1","0","0","0","0","0","2","0","2","","","","N","","","","","","","","","",""
"2005143503","","2","0","0","0","0","0","0","0","0","2","0","","02","3","2005","2","40.45004","-80.183303","","11","0","0","0","0","0","1","0","0","2","0","0","0","","","0","","1","","40 27:00.144","2","99","80 10:59.890","0","0","0","0","2214","0","0","0","N","0","0","0","3","02214","0","","1.0","","1","N","N","","0","","0","0","0","","2","N","","3","0","0","0","0","0","0","2","1","3","","","","N","","","","","","","","","",""
"2005143504","","1","0","0","0","0","0","0","0","0","4","0","","02","4","2005","7","40.448105","-80.181274","","11","0","0","0","0","0","0","0","0","","0","0","0","","","0","","1","","40 26:53.178","","99","80 10:52.586","9","0","0","0","2214","0","0","0","N","0","0","0","2","03214","0","","1.0","","9","N","N","","0","","0","0","0","","2","","","2","0","0","0","0","0","1","2","0","2","","","","N","","","","","","","","","",""
"2005143505","","2","0","0","0","0","0","0","0","0","4","0","","02","4","2005","3","40.443804","-80.183908","","11","0","0","0","0","0","0","0","0","","0","0","0","","","0","","2","","40 26:37.694","","99","80 11:02.067","0","0","0","0","2214","0","0","0","N","0","0","0","3","02214","0","","1.0","","1","N","N","","0","","0","0","0","","3","","","2","0","0","0","0","0","0","2","0","2","","","","N","","","","","","","","","",""
"2005143506","","1","0","0","0","0","0","0","0","0","7","0","","02","4","2005","1","40.408619","-80.230466","","11","0","0","0","0","0","0","0","0","","0","0","0","","","0","","0","","40 24:31.029","","99","80 13:49.679","0","0","0","0","2214","0","0","0","N","0","0","0","1","02214","0","","5.0","","6","N","N","","0","","0","0","0","","0","","","1","0","0","0","0","0","0","1","0","1","","","","N","","","","","","","","","",""
"2005143507","","1","0","0","0","0","0","0","0","0","1","0","","02","4","2005","7","40.440088","-80.227335","","11","0","0","0","1","0","0","0","0","","0","0","0","","","0","","2","","40 26:24.315","","0","80 13:38.407","0","0","0","0","2214","0","0","0","N","0","0","0","3","02214","0","","1.0","","1","N","N","","0","","0","0","1","","0","","","3","0","2","0","0","0","0","2","1","3","","","","N","","","","","","","","","",""
"2005143624","","2","0","0","0","0","0","0","0","0","4","0","","02","7","2005","6","40.311475","-79.976667","","11","0","0","0","0","0","0","0","0","","0","0","0","","","1","","0","","40 18:41.310","","0","79 58:36.001","4","0","0","0","2440","0","0","0","N","0","0","0","1","02440","1","","5.0","","1","N","N","","0","","0","0","0","","0","","","3","1","0","0","0","0","0","2","1","3","","","","N","","","","","","","","","",""
"2005143735","","1","0","0","0","0","0","0","0","0","1","0","","02","7","2005","5","40.624145","-79.942208","","11","0","0","1","0","0","1","0","0","","0","0","0","","","0","","2","","40 37:26.923","","0","79 56:31.948","0","0","0","0","2217","0","0","0","N","0","0","0","2","02217","0","","1.0","","1","N","N","","1","","0","0","0","","0","","","2","0","0","0","0","0","0","2","0","2","","","","N","","","","","","","","","",""
"2005143808","","3","0","0","0","0","0","0","0","0","1","0","","02","5","2005","5","40.389776","-79.933346","","11","0","0","0","0","0","0","0","0","2","0","0","0","","","2","","1","","40 23:23.193","4","0","79 56:00.044","8","0","0","0","2301","0","0","0","N","0","0","0","9","02301","0","","1.0","","1","N","N","","0","","0","0","0","","2","N","","3","2","0","0","0","2","0","2","0","3","","","","N","","","","","","","","","",""
"2005143809","","2","0","0","0","0","0","0","0","0","4","0","","02","6","2005","3","","","","11","0","0","0","1","0","0","0","0","","0","0","0","","","0","","1","","","","0","","0","0","0","0","2301","0","0","0","N","0","0","0","2","02301","0","","1.0","","1","N","N","","0","","0","0","0","","2","","","2","0","0","0","0","0","0","1","0","2","","","","N","","","","","","","","","",""
"2005143810","","1","0","0","0","0","0","0","0","0","4","0","","02","6","2005","2","","","","11","0","0","0","0","0","0","0","0","","0","0","0","","","1","","1","","","","0","","8","0","0","0","2301","0","0","0","N","0","0","0","3","02301","0","","1.0","","1","N","N","","0","","0","0","1","","2","","","2","1","0","0","0","1","0","1","0","2","","","","N","","","","","","","","","",""
"2005143813","","2","0","0","0","0","0","0","0","0","4","0","","02","7","2005","6","40.535271","-79.961284","","11","0","1","0","0","0","1","0","0","2","0","0","0","","","2","","0","","40 32:06.974","1","0","79 57:40.622","8","0","0","0","2118","0","0","0","N","0","0","0","6","02118","0","","1.0","","1","N","N","","0","","0","0","0","","2","N","","2","2","1","0","0","2","0","2","0","2","","","","N","","","","","","","","","",""
"2005143814","","0","0","0","0","0","0","0","0","0","7","0","","02","7","2005","5","40.664083","-79.934426","","11","0","0","0","0","0","0","0","0","","0","0","0","","","1","","0","","40 39:50.697","","0","79 56:03.933","3","0","0","1","2217","0","0","0","Y","0","0","0","1","02217","0","","2.0","","1","N","","","0","","1","0","0","","2","","","1","1","0","0","0","0","0","1","0","1","","","","N","","","","","","","","","",""
"2005143816","","1","0","0","1","0","0","0","0","0","8","0","","02","4","2005","3","40.438034","-79.916678","","11","0","0","0","0","0","1","0","0","1","0","0","0","","","1","","0","","40 26:16.921","3","0","79 55:00.041","8","0","0","0","2301","1","0","0","N","0","0","0","3","02301","0","","1.0","","1","N","N","","0","","0","0","0","","0","N","","2","1","1","0","0","1","0","2","0","1","","","","N","","","","","","","","","",""
"2005143817","","1","0","0","0","0","0","0","0","0","7","0","","02","4","2005","3","40.406171","-79.932769","","11","0","0","0","0","0","0","0","0","4","1","0","0","","","1","","0","","40 24:22.216","7","0","79 55:57.967","1","0","0","0","2301","0","0","0","N","0","0","0","2","02301","0","2","4.0","","1","N","N","","0","0","0","1","0","","0","Y","","1","1","1","0","1","0","0","2","0","1","","","","N","","","","","","","","","",""
"2005143819","","1","0","0","0","0","0","0","0","0","7","0","","02","4","2005","1","40.516063","-80.219987","","11","0","0","0","0","1","0","0","0","","0","0","0","","","0","","0","","40 30:57.825","","0","80 13:11.952","0","0","0","0","2213","0","0","0","N","0","0","0","4","02213","0","","5.0","","6","N","N","","0","","0","0","0","","0","","","1","0","0","0","0","0","0","2","0","1","","","","N","","","","","","","","","",""
"2005143820","","1","0","0","0","0","0","0","0","0","6","0","","02","4","2005","6","40.432593","-80.0519","","11","0","0","0","1","0","0","1","0","","0","0","0","","","0","","0","","40 25:57.335","","0","80 03:06.839","0","0","0","0","2301","0","0","0","N","0","0","0","3","02301","0","","1.0","","9","N","N","","1","","0","0","0","","0","","","2","0","0","0","0","0","0","2","0","2","","","","N","","","","","","","","","",""
"2005143821","","4","0","0","0","0","0","0","0","0","5","0","","02","3","2005","3","40.44323","-79.987605","","11","0","0","0","0","0","1","0","0","1","0","0","0","","","0","","2","","40 26:35.628","4","0","79 59:15.378","9","0","0","0","2301","0","0","0","N","0","0","0","3","02301","0","","1.0","","2","N","N","","0","","0","0","0","","3","Y","","4","0","1","0","0","0","1","2","0","4","","","","N","","","","","","","","","",""
"2005143823","","2","0","0","0","0","0","0","0","0","1","0","","02","5","2005","5","40.449816","-79.985931","","11","0","0","0","0","0","0","0","0","","0","0","0","","","0","","0","","40 26:59.337","","0","79 59:09.351","0","0","0","0","2301","0","0","0","N","0","0","0","2","02301","0","","1.0","","1","N","N","","0","","0","0","0","","0","","","2","0","0","0","0","0","0","2","0","2","","","","N","","","","","","","","","",""
"2005143824","","0","0","0","0","0","0","0","0","0","99","0","","02","4","2005","2","40.407149","-79.966594","","11","0","0","0","1","0","0","0","0","1","0","0","0","","","1","","0","","40 24:25.736","1","0","79 57:59.738","8","0","0","1","2301","0","0","0","N","0","0","0","1","02301","0","","1.0","","3","N","N","","0","","0","0","0","","0","N","","1","1","0","0","0","1","0","2","0","1","","","","N","","","","","","","","","",""
"2005143825","","1","0","0","0","0","0","0","0","0","7","0","","02","4","2005","3","40.417079","-80.020423","","11","0","0","0","0","0","0","0","0","","0","0","0","","","1","","0","","40 25:01.484","","0","80 01:13.522","4","0","0","0","2301","0","0","0","N","0","0","0","1","02301","1","","5.0","","1","N","N","","0","","0","0","0","","0","","","1","1","0","0","0","0","0","2","0","1","","","","N","","","","","","","","","",""
"2005143826","","2","0","0","0","0","0","0","0","0","4","0","","02","4","2005","5","40.389224","-80.088673","","11","0","0","1","0","0","0","1","0","","0","0","0","","","0","","1","","40 23:21.208","","0","80 05:19.224","0","0","0","0","2437","0","0","0","N","0","0","0","5","02437","0","","1.0","","1","N","N","","0","","0","0","0","","3","","","2","0","0","0","0","0","0","2","0","2","","","","N","","","","","","","","","",""
"2005143833","","2","0","0","0","0","0","0","0","0","6","0","","02","4","2005","2","","","","11","0","0","0","0","0","0","0","0","","0","0","0","","","2","","2","","","","0","","3","0","0","0","2301","0","0","0","N","0","0","0","4","02301","1","","1.0","","1","N","N","","0","","1","0","0","","3","","","2","2","1","0","0","0","0","1","0","2","","","","N","","","","","","","","","",""
"2005143834","","2","0","0","0","0","0","0","0","0","4","0","","02","4","2005","2","40.454413","-79.932377","","11","0","0","0","0","0","1","0","0","","0","0","0","","","0","","0","","40 27:15.886","","0","79 55:56.557","0","0","0","0","2301","0","0","0","N","0","0","0","2","02301","0","","1.0","","1","N","N","","0","","0","0","0","","0","","","2","0","0","0","0","0","0","2","0","2","","","","N","","","","","","","","","",""
"2005143835","","0","0","0","0","0","0","0","0","0","7","0","","02","4","2005","3","40.439692","-79.897534","","11","0","0","0","0","0","1","0","0","2","0","1","0","","","0","","0","","40 26:22.891","6","0","79 53:51.122","0","0","0","0","2301","0","0","0","N","0","0","0","2","02301","0","","4.0","","1","N","N","","1","","0","0","0","","0","Y","","2","0","0","0","0","0","0","2","0","2","","","","N","","","","","","","","","",""
"2005143836","","2","0","0","0","0","0","0","0","0","4","0","","02","4","2005","6","40.466944","-79.977746","","11","0","0","0","1","0","0","0","0","2","0","0","0","","","0","","0","","40 28:01.000","3","0","79 58:39.887","0","0","0","0","2301","0","0","0","N","0","0","0","3","02301","0","","1.0","","1","N","N","","0","","0","0","0","","0","N","","2","0","0","0","0","0","0","2","0","2","","","","N","","","","","","","","","",""
"2005143888","","1","0","0","0","0","0","0","0","0","8","0","","02","4","2005","3","40.467751","-79.928092","","11","0","0","0","0","0","1","0","0","1","0","0","0","","","1","","1","","40 28:03.903","2","0","79 55:41.131","8","0","0","0","2301","1","0","0","N","1","0","0","2","02301","0","","1.0","","1","N","N","","0","","0","0","0","","2","N","","2","1","0","0","0","1","0","2","0","1","","","","N","","","","","","","","","",""
"2005143889","","1","0","0","0","0","0","0","0","0","0","0","","02","4","2005","1","","","","11","0","0","0","0","0","1","0","0","","0","0","0","","","0","","0","","","","0","","0","0","0","0","2301","0","0","0","","0","0","0","1","02301","0","","1.0","","1","","","","0","","0","0","0","","0","","","1","0","0","0","0","0","0","1","0","1","","","","N","","","","","","","","","",""
"2005143890","","1","0","0","0","0","0","0","0","0","7","0","","02","4","2005","3","40.457073","-79.916876","","11","0","0","0","0","0","0","0","0","","0","0","0","","","0","","0","","40 27:25.463","","0","79 55:00.755","0","0","0","0","2301","0","0","0","","0","0","0","1","02301","0","","2.0","","1","","","","0","","0","0","0","","0","","","1","0","0","0","0","0","0","2","0","1","","","","N","","","","","","","","","",""
"2005143902","","1","0","0","0","0","0","0","0","0","7","0","","02","3","2005","2","","","","11","0","0","1","0","0","0","0","0","1","0","0","0","","","1","","0","","40 25:27.84","3","0","80 06:41.40","4","0","0","0","2102","0","0","0","Y","0","0","0","1","68B03","1","","2.0","","9","N","N","","0","","0","0","0","","0","N","","1","1","0","0","0","0","0","2","0","1","","","","N","","","","","","","","","",""
"2005143903","","2","0","0","0","0","0","0","0","0","5","0","","02","4","2005","2","","","","11","0","0","0","0","0","0","0","0","1","0","0","0","","","0","","6","","40 26:24.00","2","3","80 00:34.20","0","0","0","0","2301","0","0","0","N","0","0","0","2","68B03","0","","1.0","","1","N","N","","0","","0","0","0","","3","N","","2","0","0","0","0","0","0","2","0","2","","","","N","","","","","","","","","",""
"2005143904","","1","0","0","0","0","0","0","0","0","1","0","","02","4","2005","6","","","","11","0","0","0","0","0","0","0","0","1","0","0","0","","","0","","0","","40 25:35.40","3","0","79 54:59.40","0","0","0","0","2301","0","0","0","N","0","0","0","2","68B03","0","","1.0","","1","N","N","","0","","0","0","1","","0","N","","2","0","0","0","0","0","0","2","0","2","","","","N","","","","","","","","","",""
"2005143940","","1","0","0","0","0","0","0","0","0","7","0","","02","3","2005","2","","","","11","0","0","0","0","0","0","0","0","","0","0","0","","","0","","0","","40 25:06.60","","0","80 05:20.04","0","0","0","0","2435","0","0","0","N","0","0","0","1","68B03","0","","5.0","","1","N","N","","0","","0","0","0","","0","","","1","0","0","0","0","0","0","2","0","1","","","","N","","","","","","","","","",""
"2005143961","","1","0","0","0","0","0","0","0","0","7","0","","02","4","2005","6","40.492988","-79.898764","","11","0","0","0","0","0","0","0","0","","0","0","0","","","1","","0","","40 29:34.756","","0","79 53:55.549","3","0","0","0","2112","0","0","0","N","0","0","0","1","68D02","0","","2.0","","1","N","N","","0","","1","0","0","","0","","","1","1","1","0","0","0","0","2","0","1","","","","N","","","","","","","","","",""
"2005143996","","1","0","0","0","0","0","0","0","0","4","0","","02","7","2005","3","40.399959","-80.065579","","11","0","0","0","0","0","0","0","0","2","0","0","0","","","1","","0","","40 23:59.853","6","0","80 03:56.085","8","0","0","0","2117","0","0","0","N","0","0","0","3","02117","0","","1.0","","1","Y","N","","0","","0","0","0","","0","Y","","2","1","0","0","0","1","0","2","1","2","","","","N","","","","","","","","","",""