"CRN","ARRIVAL_TM","AUTOMOBILE_COUNT","BELTED_DEATH_COUNT","BELTED_SUSP_SERIOUS_INJ_COUNT","BICYCLE_COUNT","BICYCLE_DEATH_COUNT","BICYCLE_SUSP_SERIOUS_INJ_COUNT","BUS_COUNT","CHLDPAS_DEATH_COUNT","CHLDPAS_SUSP_SERIOUS_INJ_COUNT","COLLISION_TYPE","COMM_VEH_COUNT","CONS_ZONE_SPD_LIM","COUNTY","CRASH_MONTH","CRASH_YEAR","DAY_OF_WEEK","DEC_LATITUDE","DEC_LONGITUDE","DISPATCH_TM","DISTRICT","DRIVER_COUNT_16YR","DRIVER_COUNT_17YR","DRIVER_COUNT_18YR","DRIVER_COUNT_19YR","DRIVER_COUNT_20YR","DRIVER_COUNT_50_64YR","DRIVER_COUNT_65_74YR","DRIVER_COUNT_75PLUS","EST_HRS_CLOSED","FATAL_COUNT","HEAVY_TRUCK_COUNT","HORSE_BUGGY_COUNT","HOUR_OF_DAY","ILLUMINATION","INJURY_COUNT","INTERSECTION_RELATED","INTERSECT_TYPE","LANE_CLOSED","LATITUDE","LN_CLOSE_DIR","LOCATION_TYPE","LONGITUDE","MAX_SEVERITY_LEVEL","MCYCLE_DEATH_COUNT","MCYCLE_SUSP_SERIOUS_INJ_COUNT","MOTORCYCLE_COUNT","MUNICIPALITY","NONMOTR_COUNT","NONMOTR_DEATH_COUNT","NONMOTR_SUSP_SERIOUS_INJ_COUNT","NTFY_HIWY_MAINT","PED_COUNT","PED_DEATH_COUNT","PED_SUSP_SERIOUS_INJ_COUNT","PERSON_COUNT","POLICE_AGCY","POSSIBLE_INJ_COUNT","RDWY_SURF_TYPE_CD","RELATION_TO_ROAD","ROADWAY_CLEARED","ROAD_CONDITION","SCH_BUS_IND","SCH_ZONE_IND","SECONDARY_CRASH","SMALL_TRUCK_COUNT","SPEC_JURIS_CD","SUSP_MINOR_INJ_COUNT","SUSP_SERIOUS_INJ_COUNT","SUV_COUNT","TCD_FUNC_CD","TCD_TYPE","TFC_DETOUR_IND","TIME_OF_DAY","TOTAL_UNITS","TOT_INJ_COUNT","UNBELTED_OCC_COUNT","UNB_DEATH_COUNT","UNB_SUSP_SERIOUS_INJ_COUNT","UNK_INJ_DEG_COUNT","UNK_INJ_PER_COUNT","URBAN_RURAL","VAN_COUNT","VEHICLE_COUNT","WEATHER1","WEATHER2","WORKERS_PRES","WORK_ZONE_IND","WORK_ZONE_LOC","WORK_ZONE_TYPE","WZ_CLOSE_DETOUR","WZ_FLAGGER","WZ_LAW_OFFCR_IND","WZ_LN_CLOSURE","WZ_MOVING","WZ_OTHER","WZ_SHLDER_MDN","WZ_WORKERS_INJ_KILLED"
"2005145396","","2","0","0","0","0","0","0","0","0","4","0","","02","4","2005","7","","","","11","0","0","0","0","0","0","1","0","","0","0","0","","","0","","2","","","","0","","0","0","0","0","2301","0","0","0","N","0","0","0","3","02301","0","","1.0","","1","","N","","0","","0","0","0","","3","","","2","0","0","0","0","0","0","1","0","2","","","","N","","","","","","","","","",""
"2005145397","","3","0","0","0","0","0","0","0","0","4","0","","02","5","2005","3","40.419783","-80.008264","","11","0","0","0","0","0","0","0","0","","0","0","0","","","0","","0","","40 25:11.218","","0","80 00:29.750","9","0","0","0","2301","0","0","0","N","0","0","0","3","02301","0","","6.0","","1","N","N","","0","","0","0","0","","0","","","3","0","0","0","0","0","1","2","0","3","","","","N","","","","","","","","","",""
"2005145398","","1","0","0","0","0","0","0","0","0","1","0","","02","5","2005","2","40.398386","-80.025985","","11","0","0","0","0","0","2","0","0","","0","0","0","","","1","","1","","40 23:54.190","","0","80 01:33.546","8","0","0","0","2301","0","0","0","N","0","0","0","3","02301","0","","1.0","","1","N","N","","0","","0","0","0","","2","","","2","1","0","0","0","1","0","2","1","2","","","","N","","","","","","","","","",""
"2005145414","","1","0","0","0","0","0","0","0","0","7","0","","02","4","2005","7","40.6411","-80.0108","","11","0","0","0","0","0","0","0","0","","0","0","0","","","0","","0","","40 38:27.960","","0","80 00:38.880","0","0","0","0","2216","0","0","0","N","0","0","0","1","68T02","0","","4.0","","9","N","N","","0","","0","0","0","","0","","","1","0","0","0","0","0","0","2","0","1","","","","N","","","","","","","","","",""
"2005145415","","1","0","0","0","0","0","0","0","0","7","0","","02","4","2005","1","40.5228","-79.8178","","11","0","0","0","0","0","0","0","0","","0","0","0","","","0","","0","","40 31:22.080","","3","79 49:04.080","0","0","0","0","2466","0","0","0","N","0","0","0","1","68T02","0","","3.0","","7","N","N","","0","","0","0","0","","0","","","1","0","0","0","0","0","0","2","0","1","","","","N","","","","","","","","","",""
"2005145444","","2","0","0","0","0","0","0","0","0","1","0","","02","4","2005","3","","","","11","0","0","0","1","0","0","0","0","","0","0","0","","","0","","0","","","","0","","0","0","0","0","2301","0","0","0","N","0","0","0","3","02301","0","","1.0","","9","N","N","","0","","0","0","1","","0","","","3","0","0","0","0","0","0","1","0","3","","","","N","","","","","","","","","",""
"2005145445","","0","0","0","0","0","0","0","0","0","7","0","","02","5","2005","3","","","","11","0","0","0","0","0","0","0","0","","0","0","0","","","0","","0","","","","0","","0","0","0","0","2301","0","0","0","N","0","0","0","1","02301","0","","4.0","","1","N","N","","1","","0","0","0","","0","","","1","0","0","0","0","0","0","1","0","1","","","","N","","","","","","","","","",""
"2005145448","","1","0","0","0","0","0","0","0","0","4","0","","02","4","2005","7","40.448652","-80.002304","","11","0","0","0","1","0","0","0","0","2","0","0","0","","","1","","1","","40 26:55.147","3","0","80 00:08.294","3","0","0","0","2301","0","0","0","N","0","0","0","4","02301","0","","1.0","","1","N","N","","0","","1","0","0","","2","N","","2","1","0","0","0","0","0","2","1","2","","","","N","","","","","","","","","",""
"2005145449","","1","0","0","0","0","0","0","0","0","7","0","","02","4","2005","7","40.4488","-80.0191","","11","0","0","0","0","0","0","1","0","","0","0","0","","","0","","0","","40 26:55.680","","1","80 01:08.760","0","0","0","0","2301","0","0","0","N","0","0","0","1","02301","0","","3.0","","1","N","N","","0","","0","0","0","","0","","","1","0","0","0","0","0","0","2","0","1","","","","N","","","","","","","","","",""
"2005145537","","0","0","0","0","0","0","0","0","0","7","0","","02","4","2005","6","40.481994","-79.870695","","11","0","0","0","0","0","0","0","0","5","0","0","0","","","1","","0","","40 28:55.179","6","0","79 52:14.502","2","0","0","0","2113","0","0","0","N","0","0","0","1","02113","0","","5.0","","9","N","N","","0","","0","1","1","","0","Y","","1","1","1","0","1","0","0","2","0","1","","","","N","","","","","","","","","",""
"2005145568","","2","0","0","0","0","0","0","0","0","1","0","","02","4","2005","4","40.525291","-80.069789","","11","0","0","0","0","0","0","0","0","2","0","0","0","","","2","","1","","40 31:31.047","2","0","80 04:11.241","4","0","0","0","2215","0","0","0","N","0","0","0","2","68B03","2","","1.0","","1","N","N","","0","","0","0","0","","2","N","","2","2","0","0","0","0","0","2","0","2","","","","N","","","","","","","","","",""
"2005145569","","1","0","0","0","0","0","0","0","0","7","0","","02","5","2005","7","","","","11","0","0","0","0","0","0","0","0","1","0","0","0","","","1","","0","","40 26:29.40","4","0","79 49:42.60","4","0","0","0","2113","0","0","0","N","0","0","0","1","68B03","1","","3.0","","9","N","N","","0","","0","0","0","","0","Y","","1","1","0","0","0","0","0","2","0","1","","","","N","","","","","","","","","",""
"2005145578","","0","0","0","0","0","0","0","0","0","1","0","55","02","3","2005","6","40.535556","-79.844741","","11","0","0","1","0","0","0","0","0","","0","0","0","","","2","","0","","40 32:08.000","","0","79 50:41.066","4","0","0","0","2208","0","0","0","N","0","0","0","2","68D02","1","","1.0","","9","N","N","","1","","0","0","1","","8","","","2","2","1","0","0","1","0","2","0","2","","","Y","Y","4","2","","","U","Y","","","Y",""
"2005145716","","1","0","0","0","0","0","0","0","0","1","0","","02","4","2005","1","","","","11","0","0","0","0","0","0","0","0","","0","0","0","","","0","","0","","","","0","","0","0","0","0","2209","0","0","0","N","0","0","0","2","68T02","0","","1.0","","9","N","N","","1","","0","0","0","","0","","","2","0","0","0","0","0","0","1","0","2","","","","N","","","","","","","","","",""
"2005145737","","2","0","0","0","0","0","0","0","0","5","1","","02","5","2005","3","","","","11","0","0","0","0","0","2","0","0","2","0","1","0","","","1","","0","","40 25:37.92","3","3","79 55:14.88","3","0","0","0","2301","0","0","0","N","0","0","0","3","68B03","0","","1.0","","1","N","N","","0","","1","0","0","","0","Y","","3","1","0","0","0","0","0","2","0","3","","","","N","","","","","","","","","",""
"2005145739","","1","0","0","0","0","0","0","0","0","7","0","","02","4","2005","3","40.40062","-80.232443","","11","0","0","0","0","1","0","0","0","","0","0","0","","","0","","0","","40 24:02.232","","99","80 13:56.795","0","0","0","0","2214","0","0","0","N","0","0","0","1","02214","0","","5.0","","1","N","N","","0","","0","0","0","","0","","","1","0","0","0","0","0","0","1","0","1","","","","N","","","","","","","","","",""
"2005145760","","1","0","0","0","0","0","0","0","0","7","0","","02","5","2005","6","40.522509","-80.13141","","11","0","0","0","0","0","0","0","0","","0","0","0","","","0","","0","","40 31:21.031","","0","80 07:53.076","0","0","0","0","2125","0","0","0","N","0","0","0","1","68B03","0","","2.0","","1","N","N","","0","","0","0","0","","0","","","1","0","0","0","0","0","0","1","0","1","","","","N","","","","","","","","","",""
"2005145784","","1","0","0","0","0","0","0","0","0","7","0","","02","5","2005","2","40.492642","-79.873136","","11","0","0","0","0","0","1","0","0","3","0","0","0","","","0","","0","","40 29:33.510","2","0","79 52:23.290","0","0","0","0","2112","0","0","0","N","0","0","0","1","68D02","0","","2.0","","1","N","N","","0","","0","0","0","","0","N","","1","0","0","0","0","0","0","2","0","1","","","","N","","","","","","","","","",""
"2005145792","","1","0","0","0","0","0","0","0","0","7","0","","02","5","2005","4","40.537993","-79.842697","","11","0","0","1","0","0","0","0","0","2","0","0","0","","","1","","0","","40 32:16.776","1","0","79 50:33.710","8","0","0","0","2112","0","0","0","N","0","0","0","1","68D02","0","","2.0","","1","N","N","","0","","0","0","0","","0","N","","1","1","0","0","0","1","0","2","0","1","","","","N","","","","","","","","","",""
"2005145825","","1","0","0","0","0","0","0","0","0","7","0","","02","5","2005","6","40.369091","-80.049288","","11","0","0","0","0","0","0","0","0","2","0","0","0","","","0","","0","","40 22:08.728","1","0","80 02:57.438","0","0","0","0","2109","0","0","0","N","0","0","0","1","02109","0","","5.0","","1","N","N","","0","","0","0","0","","0","N","","1","0","0","0","0","0","0","2","0","1","","","","N","","","","","","","","","",""
"2005146246","","5","0","0","0","0","0","0","0","0","6","0","","02","4","2005","5","40.347267","-79.849422","","11","0","0","0","0","0","0","0","0","","0","0","0","","","0","","0","","40 20:50.161","","0","79 50:57.919","0","0","0","0","2304","0","0","0","","0","0","0","2","02304","0","","6.0","","1","","","","0","","0","0","0","","0","","","5","0","0","0","0","0","0","2","0","5","","","","N","","","","","","","","","",""
"2005146519","","0","0","0","0","0","0","0","0","0","2","0","","02","4","2005","4","40.310536","-79.826652","","11","0","0","0","1","0","0","0","0","","0","0","0","","","1","","0","","40 18:37.930","","0","79 49:35.947","8","0","0","0","2304","0","0","0","N","0","0","0","2","02304","0","","1.0","","9","N","N","","0","","0","0","1","","0","","","2","1","0","0","0","1","0","2","1","2","","","","N","","","","","","","","","",""
"2005146520","","0","0","0","0","0","0","0","0","0","4","0","","02","4","2005","6","","","","11","0","0","0","0","0","1","0","0","9","0","0","0","","","3","","1","","","2","0","","8","0","0","0","2304","0","0","0","","0","0","0","11","02304","0","","1.0","","1","","","","1","","0","0","0","","0","N","","2","3","0","0","0","3","0","1","1","2","","","","N","","","","","","","","","",""
"2005146580","","1","0","0","0","0","0","0","0","0","7","0","","02","3","2005","5","40.4246","-79.8594","","11","0","0","0","0","0","0","0","0","","0","0","0","","","0","","0","","40 25:28.560","","7","79 51:33.840","0","0","0","0","2431","0","0","0","N","0","0","0","2","02431","0","","2.0","","9","N","N","","0","","0","0","0","","0","","","1","0","1","0","0","0","0","2","0","1","","","","N","","","","","","","","","",""
"2005146581","","2","0","0","0","0","0","0","0","0","4","0","","02","4","2005","1","40.422406","-79.863877","","11","0","0","0","0","0","0","0","0","1","0","0","0","","","3","","1","","40 25:20.661","6","0","79 51:49.956","4","0","0","0","2431","0","0","0","N","0","0","0","7","02431","1","","1.0","","1","N","N","","0","","0","0","0","","3","N","","2","3","0","0","0","2","2","2","0","2","","","","N","","","","","","","","","",""
"2005146582","","1","0","0","0","0","0","0","0","0","7","0","","02","4","2005","3","40.422608","-79.862954","","11","0","0","0","0","0","1","0","0","1","0","0","0","","","0","","0","","40 25:21.388","5","0","79 51:46.634","0","0","0","0","2431","0","0","0","","0","0","0","1","02431","0","","2.0","","1","N","N","","0","","0","0","0","","0","N","","1","0","0","0","0","0","0","2","0","1","","","","N","","","","","","","","","",""
"2005146583","","1","0","0","0","0","0","0","0","0","7","0","","02","4","2005","2","40.434012","-79.848799","","11","0","0","0","0","0","0","0","0","","0","0","0","","","0","","0","","40 26:02.443","","0","79 50:55.676","0","0","0","0","2431","0","0","0","N","0","0","0","2","02431","0","","5.0","","1","N","N","","0","","0","0","0","","0","","","1","0","0","0","0","0","0","2","0","1","","","","N","","","","","","","","","",""
"2005146585","","2","0","0","0","0","0","0","0","0","4","0","","02","3","2005","2","40.422268","-79.843137","","11","0","0","0","0","0","0","0","0","1","0","0","0","","","0","","2","","40 25:20.164","3","0","79 50:35.293","0","0","0","0","2431","0","0","0","N","0","0","0","3","02431","0","","1.0","","1","N","N","","0","","0","0","0","","3","N","","2","0","0","0","0","0","0","2","0","2","","","","N","","","","","","","","","",""
"2005146586","","1","0","0","0","0","0","0","0","0","2","0","","02","4","2005","6","40.566944","-80.016439","","11","0","0","0","0","0","1","0","0","1","0","0","0","","","2","","1","","40 34:01.000","6","0","80 00:59.181","4","0","0","0","2108","0","0","0","N","0","0","0","3","02108","2","","1.0","","9","N","N","","0","","0","0","1","","2","N","","2","2","0","0","0","0","0","2","0","2","","","","N","","","","","","","","","",""
"2005146587","","0","0","0","0","0","0","0","0","0","1","0","","02","4","2005","7","40.582265","-80.059183","","11","0","0","0","0","0","0","0","0","","0","0","0","","","0","","0","","40 34:56.154","","0","80 03:33.057","0","0","0","0","2108","0","0","0","N","0","0","0","4","02108","0","","1.0","","9","N","N","","1","","0","0","1","","0","","","3","0","0","0","0","0","0","2","0","2","","","","N","","","","","","","","","",""
"2005146588","","2","0","0","0","0","0","0","0","0","4","0","","02","4","2005","6","40.608768","-80.052683","","11","0","0","0","0","0","1","0","0","1","0","0","0","","","2","","0","","40 36:31.563","2","0","80 03:09.660","4","0","0","0","2108","0","0","0","N","0","0","0","3","02108","2","","1.0","","1","N","N","","0","","0","0","0","","0","N","","2","2","1","0","0","0","0","2","0","2","","","","N","","","","","","","","","",""
"2005146671","","1","0","0","0","0","0","0","0","0","7","0","","02","4","2005","1","40.452506","-80.193468","","11","0","0","0","0","0","0","0","0","","0","0","0","","","0","","0","","40 27:09.021","","99","80 11:36.486","0","0","0","0","2214","0","0","0","","0","0","0","1","02214","0","","4.0","","9","","","","0","","0","0","0","","0","","","1","0","0","0","0","0","0","2","0","1","","","","N","","","","","","","","","",""
"2005146748","","1","0","0","0","0","0","0","0","0","7","0","","02","5","2005","1","40.495817","-79.91026","","11","0","0","0","0","0","1","0","0","","0","0","0","","","0","","7","","40 29:44.941","","2","79 54:36.937","0","0","0","0","2112","0","0","0","N","0","0","0","1","68D02","0","","2.0","","1","N","N","","0","","0","0","0","","0","","","1","0","0","0","0","0","0","2","0","1","","","","N","","","","","","","","","",""
"2005147066","","1","0","0","0","0","0","0","0","0","4","0","","02","7","2005","6","","","","11","0","0","0","0","0","0","0","0","1","0","0","0","","","1","","1","","","3","0","","8","0","0","0","2207","0","0","0","N","0","0","0","5","02207","0","","1.0","","9","N","N","","0","","0","0","1","","2","N","","2","1","0","0","0","1","0","1","0","2","","","","N","","","","","","","","","",""
"2005147340","","1","0","0","0","0","0","0","0","0","7","0","","02","7","2005","6","40.51018","-79.894334","","11","0","0","0","0","0","1","0","0","","0","0","0","","","0","","0","","40 30:36.647","","0","79 53:39.602","0","0","0","0","2432","0","0","0","N","0","0","0","1","02432","0","","5.0","","9","N","N","","0","","0","0","0","","0","","","1","0","0","0","0","0","0","2","0","1","","","","N","","","","","","","","","",""
"2005147365","","2","0","0","0","0","0","0","0","0","4","0","","02","5","2005","3","40.437428","-79.979527","","11","0","0","0","0","0","0","0","1","","0","0","0","","","0","","10","","40 26:14.740","","0","79 58:46.297","0","0","0","0","2301","0","0","0","N","0","0","0","3","02301","0","","1.0","","1","N","N","","0","","0","0","0","","3","","","2","0","0","0","0","0","0","2","0","2","","","","N","","","","","","","","","",""
"2005147404","","1","0","0","0","0","0","0","0","0","7","0","","02","4","2005","6","","","","11","0","0","0","0","1","0","0","0","","0","0","0","","","0","","0","","40 25:37.92","","0","79 55:15.60","0","0","0","0","2301","0","0","0","N","0","0","0","1","68B03","0","","2.0","","9","N","N","","0","","0","0","0","","0","","","1","0","0","0","0","0","0","2","0","1","","","","N","","","","","","","","","",""
"2005147599","","1","0","0","0","0","0","0","0","0","1","0","","02","7","2005","6","40.4339","-79.7961","","11","0","0","0","1","0","1","0","0","","0","0","0","","","1","","0","","40 26:02.040","","0","79 47:45.960","3","0","0","0","2446","0","0","0","N","0","0","0","4","02446","0","","1.0","","1","N","N","","0","","1","0","1","","0","","","2","1","0","0","0","0","0","2","0","2","","","","N","","","","","","","","","",""
"2005147604","","1","0","0","0","0","0","0","0","0","4","0","","02","7","2005","6","40.617573","-80.055651","","11","0","0","0","0","0","0","1","0","1","1","0","0","","","2","","0","","40 37:03.264","2","7","80 03:20.344","1","0","0","0","2216","0","0","0","N","0","0","0","3","02505","1","2","1.0","","1","N","N","","0","0","1","0","0","","0","N","","2","2","2","1","0","0","0","2","1","2","","","","N","","","","","","","","","",""
"2005147631","","1","0","0","0","0","0","0","0","0","7","0","","02","7","2005","6","40.389929","-80.13935","","11","0","0","0","0","0","0","0","0","","0","0","0","","","1","","0","","40 23:23.743","","0","80 08:21.659","3","0","0","0","2102","0","0","0","N","0","0","0","2","02102","0","","2.0","","1","N","N","","0","","1","0","0","","0","","","1","1","1","0","0","0","0","2","0","1","","","","N","","","","","","","","","",""
"2005147642","","1","0","0","0","0","0","0","0","0","7","0","","02","7","2005","1","40.391404","-80.074467","","11","0","0","0","1","0","0","0","0","","0","0","0","","","2","","0","","40 23:29.054","","0","80 04:28.081","8","0","0","0","2117","0","0","0","N","0","0","0","3","02117","0","","5.0","","1","N","N","","0","","0","0","0","","0","","","1","2","0","0","0","2","0","2","0","1","","","","N","","","","","","","","","",""
"2005147650","","1","0","0","0","0","0","0","0","0","7","0","","02","7","2005","1","","","","11","0","0","0","0","0","1","0","0","","0","0","0","","","1","","0","","","","0","","3","0","0","0","2118","0","0","0","N","0","0","0","1","02118","0","","5.0","","1","N","N","","0","","1","0","0","","0","","","1","1","1","0","0","0","0","1","0","1","","","","N","","","","","","","","","",""
"2005147658","","2","0","0","0","0","0","0","0","0","4","0","","02","7","2005","7","40.336425","-79.97919","","11","0","0","0","0","0","1","0","0","","0","0","0","","","1","","0","","40 20:11.131","","7","79 58:45.083","4","0","0","0","2403","0","0","0","N","0","0","0","3","02403","1","","1.0","","1","N","N","","0","","0","0","0","","0","","","2","1","0","0","0","0","0","2","0","2","","","","N","","","","","","","","","",""
"2005147667","","1","0","1","0","0","0","0","0","0","2","0","","02","7","2005","1","40.570586","-79.788877","","11","1","0","0","0","0","0","0","0","","0","0","0","","","1","","0","","40 34:14.109","","99","79 47:19.956","2","0","0","0","2464","0","0","0","Y","0","0","0","4","02464","0","","9.0","","9","N","N","","0","","0","1","1","","0","","","2","1","0","0","0","0","1","2","0","2","","","","N","","","","","","","","","",""
"2005147685","","1","0","0","0","0","0","0","0","0","7","0","","02","7","2005","1","40.632344","-80.058621","","11","0","1","0","0","0","0","0","0","","0","0","0","","","0","","0","","40 37:56.440","","0","80 03:31.037","9","0","0","0","2216","0","0","0","N","0","0","0","1","02505","0","","5.0","","1","N","N","","0","","0","0","0","","0","","","1","0","0","0","0","0","1","2","0","1","","","","N","","","","","","","","","",""
"2005147693","","2","0","0","0","0","0","0","0","0","1","0","","02","7","2005","2","40.295556","-79.918631","","11","0","0","0","0","0","0","0","0","","0","0","0","","","1","","0","","40 17:44.000","","1","79 55:07.072","4","0","0","0","2440","0","0","0","N","0","0","0","2","02440","1","","1.0","","1","N","N","","0","","0","0","0","","2","","","2","1","0","0","0","0","0","2","0","2","","","","N","","","","","","","","","",""
"2005147696","","2","0","0","0","0","0","0","0","0","1","0","","02","7","2005","1","40.338119","-80.07254","","11","0","0","0","0","0","2","0","0","2","0","0","0","","","0","","1","","40 20:17.228","1","0","80 04:21.144","0","0","0","0","2123","0","0","0","N","0","0","0","5","02123","0","","1.0","","1","N","N","","0","","0","0","0","","3","N","","2","0","0","0","0","0","0","2","0","2","","","","N","","","","","","","","","",""
"2005147701","","1","0","0","0","0","0","0","0","0","7","0","","02","7","2005","7","","","","11","0","0","0","0","0","0","0","0","2","0","0","0","","","1","","0","","","2","0","","4","0","0","0","2123","0","0","0","N","0","0","0","1","02123","1","","5.0","","1","N","N","","0","","0","0","0","","0","N","","1","1","0","0","0","0","0","1","0","1","","","","N","","","","","","","","","",""
"2005147718","","1","0","0","0","0","0","0","0","0","4","0","","02","7","2005","2","40.366229","-80.106752","","11","0","0","0","0","0","1","0","0","","0","0","0","","","0","","0","","40 21:58.426","","0","80 06:24.308","0","0","0","0","2102","0","0","0","N","0","0","0","2","02102","0","","1.0","","1","N","N","","0","","0","0","0","","0","","","2","0","0","0","0","0","0","2","1","2","","","","N","","","","","","","","","",""
"2005147722","","2","0","0","0","0","0","0","0","0","4","0","","02","7","2005","2","","","","11","0","0","0","0","0","1","0","0","1","0","0","0","","","0","","0","","","3","0","","0","0","0","0","2454","0","0","0","N","0","0","0","4","02454","0","","1.0","","1","N","N","","0","","0","0","0","","3","N","","2","0","0","0","0","0","0","1","0","2","","","","N","","","","","","","","","",""
"2005147749","","1","0","0","1","0","0","0","0","0","8","0","","02","6","2005","7","40.436012","-79.922904","","11","0","0","0","0","0","0","0","0","","0","0","0","","","1","","1","","40 26:09.643","","0","79 55:22.454","4","0","0","0","2301","1","0","0","N","0","0","0","2","02301","1","","1.0","","1","N","N","","0","","0","0","0","","2","","","2","1","0","0","0","0","0","2","0","1","","","","N","","","","","","","","","",""
"2005147750","","2","0","0","0","0","0","0","0","0","1","0","","02","6","2005","5","40.3937","-79.9345","","11","0","0","0","0","0","0","1","0","","0","0","0","","","1","","6","","40 23:37.320","","2","79 56:04.200","4","0","0","0","2301","0","0","0","N","0","0","0","2","02301","1","","7.0","","1","N","N","","0","","0","0","0","","4","","","2","1","0","0","0","0","0","2","0","2","","","","N","","","","","","","","","",""
"2005147751","","2","0","0","0","0","0","0","0","0","4","0","","02","6","2005","2","40.406044","-79.94302","","11","0","0","0","0","0","2","0","0","","0","0","0","","","1","","2","","40 24:21.757","","0","79 56:34.873","4","0","0","0","2301","0","0","0","N","0","0","0","5","02301","1","","1.0","","1","N","N","","0","","0","0","0","","0","","","3","1","0","0","0","0","0","2","1","3","","","","N","","","","","","","","","",""
"2005147752","","1","0","0","0","0","0","0","0","0","7","0","","02","6","2005","5","40.378349","-79.922256","","11","0","0","0","0","0","0","0","0","2","0","0","0","","","1","","0","","40 22:42.058","5","0","79 55:20.122","3","0","0","0","2301","0","0","0","Y","0","0","0","2","02301","0","","2.0","","1","","","","0","","1","0","0","","0","Y","","1","1","1","0","0","0","1","2","0","1","","","","N","","","","","","","","","",""
"2005147753","","2","0","0","0","0","0","0","0","0","5","0","","02","6","2005","6","40.432","-79.9584","","11","0","0","0","0","0","1","0","0","","0","0","0","","","1","","0","","40 25:55.200","","2","79 57:30.240","4","0","0","0","2301","0","0","0","N","0","0","0","3","02301","1","","7.0","","1","N","N","","0","","0","0","0","","0","","","2","1","0","0","0","0","0","2","0","2","","","","N","","","","","","","","","",""
"2005147754","","0","0","0","0","0","0","0","0","0","7","0","","02","6","2005","4","40.494844","-80.172648","","11","0","0","0","0","0","0","0","0","","0","0","0","","","1","","0","","40 29:41.438","","0","80 10:21.532","3","0","0","1","2213","0","0","0","N","0","0","0","1","02213","0","","4.0","","1","N","N","","0","","1","0","0","","0","","","1","1","0","0","0","0","0","2","0","1","","","","N","","","","","","","","","",""
"2005147755","","2","0","0","0","0","0","0","0","0","4","0","","02","6","2005","4","40.458751","-79.908374","","11","0","0","0","0","0","0","0","0","2","0","0","0","","","2","","0","","40 27:31.504","3","0","79 54:30.145","3","0","0","0","2301","0","0","0","N","0","0","0","11","02301","0","","5.0","","9","N","N","","0","","1","0","0","","0","N","","3","2","0","0","0","1","1","2","1","3","","","","N","","","","","","","","","",""
"2005147756","","2","0","0","0","0","0","0","0","0","1","0","","02","6","2005","1","40.469886","-79.897837","","11","0","0","0","0","0","0","0","0","","0","0","0","","","0","","0","","40 28:11.589","","0","79 53:52.213","0","0","0","0","2301","0","0","0","","0","0","0","1","02301","0","","2.0","","1","","","","2","","0","0","0","","0","","","4","0","0","0","0","0","0","2","0","4","","","","N","","","","","","","","","",""
"2005147757","","2","0","0","0","0","0","0","0","0","1","0","","02","6","2005","5","","","","11","0","0","0","0","0","0","0","0","","0","0","0","","","1","","2","","","","0","","4","0","0","0","2301","0","0","0","N","0","0","0","3","02301","1","","1.0","","9","N","N","","0","","0","0","0","","1","","","2","1","0","0","0","0","0","1","0","2","","","","N","","","","","","","","","",""
"2005147758","","0","0","0","0","0","0","0","0","0","1","0","","02","6","2005","3","","","","11","0","0","0","0","0","0","0","0","","0","0","0","","","0","","0","","","","0","","0","0","0","0","2301","0","0","0","N","0","0","0","1","02301","0","","1.0","","1","N","N","","2","","0","0","0","","0","","","2","0","0","0","0","0","0","1","0","2","","","","N","","","","","","","","","",""
"2005147759","","3","0","0","0","0","0","0","0","0","5","0","","02","6","2005","7","40.4809","-80.037583","","11","0","0","0","0","0","0","0","0","1","0","0","0","","","1","","0","","40 28:51.240","3","0","80 02:15.298","4","0","0","0","2301","0","0","0","N","0","0","0","1","02301","1","","6.0","","1","N","N","","0","","0","0","0","","0","N","","3","1","0","0","0","0","0","2","0","3","","","","N","","","","","","","","","",""
"2005147760","","0","0","0","0","0","0","0","0","0","4","0","","02","6","2005","3","","","","11","0","0","0","0","0","0","0","0","","0","0","0","","","1","","0","","","","0","","2","0","1","1","2301","0","0","0","N","0","0","0","2","02301","0","","1.0","","1","N","N","","0","","0","1","1","","0","","","2","1","0","0","0","0","1","1","0","2","","","","N","","","","","","","","","",""
"2005147761","","1","0","0","0","0","0","0","0","0","6","0","","02","6","2005","7","40.398422","-80.026075","","11","0","0","0","0","0","0","0","1","","0","0","0","","","0","","1","","40 23:54.318","","0","80 01:33.870","9","0","0","0","2301","0","0","0","N","0","0","0","3","02301","0","","1.0","","1","N","N","","1","","0","0","0","","2","","","2","0","0","0","0","0","1","2","0","2","","","","N","","","","","","","","","",""
"2005147762","","2","0","0","0","0","0","0","0","0","6","0","","02","6","2005","1","","","","11","0","0","0","0","0","1","0","0","1","0","0","0","","","2","","1","","","1","0","","4","0","0","0","2301","0","0","0","N","0","0","0","4","02301","2","","1.0","","1","N","N","","0","","0","0","0","","2","N","","2","2","0","0","0","0","0","1","0","2","","","","N","","","","","","","","","",""
"2005147763","","2","0","0","0","0","0","0","0","0","7","0","","02","6","2005","1","","","","11","0","0","0","0","0","0","0","0","1","0","0","0","","","2","","0","","","4","0","","8","0","0","0","2301","0","0","0","N","0","0","0","3","02301","0","","2.0","","1","N","N","","0","","0","0","0","","0","N","","2","2","1","0","0","2","0","1","0","2","","","","N","","","","","","","","","",""