"CRN","ARRIVAL_TM","AUTOMOBILE_COUNT","BELTED_DEATH_COUNT","BELTED_SUSP_SERIOUS_INJ_COUNT","BICYCLE_COUNT","BICYCLE_DEATH_COUNT","BICYCLE_SUSP_SERIOUS_INJ_COUNT","BUS_COUNT","CHLDPAS_DEATH_COUNT","CHLDPAS_SUSP_SERIOUS_INJ_COUNT","COLLISION_TYPE","COMM_VEH_COUNT","CONS_ZONE_SPD_LIM","COUNTY","CRASH_MONTH","CRASH_YEAR","DAY_OF_WEEK","DEC_LATITUDE","DEC_LONGITUDE","DISPATCH_TM","DISTRICT","DRIVER_COUNT_16YR","DRIVER_COUNT_17YR","DRIVER_COUNT_18YR","DRIVER_COUNT_19YR","DRIVER_COUNT_20YR","DRIVER_COUNT_50_64YR","DRIVER_COUNT_65_74YR","DRIVER_COUNT_75PLUS","EST_HRS_CLOSED","FATAL_COUNT","HEAVY_TRUCK_COUNT","HORSE_BUGGY_COUNT","HOUR_OF_DAY","ILLUMINATION","INJURY_COUNT","INTERSECTION_RELATED","INTERSECT_TYPE","LANE_CLOSED","LATITUDE","LN_CLOSE_DIR","LOCATION_TYPE","LONGITUDE","MAX_SEVERITY_LEVEL","MCYCLE_DEATH_COUNT","MCYCLE_SUSP_SERIOUS_INJ_COUNT","MOTORCYCLE_COUNT","MUNICIPALITY","NONMOTR_COUNT","NONMOTR_DEATH_COUNT","NONMOTR_SUSP_SERIOUS_INJ_COUNT","NTFY_HIWY_MAINT","PED_COUNT","PED_DEATH_COUNT","PED_SUSP_SERIOUS_INJ_COUNT","PERSON_COUNT","POLICE_AGCY","POSSIBLE_INJ_COUNT","RDWY_SURF_TYPE_CD","RELATION_TO_ROAD","ROADWAY_CLEARED","ROAD_CONDITION","SCH_BUS_IND","SCH_ZONE_IND","SECONDARY_CRASH","SMALL_TRUCK_COUNT","SPEC_JURIS_CD","SUSP_MINOR_INJ_COUNT","SUSP_SERIOUS_INJ_COUNT","SUV_COUNT","TCD_FUNC_CD","TCD_TYPE","TFC_DETOUR_IND","TIME_OF_DAY","TOTAL_UNITS","TOT_INJ_COUNT","UNBELTED_OCC_COUNT","UNB_DEATH_COUNT","UNB_SUSP_SERIOUS_INJ_COUNT","UNK_INJ_DEG_COUNT","UNK_INJ_PER_COUNT","URBAN_RURAL","VAN_COUNT","VEHICLE_COUNT","WEATHER1","WEATHER2","WORKERS_PRES","WORK_ZONE_IND","WORK_ZONE_LOC","WORK_ZONE_TYPE","WZ_CLOSE_DETOUR","WZ_FLAGGER","WZ_LAW_OFFCR_IND","WZ_LN_CLOSURE","WZ_MOVING","WZ_OTHER","WZ_SHLDER_MDN","WZ_WORKERS_INJ_KILLED"
"2005150149","","1","0","0","0","0","0","0","0","0","7","0","","02","6","2005","6","","","","11","0","0","0","1","0","0","0","0","","0","0","0","","","1","","0","","","","0","","4","0","0","0","2466","0","0","0","N","0","0","0","1","02466","1","","5.0","","9","N","N","","0","","0","0","0","","0","","","1","1","0","0","0","0","0","1","0","1","","","","N","","","","","","","","","",""
"2005150150","","0","0","0","0","0","0","0","0","0","7","0","","02","6","2005","6","40.446155","-79.715561","","11","0","0","0","0","0","0","0","0","1","0","0","0","","","1","","0","","40 26:46.157","3","0","79 42:56.020","8","0","0","1","2466","0","0","0","N","0","0","0","1","02466","0","","4.0","","1","N","N","","0","","0","0","0","","0","N","","1","1","0","0","0","1","0","2","0","1","","","","N","","","","","","","","","",""
"2005150151","","1","0","0","0","0","0","0","0","0","4","0","","02","6","2005","7","40.464522","-79.705336","","11","0","0","0","0","0","1","1","0","","0","0","0","","","0","","0","","40 27:52.280","","0","79 42:19.208","0","0","0","0","2466","0","0","0","N","0","0","0","2","02466","0","","1.0","","1","N","N","","0","","0","0","0","","0","","","2","0","0","0","0","0","0","2","1","2","","","","N","","","","","","","","","",""
"2005150152","","1","0","0","0","0","0","0","0","0","1","0","","02","6","2005","1","","","","11","0","0","0","0","0","0","1","1","","0","0","0","","","1","","2","","","","0","","8","0","0","0","2466","0","0","0","N","0","0","0","2","02466","0","","1.0","","1","N","N","","0","","0","0","0","","3","","","2","1","0","0","0","1","0","1","1","2","","","","N","","","","","","","","","",""
"2005150153","","1","0","0","0","0","0","0","0","0","7","0","","02","6","2005","7","40.483406","-79.718937","","11","0","0","0","0","0","0","0","0","","0","0","0","","","0","","0","","40 29:00.260","","0","79 43:08.173","0","0","0","0","2466","0","0","0","N","0","0","0","1","02466","0","","2.0","","1","N","N","","0","","0","0","0","","0","","","1","0","0","0","0","0","0","2","0","1","","","","N","","","","","","","","","",""
"2005150164","","2","0","0","0","0","0","0","0","0","4","0","","02","6","2005","6","40.615412","-79.933738","","11","0","0","0","0","0","0","0","1","","0","0","0","","","2","","1","","40 36:55.482","","0","79 56:01.457","3","0","0","0","2207","0","0","0","Y","0","0","0","2","02207","1","","1.0","","1","N","N","","0","","1","0","0","","3","","","2","2","1","0","0","0","0","2","0","2","","","","N","","","","","","","","","",""
"2005150165","","1","0","0","0","0","0","0","0","0","4","0","","02","6","2005","4","40.6144","-79.9471","","11","0","0","0","0","0","0","1","0","","0","0","0","","","1","","0","","40 36:51.840","","0","79 56:49.560","4","0","0","0","2207","0","0","0","N","0","0","0","2","02207","1","","1.0","","1","N","N","","1","","0","0","0","","0","","","2","1","1","0","0","0","0","2","0","2","","","","N","","","","","","","","","",""
"2005150185","","1","0","0","0","0","0","0","0","0","1","0","","02","6","2005","5","","","","11","0","0","0","0","0","0","0","0","1","0","0","0","","","1","","2","","","4","0","","4","0","0","0","2304","0","0","0","N","0","0","0","3","02304","1","","1.0","","1","N","N","","1","","0","0","1","","0","N","","3","1","0","0","0","0","0","1","0","3","","","","N","","","","","","","","","",""
"2005150186","","1","0","0","0","0","0","0","0","0","4","0","","02","6","2005","3","40.340027","-79.82677","","11","0","0","0","0","0","1","0","0","","0","0","0","","","2","","1","","40 20:24.097","","0","79 49:36.372","4","0","0","0","2304","0","0","0","N","0","0","0","4","02304","2","","1.0","","9","N","N","","0","","0","0","0","","2","","","2","2","1","0","0","0","0","2","1","2","","","","N","","","","","","","","","",""
"2005150190","","1","0","0","0","0","0","0","0","0","7","0","","02","6","2005","4","40.355025","-79.840533","","11","0","0","0","0","0","0","0","0","1","0","0","0","","","1","","6","","40 21:18.089","3","8","79 50:25.917","8","0","0","0","2304","0","0","0","N","0","0","0","1","02304","0","","3.0","","1","N","N","","0","","0","0","0","","0","N","","1","1","0","0","0","1","0","2","0","1","","","","N","","","","","","","","","",""
"2005150207","","2","0","0","0","0","0","0","0","0","1","0","","02","6","2005","6","","","","11","0","0","1","0","0","0","0","0","","0","0","0","","","1","","0","","","","0","","8","0","0","0","2426","0","0","0","N","0","0","0","2","02426","0","","4.0","","1","N","N","","0","","0","0","0","","3","","","2","1","0","0","0","1","0","1","0","2","","","","N","","","","","","","","","",""
"2005150317","","1","0","0","0","0","0","0","0","0","4","0","","02","6","2005","3","40.443941","-79.792002","","11","0","0","0","0","0","1","0","0","2","0","0","0","","","1","","0","","40 26:38.187","4","0","79 47:31.207","3","0","0","0","2446","0","0","0","N","0","0","0","2","02446","0","","1.0","","1","N","N","","0","","1","0","1","","0","N","","2","1","0","0","0","0","0","2","0","2","","","","N","","","","","","","","","",""
"2005150450","","1","0","0","0","0","0","0","0","0","1","0","","02","5","2005","2","40.430809","-79.958109","","11","0","0","0","0","1","0","0","0","2","0","0","0","","","0","","0","","40 25:50.911","3","2","79 57:29.193","0","0","0","0","2301","0","0","0","N","0","0","0","4","68B03","0","","1.0","","1","N","N","","0","","0","0","1","","4","N","","2","0","0","0","0","0","0","2","0","2","","","","N","","","","","","","","","",""
"2005150451","","1","0","0","0","0","0","0","0","0","1","1","","02","3","2005","3","","","","11","0","0","0","0","0","0","1","0","","0","1","0","","","1","","6","","40 26:46.68","","2","80 09:54.36","4","0","0","0","2115","0","0","0","N","0","0","0","2","68B03","1","","1.0","","1","N","N","","0","","0","0","0","","3","","","2","1","0","0","0","0","0","2","0","2","","","","N","","","","","","","","","",""
"2005150468","","4","0","0","0","0","0","0","0","0","1","0","","02","6","2005","6","","","","11","0","0","0","0","0","0","0","0","","0","0","0","","","1","","0","","40 25:30.00","","0","80 07:04.44","4","0","0","0","2102","0","0","0","N","0","0","0","4","68B03","1","","1.0","","1","N","N","","0","","0","0","0","","0","","","4","1","0","0","0","0","0","2","0","4","","","","N","","","","","","","","","",""
"2005150470","","1","0","0","0","0","0","0","0","0","7","0","","02","6","2005","1","","","","11","0","0","0","0","0","0","0","0","","0","0","0","","","0","","0","","40 28:21.00","","0","80 12:55.80","0","0","0","0","2203","0","0","0","N","0","0","0","2","68B03","0","","5.0","","1","N","N","","0","","0","0","0","","0","","","2","0","0","0","0","0","0","2","0","1","","","","N","","","","","","","","","",""
"2005150471","","1","0","0","0","0","0","0","0","0","7","0","","02","4","2005","2","","","","11","0","0","0","0","0","0","0","0","3","0","0","0","","","1","","0","","40 27:45.36","2","0","79 59:57.84","3","0","0","0","2301","0","0","0","N","0","0","0","2","68B03","0","","2.0","","1","N","N","","0","","1","0","0","","0","N","","1","1","0","0","0","0","0","2","0","1","","","","N","","","","","","","","","",""
"2005150472","","0","0","0","0","0","0","0","0","0","7","0","","02","5","2005","2","","","","11","0","0","0","0","0","0","0","0","1","0","0","0","","","0","","0","","40 26:08.88","3","0","79 58:17.04","0","0","0","0","2301","0","0","0","N","0","0","0","2","68B03","0","","3.0","","1","N","N","","1","","0","0","0","","0","N","","1","0","0","0","0","0","0","2","0","1","","","","N","","","","","","","","","",""
"2005150473","","2","0","0","0","0","0","0","0","0","4","0","","02","5","2005","6","","","","11","0","0","0","0","1","1","0","0","","0","0","0","","","0","","0","","40 26:22.20","","0","80 00:36.36","0","0","0","0","2301","0","0","0","N","0","0","0","3","68B03","0","","1.0","","1","N","N","","0","","0","0","0","","0","","","2","0","0","0","0","0","0","2","0","2","","","","N","","","","","","","","","",""
"2005150474","","3","0","0","0","0","0","0","0","0","1","0","","02","6","2005","3","","","","11","0","0","0","0","0","0","0","0","","0","0","0","","","1","","0","","40 25:37.20","","4","79 55:10.20","4","0","0","0","2301","0","0","0","N","0","0","0","3","68B03","1","","1.0","","1","N","N","","0","","0","0","0","","0","","","3","1","0","0","0","0","0","2","0","3","","","","N","","","","","","","","","",""
"2005150475","","2","0","0","0","0","0","0","0","0","1","0","","02","5","2005","6","","","","11","0","0","0","0","0","1","0","0","","0","0","0","","","0","","0","","40 24:52.20","","0","80 04:58.08","0","0","0","0","2457","0","0","0","N","0","0","0","2","68B03","0","","1.0","","1","N","N","","0","","0","0","0","","0","","","2","0","0","0","0","0","0","2","0","2","","","","N","","","","","","","","","",""
"2005150476","","1","0","0","0","0","0","0","0","0","1","0","","02","6","2005","5","40.447254","-80.166528","","11","0","0","0","0","0","2","0","0","","0","0","0","","","0","","6","","40 26:50.115","","2","80 09:59.502","0","0","0","0","2115","0","0","0","N","0","0","0","4","68B03","0","","1.0","","1","N","N","","0","","0","0","1","","4","","","2","0","0","0","0","0","0","2","0","2","","","","N","","","","","","","","","",""
"2005150477","","1","0","0","0","0","0","0","0","0","1","0","50","02","6","2005","5","40.40232","-80.106942","","11","0","0","0","0","0","0","0","0","1","0","0","0","","","0","","0","","40 24:08.353","2","0","80 06:24.990","0","0","0","0","2102","0","0","0","Y","0","0","0","4","68B03","0","","1.0","","1","N","N","","1","","0","0","1","","8","N","","3","0","0","0","0","0","0","2","0","3","","","Y","Y","4","1","","","N","Y","","","",""
"2005150588","","1","0","0","0","0","0","0","0","0","7","0","","02","6","2005","4","40.431476","-79.893099","","11","0","0","0","0","0","1","0","0","","0","0","0","","","0","","0","","40 25:53.313","","0","79 53:35.156","0","0","0","0","2463","0","0","0","N","0","0","0","1","02463","0","","5.0","","1","N","N","","0","","0","0","0","","0","","","1","0","1","0","0","0","0","2","0","1","","","","N","","","","","","","","","",""
"2005150589","","1","0","0","0","0","0","0","0","0","8","0","","02","6","2005","3","40.418262","-79.880631","","11","0","0","0","0","0","0","0","0","2","0","0","0","","","1","","0","","40 25:05.743","6","0","79 52:50.271","2","0","0","0","2463","1","0","1","N","1","0","1","2","02463","0","","1.0","","1","N","N","","0","","0","1","0","","0","Y","","2","1","0","0","0","0","0","2","0","1","","","","N","","","","","","","","","",""
"2005150590","","0","0","0","0","0","0","0","0","0","7","0","","02","6","2005","5","40.419461","-79.882658","","11","0","0","0","0","0","1","0","0","2","0","0","0","","","1","","0","","40 25:10.059","2","0","79 52:57.568","3","0","0","0","2463","0","0","0","N","0","0","0","1","02463","0","","4.0","","1","N","N","","0","","1","0","0","","0","Y","","1","1","0","0","0","0","0","2","1","1","","","","N","","","","","","","","","",""
"2005150591","","0","0","0","0","0","0","0","0","0","8","0","","02","6","2005","1","","","","11","0","0","0","0","0","0","0","0","","0","0","0","","","1","","0","","","","0","","3","0","0","0","2463","1","0","0","N","1","0","0","2","02463","0","","2.0","","1","N","N","","0","","1","0","1","","0","","","2","1","0","0","0","0","0","1","0","1","","","","N","","","","","","","","","",""
"2005150592","","1","0","0","0","0","0","0","0","0","8","0","","02","6","2005","5","40.422427","-79.885898","","11","0","0","0","0","0","1","0","0","1","0","0","0","","","2","","1","","40 25:20.737","5","0","79 53:09.232","4","0","0","0","2463","2","0","0","N","2","0","0","3","02463","1","","1.0","","1","N","N","","0","","0","0","0","","8","Y","","3","2","0","0","0","1","0","2","0","1","","","","N","","","","","","","","","",""
"2005150593","","0","0","0","0","0","0","0","0","0","7","0","","02","6","2005","4","40.419347","-79.88216","","11","0","0","0","0","0","0","0","0","","0","0","0","","","0","","0","","40 25:09.649","","0","79 52:55.776","0","0","0","0","2463","0","0","0","N","0","0","0","1","02463","0","","4.0","","1","N","N","","0","","0","0","1","","0","","","1","0","0","0","0","0","0","2","0","1","","","","N","","","","","","","","","",""
"2005150594","","1","0","0","0","0","0","0","0","0","0","0","","02","6","2005","1","40.346285","-80.152806","","11","0","0","0","0","1","0","0","0","1","0","0","0","","","0","","0","","40 20:46.625","3","0","80 09:10.102","0","0","0","0","2119","0","0","0","Y","0","0","0","1","02119","0","","3.0","","1","N","N","","0","","0","0","0","","0","N","","1","0","1","0","0","0","0","2","0","1","","","","N","","","","","","","","","",""
"2005150686","","2","0","0","0","0","0","0","0","0","6","0","","02","7","2005","1","40.441942","-80.075745","","11","0","0","0","0","0","0","0","1","","0","0","0","","","0","","1","","40 26:30.991","","0","80 04:32.682","0","0","0","0","2439","0","0","0","N","0","0","0","1","02439","0","","1.0","","1","N","N","","0","","0","0","0","","0","","","2","0","0","0","0","0","0","2","0","2","","","","N","","","","","","","","","",""
"2005150691","","1","0","0","0","0","0","0","0","0","7","0","","02","6","2005","2","40.412571","-79.856331","","11","0","0","1","0","0","0","0","0","","0","0","0","","","0","","2","","40 24:45.254","","0","79 51:22.791","0","0","0","0","2411","0","0","0","N","0","0","0","1","02411","0","","2.0","","1","N","N","","0","","0","0","0","","0","","","1","0","0","0","0","0","0","2","0","1","","","","N","","","","","","","","","",""
"2005150697","","2","0","0","0","0","0","0","0","0","7","0","","02","6","2005","1","40.433115","-79.760996","","11","0","0","0","0","0","1","0","0","","0","0","0","","","1","","0","","40 25:59.213","","0","79 45:39.586","4","0","0","0","2446","0","0","0","N","0","0","0","3","02446","1","","2.0","","1","N","N","","0","","0","0","0","","0","","","2","1","0","0","0","0","0","2","0","2","","","","N","","","","","","","","","",""
"2005150698","","0","0","0","0","0","0","0","0","0","1","0","","02","6","2005","4","40.429466","-79.786597","","11","0","0","0","0","0","0","0","0","","0","0","0","","","0","","0","","40 25:46.077","","0","79 47:11.749","0","0","0","0","2446","0","0","0","N","0","0","0","4","02446","0","","1.0","","1","N","N","","1","","0","0","1","","0","","","2","0","0","0","0","0","0","2","0","2","","","","N","","","","","","","","","",""
"2005150699","","1","0","0","0","0","0","0","0","0","7","0","","02","6","2005","5","40.422","-79.773602","","11","0","0","0","0","1","0","0","0","","0","0","0","","","0","","0","","40 25:19.200","","0","79 46:24.967","0","0","0","0","2446","0","0","0","N","0","0","0","1","02446","0","","5.0","","1","N","N","","0","","0","0","0","","0","","","1","0","0","0","0","0","0","2","0","1","","","","N","","","","","","","","","",""
"2005150700","","2","0","0","0","0","0","0","0","0","4","0","","02","6","2005","3","40.433082","-79.789607","","11","0","0","0","0","0","0","1","0","","0","0","0","","","1","","0","","40 25:59.095","","0","79 47:22.584","3","0","0","0","2446","0","0","0","N","0","0","0","3","02446","0","","1.0","","1","N","N","","0","","1","0","0","","0","","","2","1","0","0","0","0","2","2","0","2","","","","N","","","","","","","","","",""
"2005150701","","2","0","0","0","0","0","0","0","0","1","0","","02","6","2005","3","40.444475","-79.758881","","11","0","0","0","0","0","0","1","0","1","0","0","0","","","1","","1","","40 26:40.109","4","0","79 45:31.973","4","0","0","0","2446","0","0","0","","0","0","0","4","02446","1","","1.0","","1","","","","0","","0","0","0","","2","N","","2","1","0","0","0","0","0","2","0","2","","","","N","","","","","","","","","",""
"2005150702","","0","0","0","0","0","0","0","0","0","4","0","","02","6","2005","2","40.43817","-79.779306","","11","0","0","0","0","0","0","0","0","","0","0","0","","","2","","2","","40 26:17.412","","0","79 46:45.503","4","0","0","0","2446","0","0","0","N","0","0","0","5","02446","2","","1.0","","1","N","N","","1","","0","0","0","","3","","","2","2","0","0","0","0","0","2","1","2","","","","N","","","","","","","","","",""
"2005150703","","0","0","0","0","0","0","0","0","0","6","0","","02","6","2005","6","40.416782","-79.752249","","11","0","1","0","0","0","0","0","0","","0","0","0","","","0","","0","","40 25:00.414","","0","79 45:08.098","0","0","0","0","2446","0","0","0","N","0","0","0","6","02446","0","","1.0","","9","N","N","","0","","0","0","1","","0","","","2","0","0","0","0","0","0","2","1","2","","","","N","","","","","","","","","",""
"2005150705","","2","0","0","0","0","0","0","0","0","2","0","","02","7","2005","1","40.437508","-79.770278","","11","0","0","0","0","0","0","0","0","1","0","0","0","","","0","","0","","40 26:15.030","1","0","79 46:13.000","0","0","0","0","2446","0","0","0","N","0","0","0","2","02446","0","","1.0","","1","N","N","","0","","0","0","0","","0","N","","2","0","0","0","0","0","0","2","0","2","","","","N","","","","","","","","","",""
"2005150723","","1","0","0","0","0","0","0","0","0","5","0","","02","6","2005","6","","","","11","0","0","0","0","0","0","0","1","","0","0","0","","","1","","1","","","","0","","4","0","0","0","2431","0","0","0","N","0","0","0","2","02431","1","","1.0","","1","N","N","","0","","0","0","1","","2","","","2","1","0","0","0","0","0","1","0","2","","","","N","","","","","","","","","",""
"2005150724","","2","0","0","0","0","0","0","0","0","4","0","","02","6","2005","7","40.422153","-79.854256","","11","0","0","0","0","0","1","0","0","2","0","0","0","","","1","","1","","40 25:19.752","4","0","79 51:15.320","4","0","0","0","2431","0","0","0","N","0","0","0","4","02431","1","","1.0","","1","N","N","","0","","0","0","0","","0","N","","2","1","0","0","0","0","0","2","0","2","","","","N","","","","","","","","","",""
"2005150725","","0","0","0","0","0","0","0","0","0","4","1","","02","6","2005","2","40.422222","-79.863911","","11","0","0","0","0","1","0","1","0","1","0","1","0","","","0","","1","","40 25:20.000","5","0","79 51:50.081","0","0","0","0","2431","0","0","0","N","0","0","0","2","02431","0","","1.0","","1","N","N","","1","","0","0","0","","3","Y","","2","0","1","0","0","0","0","2","0","2","","","","N","","","","","","","","","",""
"2005150726","","2","0","0","0","0","0","0","0","0","1","0","","02","6","2005","5","40.414976","-79.848412","","11","0","0","0","0","0","1","0","0","","0","0","0","","","1","","0","","40 24:53.913","","0","79 50:54.282","4","0","0","0","2431","0","0","0","N","0","0","0","2","02431","1","","1.0","","1","N","N","","0","","0","0","0","","0","","","2","1","0","0","0","0","0","2","0","2","","","","N","","","","","","","","","",""
"2005150727","","1","0","0","0","0","0","0","0","0","7","0","","02","6","2005","3","40.5675","-80.006841","","11","0","0","0","0","0","0","0","0","","0","0","0","","","0","","3","","40 34:03.000","","0","80 00:24.627","0","0","0","0","2108","0","0","0","N","0","0","0","1","02108","0","","4.0","","1","N","N","","0","","0","0","0","","4","","","1","0","0","0","0","0","0","2","0","1","","","","N","","","","","","","","","",""
"2005150728","","1","0","0","0","0","0","0","0","0","4","0","","02","6","2005","3","40.560537","-80.039493","","11","0","0","0","0","0","1","0","0","","0","0","0","","","1","","2","","40 33:37.934","","0","80 02:22.174","8","0","0","0","2108","0","0","0","N","0","0","0","2","02108","0","","1.0","","1","N","N","","0","","0","0","1","","0","","","2","1","0","0","0","1","0","2","0","2","","","","N","","","","","","","","","",""
"2005150776","","2","0","0","0","0","0","0","0","0","6","0","","02","6","2005","5","40.6139","-79.8352","","11","0","0","0","0","0","0","0","1","1","0","0","0","","","2","","0","","40 36:50.040","1","99","79 50:06.720","8","0","0","0","2220","0","0","0","N","0","0","0","2","02220","0","","1.0","","1","N","N","","0","","0","0","0","","0","N","","2","2","0","0","0","2","0","2","0","2","","","","N","","","","","","","","","",""
"2005150778","","1","0","0","0","0","0","0","0","0","0","0","","02","6","2005","4","40.635179","-79.885262","","11","0","0","0","0","0","0","0","0","2","0","0","0","","","0","","0","","40 38:06.644","2","0","79 53:06.942","0","0","0","0","2220","0","0","0","N","0","0","0","2","02220","0","","1.0","","1","N","N","","1","","0","0","0","","0","N","","2","0","1","0","0","0","0","1","0","2","","","","N","","","","","","","","","",""
"2005150779","","2","0","0","0","0","0","0","0","0","1","0","","02","6","2005","5","40.618872","-79.908108","","11","0","0","1","0","0","1","0","0","","0","0","0","","","0","","2","","40 37:07.939","","99","79 54:29.190","0","0","0","0","2220","0","0","0","","0","0","0","3","02220","0","","1.0","","1","N","N","","0","","0","0","0","","0","","","2","0","0","0","0","0","0","2","0","2","","","","N","","","","","","","","","",""
"2005150805","","2","0","0","0","0","0","0","0","0","4","0","","02","6","2005","7","40.440478","-80.238406","","11","0","0","0","0","0","0","0","1","","0","0","0","","","0","","1","","40 26:25.721","","99","80 14:18.261","0","0","0","0","2214","0","0","0","N","0","0","0","2","02214","0","","1.0","","1","N","N","","0","","0","0","0","","3","","","2","0","0","0","0","0","0","2","0","2","","","","N","","","","","","","","","",""
"2005150806","","1","0","0","0","0","0","0","0","0","4","0","","02","6","2005","4","","","","11","0","0","0","0","0","2","0","0","1","0","0","0","","","1","","1","","","5","99","","4","0","0","0","2214","0","0","0","N","0","0","0","3","02214","1","","1.0","","1","N","N","","1","","0","0","1","","3","Y","","3","1","0","0","0","0","0","1","0","3","","","","N","","","","","","","","","",""
"2005150807","","1","0","0","0","0","0","0","0","0","8","0","","02","6","2005","4","40.44371","-80.242214","","11","0","0","0","0","0","0","0","0","","0","0","0","","","1","","0","","40 26:37.356","","0","80 14:31.972","3","0","0","0","2214","1","0","0","N","1","0","0","2","02214","0","","2.0","","1","N","N","","0","","1","0","0","","0","","","2","1","0","0","0","0","1","2","0","1","","","","N","","","","","","","","","",""
"2005150808","","1","0","0","0","0","0","0","0","0","7","0","","02","6","2005","5","40.4419","-80.1921","","11","0","0","0","0","0","0","0","0","","0","0","0","","","1","","0","","40 26:30.840","","0","80 11:31.560","3","0","0","0","2214","0","0","0","N","0","0","0","1","02214","0","","5.0","","1","N","N","","0","","1","0","0","","0","","","1","1","0","0","0","0","0","2","0","1","","","","N","","","","","","","","","",""
"2005150809","","1","0","0","0","0","0","0","0","0","7","0","","02","6","2005","5","40.454533","-80.224421","","11","0","0","1","0","0","0","0","0","","0","0","0","","","0","","0","","40 27:16.320","","0","80 13:27.915","0","0","0","0","2214","0","0","0","N","0","0","0","1","02214","0","","4.0","","1","N","N","","0","","0","0","0","","0","","","1","0","0","0","0","0","0","2","0","1","","","","N","","","","","","","","","",""
"2005150882","","1","0","0","0","0","0","0","0","0","1","0","","02","6","2005","2","40.439444","-80.226979","","11","0","0","0","0","0","0","0","0","1","0","0","0","","","3","","0","","40 26:22.000","3","0","80 13:37.126","4","0","0","0","2214","0","0","0","N","0","0","0","8","68B03","1","","1.0","","1","N","N","","1","","0","0","1","","0","N","","3","3","0","0","0","2","0","2","0","3","","","","N","","","","","","","","","",""
"2005150963","","2","0","0","0","0","0","0","0","0","4","0","","02","7","2005","1","40.346065","-79.981679","","11","0","0","0","0","0","1","1","0","1","0","0","0","","","2","","0","","40 20:45.833","4","0","79 58:54.045","3","0","0","0","2476","0","0","0","N","0","0","0","2","02476","1","","1.0","","1","N","N","","0","","1","0","0","","0","N","","2","2","0","0","0","0","0","2","0","2","","","","N","","","","","","","","","",""
"2005151058","","1","0","0","0","0","0","0","0","0","4","0","","02","6","2005","3","40.4931","-79.9113","","11","0","0","0","0","0","1","0","0","","0","0","0","","","0","","7","","40 29:35.160","","2","79 54:40.680","0","0","0","0","2112","0","0","0","N","0","0","0","2","02112","0","","1.0","","1","N","N","","0","","0","0","1","","4","","","2","0","0","0","0","0","0","2","0","2","","","","N","","","","","","","","","",""
"2005151105","","2","0","0","0","0","0","0","0","0","1","0","","02","6","2005","5","40.49073","-79.882078","","11","0","0","0","0","0","0","2","0","","0","0","0","","","3","","0","","40 29:26.628","","0","79 52:55.481","8","0","0","0","2112","0","0","0","N","0","0","0","6","02112","0","","1.0","","1","N","N","","1","","0","0","1","","2","","","4","3","1","0","0","3","0","2","0","4","","","","N","","","","","","","","","",""
"2005151155","","1","0","0","0","0","0","0","0","0","7","0","","02","7","2005","7","40.584645","-79.950577","","11","0","0","0","0","0","0","0","0","","0","0","0","","","0","","2","","40 35:04.721","","0","79 57:02.076","0","0","0","0","2207","0","0","0","N","0","0","0","1","02207","0","","2.0","","1","N","N","","0","","0","0","0","","2","","","1","0","0","0","0","0","0","2","0","1","","","","N","","","","","","","","","",""
"2005151266","","3","0","0","0","0","0","0","0","0","1","0","","02","7","2005","6","","","","11","0","0","0","0","1","0","0","0","1","0","0","0","","","0","","0","","","3","3","","0","0","0","0","2433","0","0","0","N","0","0","0","3","02433","0","","1.0","","1","N","N","","0","","0","0","0","","0","N","","3","0","0","0","0","0","0","1","0","3","","","","N","","","","","","","","","",""
"2005151272","","1","0","0","0","0","0","0","0","0","8","0","","02","6","2005","4","","","","11","0","0","0","0","0","0","0","0","","0","0","0","","","1","","2","","","","0","","2","0","0","0","2301","1","0","1","N","1","0","1","2","02301","0","","1.0","","1","N","N","","0","","0","1","0","","2","","","2","1","0","0","0","0","0","1","0","1","","","","N","","","","","","","","","",""
"2005151284","","1","0","0","0","0","0","0","0","0","8","0","","02","6","2005","3","40.456975","-79.938549","","11","0","0","0","0","0","0","1","0","","0","0","0","","","1","","1","","40 27:25.110","","0","79 56:18.775","8","0","0","0","2301","1","0","0","N","1","0","0","2","02301","0","","1.0","","1","N","N","","0","","0","0","0","","2","","","2","1","0","0","0","1","0","2","0","1","","","","N","","","","","","","","","",""
"2005151401","","2","0","0","0","0","0","0","0","0","1","0","","02","7","2005","6","40.673413","-80.098398","","11","0","0","0","0","0","0","1","0","1","0","0","0","","","1","","1","","40 40:24.286","1","0","80 05:54.232","4","0","0","0","2212","0","0","0","N","0","0","0","2","02505","1","","1.0","","1","N","N","","0","","0","0","0","","2","N","","2","1","0","0","0","0","0","2","0","2","","","","N","","","","","","","","","",""
"2005151407","","1","0","0","0","0","0","0","0","0","4","0","","02","6","2005","1","40.439204","-80.211701","","11","0","0","0","0","1","0","0","0","","0","0","0","","","2","","1","","40 26:21.135","","99","80 12:42.125","4","0","0","1","2214","0","0","0","N","0","0","0","2","02214","2","","1.0","","1","N","N","","0","","0","0","0","","3","","","2","2","0","0","0","0","0","2","0","2","","","","N","","","","","","","","","",""
"2005151481","","1","0","0","0","0","0","0","0","0","1","0","","02","7","2005","6","40.619698","-80.080684","","11","0","0","0","0","0","1","0","0","2","0","0","0","","","0","","2","","40 37:10.913","3","0","80 04:50.464","0","0","0","0","2212","0","0","0","N","0","0","0","2","02505","0","","1.0","","1","N","N","","0","","0","0","1","","0","N","","2","0","0","0","0","0","0","2","0","2","","","","N","","","","","","","","","",""