"CRN","ARRIVAL_TM","AUTOMOBILE_COUNT","BELTED_DEATH_COUNT","BELTED_SUSP_SERIOUS_INJ_COUNT","BICYCLE_COUNT","BICYCLE_DEATH_COUNT","BICYCLE_SUSP_SERIOUS_INJ_COUNT","BUS_COUNT","CHLDPAS_DEATH_COUNT","CHLDPAS_SUSP_SERIOUS_INJ_COUNT","COLLISION_TYPE","COMM_VEH_COUNT","CONS_ZONE_SPD_LIM","COUNTY","CRASH_MONTH","CRASH_YEAR","DAY_OF_WEEK","DEC_LATITUDE","DEC_LONGITUDE","DISPATCH_TM","DISTRICT","DRIVER_COUNT_16YR","DRIVER_COUNT_17YR","DRIVER_COUNT_18YR","DRIVER_COUNT_19YR","DRIVER_COUNT_20YR","DRIVER_COUNT_50_64YR","DRIVER_COUNT_65_74YR","DRIVER_COUNT_75PLUS","EST_HRS_CLOSED","FATAL_COUNT","HEAVY_TRUCK_COUNT","HORSE_BUGGY_COUNT","HOUR_OF_DAY","ILLUMINATION","INJURY_COUNT","INTERSECTION_RELATED","INTERSECT_TYPE","LANE_CLOSED","LATITUDE","LN_CLOSE_DIR","LOCATION_TYPE","LONGITUDE","MAX_SEVERITY_LEVEL","MCYCLE_DEATH_COUNT","MCYCLE_SUSP_SERIOUS_INJ_COUNT","MOTORCYCLE_COUNT","MUNICIPALITY","NONMOTR_COUNT","NONMOTR_DEATH_COUNT","NONMOTR_SUSP_SERIOUS_INJ_COUNT","NTFY_HIWY_MAINT","PED_COUNT","PED_DEATH_COUNT","PED_SUSP_SERIOUS_INJ_COUNT","PERSON_COUNT","POLICE_AGCY","POSSIBLE_INJ_COUNT","RDWY_SURF_TYPE_CD","RELATION_TO_ROAD","ROADWAY_CLEARED","ROAD_CONDITION","SCH_BUS_IND","SCH_ZONE_IND","SECONDARY_CRASH","SMALL_TRUCK_COUNT","SPEC_JURIS_CD","SUSP_MINOR_INJ_COUNT","SUSP_SERIOUS_INJ_COUNT","SUV_COUNT","TCD_FUNC_CD","TCD_TYPE","TFC_DETOUR_IND","TIME_OF_DAY","TOTAL_UNITS","TOT_INJ_COUNT","UNBELTED_OCC_COUNT","UNB_DEATH_COUNT","UNB_SUSP_SERIOUS_INJ_COUNT","UNK_INJ_DEG_COUNT","UNK_INJ_PER_COUNT","URBAN_RURAL","VAN_COUNT","VEHICLE_COUNT","WEATHER1","WEATHER2","WORKERS_PRES","WORK_ZONE_IND","WORK_ZONE_LOC","WORK_ZONE_TYPE","WZ_CLOSE_DETOUR","WZ_FLAGGER","WZ_LAW_OFFCR_IND","WZ_LN_CLOSURE","WZ_MOVING","WZ_OTHER","WZ_SHLDER_MDN","WZ_WORKERS_INJ_KILLED"
"2005152304","","1","0","0","0","0","0","0","0","0","7","0","","02","7","2005","2","","","","11","0","0","0","0","0","0","0","0","","0","0","0","","","1","","0","","","","0","","4","0","0","0","2448","0","0","0","N","0","0","0","1","02448","1","","5.0","","1","N","N","","0","","0","0","0","","0","","","1","1","0","0","0","0","0","1","0","1","","","","N","","","","","","","","","",""
"2005152312","","3","0","0","0","0","0","0","0","0","1","0","","02","7","2005","2","","","","11","0","0","0","0","0","0","0","0","","0","0","0","","","0","","1","","","","0","","0","0","0","0","2211","0","0","0","N","0","0","0","0","02209","0","","9.0","","1","N","N","","0","","0","0","0","","0","","","3","0","0","0","0","0","0","1","0","3","","","","N","","","","","","","","","",""
"2005152313","","3","0","0","0","0","0","0","0","0","1","0","","02","7","2005","7","40.434755","-79.823237","","11","0","0","0","0","1","0","0","0","2","0","0","0","","","5","","0","","40 26:05.118","6","7","79 49:23.652","8","0","0","0","2419","0","0","0","N","0","0","0","8","02419","0","","1.0","","1","N","N","","0","","0","0","1","","0","N","","4","5","0","0","0","5","0","2","0","4","","","","N","","","","","","","","","",""
"2005152315","","2","0","0","0","0","0","0","0","0","4","0","","02","7","2005","2","40.331279","-79.945634","","11","0","0","0","0","1","1","0","0","","0","0","0","","","0","","0","","40 19:52.606","","0","79 56:44.281","0","0","0","0","2454","0","0","0","N","0","0","0","2","02454","0","","1.0","","1","N","N","","0","","0","0","0","","0","","","2","0","0","0","0","0","0","2","0","2","","","","N","","","","","","","","","",""
"2005152318","","0","0","0","0","0","0","0","0","0","8","0","","02","7","2005","1","40.61449","-79.921183","","11","0","0","0","0","0","0","0","0","","0","0","0","","","2","","2","","40 36:52.164","","0","79 55:16.258","8","0","0","0","2207","2","0","0","N","2","0","0","3","02207","0","","1.0","","1","N","N","","0","","0","0","1","","0","","","3","2","0","0","0","2","0","2","0","1","","","","N","","","","","","","","","",""
"2005152322","","1","0","0","0","0","0","0","0","0","7","0","","02","7","2005","1","","","","11","0","0","0","1","0","0","0","0","","0","0","0","","","2","","0","","","","0","","8","0","0","0","2207","0","0","0","N","0","0","0","2","02207","0","","5.0","","1","N","N","","0","","0","0","0","","0","","","1","2","2","0","0","2","0","1","0","1","","","","N","","","","","","","","","",""
"2005152325","","1","0","0","0","0","0","0","0","0","1","0","","02","7","2005","2","40.386056","-80.085838","","11","0","0","0","0","0","1","0","0","","0","0","0","","","0","","0","","40 23:09.803","","0","80 05:09.017","9","0","0","0","2117","0","0","0","N","0","0","0","2","02117","0","","1.0","","1","N","N","","0","","0","0","1","","0","","","2","0","0","0","0","0","2","2","0","2","","","","N","","","","","","","","","",""
"2005152332","","1","0","0","0","0","0","0","0","0","7","0","","02","7","2005","1","40.546228","-79.770622","","11","0","0","1","0","0","0","0","0","2","0","0","0","","","1","","0","","40 32:46.422","6","0","79 46:14.238","4","0","0","0","2121","0","0","0","N","0","0","0","2","02121","1","","2.0","","1","N","N","","0","","0","0","0","","0","Y","","1","1","0","0","0","0","0","1","0","1","","","","N","","","","","","","","","",""
"2005152359","","2","0","0","0","0","0","0","0","0","5","0","","02","7","2005","2","","","","11","0","0","0","0","1","0","0","0","","0","0","0","","","0","","1","","","","0","","0","0","0","0","2301","0","0","0","N","0","0","0","3","02301","0","","1.0","","1","N","N","","0","","0","0","0","","0","","","2","0","0","0","0","0","0","1","0","2","","","","N","","","","","","","","","",""
"2005152417","","1","0","0","0","0","0","0","0","0","1","0","","02","7","2005","2","40.381153","-80.094898","","11","0","1","0","0","0","0","0","1","2","0","0","0","","","0","","2","","40 22:52.152","1","0","80 05:41.633","0","0","0","0","2102","0","0","0","N","0","0","0","3","02102","0","","1.0","","1","N","N","","0","","0","0","0","","2","N","","2","0","0","0","0","0","0","2","1","2","","","","N","","","","","","","","","",""
"2005152422","","1","0","0","0","0","0","0","0","0","0","0","","02","7","2005","5","","","","11","0","0","0","0","0","0","0","0","","0","0","0","","","0","","0","","","","0","","0","0","0","0","2301","0","0","0","N","0","0","0","2","02301","0","","6.0","","1","N","N","","0","","0","0","0","","0","","","1","0","2","0","0","0","0","1","0","1","","","","N","","","","","","","","","",""
"2005152423","","0","0","0","0","0","0","0","0","0","1","0","","02","7","2005","1","","","","11","0","0","0","0","0","0","0","0","","0","0","0","","","5","","0","","","","0","","4","0","0","0","2301","0","0","0","N","0","0","0","6","02301","5","","1.0","","1","N","N","","0","","0","0","1","","0","","","2","5","1","0","0","0","0","1","1","2","","","","N","","","","","","","","","",""
"2005152424","","0","0","0","0","0","0","0","0","0","7","0","","02","7","2005","6","","","","11","0","0","0","0","0","0","0","0","","0","0","0","","","0","","3","","","","0","","0","0","0","0","2301","0","0","0","N","0","0","0","1","02301","0","","2.0","","1","N","N","","1","","0","0","0","","0","","","1","0","1","0","0","0","0","1","0","1","","","","N","","","","","","","","","",""
"2005152425","","2","0","0","0","0","0","0","0","0","4","0","","02","7","2005","1","40.439576","-80.005065","","11","0","0","0","0","0","0","0","0","","0","0","0","","","2","","1","","40 26:22.473","","0","80 00:18.235","8","0","0","0","2301","0","0","0","N","0","0","0","3","02301","0","","1.0","","1","N","N","","0","","0","0","0","","2","","","2","2","0","0","0","2","0","2","0","2","","","","N","","","","","","","","","",""
"2005152478","","1","0","0","0","0","0","0","0","0","7","0","","02","7","2005","3","","","","11","0","0","0","0","0","0","0","0","3","0","0","0","","","3","","10","","","2","4","","4","0","0","0","2301","0","0","0","N","0","0","0","3","02503","3","","1.0","","1","N","N","","0","","0","0","0","","0","N","","1","3","0","0","0","0","0","1","0","1","","","","N","","","","","","","","","",""
"2005152485","","0","0","0","0","0","0","0","0","0","1","0","","02","7","2005","2","","","","11","0","0","0","0","0","1","0","0","","0","0","0","","","1","","1","","","","0","","4","0","0","0","2219","0","0","0","N","0","0","0","6","02501","1","","1.0","","1","N","N","","1","","0","0","0","","2","","","2","1","0","0","0","0","0","1","1","2","","","","N","","","","","","","","","",""
"2005152488","","0","0","1","0","0","0","0","0","0","7","0","","02","7","2005","2","40.329041","-79.945051","","11","0","0","0","0","0","0","0","0","2","0","0","0","","","1","","0","","40 19:44.547","2","0","79 56:42.183","2","0","0","0","2454","0","0","0","N","0","0","0","1","02454","0","","4.0","","1","N","N","","0","","0","1","0","","0","N","","1","1","0","0","0","0","0","2","1","1","","","","N","","","","","","","","","",""
"2005152517","","2","0","0","0","0","0","0","0","0","4","0","","02","7","2005","1","40.505761","-80.223187","","11","0","0","0","0","1","0","0","0","","0","0","0","","","0","","0","","40 30:20.739","","0","80 13:23.474","0","0","0","0","2213","0","0","0","N","0","0","0","3","02213","0","","1.0","","1","N","N","","0","","0","0","0","","0","","","2","0","0","0","0","0","0","2","0","2","","","","N","","","","","","","","","",""
"2005152535","","2","0","0","0","0","0","0","0","0","1","0","","02","7","2005","6","40.436589","-79.963827","","11","0","0","0","0","0","0","0","0","","0","0","0","","","1","","0","","40 26:11.722","","0","79 57:49.776","3","0","0","0","2301","0","0","0","N","0","0","0","4","02301","0","","1.0","","1","N","N","","0","","1","0","0","","0","","","2","1","0","0","0","0","0","2","0","2","","","","N","","","","","","","","","",""
"2005152536","","2","0","0","0","0","0","0","0","0","1","0","","02","7","2005","2","40.414011","-79.923056","","11","0","0","0","0","0","1","1","0","2","0","0","0","","","0","","2","","40 24:50.439","2","0","79 55:23.001","0","0","0","0","2301","0","0","0","N","0","0","0","4","02301","0","","1.0","","1","N","N","","1","","0","0","1","","2","N","","4","0","0","0","0","0","0","2","0","4","","","","N","","","","","","","","","",""
"2005152537","","1","0","0","0","0","0","0","0","0","4","0","","02","7","2005","2","40.438023","-79.913084","","11","0","0","0","0","0","1","0","0","","0","0","0","","","0","","1","","40 26:16.882","","0","79 54:47.102","0","0","0","0","2301","0","0","0","N","0","0","0","2","02301","0","","1.0","","1","N","N","","0","","0","0","1","","2","","","2","0","0","0","0","0","0","2","0","2","","","","N","","","","","","","","","",""
"2005152540","","1","0","0","0","0","0","0","0","0","7","0","","02","7","2005","1","40.396801","-80.006267","","11","0","0","0","0","0","0","0","0","","0","0","0","","","0","","3","","40 23:48.483","","0","80 00:22.561","9","0","0","0","2301","0","0","0","N","0","0","0","1","02301","0","","2.0","","1","N","N","","0","","0","0","0","","0","","","1","0","0","0","0","0","1","2","0","1","","","","N","","","","","","","","","",""
"2005152541","","0","0","0","0","0","0","0","0","0","1","0","","02","6","2005","5","40.429712","-79.997699","","11","0","0","0","0","0","0","0","0","1","0","0","0","","","0","","2","","40 25:46.963","4","0","79 59:51.715","0","0","0","0","2301","0","0","0","N","0","0","0","1","02301","0","","6.0","","1","N","N","","1","","0","0","1","","0","N","","3","0","0","0","0","0","0","2","0","3","","","","N","","","","","","","","","",""
"2005152542","","2","0","0","0","0","0","0","0","0","4","0","","02","7","2005","7","40.475768","-80.012178","","11","0","0","0","0","0","0","0","1","","0","0","0","","","1","","2","","40 28:32.765","","0","80 00:43.840","4","0","0","0","2301","0","0","0","N","0","0","0","3","02301","1","","1.0","","1","N","N","","0","","0","0","0","","3","","","2","1","0","0","0","0","0","2","0","2","","","","N","","","","","","","","","",""
"2005152544","","2","0","0","0","0","0","0","0","0","1","0","","02","7","2005","4","","","","11","0","0","0","1","0","0","0","0","1","0","0","0","","","0","","2","","","2","0","","0","0","0","0","2301","0","0","0","N","0","0","0","4","02301","0","","1.0","","1","N","N","","0","","0","0","0","","0","N","","2","0","0","0","0","0","0","1","0","2","","","","N","","","","","","","","","",""
"2005152545","","3","0","0","0","0","0","0","0","0","4","0","","02","7","2005","1","40.426076","-79.967253","","11","0","0","0","0","0","0","0","0","","0","0","0","","","0","","0","","40 25:33.873","","0","79 58:02.110","0","0","0","0","2301","0","0","0","N","0","0","0","1","02301","0","","1.0","","1","N","N","","0","","0","0","0","","0","","","3","0","0","0","0","0","0","2","0","3","","","","N","","","","","","","","","",""
"2005152546","","1","0","0","0","0","0","0","0","0","7","0","","02","7","2005","6","40.430159","-79.98439","","11","0","0","0","0","0","0","0","0","","0","0","0","","","0","","0","","40 25:48.572","","0","79 59:03.804","0","0","0","0","2301","0","0","0","N","0","0","0","3","02301","0","","5.0","","1","N","N","","0","","0","0","0","","0","","","1","0","1","0","0","0","0","2","0","1","","","","N","","","","","","","","","",""
"2005152547","","1","0","0","0","0","0","0","0","0","4","0","","02","7","2005","6","40.462475","-79.924362","","11","0","0","0","0","0","0","0","0","","0","0","0","","","0","","2","","40 27:44.910","","0","79 55:27.703","0","0","0","0","2301","0","0","0","N","0","0","0","2","02301","0","","1.0","","1","N","N","","0","","0","0","0","","0","","","2","0","0","0","0","0","0","2","1","2","","","","N","","","","","","","","","",""
"2005152548","","2","0","0","0","0","0","0","0","0","4","0","","02","7","2005","6","40.464537","-80.008289","","11","0","0","0","0","0","0","0","0","","0","0","0","","","0","","0","","40 27:52.333","","0","80 00:29.840","9","0","0","0","2301","0","0","0","N","0","0","0","1","02301","0","","1.0","","1","N","N","","0","","0","0","1","","0","","","3","0","0","0","0","0","1","2","0","3","","","","N","","","","","","","","","",""
"2005152554","","0","0","0","0","0","0","0","0","0","5","1","","02","7","2005","2","40.441369","-79.992498","","11","0","0","0","1","0","0","0","0","","0","1","0","","","0","","5","","40 26:28.928","","0","79 59:32.994","9","0","0","0","2301","0","0","0","N","0","0","0","2","02301","0","","1.0","","1","N","N","","0","","0","0","1","","2","","","2","0","0","0","0","0","1","2","0","2","","","","N","","","","","","","","","",""
"2005152555","","2","0","0","0","0","0","0","0","0","4","0","","02","7","2005","2","","","","11","0","0","0","0","0","0","0","0","","0","0","0","","","2","","5","","","","0","","8","0","0","0","2301","0","0","0","N","0","0","0","2","02301","0","","1.0","","1","N","N","","0","","0","0","0","","2","","","2","2","0","0","0","2","0","1","0","2","","","","N","","","","","","","","","",""
"2005152558","","1","0","0","0","0","0","0","0","0","4","0","","02","7","2005","2","","","","11","0","0","0","0","0","0","0","0","","0","0","0","","","1","","1","","","","0","","4","0","0","0","2301","0","0","0","N","0","0","0","2","02301","1","","1.0","","1","N","N","","1","","0","0","0","","3","","","2","1","0","0","0","0","0","1","0","2","","","","N","","","","","","","","","",""
"2005152602","","0","0","0","0","0","0","0","0","0","7","0","","02","7","2005","7","","","","11","0","0","0","0","0","0","0","0","","0","0","0","","","0","","0","","","","0","","0","0","0","0","2302","0","0","0","N","0","0","0","2","02302","0","","4.0","","1","N","N","","1","","0","0","1","","0","","","3","0","0","0","0","0","0","1","1","3","","","","N","","","","","","","","","",""
"2005152611","","1","0","0","0","0","0","0","0","0","4","0","","02","7","2005","1","40.387619","-80.090927","","11","0","0","1","0","0","0","0","0","","0","0","0","","","1","","2","","40 23:15.427","","0","80 05:27.338","3","0","0","1","2437","0","0","0","N","0","0","0","4","02437","0","","1.0","","1","N","N","","0","","1","0","0","","2","","","2","1","0","0","0","0","0","2","0","2","","","","N","","","","","","","","","",""
"2005152612","","1","0","0","0","0","0","0","0","0","7","0","","02","6","2005","7","40.415059","-80.215044","","11","0","0","0","0","0","0","0","0","1","0","0","0","","","0","","0","","40 24:54.214","7","99","80 12:54.158","0","0","0","0","2214","0","0","0","N","0","0","0","1","02214","0","","2.0","","1","N","N","","0","","0","0","0","","0","Y","","1","0","1","0","0","0","0","1","0","1","","","","N","","","","","","","","","",""
"2005152613","","1","0","0","0","0","0","0","0","0","4","0","","02","7","2005","2","40.441723","-80.239448","","11","0","1","0","0","0","0","0","0","","0","0","0","","","0","","1","","40 26:30.202","","0","80 14:22.014","0","0","0","0","2214","0","0","0","N","0","0","0","7","02214","0","","1.0","","1","N","N","","1","","0","0","0","","2","","","2","0","0","0","0","0","0","2","0","2","","","","N","","","","","","","","","",""
"2005152614","","1","0","0","0","0","0","0","0","0","4","0","","02","6","2005","4","40.406084","-80.234418","","11","0","0","0","0","0","1","0","0","","0","0","0","","","1","","1","","40 24:21.903","","99","80 14:03.905","8","0","0","0","2214","0","0","0","N","0","0","0","8","02214","0","","1.0","","1","N","N","","0","","0","0","0","","3","","","2","1","0","0","0","1","0","1","1","2","","","","N","","","","","","","","","",""
"2005152620","","2","0","0","0","0","0","0","0","0","4","0","","02","7","2005","7","40.330173","-80.128296","","11","0","0","0","1","0","0","0","0","","0","0","0","","","0","","0","","40 19:48.622","","0","80 07:41.865","0","0","0","0","2119","0","0","0","N","0","0","0","1","02119","0","","1.0","","1","N","N","","0","","0","0","0","","0","","","2","0","0","0","0","0","0","2","0","2","","","","N","","","","","","","","","",""
"2005152646","","0","0","0","0","0","0","0","0","0","4","0","","02","7","2005","7","40.382222","-80.044131","","11","0","0","0","0","0","0","0","0","1","0","0","0","","","0","","2","","40 22:56.000","5","0","80 02:38.871","0","0","0","0","2109","0","0","0","","0","0","0","2","02109","0","","1.0","","1","N","N","","1","","0","0","1","","2","N","","2","0","0","0","0","0","0","2","0","2","","","","N","","","","","","","","","",""
"2005152647","","1","0","0","0","0","0","0","0","0","1","0","","02","7","2005","2","40.379593","-80.045071","","11","0","0","0","0","0","0","0","0","2","0","0","0","","","2","","0","","40 22:46.533","5","0","80 02:42.255","8","0","0","0","2109","0","0","0","N","0","0","0","3","02109","0","","1.0","","1","N","N","","1","","0","0","1","","0","Y","","3","2","0","0","0","2","0","2","0","3","","","","N","","","","","","","","","",""
"2005152816","","1","0","0","0","0","0","0","0","0","7","0","","02","6","2005","6","40.3533","-80.1331","","11","0","0","0","0","1","0","0","0","","0","0","0","","","0","","0","","40 21:11.880","","0","80 07:59.160","0","0","0","0","2119","0","0","0","N","0","0","0","1","02119","0","","3.0","","1","N","N","","0","","0","0","0","","0","","","1","0","0","0","0","0","0","2","0","1","","","","N","","","","","","","","","",""
"2005152848","","1","0","0","0","0","0","0","0","0","4","0","","02","7","2005","3","40.439204","-80.211701","","11","0","0","0","0","0","1","0","0","","0","0","0","","","0","","1","","40 26:21.135","","0","80 12:42.125","0","0","0","0","2214","0","0","0","N","0","0","0","3","02214","0","","1.0","","1","N","N","","0","","0","0","2","","3","","","3","0","1","0","0","0","0","2","0","3","","","","N","","","","","","","","","",""
"2005152887","","1","0","0","0","0","0","0","0","0","0","0","","02","6","2005","4","40.560838","-79.800931","","11","0","0","0","0","0","0","0","0","3","0","0","0","","","2","","0","","40 33:39.016","1","0","79 48:03.352","3","0","0","0","2206","0","0","0","Y","0","0","0","2","68D02","1","","1.0","","1","N","N","","0","","1","0","0","","0","N","","1","2","1","0","0","0","0","2","0","1","","","","N","","","","","","","","","",""
"2005152889","","1","0","0","0","0","0","1","0","0","5","1","","02","6","2005","3","40.505662","-79.858824","","11","0","0","0","0","0","0","0","0","2","0","0","0","","","1","","0","","40 30:20.384","2","0","79 51:31.767","4","0","0","0","2112","0","0","0","N","0","0","0","3","68D02","1","","1.0","","1","N","N","","0","","0","0","0","","0","N","","2","1","0","0","0","0","0","2","0","2","","","","N","","","","","","","","","",""
"2005153008","","2","0","0","0","0","0","0","0","0","5","0","","02","7","2005","2","40.442203","-79.917748","","11","0","0","0","0","0","0","0","0","","0","0","0","","","0","","0","","40 26:31.930","","0","79 55:03.892","0","0","0","0","2301","0","0","0","N","0","0","0","1","02301","0","","1.0","","1","N","N","","0","","0","0","0","","0","","","2","0","0","0","0","0","0","2","0","2","","","","N","","","","","","","","","",""
"2005153010","","2","0","0","0","0","0","0","0","0","1","0","","02","7","2005","6","40.370441","-80.031993","","11","0","0","0","0","0","0","2","0","1","0","0","0","","","1","","0","","40 22:13.587","4","0","80 01:55.175","4","0","0","0","2109","0","0","0","N","0","0","0","2","02109","1","","1.0","","1","N","N","","0","","0","0","0","","0","N","","2","1","0","0","0","0","0","2","0","2","","","","N","","","","","","","","","",""
"2005153055","","1","0","0","0","0","0","0","0","0","8","0","","02","7","2005","1","","","","11","0","0","0","0","0","0","0","0","","0","0","0","","","2","","1","","","","0","","3","0","0","0","2301","1","0","0","N","1","0","0","4","02301","0","","1.0","","1","N","N","","0","","1","0","0","","2","","","2","2","0","0","0","1","0","1","0","1","","","","N","","","","","","","","","",""
"2005153056","","1","0","0","0","0","0","0","0","0","7","0","","02","7","2005","1","40.433561","-79.913638","","11","0","0","0","0","0","0","0","0","","0","0","0","","","1","","0","","40 26:00.819","","0","79 54:49.096","3","0","0","0","2301","0","0","0","N","0","0","0","1","02301","0","","4.0","","1","N","N","","0","","1","0","0","","0","","","1","1","0","0","0","0","0","2","0","1","","","","N","","","","","","","","","",""
"2005153057","","2","0","0","0","0","0","0","0","0","4","0","","02","7","2005","2","40.42042","-79.993725","","11","0","0","0","0","0","1","0","0","","0","0","0","","","1","","2","","40 25:13.512","","0","79 59:37.410","8","0","0","0","2301","0","0","0","N","0","0","0","5","02301","0","","1.0","","9","N","N","","0","","0","0","0","","0","","","2","1","0","0","0","1","2","2","0","2","","","","N","","","","","","","","","",""
"2005153058","","1","0","0","0","0","0","0","0","0","7","0","","02","7","2005","2","","","","11","0","0","0","0","0","0","0","0","2","0","0","0","","","0","","0","","","1","0","","9","0","0","0","2301","0","0","0","N","0","0","0","1","02301","0","","2.0","","1","N","N","","0","","0","0","0","","0","N","","1","0","0","0","0","0","1","1","0","1","","","","N","","","","","","","","","",""
"2005153059","","1","0","0","0","0","0","0","0","0","7","0","","02","7","2005","6","","","","11","0","0","0","0","0","1","0","0","","0","0","0","","","0","","2","","","","0","","0","0","0","0","2301","0","0","0","N","0","0","0","1","02301","0","","2.0","","1","N","N","","0","","0","0","0","","3","","","1","0","0","0","0","0","0","1","0","1","","","","N","","","","","","","","","",""
"2005153060","","1","0","0","0","0","0","0","0","0","4","0","","02","7","2005","2","40.477888","-80.011191","","11","0","0","0","0","0","0","0","0","1","0","0","0","","","1","","2","","40 28:40.396","4","0","80 00:40.287","8","0","0","1","2301","0","0","0","","0","0","0","4","02301","0","","1.0","","1","","","","0","","0","0","0","","0","Y","","2","1","0","0","0","1","1","2","0","2","","","","N","","","","","","","","","",""
"2005153130","","2","0","0","0","0","0","0","0","0","4","0","","02","6","2005","3","40.53884","-79.839969","","11","0","0","0","0","0","0","0","0","2","0","0","0","","","0","","1","","40 32:19.825","6","2","79 50:23.889","0","0","0","0","2208","0","0","0","N","0","0","0","5","02208","0","","1.0","","1","N","N","","0","","0","0","0","","3","N","","2","0","3","0","0","0","0","2","0","2","","","","N","","","","","","","","","",""
"2005153131","","1","0","0","0","0","0","0","0","0","0","0","","02","5","2005","6","40.53884","-79.839969","","11","0","0","0","0","0","0","0","0","","0","0","0","","","0","","7","","40 32:19.825","","2","79 50:23.889","0","0","0","0","2208","0","0","0","N","0","0","0","1","02208","0","","1.0","","1","N","N","","0","","0","0","0","","0","","","1","0","0","0","0","0","0","2","0","1","","","","N","","","","","","","","","",""
"2005153132","","2","0","0","0","0","0","0","0","0","4","0","","02","6","2005","5","40.538061","-79.839533","","11","0","0","0","0","0","0","1","0","1","0","0","0","","","0","","1","","40 32:17.021","3","0","79 50:22.317","0","0","0","0","2208","0","0","0","N","0","0","0","2","02208","0","","1.0","","1","N","N","","0","","0","0","0","","2","N","","2","0","0","0","0","0","0","2","0","2","","","","N","","","","","","","","","",""
"2005153133","","1","0","0","0","0","0","0","0","0","4","0","45","02","6","2005","6","40.538061","-79.839533","","11","0","0","0","0","0","0","0","0","","0","0","0","","","1","","1","","40 32:17.021","","0","79 50:22.317","4","0","0","0","2208","0","0","0","N","0","0","0","2","02208","1","","1.0","","9","N","N","","1","","0","0","0","","2","","","2","1","0","0","0","0","0","2","0","2","","","N","Y","4","1","","","N","Y","","","",""
"2005153134","","2","0","0","0","0","0","0","0","0","4","0","","02","6","2005","4","40.538358","-79.83212","","11","0","0","0","0","0","0","1","0","","0","0","0","","","0","","0","","40 32:18.088","","0","79 49:55.631","0","0","0","0","2208","0","0","0","N","0","0","0","2","02208","0","","1.0","","1","N","N","","0","","0","0","0","","0","","","2","0","0","0","0","0","0","2","0","2","","","","N","","","","","","","","","",""
"2005153135","","1","0","0","0","0","0","0","0","0","5","0","30","02","6","2005","5","40.537883","-79.839544","","11","0","0","0","0","0","2","0","0","1","0","0","0","","","0","","0","","40 32:16.379","3","0","79 50:22.357","0","0","0","0","2208","0","0","0","N","0","0","0","2","02208","0","","1.0","","1","N","N","","0","","0","0","1","","0","N","","2","0","0","0","0","0","0","2","0","2","","","Y","Y","4","1","","","N","Y","","","Y",""
"2005153136","","2","0","0","0","0","0","0","0","0","4","0","","02","6","2005","2","40.538061","-79.839533","","11","0","0","0","0","0","1","0","0","1","0","0","0","","","0","","1","","40 32:17.021","3","0","79 50:22.317","0","0","0","0","2208","0","0","0","N","0","0","0","2","02208","0","","1.0","","1","N","N","","0","","0","0","0","","2","N","","2","0","0","0","0","0","0","2","0","2","","","","N","","","","","","","","","",""
"2005153137","","0","0","0","0","0","0","0","0","0","4","0","30","02","6","2005","4","40.538036","-79.839613","","11","0","0","0","0","0","0","0","0","2","0","0","0","","","0","","1","","40 32:16.931","3","0","79 50:22.606","0","0","0","0","2208","0","0","0","N","0","0","0","2","02208","0","","1.0","","1","N","N","","1","","0","0","1","","2","N","","2","0","0","0","0","0","0","2","0","2","","","Y","Y","3","1","Y","","N","Y","","","Y",""
"2005153150","","0","0","0","0","0","0","0","0","0","7","0","","02","4","2005","4","","","","11","0","0","0","0","0","1","0","0","1","0","0","0","","","1","","0","","","1","0","","2","0","1","1","2481","0","0","0","N","0","0","0","1","68B03","0","","2.0","","1","N","N","","0","","0","1","0","","0","N","","1","1","0","0","0","0","0","1","0","1","","","","N","","","","","","","","","",""
"2005153151","","2","0","0","0","0","0","0","0","0","1","0","","02","3","2005","4","","","","11","0","0","0","0","0","0","0","0","","0","0","0","","","0","","0","","40 25:37.20","","4","79 55:10.20","0","0","0","0","2301","0","0","0","N","0","0","0","6","68B03","0","","1.0","","1","N","N","","0","","0","0","2","","0","","","4","0","0","0","0","0","0","2","0","4","","","","N","","","","","","","","","",""
"2005153193","","1","0","0","0","0","0","0","0","0","1","0","","02","6","2005","3","40.330073","-79.989888","","11","0","0","0","0","0","0","0","0","","0","0","0","","","1","","2","","40 19:48.261","","0","79 59:23.597","8","0","0","0","2219","0","0","0","","0","0","0","4","02219","0","","1.0","","1","","","","0","","0","0","1","","0","","","2","1","0","0","0","1","2","2","0","2","","","","N","","","","","","","","","",""
"2005153194","","2","0","0","0","0","0","0","0","0","1","0","","02","7","2005","7","40.292048","-80.030455","","11","0","0","0","1","0","1","1","0","","0","0","0","","","2","","0","","40 17:31.373","","0","80 01:49.637","4","0","0","0","2219","0","0","0","N","0","0","0","6","02219","2","","1.0","","1","N","N","","0","","0","0","1","","0","","","3","2","0","0","0","0","0","2","0","3","","","","N","","","","","","","","","",""
"2005153213","","1","0","0","0","0","0","0","0","0","5","1","","02","5","2005","6","40.586221","-80.100929","","11","0","0","0","0","0","1","0","0","","0","1","0","","","2","","0","","40 35:10.396","","0","80 06:03.344","4","0","0","0","2481","0","0","0","N","0","0","0","3","68B03","2","","1.0","","1","N","N","","0","","0","0","0","","0","","","2","2","0","0","0","0","0","2","0","2","","","","N","","","","","","","","","",""