"CRN","ARRIVAL_TM","AUTOMOBILE_COUNT","BELTED_DEATH_COUNT","BELTED_SUSP_SERIOUS_INJ_COUNT","BICYCLE_COUNT","BICYCLE_DEATH_COUNT","BICYCLE_SUSP_SERIOUS_INJ_COUNT","BUS_COUNT","CHLDPAS_DEATH_COUNT","CHLDPAS_SUSP_SERIOUS_INJ_COUNT","COLLISION_TYPE","COMM_VEH_COUNT","CONS_ZONE_SPD_LIM","COUNTY","CRASH_MONTH","CRASH_YEAR","DAY_OF_WEEK","DEC_LATITUDE","DEC_LONGITUDE","DISPATCH_TM","DISTRICT","DRIVER_COUNT_16YR","DRIVER_COUNT_17YR","DRIVER_COUNT_18YR","DRIVER_COUNT_19YR","DRIVER_COUNT_20YR","DRIVER_COUNT_50_64YR","DRIVER_COUNT_65_74YR","DRIVER_COUNT_75PLUS","EST_HRS_CLOSED","FATAL_COUNT","HEAVY_TRUCK_COUNT","HORSE_BUGGY_COUNT","HOUR_OF_DAY","ILLUMINATION","INJURY_COUNT","INTERSECTION_RELATED","INTERSECT_TYPE","LANE_CLOSED","LATITUDE","LN_CLOSE_DIR","LOCATION_TYPE","LONGITUDE","MAX_SEVERITY_LEVEL","MCYCLE_DEATH_COUNT","MCYCLE_SUSP_SERIOUS_INJ_COUNT","MOTORCYCLE_COUNT","MUNICIPALITY","NONMOTR_COUNT","NONMOTR_DEATH_COUNT","NONMOTR_SUSP_SERIOUS_INJ_COUNT","NTFY_HIWY_MAINT","PED_COUNT","PED_DEATH_COUNT","PED_SUSP_SERIOUS_INJ_COUNT","PERSON_COUNT","POLICE_AGCY","POSSIBLE_INJ_COUNT","RDWY_SURF_TYPE_CD","RELATION_TO_ROAD","ROADWAY_CLEARED","ROAD_CONDITION","SCH_BUS_IND","SCH_ZONE_IND","SECONDARY_CRASH","SMALL_TRUCK_COUNT","SPEC_JURIS_CD","SUSP_MINOR_INJ_COUNT","SUSP_SERIOUS_INJ_COUNT","SUV_COUNT","TCD_FUNC_CD","TCD_TYPE","TFC_DETOUR_IND","TIME_OF_DAY","TOTAL_UNITS","TOT_INJ_COUNT","UNBELTED_OCC_COUNT","UNB_DEATH_COUNT","UNB_SUSP_SERIOUS_INJ_COUNT","UNK_INJ_DEG_COUNT","UNK_INJ_PER_COUNT","URBAN_RURAL","VAN_COUNT","VEHICLE_COUNT","WEATHER1","WEATHER2","WORKERS_PRES","WORK_ZONE_IND","WORK_ZONE_LOC","WORK_ZONE_TYPE","WZ_CLOSE_DETOUR","WZ_FLAGGER","WZ_LAW_OFFCR_IND","WZ_LN_CLOSURE","WZ_MOVING","WZ_OTHER","WZ_SHLDER_MDN","WZ_WORKERS_INJ_KILLED"
"2005153223","","1","0","0","0","0","0","0","0","0","4","0","","02","7","2005","1","","","","11","0","0","0","0","0","1","0","0","1","0","0","0","","","2","","10","","","3","0","","4","0","0","0","2126","0","0","0","N","0","0","0","2","02126","2","","1.0","","1","N","N","","1","","0","0","0","","0","N","","2","2","0","0","0","0","0","1","0","2","","","","N","","","","","","","","","",""
"2005153233","","0","0","0","0","0","0","0","0","0","1","0","","02","7","2005","4","","","","11","0","0","0","0","0","0","0","0","1","0","0","0","","","0","","2","","","1","0","","0","0","0","0","2424","0","0","0","N","0","0","0","5","02424","0","","1.0","","1","N","N","","1","","0","0","0","","0","N","","2","0","0","0","0","0","0","1","1","2","","","","N","","","","","","","","","",""
"2005153240","","1","0","0","0","0","0","0","0","0","4","0","","02","7","2005","3","40.220013","-79.846099","","11","0","0","0","0","0","0","0","1","2","0","0","0","","","0","","2","","40 13:12.045","1","6","79 50:45.955","0","0","0","0","2204","0","0","0","N","0","0","0","4","02204","0","","3.0","","1","N","N","","0","","0","0","1","","0","N","","2","0","0","0","0","0","0","2","0","2","","","","N","","","","","","","","","",""
"2005153253","","2","0","0","0","0","0","0","0","0","1","0","35","02","7","2005","3","40.466992","-80.275107","","11","0","0","0","0","0","1","0","0","3","0","0","0","","","0","","0","","40 28:01.172","6","0","80 16:30.386","0","0","0","0","2203","0","0","0","N","0","0","0","3","02203","0","","1.0","","1","N","N","","1","","0","0","0","","7","Y","","3","0","1","0","0","0","0","1","0","3","","","Y","Y","4","3","","Y","N","Y","","","",""
"2005153255","","2","0","0","0","0","0","0","0","0","4","0","","02","7","2005","7","40.647992","-80.080781","","11","0","0","0","0","0","1","0","0","","0","0","0","","","0","","0","","40 38:52.772","","0","80 04:50.812","0","0","0","0","2212","0","0","0","N","0","0","0","3","02505","0","","1.0","","1","N","N","","0","","0","0","0","","0","","","2","0","0","0","0","0","0","2","0","2","","","","N","","","","","","","","","",""
"2005153257","","1","0","0","0","0","0","0","0","0","7","0","","02","7","2005","3","40.505698","-79.955841","","11","0","0","0","0","0","0","0","0","","0","0","0","","","1","","2","","40 30:20.513","","0","79 57:21.027","4","0","0","0","2118","0","0","0","N","0","0","0","1","02118","1","","5.0","","1","N","N","","0","","0","0","0","","3","","","1","1","0","0","0","0","0","2","0","1","","","","N","","","","","","","","","",""
"2005153258","","2","0","0","0","0","0","0","0","0","4","0","","02","7","2005","5","40.628262","-80.023926","","11","0","0","0","1","0","0","0","0","","0","0","0","","","0","","1","","40 37:41.742","","0","80 01:26.135","0","0","0","0","2216","0","0","0","N","0","0","0","2","02505","0","","1.0","","1","N","N","","0","","0","0","0","","3","","","2","0","0","0","0","0","0","1","0","2","","","","N","","","","","","","","","",""
"2005153259","","1","0","0","0","0","0","0","0","0","7","0","","02","7","2005","6","40.646024","-80.083601","","11","0","0","0","0","0","0","0","0","","0","0","0","","","0","","2","","40 38:45.686","","0","80 05:00.963","0","0","0","0","2212","0","0","0","N","0","0","0","1","02505","0","","5.0","","1","N","N","","0","","0","0","0","","0","","","1","0","0","0","0","0","0","2","0","1","","","","N","","","","","","","","","",""
"2005153264","","2","0","0","0","0","0","0","0","0","1","0","90","02","7","2005","4","40.507356","-79.95133","","11","0","0","0","0","0","1","1","0","1","0","0","0","","","1","","2","","40 30:26.482","2","0","79 57:04.789","8","0","0","0","2430","0","0","0","N","0","0","0","2","02430","0","","1.0","","1","N","N","","0","","0","0","0","","0","N","","2","1","0","0","0","1","0","2","0","2","","","Y","Y","3","3","","Y","N","Y","","","",""
"2005153268","","0","0","0","0","0","0","0","0","0","7","0","","02","7","2005","5","40.304373","-79.974692","","11","0","0","0","0","0","1","0","0","1","0","0","0","","","0","","0","","40 18:15.742","1","0","79 58:28.891","0","0","0","0","2440","0","0","0","N","0","0","0","1","02440","0","","5.0","","1","N","N","","0","","0","0","0","","3","N","","1","0","0","0","0","0","0","2","1","1","","","","N","","","","","","","","","",""
"2005153270","","1","0","1","0","0","0","0","0","0","7","0","","02","7","2005","5","40.446389","-79.75963","","11","0","0","0","0","1","1","0","0","1","0","0","0","","","1","","2","","40 26:47.000","2","0","79 45:34.668","2","0","0","0","2446","0","0","0","N","0","0","0","2","02446","0","","4.0","","1","N","N","","1","","0","1","0","","0","N","","2","1","0","0","0","0","0","2","0","2","","","","N","","","","","","","","","",""
"2005153271","","0","0","0","0","0","0","0","0","0","4","0","","02","7","2005","3","40.623193","-79.923149","","11","0","0","0","0","0","1","0","0","1","0","0","0","","","2","","1","","40 37:23.493","7","0","79 55:23.335","4","0","0","0","2217","0","0","0","N","0","0","0","5","02505","2","","1.0","","1","N","N","","0","","0","0","1","","0","N","","2","2","1","0","0","0","0","2","1","2","","","","N","","","","","","","","","",""
"2005153298","","1","0","0","0","0","0","0","0","0","8","0","","02","7","2005","1","","","","11","0","0","0","0","0","0","0","0","","0","0","0","","","1","","2","","","","0","","4","0","0","0","2430","1","0","0","N","1","0","0","2","02430","1","","1.0","","1","N","N","","0","","0","0","0","","3","","","2","1","0","0","0","0","0","1","0","1","","","","N","","","","","","","","","",""
"2005153299","","2","0","0","0","0","0","0","0","0","6","0","","02","7","2005","5","40.499179","-80.05654","","11","0","0","0","0","0","0","0","1","","0","0","0","","","0","","0","","40 29:57.044","","0","80 03:23.544","0","0","0","0","2404","0","0","0","N","0","0","0","4","02404","0","","1.0","","1","N","N","","0","","0","0","0","","0","","","2","0","0","0","0","0","0","2","0","2","","","","N","","","","","","","","","",""
"2005153301","","1","0","0","0","0","0","0","0","0","2","0","","02","7","2005","5","40.522111","-79.911145","","11","0","1","0","0","0","0","0","0","2","0","0","0","","","2","","1","","40 31:19.599","1","0","79 54:40.122","4","0","0","0","2432","0","0","0","N","0","0","0","2","02432","2","","2.0","","1","N","N","","1","","0","0","0","","3","Y","","2","2","0","0","0","0","0","2","0","2","","","","N","","","","","","","","","",""
"2005153305","","1","0","0","0","0","0","0","0","0","2","0","","02","7","2005","4","","","","11","0","0","0","0","0","0","0","0","3","0","0","0","","","2","","0","","","6","0","","3","0","0","0","2403","0","0","0","N","0","0","0","2","02403","0","","1.0","","1","N","N","","1","","2","0","0","","0","Y","","2","2","0","0","0","0","0","1","0","2","","","","N","","","","","","","","","",""
"2005153321","","0","0","0","0","0","0","0","0","0","4","0","","02","7","2005","5","40.460791","-79.969893","","11","0","0","0","0","0","0","0","1","","0","0","0","","","1","","1","","40 27:38.847","","0","79 58:11.616","4","0","0","0","2301","0","0","0","N","0","0","0","2","02301","1","","1.0","","1","N","N","","0","","0","0","0","","2","","","2","1","0","0","0","0","0","2","1","2","","","","N","","","","","","","","","",""
"2005153322","","2","0","0","0","0","0","0","0","0","4","0","","02","7","2005","2","40.428672","-79.989742","","11","0","0","0","1","0","0","0","0","","0","0","0","","","1","","1","","40 25:43.218","","0","79 59:23.072","4","0","0","0","2301","0","0","0","N","0","0","0","6","02301","1","","1.0","","1","N","N","","0","","0","0","0","","3","","","2","1","0","0","0","0","0","2","0","2","","","","N","","","","","","","","","",""
"2005153323","","1","0","0","0","0","0","0","0","0","4","0","","02","7","2005","6","40.440353","-80.023094","","11","0","0","0","0","0","0","0","0","1","0","0","0","","","0","","2","","40 26:25.270","3","0","80 01:23.138","0","0","0","0","2301","0","0","0","N","0","0","0","3","02301","0","","1.0","","1","N","N","","1","","0","0","0","","3","N","","2","0","0","0","0","0","0","2","0","2","","","","N","","","","","","","","","",""
"2005153324","","1","0","0","0","0","0","0","0","0","1","0","","02","7","2005","7","","","","11","0","0","0","0","0","0","0","0","1","0","0","0","","","0","","0","","","2","0","","0","0","0","0","2301","0","0","0","N","0","0","0","5","02301","0","","1.0","","1","N","N","","1","","0","0","0","","2","N","","2","0","0","0","0","0","0","1","0","2","","","","N","","","","","","","","","",""
"2005153325","","1","0","0","0","0","0","0","0","0","1","0","","02","7","2005","2","40.410009","-80.03175","","11","0","0","0","0","0","1","0","0","","0","0","0","","","0","","2","","40 24:36.032","","0","80 01:54.300","9","0","0","0","2301","0","0","0","N","0","0","0","2","02301","0","","1.0","","1","N","N","","0","","0","0","0","","0","","","2","0","0","0","0","0","1","2","1","2","","","","N","","","","","","","","","",""
"2005153326","","2","0","0","0","0","0","0","0","0","1","0","","02","7","2005","3","40.428643","-79.990868","","11","0","0","0","0","0","0","0","0","3","0","0","0","","","1","","0","","40 25:43.114","6","0","79 59:27.123","8","0","0","0","2301","0","0","0","Y","0","0","0","1","02301","0","","6.0","","1","N","N","","0","","0","0","0","","0","Y","","2","1","0","0","0","1","0","2","0","2","","","","N","","","","","","","","","",""
"2005153327","","3","0","0","0","0","0","0","0","0","1","0","","02","7","2005","3","","","","11","0","0","0","0","0","1","1","0","","0","0","0","","","1","","0","","","","0","","4","0","0","0","2301","0","0","0","N","0","0","0","3","02301","1","","1.0","","9","N","N","","0","","0","0","0","","0","","","3","1","0","0","0","0","0","1","0","3","","","","N","","","","","","","","","",""
"2005153328","","1","0","0","0","0","0","0","0","0","7","0","","02","6","2005","6","","","","11","0","0","0","0","0","0","0","0","3","1","0","0","","","0","","1","","","7","0","","1","0","0","0","2301","0","0","0","N","0","0","0","1","02301","0","2","4.0","","1","N","N","","0","0","0","0","0","","2","Y","","1","0","1","1","0","0","0","1","0","1","","","","N","","","","","","","","","",""
"2005153329","","3","0","0","0","0","0","0","0","0","5","0","","02","7","2005","1","","","","11","0","0","0","0","0","0","0","0","","0","0","0","","","0","","0","","","","0","","0","0","0","0","2301","0","0","0","N","0","0","0","1","02301","0","","6.0","","1","N","N","","0","","0","0","0","","2","","","3","0","1","0","0","0","0","1","0","3","","","","N","","","","","","","","","",""
"2005153330","","0","0","0","0","0","0","0","0","0","7","1","","02","7","2005","2","40.482609","-79.908056","","11","0","0","0","0","0","0","0","0","9","0","1","0","","","1","","0","","40 28:57.391","1","0","79 54:29.001","8","0","0","0","2301","0","0","0","N","0","0","0","1","02301","0","","2.0","","1","N","N","","0","","0","0","0","","0","N","","1","1","0","0","0","1","0","2","0","1","","","","N","","","","","","","","","",""
"2005153331","","2","0","0","0","0","0","0","0","0","1","0","","02","7","2005","3","","","","11","0","0","0","0","0","1","0","0","1","0","0","0","","","0","","10","","","2","0","","0","0","0","0","2301","0","0","0","","0","0","0","2","02301","0","","1.0","","1","","","","0","","0","0","0","","0","N","","2","0","2","0","0","0","0","1","0","2","","","","N","","","","","","","","","",""
"2005153332","","1","0","0","0","0","0","0","0","0","5","0","","02","7","2005","1","","","","11","0","0","0","0","0","0","0","1","","0","0","0","","","1","","1","","","","0","","4","0","0","0","2301","0","0","0","N","0","0","0","4","02301","1","","1.0","","1","N","N","","0","","0","0","0","","2","","","2","1","0","0","0","0","0","1","1","2","","","","N","","","","","","","","","",""
"2005153333","","2","0","0","0","0","0","0","0","0","4","0","","02","7","2005","5","40.459368","-79.946516","","11","0","0","0","0","0","2","0","0","","0","0","0","","","2","","1","","40 27:33.724","","0","79 56:47.457","4","0","0","0","2301","0","0","0","N","0","0","0","4","02301","2","","1.0","","1","N","N","","0","","0","0","0","","3","","","2","2","0","0","0","0","2","2","0","2","","","","N","","","","","","","","","",""
"2005153334","","1","0","0","0","0","0","0","0","0","8","0","","02","7","2005","6","40.467346","-79.901007","","11","0","0","0","0","0","0","0","0","","0","0","0","","","1","","2","","40 28:02.445","","0","79 54:03.625","4","0","0","0","2301","1","0","0","N","1","0","0","2","02301","1","","1.0","","1","N","N","","0","","0","0","0","","0","","","2","1","1","0","0","0","0","2","0","1","","","","N","","","","","","","","","",""
"2005153335","","1","0","0","0","0","0","0","0","0","4","0","","02","7","2005","6","","","","11","0","0","0","0","0","0","0","0","","0","0","0","","","0","","0","","","","0","","0","0","0","0","2301","0","0","0","N","0","0","0","3","02301","0","","1.0","","1","N","N","","0","","0","0","1","","0","","","2","0","0","0","0","0","0","1","0","2","","","","N","","","","","","","","","",""
"2005153336","","2","0","0","0","0","0","0","0","0","4","0","","02","7","2005","3","40.454029","-79.912399","","11","0","0","0","0","0","0","0","0","2","0","0","0","","","0","","1","","40 27:14.504","2","0","79 54:44.638","0","0","0","0","2301","0","0","0","N","0","0","0","2","02301","0","","1.0","","1","N","N","","0","","0","0","0","","2","N","","2","0","0","0","0","0","0","2","0","2","","","","N","","","","","","","","","",""
"2005153337","","2","0","0","0","0","0","0","0","0","4","0","","02","7","2005","7","40.464484","-79.930088","","11","0","0","0","1","0","1","0","0","","0","0","0","","","3","","2","","40 27:52.142","","0","79 55:48.316","8","0","0","0","2301","0","0","0","N","0","0","0","4","02301","0","","1.0","","1","N","N","","0","","0","0","0","","3","","","2","3","2","0","0","3","0","2","0","2","","","","N","","","","","","","","","",""
"2005153338","","1","0","0","0","0","0","0","0","0","4","0","","02","7","2005","3","40.454967","-79.945198","","11","0","0","0","0","0","1","0","0","","0","0","0","","","0","","10","","40 27:17.882","","0","79 56:42.711","0","0","0","0","2301","0","0","0","N","0","0","0","2","02301","0","","1.0","","1","N","N","","1","","0","0","0","","2","","","2","0","0","0","0","0","0","2","0","2","","","","N","","","","","","","","","",""
"2005153339","","1","0","0","0","0","0","0","0","0","7","0","","02","6","2005","1","40.42","-79.957799","","11","0","0","0","0","0","0","0","0","4","1","0","0","","","2","","0","","40 25:12.000","5","0","79 57:28.076","1","0","0","0","2301","0","0","0","N","0","0","0","3","02301","0","2","4.0","","1","N","N","","0","0","1","1","0","","0","Y","","1","2","3","1","1","0","0","2","0","1","","","","N","","","","","","","","","",""
"2005153340","","1","0","0","0","0","0","0","0","0","7","0","","02","7","2005","3","40.456864","-79.998807","","11","0","0","0","0","0","0","0","0","1","0","0","0","","","0","","1","","40 27:24.711","3","0","79 59:55.706","9","0","0","0","2301","0","0","0","N","0","0","0","1","02301","0","","5.0","","1","N","N","","0","","0","0","0","","2","N","","1","0","0","0","0","0","1","2","0","1","","","","N","","","","","","","","","",""
"2005153341","","1","0","0","0","0","0","0","0","0","4","0","","02","7","2005","5","40.464221","-80.011268","","11","0","0","0","0","0","0","1","0","","0","0","0","","","0","","2","","40 27:51.195","","0","80 00:40.564","0","0","0","0","2301","0","0","0","N","0","0","0","4","02301","0","","1.0","","1","N","N","","0","","0","0","1","","0","","","2","0","0","0","0","0","0","2","0","2","","","","N","","","","","","","","","",""
"2005153342","","1","0","0","0","0","0","0","0","0","1","0","","02","7","2005","5","40.471","-79.9743","","11","0","0","0","1","0","0","0","0","","0","0","0","","","0","","0","","40 28:15.600","","0","79 58:27.480","0","0","0","0","2301","0","0","0","","0","0","0","3","02301","0","","1.0","","1","","","","1","","0","0","0","","0","","","2","0","0","0","0","0","0","2","0","2","","","","N","","","","","","","","","",""
"2005153343","","1","0","0","0","0","0","0","0","0","4","0","","02","7","2005","6","","","","11","0","0","0","0","0","0","0","0","","0","0","0","","","0","","1","","","","0","","0","0","0","0","2301","0","0","0","N","0","0","0","3","02301","0","","1.0","","1","N","N","","0","","0","0","0","","2","","","2","0","0","0","0","0","0","1","1","2","","","","N","","","","","","","","","",""
"2005153344","","2","0","0","0","0","0","0","0","0","4","0","","02","7","2005","5","40.449879","-80.025708","","11","0","0","0","0","0","0","0","0","","0","0","0","","","1","","1","","40 26:59.563","","0","80 01:32.550","4","0","0","0","2301","0","0","0","","0","0","0","4","02301","1","","1.0","","1","","","","1","","0","0","0","","2","","","3","1","1","0","0","0","0","2","0","3","","","","N","","","","","","","","","",""
"2005153345","","1","0","0","0","0","0","0","0","0","0","0","","02","7","2005","6","40.455732","-80.005338","","11","0","0","0","0","0","0","0","0","","0","0","0","","","1","","2","","40 27:20.635","","0","80 00:19.216","8","0","0","0","2301","1","0","0","N","1","0","0","2","02301","0","","1.0","","1","N","N","","0","","0","0","1","","0","","","4","1","0","0","0","1","0","2","1","3","","","","N","","","","","","","","","",""
"2005153346","","1","0","0","0","0","0","0","0","0","1","0","","02","7","2005","6","40.455707","-80.003057","","11","0","0","0","0","0","0","0","0","","0","0","0","","","1","","2","","40 27:20.545","","0","80 00:11.005","4","0","0","0","2301","0","0","0","","0","0","0","6","02301","1","","1.0","","1","","","","0","","0","0","1","","0","","","2","1","1","0","0","0","0","2","0","2","","","","N","","","","","","","","","",""
"2005153347","","1","0","0","0","0","0","0","0","0","7","0","","02","7","2005","1","","","","11","0","0","0","0","0","0","0","0","1","0","0","0","","","0","","0","","","6","0","","0","0","0","0","2301","0","0","0","N","0","0","0","1","02301","0","","4.0","","1","N","N","","0","","0","0","0","","0","N","","1","0","0","0","0","0","0","1","0","1","","","","N","","","","","","","","","",""
"2005153348","","1","0","0","0","0","0","0","0","0","2","0","","02","7","2005","7","40.398309","-80.02617","","11","0","0","0","0","0","0","0","0","1","0","0","0","","","1","","1","","40 23:53.914","5","0","80 01:34.211","4","0","0","0","2301","0","0","0","N","0","0","0","2","02301","1","","1.0","","1","N","N","","1","","0","0","0","","2","N","","2","1","0","0","0","0","0","2","0","2","","","","N","","","","","","","","","",""
"2005153364","","1","0","0","0","0","0","0","0","0","1","0","","02","7","2005","2","40.457604","-79.998007","","11","0","0","0","0","0","0","0","0","","0","0","0","","","0","","2","","40 27:27.376","","0","79 59:52.825","0","0","0","0","2301","0","0","0","N","0","0","0","6","02301","0","","1.0","","1","N","N","","0","","0","0","1","","3","","","2","0","0","0","0","0","0","2","0","2","","","","N","","","","","","","","","",""
"2005153365","","2","0","0","0","0","0","0","0","0","4","0","","02","5","2005","3","40.485767","-80.042699","","11","0","0","0","0","0","0","0","0","1","0","0","0","","","0","","2","","40 29:08.761","1","0","80 02:33.716","0","0","0","0","2301","0","0","0","N","0","0","0","2","02301","0","","1.0","","1","N","N","","0","","0","0","0","","0","Y","","2","0","0","0","0","0","0","2","0","2","","","","N","","","","","","","","","",""
"2005153371","","0","0","0","0","0","0","0","0","0","8","0","","02","6","2005","5","","","","11","0","0","0","0","0","1","0","0","1","0","0","0","","","1","","1","","","4","0","","8","0","0","0","2301","1","0","0","N","1","0","0","2","02301","0","","1.0","","1","N","N","","0","","0","0","1","","2","N","","2","1","0","0","0","1","0","1","0","1","","","","N","","","","","","","","","",""
"2005153375","","2","0","0","0","0","0","1","0","0","1","1","","02","6","2005","4","","","","11","0","0","0","0","0","1","0","0","1","0","0","0","","","3","","0","","40 25:35.76","3","0","79 54:59.76","4","0","0","0","2301","0","0","0","Y","0","0","0","3","68B03","3","","1.0","","1","N","N","","0","","0","0","0","","0","N","","3","3","0","0","0","0","0","2","0","3","","","","N","","","","","","","","","",""
"2005153511","","2","0","0","0","0","0","0","0","0","4","0","","02","7","2005","1","40.354934","-80.036467","","11","0","0","0","0","0","1","0","0","2","0","0","0","","","0","","3","","40 21:17.763","4","0","80 02:11.281","0","0","0","0","2109","0","0","0","N","0","0","0","2","02109","0","","1.0","","1","N","N","","0","","0","0","0","","2","N","","2","0","0","0","0","0","0","2","0","2","","","","N","","","","","","","","","",""
"2005153597","","1","0","0","0","0","0","0","0","0","1","0","","02","7","2005","5","40.335342","-79.981764","","11","0","0","0","0","0","0","1","0","2","0","0","0","","","0","","0","","40 20:07.232","3","0","79 58:54.351","0","0","0","0","2454","0","0","0","N","0","0","0","2","02454","0","","1.0","","1","N","N","","0","","0","0","0","","0","N","","2","0","0","0","0","0","0","2","1","2","","","","N","","","","","","","","","",""
"2005153604","","2","0","0","0","0","0","0","0","0","4","0","99","02","6","2005","4","40.536121","-79.841432","","11","0","0","0","0","0","0","0","0","","0","0","0","","","0","","2","","40 32:10.036","","0","79 50:29.154","0","0","0","0","2208","0","0","0","N","0","0","0","5","02208","0","","1.0","","1","N","N","","0","","0","0","0","","0","","","2","0","0","0","0","0","0","2","0","2","","","N","Y","8","1","","","N","","","","",""
"2005153636","","1","0","0","0","0","0","0","0","0","1","0","","02","6","2005","4","40.493878","-79.90917","","11","0","0","0","0","0","0","1","0","","0","0","0","","","0","","3","","40 29:37.960","","2","79 54:33.013","0","0","0","0","2401","0","0","0","","0","0","0","3","02401","0","","7.0","","1","","","","1","","0","0","0","","3","","","2","0","0","0","0","0","0","2","0","2","","","","N","","","","","","","","","",""
"2005153793","","1","0","0","0","0","0","0","0","0","2","0","","02","7","2005","6","","","","11","0","0","0","0","0","0","0","0","2","0","0","0","","","2","","0","","","5","0","","3","0","0","0","2446","0","0","0","N","0","0","0","4","02446","1","","1.0","","1","N","N","","1","","1","0","0","","0","Y","","2","2","0","0","0","0","0","1","0","2","","","","N","","","","","","","","","",""
"2005153933","","0","0","0","0","0","0","0","0","0","4","0","","02","7","2005","5","","","","11","0","0","0","0","1","0","0","0","","0","0","0","","","0","","0","","","","0","","0","0","0","0","2118","0","0","0","N","0","0","0","2","02118","0","","1.0","","1","N","N","","1","","0","0","1","","0","","","2","0","0","0","0","0","0","1","0","2","","","","N","","","","","","","","","",""
"2005153952","","0","0","0","0","0","0","0","0","0","5","0","","02","6","2005","7","40.353648","-80.135867","","11","0","0","0","0","0","1","0","0","","0","0","0","","","1","","0","","40 21:13.132","","0","80 08:09.120","8","0","0","1","2119","0","0","0","N","0","0","0","2","02119","0","","1.0","","1","N","N","","1","","0","0","0","","0","","","2","1","0","0","0","1","0","2","0","2","","","","N","","","","","","","","","",""
"2005153987","","1","0","0","0","0","0","0","0","0","7","0","","02","6","2005","4","","-79.7078","","11","0","0","0","0","1","0","0","0","","0","0","0","","","2","","2","","40 25:65.060","","0","79 42:28.080","4","0","0","0","2446","0","0","0","N","0","0","0","4","02446","2","","4.0","","1","N","N","","0","","0","0","0","","2","","","1","2","0","0","0","0","1","2","0","1","","","","N","","","","","","","","","",""
"2005153988","","1","0","0","0","0","0","0","0","0","4","0","","02","7","2005","7","40.411245","-79.753273","","11","1","1","0","0","0","0","0","0","","0","0","0","","","1","","2","","40 24:40.482","","0","79 45:11.782","4","0","0","0","2446","0","0","0","N","0","0","0","6","02446","1","","1.0","","1","N","N","","1","","0","0","0","","2","","","2","1","1","0","0","0","0","2","0","2","","","","N","","","","","","","","","",""
"2005154011","","1","0","0","0","0","0","0","0","0","4","0","","02","6","2005","7","","","","11","0","0","0","0","0","0","0","1","","0","0","0","","","1","","1","","","","99","","4","0","0","0","2214","0","0","0","Y","0","0","0","2","02214","1","","1.0","","1","N","N","","1","","0","0","0","","2","","","2","1","1","0","0","0","0","1","0","2","","","","N","","","","","","","","","",""
"2005154081","","2","0","0","0","0","0","0","0","0","5","0","","02","5","2005","3","","","","11","0","0","1","0","0","0","0","0","3","1","0","0","","","1","","0","","40 25:45.48","3","3","79 56:33.36","1","0","0","0","2301","0","0","0","N","0","0","0","4","68B03","1","1","1.0","","1","N","N","","0","0","0","0","0","","0","Y","","2","1","2","1","0","0","0","2","0","2","","","","N","","","","","","","","","",""
"2005154089","","1","0","0","0","0","0","0","0","0","4","0","","02","6","2005","3","40.581219","-79.804227","","11","0","0","0","0","0","0","0","0","2","0","0","0","","","0","","2","","40 34:52.387","6","0","79 48:15.216","0","0","0","0","2206","0","0","0","N","0","0","0","3","68D02","0","","1.0","","1","N","N","","1","","0","0","0","","3","N","","2","0","0","0","0","0","0","2","0","2","","","","N","","","","","","","","","",""
"2005154091","","2","0","0","0","0","0","0","0","0","1","0","","02","6","2005","4","40.516105","-79.853802","","11","0","1","0","0","0","1","0","0","3","0","0","0","","","1","","0","","40 30:57.979","1","0","79 51:13.686","4","0","0","0","2112","0","0","0","N","0","0","0","7","68D02","1","","1.0","","1","N","N","","0","","0","0","0","","0","N","","2","1","0","0","0","0","0","2","0","2","","","","N","","","","","","","","","",""
"2005154317","","1","0","0","0","0","0","0","0","0","8","0","","02","7","2005","3","40.456108","-79.930792","","11","0","0","0","0","0","0","0","0","","0","0","0","","","1","","1","","40 27:21.988","","0","79 55:50.851","2","0","0","0","2301","1","0","1","N","1","0","1","4","02301","0","","1.0","","1","N","N","","0","","0","1","0","","0","","","2","1","0","0","0","0","1","2","0","1","","","","N","","","","","","","","","",""
"2005154318","","1","0","0","0","0","0","0","0","0","1","0","","02","7","2005","6","40.382473","-79.929155","","11","0","0","0","0","0","0","0","0","2","0","0","0","","","0","","0","","40 22:56.902","5","0","79 55:44.957","0","0","0","0","2301","0","0","0","N","0","0","0","2","02301","0","","1.0","","1","N","N","","1","","0","0","0","","0","N","","2","0","0","0","0","0","0","2","0","2","","","","N","","","","","","","","","",""
"2005154323","","4","0","0","0","0","0","0","0","0","1","0","","02","7","2005","4","40.376456","-80.06749","","11","0","2","0","0","0","0","0","2","1","0","0","0","","","1","","0","","40 22:35.241","4","0","80 04:02.964","4","0","0","0","2109","0","0","0","N","0","0","0","9","02109","1","","1.0","","1","N","N","","0","","0","0","0","","2","Y","","4","1","0","0","0","0","0","2","0","4","","","","N","","","","","","","","","",""
"2005154367","","1","0","0","0","0","0","0","0","0","1","0","","02","7","2005","6","40.275684","-79.892524","","11","0","0","0","0","0","1","0","0","","0","0","0","","","0","","6","","40 16:32.463","","2","79 53:33.086","0","0","0","0","2440","0","0","0","N","0","0","0","2","02440","0","","1.0","","1","N","N","","1","","0","0","0","","3","","","2","0","0","0","0","0","0","2","0","2","","","","N","","","","","","","","","",""