"CRN","ARRIVAL_TM","AUTOMOBILE_COUNT","BELTED_DEATH_COUNT","BELTED_SUSP_SERIOUS_INJ_COUNT","BICYCLE_COUNT","BICYCLE_DEATH_COUNT","BICYCLE_SUSP_SERIOUS_INJ_COUNT","BUS_COUNT","CHLDPAS_DEATH_COUNT","CHLDPAS_SUSP_SERIOUS_INJ_COUNT","COLLISION_TYPE","COMM_VEH_COUNT","CONS_ZONE_SPD_LIM","COUNTY","CRASH_MONTH","CRASH_YEAR","DAY_OF_WEEK","DEC_LATITUDE","DEC_LONGITUDE","DISPATCH_TM","DISTRICT","DRIVER_COUNT_16YR","DRIVER_COUNT_17YR","DRIVER_COUNT_18YR","DRIVER_COUNT_19YR","DRIVER_COUNT_20YR","DRIVER_COUNT_50_64YR","DRIVER_COUNT_65_74YR","DRIVER_COUNT_75PLUS","EST_HRS_CLOSED","FATAL_COUNT","HEAVY_TRUCK_COUNT","HORSE_BUGGY_COUNT","HOUR_OF_DAY","ILLUMINATION","INJURY_COUNT","INTERSECTION_RELATED","INTERSECT_TYPE","LANE_CLOSED","LATITUDE","LN_CLOSE_DIR","LOCATION_TYPE","LONGITUDE","MAX_SEVERITY_LEVEL","MCYCLE_DEATH_COUNT","MCYCLE_SUSP_SERIOUS_INJ_COUNT","MOTORCYCLE_COUNT","MUNICIPALITY","NONMOTR_COUNT","NONMOTR_DEATH_COUNT","NONMOTR_SUSP_SERIOUS_INJ_COUNT","NTFY_HIWY_MAINT","PED_COUNT","PED_DEATH_COUNT","PED_SUSP_SERIOUS_INJ_COUNT","PERSON_COUNT","POLICE_AGCY","POSSIBLE_INJ_COUNT","RDWY_SURF_TYPE_CD","RELATION_TO_ROAD","ROADWAY_CLEARED","ROAD_CONDITION","SCH_BUS_IND","SCH_ZONE_IND","SECONDARY_CRASH","SMALL_TRUCK_COUNT","SPEC_JURIS_CD","SUSP_MINOR_INJ_COUNT","SUSP_SERIOUS_INJ_COUNT","SUV_COUNT","TCD_FUNC_CD","TCD_TYPE","TFC_DETOUR_IND","TIME_OF_DAY","TOTAL_UNITS","TOT_INJ_COUNT","UNBELTED_OCC_COUNT","UNB_DEATH_COUNT","UNB_SUSP_SERIOUS_INJ_COUNT","UNK_INJ_DEG_COUNT","UNK_INJ_PER_COUNT","URBAN_RURAL","VAN_COUNT","VEHICLE_COUNT","WEATHER1","WEATHER2","WORKERS_PRES","WORK_ZONE_IND","WORK_ZONE_LOC","WORK_ZONE_TYPE","WZ_CLOSE_DETOUR","WZ_FLAGGER","WZ_LAW_OFFCR_IND","WZ_LN_CLOSURE","WZ_MOVING","WZ_OTHER","WZ_SHLDER_MDN","WZ_WORKERS_INJ_KILLED"
"2005155249","","2","0","0","0","0","0","0","0","0","1","0","","02","7","2005","4","40.397688","-79.769254","","11","0","0","0","0","0","1","1","0","","0","0","0","","","0","","1","","40 23:51.678","","0","79 46:09.313","0","0","0","0","2453","0","0","0","N","0","0","0","4","02453","0","","1.0","","1","N","N","","0","","0","0","1","","2","","","3","0","0","0","0","0","0","2","0","3","","","","N","","","","","","","","","",""
"2005155335","","1","0","0","0","0","0","0","0","0","1","0","","02","7","2005","4","40.389591","-80.058233","","11","0","0","0","0","0","0","0","0","2","0","0","0","","","0","","0","","40 23:22.526","1","0","80 03:29.639","0","0","0","0","2109","0","0","0","","0","0","0","4","02109","0","","1.0","","1","","","","1","","0","0","1","","0","Y","","3","0","0","0","0","0","0","2","0","3","","","","N","","","","","","","","","",""
"2005155389","","1","0","0","0","0","0","0","0","0","5","0","","02","8","2005","2","40.667154","-80.102148","","11","0","0","0","0","0","0","0","0","","0","0","0","","","0","","1","","40 40:01.754","","0","80 06:07.732","0","0","0","0","2212","0","0","0","N","0","0","0","6","02505","0","","1.0","","1","N","N","","1","","0","0","0","","0","","","2","0","0","0","0","0","0","2","0","2","","","","N","","","","","","","","","",""
"2005155402","","1","0","0","0","0","0","0","0","0","1","0","","02","8","2005","3","40.35945","-79.99073","","11","0","0","1","0","0","0","0","0","","0","0","0","","","1","","0","","40 21:34.020","","0","79 59:26.628","4","0","0","0","2476","0","0","0","N","0","0","0","4","02476","1","","1.0","","1","N","N","","0","","0","0","1","","0","","","2","1","0","0","0","0","0","2","0","2","","","","N","","","","","","","","","",""
"2005155413","","2","0","0","0","0","0","0","0","0","1","0","","02","8","2005","3","40.353817","-79.97864","","11","0","0","0","0","0","0","1","0","","0","0","0","","","0","","0","","40 21:13.740","","0","79 58:43.105","0","0","0","0","2476","0","0","0","N","0","0","0","3","02476","0","","1.0","","1","N","N","","0","","0","0","0","","0","","","2","0","0","0","0","0","0","2","0","2","","","","N","","","","","","","","","",""
"2005155420","","2","0","0","0","0","0","0","0","0","1","0","","02","8","2005","2","40.525639","-79.823016","","11","0","0","0","0","0","1","2","0","","0","0","0","","","0","","0","","40 31:32.299","","0","79 49:22.858","0","0","0","0","2466","0","0","0","N","0","0","0","3","02466","0","","1.0","","1","N","N","","0","","0","0","0","","0","","","3","0","0","0","0","0","0","1","1","3","","","","N","","","","","","","","","",""
"2005155450","","1","0","0","0","0","0","0","0","0","4","0","","02","8","2005","3","40.403605","-80.099716","","11","0","1","0","0","0","1","0","0","1","0","0","0","","","0","","1","","40 24:12.979","1","0","80 05:58.979","0","0","0","0","2102","0","0","0","N","0","0","0","2","02102","0","","1.0","","1","N","N","","0","","0","0","1","","3","N","","2","0","0","0","0","0","0","2","0","2","","","","N","","","","","","","","","",""
"2005155492","","1","0","0","0","0","0","0","0","0","4","0","","02","8","2005","3","40.570501","-79.790632","","11","0","1","0","0","0","0","0","0","","0","0","0","","","1","","1","","40 34:13.805","","8","79 47:26.275","3","0","0","0","2206","0","0","0","N","0","0","0","3","02464","0","","1.0","","1","N","N","","1","","1","0","0","","0","","","2","1","0","0","0","0","0","1","0","2","","","","N","","","","","","","","","",""
"2005155499","","1","0","0","0","0","0","0","0","0","4","0","","02","8","2005","2","40.528122","-79.879993","","11","0","0","1","0","0","0","0","0","","0","0","0","","","0","","3","","40 31:41.239","","0","79 52:47.974","0","0","0","0","2432","0","0","0","N","0","0","0","3","02432","0","","1.0","","1","N","N","","0","","0","0","1","","0","","","2","0","0","0","0","0","0","2","0","2","","","","N","","","","","","","","","",""
"2005155500","","2","0","0","0","0","0","0","0","0","4","0","","02","8","2005","3","40.416644","-80.045011","","11","0","0","0","0","0","0","0","0","1","0","0","0","","","0","","2","","40 24:59.920","2","0","80 02:42.039","0","0","0","0","2435","0","0","0","N","0","0","0","2","02435","0","","1.0","","1","N","N","","0","","0","0","0","","3","N","","2","0","0","0","0","0","0","2","0","2","","","","N","","","","","","","","","",""
"2005155501","","2","0","0","0","0","0","0","0","0","1","0","","02","8","2005","3","40.547032","-79.770328","","11","0","0","0","0","1","1","0","0","","0","0","0","","","0","","0","","40 32:49.314","","0","79 46:13.179","0","0","0","0","2121","0","0","0","N","0","0","0","3","02121","0","","1.0","","1","N","N","","0","","0","0","0","","0","","","2","0","0","0","0","0","0","1","0","2","","","","N","","","","","","","","","",""
"2005155503","","1","0","0","0","0","0","0","0","0","1","0","","02","7","2005","3","40.613025","-79.958842","","11","1","0","0","0","0","0","0","0","","0","0","0","","","1","","2","","40 36:46.889","","0","79 57:31.831","8","0","0","0","2207","0","0","0","N","0","0","0","3","02207","0","","1.0","","9","N","N","","1","","0","0","0","","3","","","2","1","0","0","0","1","0","2","0","2","","","","N","","","","","","","","","",""
"2005155504","","2","0","0","0","0","0","0","0","0","4","0","","02","7","2005","2","","","","11","0","0","0","0","0","0","0","0","","0","0","0","","","0","","1","","","","0","","0","0","0","0","2301","0","0","0","N","0","0","0","2","02301","0","","1.0","","1","N","N","","0","","0","0","0","","3","","","2","0","1","0","0","0","0","1","0","2","","","","N","","","","","","","","","",""
"2005155505","","0","0","0","0","0","0","0","0","0","1","0","","02","7","2005","2","","","","11","0","0","0","0","0","0","0","0","","0","0","0","","","1","","5","","","","0","","8","0","0","1","2301","0","0","0","N","0","0","0","2","02301","0","","1.0","","1","N","N","","1","","0","0","0","","2","","","2","1","0","0","0","1","0","1","0","2","","","","N","","","","","","","","","",""
"2005155506","","0","0","0","0","0","0","0","0","0","7","0","","02","7","2005","3","40.393","-79.996797","","11","0","0","0","0","0","0","0","0","","0","0","0","","","0","","0","","40 23:34.800","","0","79 59:48.469","0","0","0","0","2301","0","0","0","N","0","0","0","1","02301","0","","5.0","","1","N","N","","1","","0","0","0","","0","","","1","0","1","0","0","0","0","2","0","1","","","","N","","","","","","","","","",""
"2005155507","","1","0","0","0","0","0","0","0","0","8","0","","02","7","2005","5","40.4542","-79.996914","","11","0","0","0","0","0","0","0","0","","0","0","0","","","1","","1","","40 27:15.119","","0","79 59:48.892","8","0","0","0","2301","1","0","0","N","1","0","0","3","02301","0","","1.0","","1","N","N","","0","","0","0","0","","2","","","2","1","0","0","0","1","0","2","0","1","","","","N","","","","","","","","","",""
"2005155508","","0","0","0","0","0","0","0","0","0","1","0","","02","7","2005","7","40.459584","-79.986094","","11","0","0","0","0","0","0","0","0","","0","0","0","","","0","","0","","40 27:34.502","","0","79 59:09.938","0","0","0","0","2301","0","0","0","N","0","0","0","1","02301","0","","6.0","","1","N","N","","1","","0","0","1","","0","","","2","0","0","0","0","0","0","2","0","2","","","","N","","","","","","","","","",""
"2005155509","","2","0","0","0","0","0","0","0","0","4","0","","02","7","2005","1","40.398327","-80.026313","","11","0","0","0","0","0","0","0","0","2","0","0","0","","","0","","1","","40 23:53.978","7","0","80 01:34.725","0","0","0","0","2301","0","0","0","N","0","0","0","2","02301","0","","1.0","","1","N","N","","0","","0","0","0","","2","N","","2","0","1","0","0","0","0","2","0","2","","","","N","","","","","","","","","",""
"2005155510","","1","0","0","0","0","0","0","0","0","5","0","","02","7","2005","7","","","","11","0","0","0","0","0","0","0","0","","0","0","0","","","2","","2","","","","0","","3","0","0","0","2301","0","0","0","N","0","0","0","3","02301","1","","1.0","","1","N","N","","0","","1","0","1","","2","","","2","2","1","0","0","0","0","1","0","2","","","","N","","","","","","","","","",""
"2005155511","","2","0","0","0","0","0","0","0","0","4","0","","02","7","2005","4","","","","11","0","0","0","0","0","1","0","0","","0","0","0","","","0","","1","","","","0","","9","0","0","0","2301","0","0","0","N","0","0","0","2","02301","0","","1.0","","1","N","N","","0","","0","0","0","","2","","","2","0","0","0","0","0","1","1","0","2","","","","N","","","","","","","","","",""
"2005155512","","2","0","0","0","0","0","0","0","0","1","0","","02","7","2005","4","40.470142","-79.931463","","11","0","0","0","0","0","0","0","0","","0","0","0","","","0","","0","","40 28:12.511","","0","79 55:53.266","9","0","0","0","2301","0","0","0","N","0","0","0","1","02301","0","","6.0","","1","N","N","","0","","0","0","0","","0","","","2","0","0","0","0","0","1","2","0","2","","","","N","","","","","","","","","",""
"2005155513","","0","0","0","0","0","0","0","0","0","1","0","","02","7","2005","6","","","","11","0","0","0","0","0","0","0","0","2","0","0","0","","","0","","0","","","1","0","","0","0","0","0","2301","0","0","0","N","0","0","0","3","02301","0","","1.0","","1","N","N","","1","","0","0","1","","0","N","","3","0","0","0","0","0","0","1","1","3","","","","N","","","","","","","","","",""
"2005155518","","1","0","0","0","0","0","0","0","0","4","0","","02","7","2005","1","","","","11","0","0","0","0","0","0","0","0","1","0","0","0","","","0","","1","","","1","0","","0","0","0","0","2301","0","0","0","N","0","0","0","6","02301","0","","1.0","","1","N","N","","0","","0","0","1","","0","N","","2","0","2","0","0","0","0","1","0","2","","","","N","","","","","","","","","",""
"2005155519","","1","0","0","0","0","0","0","0","0","7","0","","02","7","2005","6","","","","11","0","0","0","0","0","0","0","0","","0","0","0","","","0","","7","","","","0","","9","0","0","0","2301","0","0","0","N","0","0","0","3","02301","0","","5.0","","1","N","N","","0","","0","0","0","","0","","","1","0","0","0","0","0","3","1","0","1","","","","N","","","","","","","","","",""
"2005155601","","1","0","0","0","0","0","0","0","0","7","0","","02","8","2005","3","40.5818","-80.1478","","11","0","1","0","0","0","0","0","0","","0","0","0","","","0","","0","","40 34:54.480","","0","80 08:52.080","0","0","0","0","2459","0","0","0","N","0","0","0","3","02459","0","","2.0","","1","N","N","","0","","0","0","0","","0","","","1","0","0","0","0","0","0","1","0","1","","","","N","","","","","","","","","",""
"2005155606","","2","0","0","0","0","0","0","0","0","4","0","","02","8","2005","3","40.616055","-80.055197","","11","0","0","0","0","0","1","0","1","","0","0","0","","","1","","1","","40 36:57.797","","0","80 03:18.709","4","0","0","0","2216","0","0","0","N","0","0","0","3","02505","1","","1.0","","1","N","N","","0","","0","0","0","","2","","","2","1","0","0","0","0","0","2","0","2","","","","N","","","","","","","","","",""
"2005155609","","0","0","0","0","0","0","2","0","0","5","2","","02","8","2005","4","","","","11","0","0","0","0","0","0","0","0","","0","0","0","","","2","","2","","","","0","","4","0","0","0","2301","0","0","0","N","0","0","0","5","02503","2","","1.0","","1","N","N","","0","","0","0","0","","2","","","2","2","0","0","0","0","0","1","0","2","","","","N","","","","","","","","","",""
"2005155618","","1","0","0","0","0","0","0","0","0","1","0","30","02","8","2005","4","40.511163","-79.946916","","11","0","0","0","0","0","0","0","0","","0","0","0","","","1","","0","","40 30:40.187","","0","79 56:48.896","4","0","0","0","2118","0","0","0","N","0","0","0","1","02118","1","","1.0","","1","N","N","","0","","0","0","1","","0","","","2","1","0","0","0","0","0","2","0","2","","","N","Y","4","1","","","N","Y","","","",""
"2005155643","","2","0","0","0","0","0","0","0","0","6","0","","02","7","2005","1","40.434624","-79.922868","","11","0","0","0","0","0","0","0","0","","0","0","0","","","0","","0","","40 26:04.646","","0","79 55:22.324","9","0","0","0","2301","0","0","0","N","0","0","0","2","02301","0","","6.0","","1","N","N","","0","","0","0","1","","0","","","3","0","0","0","0","0","1","2","0","3","","","","N","","","","","","","","","",""
"2005155644","","1","0","0","0","0","0","0","0","0","4","0","","02","7","2005","4","40.433524","-79.918552","","11","0","0","0","0","0","0","0","0","","0","0","0","","","0","","1","","40 26:00.686","","0","79 55:06.787","0","0","0","0","2301","0","0","0","N","0","0","0","3","02301","0","","1.0","","1","N","N","","1","","0","0","0","","3","","","2","0","0","0","0","0","0","2","0","2","","","","N","","","","","","","","","",""
"2005155645","","2","0","0","0","0","0","0","0","0","4","0","","02","7","2005","6","40.452499","-79.936575","","11","0","0","0","0","0","1","0","0","2","0","0","0","","","2","","0","","40 27:08.996","5","0","79 56:11.670","4","0","0","0","2301","0","0","0","N","0","0","0","3","02301","1","","1.0","","9","N","N","","0","","0","0","1","","0","Y","","4","2","0","0","0","1","0","2","1","4","","","","N","","","","","","","","","",""
"2005155646","","0","0","0","0","0","0","0","0","0","7","0","","02","7","2005","7","40.392607","-80.028472","","11","0","0","0","0","0","0","0","0","","0","0","0","","","1","","0","","40 23:33.385","","0","80 01:42.499","8","0","0","1","2301","0","0","0","N","0","0","0","1","02301","0","","5.0","","1","N","N","","0","","0","0","0","","0","","","1","1","0","0","0","1","0","2","0","1","","","","N","","","","","","","","","",""
"2005155647","","1","0","0","0","0","0","0","0","0","7","0","","02","7","2005","1","40.466616","-79.906661","","11","0","0","0","0","0","0","0","0","","0","0","0","","","2","","0","","40 27:59.817","","0","79 54:23.979","8","0","0","0","2301","0","0","0","N","0","0","0","3","02301","0","","2.0","","1","N","N","","0","","0","0","0","","9","","","1","2","1","0","0","2","1","2","0","1","","","","N","","","","","","","","","",""
"2005155648","","1","0","0","0","0","0","0","0","0","8","0","","02","7","2005","6","40.467213","-79.936496","","11","0","0","0","0","0","0","0","0","","0","0","0","","","1","","0","","40 28:01.966","","99","79 56:11.385","3","0","0","0","2301","1","0","0","","1","0","0","2","02301","0","","1.0","","1","","","","0","","1","0","0","","0","","","2","1","0","0","0","0","0","2","0","1","","","","N","","","","","","","","","",""
"2005155650","","1","0","0","0","0","0","0","0","0","5","0","","02","7","2005","6","40.458333","-79.933821","","11","0","0","0","0","0","1","0","0","","0","0","0","","","2","","5","","40 27:30.000","","0","79 56:01.755","4","0","0","0","2301","0","0","0","N","0","0","0","4","02301","2","","1.0","","1","N","N","","1","","0","0","0","","2","","","2","2","0","0","0","0","0","2","0","2","","","","N","","","","","","","","","",""
"2005155651","","0","0","0","0","0","0","0","0","0","0","0","","02","7","2005","2","40.465639","-79.938311","","11","0","0","0","0","0","0","0","0","3","0","0","0","","","1","","2","","40 27:56.300","5","0","79 56:17.919","8","0","0","0","2301","0","0","0","","0","0","0","1","02301","0","","4.0","","1","","","","0","","0","0","1","","0","Y","","1","1","0","0","0","1","0","2","0","1","","","","N","","","","","","","","","",""
"2005155652","","3","0","0","0","0","0","0","0","0","1","0","","02","7","2005","7","40.416078","-80.011109","","11","0","0","0","0","0","0","0","0","1","0","0","0","","","1","","0","","40 24:57.880","4","0","80 00:39.992","8","0","0","0","2301","0","0","0","N","0","0","0","1","02301","0","","1.0","","1","N","N","","0","","0","0","0","","0","N","","3","1","1","0","0","1","0","2","0","3","","","","N","","","","","","","","","",""
"2005155656","","1","0","0","0","0","0","0","0","0","4","0","","02","7","2005","6","","","","11","0","0","0","0","0","0","0","0","","0","0","0","","","1","","0","","","","0","","8","0","0","0","2301","0","0","0","N","0","0","0","4","02301","0","","1.0","","1","N","N","","0","","0","0","0","","0","","","2","1","0","0","0","1","0","1","1","2","","","","N","","","","","","","","","",""
"2005155657","","1","0","0","0","0","0","0","0","0","4","0","","02","7","2005","7","","","","11","0","0","0","0","1","1","0","0","","0","0","0","","","1","","2","","","","7","","4","0","0","0","2301","0","0","0","N","0","0","0","2","02301","1","","1.0","","1","N","N","","0","","0","0","0","","0","","","2","1","0","0","0","0","0","1","1","2","","","","N","","","","","","","","","",""
"2005155687","","1","0","0","0","0","0","0","0","0","99","0","","02","5","2005","6","","","","11","0","0","0","0","0","0","0","0","","0","0","0","","","0","","0","","","","0","","0","0","0","0","2208","0","0","0","N","0","0","0","1","68T02","0","","1.0","","1","N","N","","0","","0","0","0","","1","","","1","0","0","0","0","0","0","1","0","1","","","","N","","","","","","","","","",""
"2005155690","","1","0","0","0","0","0","0","0","0","1","0","","02","7","2005","3","40.355","-80.050171","","11","0","0","0","1","0","0","0","0","","0","0","0","","","0","","1","","40 21:18.000","","0","80 03:00.614","0","0","0","0","2109","0","0","0","N","0","0","0","3","02109","0","","1.0","","1","N","N","","1","","0","0","0","","2","","","2","0","0","0","0","0","0","2","0","2","","","","N","","","","","","","","","",""
"2005155744","","2","0","0","0","0","0","0","0","0","5","0","","02","7","2005","5","40.377908","-80.046429","","11","0","0","0","0","0","0","0","0","2","0","0","0","","","0","","0","","40 22:40.468","4","0","80 02:47.144","0","0","0","0","2109","0","0","0","N","0","0","0","2","02109","0","","6.0","","1","N","N","","1","","0","0","0","","0","N","","3","0","0","0","0","0","0","2","0","3","","","","N","","","","","","","","","",""
"2005155745","","2","0","0","0","0","0","0","0","0","1","0","","02","7","2005","5","40.363472","-80.04345","","11","0","0","0","1","0","0","0","0","2","0","0","0","","","1","","0","","40 21:48.499","1","0","80 02:36.420","4","0","0","0","2109","0","0","0","N","0","0","0","2","02109","1","","2.0","","1","N","N","","0","","0","0","0","","0","N","","2","1","0","0","0","0","0","2","0","2","","","","N","","","","","","","","","",""
"2005155746","","1","0","0","0","0","0","0","0","0","7","0","","02","7","2005","6","40.378411","-80.06023","","11","0","1","0","0","0","0","0","0","","0","0","0","","","1","","2","","40 22:42.279","","0","80 03:36.828","4","0","0","0","2109","0","0","0","N","0","0","0","3","02109","1","","4.0","","1","N","N","","0","","0","0","0","","0","","","1","1","1","0","0","0","0","2","0","1","","","","N","","","","","","","","","",""
"2005155778","","1","0","0","0","0","0","0","0","0","7","0","","02","8","2005","4","40.6526","-79.9473","","11","0","0","0","1","0","0","0","0","2","0","0","0","","","1","","0","","40 39:09.360","6","0","79 56:50.280","8","0","0","0","2217","0","0","0","N","0","0","0","2","02217","0","","5.0","","1","N","N","","0","","0","0","0","","0","Y","","1","1","2","0","0","1","0","2","0","1","","","","N","","","","","","","","","",""
"2005155781","","1","0","0","0","0","0","0","0","0","8","0","","02","7","2005","1","40.498","-80.07","","11","0","0","0","0","0","0","0","1","1","0","0","0","","","1","","0","","40 29:52.800","2","0","80 04:12.000","2","0","0","0","2402","1","0","1","N","1","0","1","3","02402","0","","1.0","","1","N","N","","0","","0","1","0","","0","N","","2","1","0","0","0","0","0","2","0","1","","","","N","","","","","","","","","",""
"2005155782","","1","0","0","0","0","0","0","0","0","7","0","","02","8","2005","4","","","","11","0","0","0","1","0","0","0","0","","0","0","0","","","0","","0","","","","0","","0","0","0","0","2217","0","0","0","N","0","0","0","4","02217","0","","5.0","","1","N","N","","0","","0","0","0","","0","","","1","0","0","0","0","0","0","1","0","1","","","","N","","","","","","","","","",""
"2005155786","","0","0","0","0","0","0","0","0","0","7","0","","02","8","2005","4","40.49054","-79.749611","","11","0","0","0","0","0","0","0","0","3","0","0","0","","","1","","0","","40 29:25.944","7","0","79 44:58.598","4","0","0","0","2466","0","0","0","N","0","0","0","1","02466","1","","2.0","","1","N","N","","1","","0","0","0","","0","Y","","1","1","0","0","0","0","0","2","0","1","","","","N","","","","","","","","","",""
"2005155790","","0","0","0","0","0","0","0","0","0","5","0","","02","8","2005","4","40.437961","-79.991059","","11","0","0","0","0","0","1","0","0","","0","0","0","","","0","","1","","40 26:16.659","","0","79 59:27.812","0","0","0","0","2301","0","0","0","N","0","0","0","3","02503","0","","1.0","","1","N","N","","0","","0","0","2","","2","","","2","0","1","0","0","0","0","2","0","2","","","","N","","","","","","","","","",""
"2005155792","","1","0","0","0","0","0","0","0","0","7","0","","02","7","2005","7","40.665718","-80.041266","","11","0","0","0","0","0","0","0","0","","0","0","0","","","1","","0","","40 39:56.586","","0","80 02:28.557","3","0","0","0","2216","0","0","0","N","0","0","0","1","02505","0","","5.0","","1","N","N","","0","","1","0","0","","0","","","1","1","0","0","0","0","0","2","0","1","","","","N","","","","","","","","","",""
"2005155809","","2","0","0","0","0","0","0","0","0","2","0","","02","8","2005","5","40.62548","-79.941975","","11","0","0","0","0","0","0","0","1","","0","0","0","","","2","","1","","40 37:31.728","","0","79 56:31.110","8","0","0","0","2217","0","0","0","N","0","0","0","5","02217","0","","1.0","","1","N","N","","0","","0","0","0","","2","","","2","2","0","0","0","2","0","2","0","2","","","","N","","","","","","","","","",""
"2005155812","","1","0","0","0","0","0","0","0","0","5","0","","02","7","2005","6","","","","11","0","0","0","0","0","1","0","0","","0","1","0","","","0","","0","","","","0","","0","0","0","0","2438","0","0","0","N","0","0","0","1","02438","0","","6.0","","1","N","N","","0","","0","0","0","","0","","","3","0","0","0","0","0","0","1","1","3","","","","N","","","","","","","","","",""
"2005155814","","3","0","0","0","0","0","0","0","0","1","0","","02","7","2005","6","40.50879","-80.203028","","11","0","0","0","0","0","0","0","0","1","0","0","0","","","1","","2","","40 30:31.644","2","0","80 12:10.901","4","0","0","0","2213","0","0","0","N","0","0","0","3","02213","1","","1.0","","1","N","N","","0","","0","0","0","","3","N","","3","1","0","0","0","0","0","2","0","3","","","","N","","","","","","","","","",""
"2005155815","","1","0","0","0","0","0","0","0","0","8","0","","02","7","2005","7","40.506291","-80.223308","","11","0","0","0","0","0","1","0","0","2","0","0","0","","","1","","2","","40 30:22.649","2","0","80 13:23.907","2","0","0","0","2213","1","0","1","N","1","0","1","3","02213","0","","1.0","","1","N","N","","0","","0","1","0","","3","Y","","2","1","0","0","0","0","0","2","0","1","","","","N","","","","","","","","","",""
"2005155816","","1","0","0","0","0","0","0","0","0","7","0","","02","7","2005","1","40.4672","-80.1579","","11","0","0","0","0","0","0","0","0","5","0","0","0","","","1","","0","","40 28:01.920","6","0","80 09:28.440","4","0","0","0","2213","0","0","0","N","0","0","0","1","02213","1","","2.0","","1","N","N","","0","","0","0","0","","0","Y","","1","1","1","0","0","0","0","2","0","1","","","","N","","","","","","","","","",""
"2005155817","","1","0","0","0","0","0","0","0","0","7","0","","02","7","2005","7","","","","11","0","0","0","0","0","0","0","0","","0","0","0","","","0","","0","","","","0","","0","0","0","0","2213","0","0","0","N","0","0","0","1","02213","0","","2.0","","1","N","N","","0","","0","0","0","","0","","","1","0","0","0","0","0","0","1","0","1","","","","N","","","","","","","","","",""
"2005155850","","1","0","0","0","0","0","0","0","0","8","0","","02","7","2005","3","40.440328","-79.965537","","11","0","0","0","0","0","0","0","0","","0","0","0","","","1","","0","","40 26:25.180","","0","79 57:55.933","4","0","0","0","2301","1","0","0","N","1","0","0","2","02301","1","","1.0","","1","N","N","","0","","0","0","0","","0","","","2","1","0","0","0","0","0","2","0","1","","","","N","","","","","","","","","",""
"2005155851","","2","0","0","0","0","0","0","0","0","1","0","","02","7","2005","6","40.435661","-79.895967","","11","0","0","0","0","0","0","0","0","","0","0","0","","","1","","0","","40 26:08.379","","0","79 53:45.481","4","0","0","0","2301","0","0","0","N","0","0","0","4","02301","1","","1.0","","1","N","N","","0","","0","0","0","","0","","","2","1","0","0","0","0","0","2","0","2","","","","N","","","","","","","","","",""
"2005155855","","0","0","0","1","0","1","0","0","0","8","0","","02","6","2005","1","40.582217","-80.038026","","11","0","0","0","0","0","0","0","0","3","0","0","0","","","1","","1","","40 34:55.980","6","0","80 02:16.893","2","0","0","0","2108","1","0","1","N","0","0","0","2","02108","0","","1.0","","1","N","N","","1","","0","1","0","","2","Y","","2","1","0","0","0","0","0","2","0","1","","","","N","","","","","","","","","",""
"2005155857","","0","0","0","0","0","0","0","0","0","0","0","","02","7","2005","2","40.466407","-79.897746","","11","0","0","0","0","0","1","0","0","","0","0","0","","","0","","2","","40 27:59.065","","0","79 53:51.885","0","0","0","0","2301","0","0","0","N","0","0","0","2","02301","0","","1.0","","1","N","N","","0","","0","0","1","","0","","","1","0","0","0","0","0","0","2","0","1","","","","N","","","","","","","","","",""
"2005155858","","0","0","0","0","0","0","0","0","0","8","0","","02","7","2005","5","40.423307","-79.993778","","11","0","0","0","0","0","0","0","0","","0","0","0","","","1","","1","","40 25:23.905","","0","79 59:37.600","2","0","0","0","2301","1","0","1","N","1","0","1","2","02301","0","","1.0","","1","N","N","","1","","0","1","0","","0","","","2","1","0","0","0","0","0","2","0","1","","","","N","","","","","","","","","",""
"2005155859","","2","0","0","0","0","0","0","0","0","1","0","","02","7","2005","2","40.413729","-80.030318","","11","0","0","0","0","0","1","0","0","","0","0","0","","","1","","0","","40 24:49.423","","0","80 01:49.146","8","0","0","0","2301","0","0","0","N","0","0","0","4","02301","0","","1.0","","1","N","N","","0","","0","0","1","","0","","","3","1","0","0","0","1","0","2","0","3","","","","N","","","","","","","","","",""
"2005155860","","0","0","0","0","0","0","0","0","0","2","0","","02","7","2005","2","40.396486","-79.998288","","11","0","0","0","0","0","0","0","0","1","0","0","0","","","1","","1","","40 23:47.350","5","0","79 59:53.837","4","0","0","0","2301","0","0","0","N","0","0","0","2","02301","1","","1.0","","1","N","N","","0","","0","0","2","","2","N","","2","1","0","0","0","0","0","2","0","2","","","","N","","","","","","","","","",""
"2005155862","","0","0","0","0","0","0","0","0","0","99","0","","02","7","2005","4","40.399498","-80.000188","","11","0","0","0","0","0","0","0","0","","0","0","0","","","1","","10","","40 23:58.193","","0","80 00:00.675","8","0","0","1","2301","0","0","0","N","0","0","0","1","02301","0","","1.0","","1","N","N","","0","","0","0","0","","0","","","1","1","0","0","0","1","0","2","0","1","","","","N","","","","","","","","","",""
"2005155865","","3","0","0","0","0","0","0","0","0","1","0","","02","7","2005","6","40.442608","-79.999236","","11","0","0","0","0","0","0","0","0","1","0","0","0","","","0","","2","","40 26:33.388","3","0","79 59:57.249","0","0","0","0","2301","0","0","0","N","0","0","0","3","02301","0","","1.0","","1","N","N","","0","","0","0","0","","2","N","","3","0","0","0","0","0","0","2","0","3","","","","N","","","","","","","","","",""