"CRN","ARRIVAL_TM","AUTOMOBILE_COUNT","BELTED_DEATH_COUNT","BELTED_SUSP_SERIOUS_INJ_COUNT","BICYCLE_COUNT","BICYCLE_DEATH_COUNT","BICYCLE_SUSP_SERIOUS_INJ_COUNT","BUS_COUNT","CHLDPAS_DEATH_COUNT","CHLDPAS_SUSP_SERIOUS_INJ_COUNT","COLLISION_TYPE","COMM_VEH_COUNT","CONS_ZONE_SPD_LIM","COUNTY","CRASH_MONTH","CRASH_YEAR","DAY_OF_WEEK","DEC_LATITUDE","DEC_LONGITUDE","DISPATCH_TM","DISTRICT","DRIVER_COUNT_16YR","DRIVER_COUNT_17YR","DRIVER_COUNT_18YR","DRIVER_COUNT_19YR","DRIVER_COUNT_20YR","DRIVER_COUNT_50_64YR","DRIVER_COUNT_65_74YR","DRIVER_COUNT_75PLUS","EST_HRS_CLOSED","FATAL_COUNT","HEAVY_TRUCK_COUNT","HORSE_BUGGY_COUNT","HOUR_OF_DAY","ILLUMINATION","INJURY_COUNT","INTERSECTION_RELATED","INTERSECT_TYPE","LANE_CLOSED","LATITUDE","LN_CLOSE_DIR","LOCATION_TYPE","LONGITUDE","MAX_SEVERITY_LEVEL","MCYCLE_DEATH_COUNT","MCYCLE_SUSP_SERIOUS_INJ_COUNT","MOTORCYCLE_COUNT","MUNICIPALITY","NONMOTR_COUNT","NONMOTR_DEATH_COUNT","NONMOTR_SUSP_SERIOUS_INJ_COUNT","NTFY_HIWY_MAINT","PED_COUNT","PED_DEATH_COUNT","PED_SUSP_SERIOUS_INJ_COUNT","PERSON_COUNT","POLICE_AGCY","POSSIBLE_INJ_COUNT","RDWY_SURF_TYPE_CD","RELATION_TO_ROAD","ROADWAY_CLEARED","ROAD_CONDITION","SCH_BUS_IND","SCH_ZONE_IND","SECONDARY_CRASH","SMALL_TRUCK_COUNT","SPEC_JURIS_CD","SUSP_MINOR_INJ_COUNT","SUSP_SERIOUS_INJ_COUNT","SUV_COUNT","TCD_FUNC_CD","TCD_TYPE","TFC_DETOUR_IND","TIME_OF_DAY","TOTAL_UNITS","TOT_INJ_COUNT","UNBELTED_OCC_COUNT","UNB_DEATH_COUNT","UNB_SUSP_SERIOUS_INJ_COUNT","UNK_INJ_DEG_COUNT","UNK_INJ_PER_COUNT","URBAN_RURAL","VAN_COUNT","VEHICLE_COUNT","WEATHER1","WEATHER2","WORKERS_PRES","WORK_ZONE_IND","WORK_ZONE_LOC","WORK_ZONE_TYPE","WZ_CLOSE_DETOUR","WZ_FLAGGER","WZ_LAW_OFFCR_IND","WZ_LN_CLOSURE","WZ_MOVING","WZ_OTHER","WZ_SHLDER_MDN","WZ_WORKERS_INJ_KILLED"
"2005157675","","0","0","0","0","0","0","0","0","0","7","0","","02","7","2005","1","40.476303","-79.763586","","11","0","0","0","0","0","0","0","0","","0","0","0","","","2","","0","","40 28:34.689","","0","79 45:48.910","3","0","0","1","2466","0","0","0","N","0","0","0","2","02466","1","","2.0","","1","N","N","","0","","1","0","0","","0","","","1","2","0","0","0","0","0","2","0","1","","","","N","","","","","","","","","",""
"2005157677","","0","0","0","0","0","0","0","0","0","0","0","","02","7","2005","7","","","","11","0","0","0","0","0","1","0","0","","0","0","0","","","0","","0","","","","0","","0","0","0","0","2466","0","0","0","N","0","0","0","1","02466","0","","1.0","","1","N","N","","0","","0","0","0","","0","","","1","0","0","0","0","0","0","1","1","1","","","","N","","","","","","","","","",""
"2005157679","","1","0","0","0","0","0","0","0","0","4","0","","02","7","2005","3","40.525556","-79.823039","","11","0","0","0","0","0","1","0","0","","0","0","0","","","2","","2","","40 31:32.000","","0","79 49:22.940","3","0","0","0","2466","0","0","0","N","0","0","0","2","02466","0","","1.0","","1","N","N","","0","","1","0","1","","3","","","2","2","0","0","0","1","0","1","0","2","","","","N","","","","","","","","","",""
"2005157684","","1","0","0","0","0","0","0","0","0","1","0","","02","8","2005","5","40.331508","-80.070105","","11","0","0","0","0","0","0","0","1","","0","0","0","","","0","","2","","40 19:53.428","","2","80 04:12.377","0","0","0","0","2123","0","0","0","N","0","0","0","2","02123","0","","1.0","","1","N","N","","0","","0","0","0","","3","","","2","0","0","0","0","0","0","2","1","2","","","","N","","","","","","","","","",""
"2005157686","","2","0","0","0","0","0","0","0","0","5","0","","02","6","2005","7","","","","11","0","0","0","0","0","0","0","0","","0","0","0","","","0","","0","","40 26:13.56","","0","79 51:52.56","0","0","0","0","2301","0","0","0","N","0","0","0","3","68D03","0","","1.0","","1","N","N","","0","","0","0","0","","0","","","2","0","0","0","0","0","0","2","0","2","","","","N","","","","","","","","","",""
"2005157688","","2","0","0","0","0","0","0","0","0","1","0","","02","6","2005","7","","","","11","0","0","0","0","0","0","0","0","2","0","0","0","","","2","","0","","40 34:23.88","1","0","80 05:29.76","3","0","0","0","2481","0","0","0","N","0","0","0","2","68B03","0","","1.0","","1","N","N","","0","","2","0","0","","0","N","","2","2","0","0","0","0","0","2","0","2","","","","N","","","","","","","","","",""
"2005157689","","0","0","0","0","0","0","0","0","0","1","0","","02","6","2005","1","","","","11","0","0","0","0","0","1","0","0","","0","0","0","","","1","","0","","40 26:21.48","","0","80 00:36.72","4","0","0","0","2301","0","0","0","N","0","0","0","6","68B03","1","","1.0","","1","N","N","","0","","0","0","2","","0","","","2","1","0","0","0","0","0","2","0","2","","","","N","","","","","","","","","",""
"2005157703","","2","0","0","0","0","0","0","0","0","4","0","","02","7","2005","2","40.456964","-79.758683","","11","0","0","1","1","0","0","0","0","","0","0","0","","","2","","10","","40 27:25.070","","0","79 45:31.260","4","0","0","0","2446","0","0","0","N","0","0","0","2","02446","2","","1.0","","1","N","N","","0","","0","0","0","","4","","","2","2","0","0","0","0","0","2","0","2","","","","N","","","","","","","","","",""
"2005157708","","0","0","0","0","0","0","0","0","0","7","0","","02","7","2005","5","40.27996","-79.874125","","11","0","0","0","0","0","0","0","0","3","0","0","0","","","0","","0","","40 16:47.855","5","3","79 52:26.849","0","0","0","0","2443","0","0","0","N","0","0","0","2","02443","0","","2.0","","1","N","N","","1","","0","0","0","","0","Y","","1","0","0","0","0","0","0","1","0","1","","","","N","","","","","","","","","",""
"2005157715","","0","0","0","0","0","0","0","0","0","1","0","","02","7","2005","3","40.475821","-79.778055","","11","0","0","0","0","0","3","0","0","","0","0","0","","","0","","0","","40 28:32.956","","0","79 46:40.999","0","0","0","0","2466","0","0","0","N","0","0","0","4","02466","0","","1.0","","1","N","N","","4","","0","0","0","","0","","","4","0","0","0","0","0","0","2","0","4","","","","N","","","","","","","","","",""
"2005157716","","1","0","0","0","0","0","0","0","0","7","0","","02","7","2005","3","","","","11","0","0","0","0","0","0","0","0","1","0","0","0","","","0","","0","","","4","0","","0","0","0","0","2466","0","0","0","N","0","0","0","1","02466","0","","2.0","","1","N","N","","0","","0","0","0","","0","N","","1","0","1","0","0","0","0","1","0","1","","","","N","","","","","","","","","",""
"2005157717","","3","0","0","0","0","0","0","0","0","6","0","","02","7","2005","4","40.533275","-79.768001","","11","0","0","0","0","0","0","0","1","2","0","0","0","","","0","","0","","40 31:59.789","5","0","79 46:04.803","0","0","0","0","2466","0","0","0","N","0","0","0","4","02466","0","","1.0","","8","N","N","","0","","0","0","0","","0","N","","3","0","0","0","0","0","0","1","0","3","","","","N","","","","","","","","","",""
"2005157718","","1","0","0","0","0","0","0","0","0","7","0","","02","6","2005","6","","","","11","0","0","0","1","0","0","0","0","","0","0","0","","","1","","0","","","","0","","4","0","0","0","2466","0","0","0","N","0","0","0","1","02466","1","","2.0","","9","N","N","","0","","0","0","0","","0","","","1","1","0","0","0","0","0","1","0","1","","","","N","","","","","","","","","",""
"2005157719","","0","0","0","0","0","0","0","0","0","2","0","","02","6","2005","4","","","","11","0","0","0","0","0","1","0","0","","0","0","0","","","1","","0","","","","0","","4","0","0","0","2466","0","0","0","N","0","0","0","3","02466","1","","1.0","","1","N","N","","1","","0","0","0","","0","","","2","1","0","0","0","0","0","1","1","2","","","","N","","","","","","","","","",""
"2005157720","","1","0","0","0","0","0","0","0","0","7","0","","02","6","2005","2","40.475513","-79.756281","","11","0","0","0","0","0","0","0","0","","0","0","0","","","1","","0","","40 28:31.846","","0","79 45:22.611","8","0","0","0","2466","0","0","0","N","0","0","0","1","02466","0","","2.0","","1","N","N","","0","","0","0","0","","0","","","1","1","1","0","0","1","0","2","0","1","","","","N","","","","","","","","","",""
"2005157721","","1","0","0","0","0","0","0","0","0","2","0","","02","7","2005","4","40.463706","-79.705437","","11","1","0","0","0","0","1","0","0","","0","0","0","","","0","","1","","40 27:49.340","","0","79 42:19.572","0","0","0","0","2466","0","0","0","N","0","0","0","3","02466","0","","1.0","","1","N","N","","1","","0","0","0","","2","","","2","0","0","0","0","0","0","2","0","2","","","","N","","","","","","","","","",""
"2005157722","","1","0","0","0","0","0","0","0","0","0","0","","02","7","2005","2","40.454948","-79.710906","","11","0","0","0","0","0","0","0","0","","0","0","0","","","0","","0","","40 27:17.811","","0","79 42:39.262","0","0","0","0","2466","0","0","0","N","0","0","0","1","02466","0","","1.0","","1","N","N","","0","","0","0","0","","0","","","1","0","0","0","0","0","0","2","0","1","","","","N","","","","","","","","","",""
"2005157723","","1","0","0","0","0","0","0","0","0","6","0","","02","7","2005","5","40.478509","-79.752834","","11","0","0","0","0","0","0","0","0","","0","0","0","","","1","","0","","40 28:42.634","","0","79 45:10.203","4","0","0","0","2466","0","0","0","N","0","0","0","4","02466","1","","1.0","","1","N","N","","1","","0","0","0","","0","","","2","1","1","0","0","0","0","2","0","2","","","","N","","","","","","","","","",""
"2005157724","","2","0","0","0","0","0","0","0","0","1","0","","02","5","2005","2","40.4552","-79.7107","","11","0","0","0","0","0","0","0","1","","0","0","0","","","1","","0","","40 27:18.720","","0","79 42:38.520","4","0","0","0","2466","0","0","0","N","0","0","0","2","02466","1","","1.0","","1","N","N","","0","","0","0","0","","0","","","2","1","0","0","0","0","0","2","0","2","","","","N","","","","","","","","","",""
"2005157725","","0","0","0","0","0","0","0","0","0","4","0","","02","7","2005","6","40.477853","-79.73605","","11","0","0","1","1","0","0","0","0","","0","0","0","","","1","","1","","40 28:40.269","","0","79 44:09.779","8","0","0","1","2466","0","0","0","N","0","0","0","2","02466","0","","1.0","","1","N","N","","0","","0","0","1","","3","","","2","1","0","0","0","1","0","2","0","2","","","","N","","","","","","","","","",""
"2005157789","","1","0","0","0","0","0","0","0","0","1","0","","02","7","2005","7","","","","11","0","0","0","0","0","0","0","0","","0","0","0","","","0","","0","","","","0","","0","0","0","0","2469","0","0","0","N","0","0","0","1","02469","0","","6.0","","1","N","N","","1","","0","0","0","","0","","","3","0","1","0","0","0","0","1","1","3","","","","N","","","","","","","","","",""
"2005157833","","2","0","0","0","0","0","0","0","0","4","0","","02","6","2005","6","40.4342","-79.748","","11","0","0","0","0","0","1","0","0","","0","0","0","","","1","","0","","40 26:03.120","","8","79 44:52.800","4","0","0","0","2466","0","0","0","N","0","0","0","2","68T09","1","","1.0","","1","N","N","","0","","0","0","0","","0","","","2","1","0","0","0","0","1","2","0","2","","","","N","","","","","","","","","",""
"2005157901","","2","0","1","0","0","0","0","0","0","4","0","","02","7","2005","7","","","","11","0","0","0","0","0","0","0","1","","0","0","0","","","2","","1","","","","0","","2","0","0","0","2433","0","0","0","N","0","0","0","2","02433","0","","1.0","","1","N","N","","0","","0","1","0","","0","","","2","2","0","0","0","1","0","1","0","2","","","","N","","","","","","","","","",""
"2005157905","","1","0","0","0","0","0","0","0","0","4","0","","02","7","2005","5","40.454368","-79.947669","","11","0","0","0","0","0","2","0","0","2","0","0","0","","","0","","1","","40 27:15.726","7","0","79 56:51.608","0","0","0","0","2301","0","0","0","N","0","0","0","2","02301","0","","1.0","","1","N","N","","0","","0","0","1","","2","N","","2","0","0","0","0","0","0","2","0","2","","","","N","","","","","","","","","",""
"2005157906","","0","0","0","0","0","0","0","0","0","7","0","","02","7","2005","1","","","","11","0","0","0","0","0","0","0","0","","0","0","0","","","0","","2","","","","0","","9","0","0","1","2301","0","0","0","N","0","0","0","1","02301","0","","4.0","","1","N","N","","0","","0","0","0","","0","","","1","0","0","0","0","0","1","1","0","1","","","","N","","","","","","","","","",""
"2005157918","","1","0","1","0","0","0","0","0","0","4","0","","02","8","2005","3","40.433889","-79.752053","","11","0","0","1","0","0","0","0","0","1","0","0","0","","","2","","0","","40 26:02.000","3","0","79 45:07.390","2","0","0","0","2446","0","0","0","N","0","0","0","3","02446","0","","1.0","","9","N","N","","1","","1","1","0","","0","N","","2","2","0","0","0","0","0","2","0","2","","","","N","","","","","","","","","",""
"2005157933","","1","0","0","0","0","0","0","0","0","4","0","","02","7","2005","4","40.461744","-79.925765","","11","0","0","0","0","0","1","0","0","","0","0","0","","","1","","1","","40 27:42.278","","0","79 55:32.754","3","0","0","1","2301","0","0","0","N","0","0","0","2","02301","0","","1.0","","1","N","N","","0","","1","0","0","","0","","","2","1","0","0","0","0","0","2","0","2","","","","N","","","","","","","","","",""
"2005157972","","1","0","0","0","0","0","0","0","0","1","0","","02","8","2005","2","40.342321","-79.967163","","11","0","0","0","0","0","0","0","0","1","0","0","0","","","0","","7","","40 20:32.357","4","2","79 58:01.787","0","0","0","0","2403","0","0","0","N","0","0","0","2","02403","0","","1.0","","1","N","N","","0","","0","0","0","","0","Y","","2","0","0","0","0","0","0","2","1","2","","","","N","","","","","","","","","",""
"2005157982","","2","0","0","0","0","0","0","0","0","5","0","","02","7","2005","4","40.417597","-79.985431","","11","0","0","0","0","0","0","0","0","","0","0","0","","","1","","0","","40 25:03.350","","0","79 59:07.552","4","0","0","0","2301","0","0","0","N","0","0","0","1","02301","1","","1.0","","1","N","N","","0","","0","0","0","","0","","","2","1","0","0","0","0","0","2","0","2","","","","N","","","","","","","","","",""
"2005157983","","1","0","0","0","0","0","0","0","0","7","0","","02","7","2005","1","40.442209","-80.083691","","11","1","0","0","0","0","0","0","0","","0","0","0","","","0","","10","","40 26:31.951","","0","80 05:01.288","0","0","0","0","2301","0","0","0","N","0","0","0","2","02301","0","","5.0","","1","N","N","","0","","0","0","0","","0","","","1","0","0","0","0","0","0","2","0","1","","","","N","","","","","","","","","",""
"2005157984","","1","0","0","1","0","0","0","0","0","8","0","","02","7","2005","1","40.419881","-79.987141","","11","0","0","0","0","0","0","1","0","1","0","0","0","","","2","","0","","40 25:11.571","5","0","79 59:13.707","8","0","0","0","2301","2","0","0","","0","0","0","4","02301","0","","1.0","","1","","","","0","","0","0","0","","0","N","","2","2","0","0","0","2","0","2","0","1","","","","N","","","","","","","","","",""
"2005157985","","2","0","0","0","0","0","0","0","0","4","0","","02","7","2005","7","","","","11","0","0","1","0","0","0","0","0","","0","0","0","","","6","","1","","","","0","","2","0","0","0","2301","0","0","0","N","0","0","0","6","02301","1","","1.0","","1","N","N","","0","","1","3","0","","3","","","2","6","4","0","3","1","0","1","0","2","","","","N","","","","","","","","","",""
"2005157986","","2","0","0","0","0","0","0","0","0","4","0","","02","7","2005","5","40.458579","-79.907967","","11","0","0","1","0","0","0","0","0","","0","0","0","","","0","","1","","40 27:30.885","","0","79 54:28.682","0","0","0","0","2301","0","0","0","N","0","0","0","2","02301","0","","1.0","","1","N","N","","0","","0","0","0","","2","","","2","0","0","0","0","0","0","2","0","2","","","","N","","","","","","","","","",""
"2005157999","","2","0","0","0","0","0","0","0","0","1","0","","02","7","2005","5","40.437663","-79.97255","","11","0","0","1","0","0","1","0","0","","0","0","0","","","0","","2","","40 26:15.588","","3","79 58:21.180","0","0","0","0","2301","0","0","0","N","0","0","0","5","02301","0","","1.0","","9","N","N","","0","","0","0","0","","2","","","2","0","0","0","0","0","0","2","0","2","","","","N","","","","","","","","","",""
"2005158000","","1","0","0","0","0","0","0","0","0","0","0","99","02","7","2005","4","","","","11","0","0","0","0","0","1","0","0","","0","0","0","","","0","","2","","","","0","","9","0","0","0","2301","0","0","0","N","0","0","0","6","02301","0","","1.0","","1","N","N","","0","","0","0","0","","0","","","1","0","1","0","0","0","6","1","0","1","","","Y","Y","8","2","","","U","","Y","","",""
"2005158017","","3","0","0","0","0","0","0","0","0","4","0","","02","7","2005","4","40.465812","-79.821375","","11","0","0","0","1","0","0","0","0","2","0","0","0","","","2","","0","","40 27:56.923","3","0","79 49:16.950","4","0","0","0","2113","0","0","0","N","0","0","0","5","02113","2","","1.0","","1","N","N","","0","","0","0","0","","0","Y","","3","2","2","0","0","0","0","2","0","3","","","","N","","","","","","","","","",""
"2005158037","","0","0","0","0","0","0","0","0","0","1","0","25","02","5","2005","5","40.609153","-79.938964","","11","0","0","0","0","0","2","0","0","","0","0","0","","","0","","0","","40 36:32.950","","2","79 56:20.270","0","0","0","0","2207","0","0","0","N","0","0","0","2","68T02","0","","7.0","","1","N","N","","1","","0","0","1","","7","","","2","0","0","0","0","0","0","2","0","2","","","Y","Y","4","1","Y","Y","Y","","Y","","Y",""
"2005158047","","0","0","0","0","0","0","0","0","0","7","1","","02","6","2005","6","40.577252","-80.11758","","11","0","0","0","0","0","1","0","0","4","0","1","0","","","2","","0","","40 34:38.108","2","0","80 07:03.287","3","0","0","0","2115","0","0","0","Y","0","0","0","3","68B03","1","","2.0","","1","N","N","","0","","1","0","0","","0","N","","1","2","2","0","0","0","0","1","0","1","","","","N","","","","","","","","","",""
"2005158091","","1","0","0","0","0","0","0","0","0","1","0","","02","7","2005","7","","","","11","0","1","0","0","0","0","0","0","","0","0","0","","","1","","0","","","","0","","4","0","0","0","2207","0","0","0","N","0","0","0","5","02207","1","","1.0","","1","N","N","","0","","0","0","1","","0","","","2","1","0","0","0","0","0","1","0","2","","","","N","","","","","","","","","",""
"2005158092","","2","0","0","0","0","0","0","0","0","4","0","","02","7","2005","3","40.559874","-79.969689","","11","0","1","0","0","0","0","0","0","1","0","0","0","","","0","","2","","40 33:35.548","1","0","79 58:10.881","0","0","0","0","2207","0","0","0","N","0","0","0","3","02207","0","","1.0","","1","N","N","","0","","0","0","0","","3","N","","2","0","0","0","0","0","0","2","0","2","","","","N","","","","","","","","","",""
"2005158211","","2","0","0","0","0","0","0","0","0","4","0","","02","7","2005","6","40.418071","-79.742591","","11","0","1","0","1","0","0","0","0","","0","0","0","","","0","","2","","40 25:05.055","","0","79 44:33.327","0","0","0","0","2446","0","0","0","N","0","0","0","2","02446","0","","1.0","","1","N","N","","0","","0","0","0","","3","","","2","0","0","0","0","0","0","2","0","2","","","","N","","","","","","","","","",""
"2005158213","","2","0","0","0","0","0","0","0","0","4","0","","02","6","2005","3","40.438871","-79.760639","","11","0","0","0","0","1","0","0","0","","0","0","0","","","0","","1","","40 26:19.937","","0","79 45:38.301","0","0","0","0","2446","0","0","0","N","0","0","0","3","02446","0","","1.0","","1","N","N","","0","","0","0","0","","2","","","2","0","0","0","0","0","0","2","0","2","","","","N","","","","","","","","","",""
"2005158295","","1","0","0","0","0","0","0","0","0","1","0","","02","7","2005","2","40.331057","-79.994584","","11","0","0","0","0","0","3","0","0","1","0","0","0","","","0","","0","","40 19:51.804","3","0","79 59:40.503","0","0","0","0","2219","0","0","0","N","0","0","0","3","02219","0","","1.0","","1","N","N","","0","","0","0","1","","0","N","","3","0","0","0","0","0","0","2","1","3","","","","N","","","","","","","","","",""
"2005158369","","2","0","0","0","0","0","0","0","0","1","0","","02","8","2005","3","","","","11","0","0","0","0","0","1","0","0","","0","0","0","","","0","","5","","","","0","","0","0","0","0","2302","0","0","0","N","0","0","0","2","02302","0","","1.0","","1","N","N","","0","","0","0","0","","2","","","2","0","2","0","0","0","0","1","0","2","","","","N","","","","","","","","","",""
"2005158373","","2","0","0","0","0","0","0","0","0","4","0","","02","8","2005","6","40.348056","-80.082798","","11","0","0","0","0","0","0","0","1","4","2","0","0","","","2","","0","","40 20:53.000","6","0","80 04:58.074","1","0","0","0","2123","0","0","0","N","0","0","0","4","02123","0","2","1.0","","1","N","N","","0","0","1","0","0","","0","Y","","2","2","2","2","0","1","0","2","0","2","","","","N","","","","","","","","","",""
"2005158381","","1","0","0","0","0","0","0","0","0","7","0","","02","8","2005","4","40.522443","-79.963112","","11","0","0","0","0","0","0","1","0","","0","0","0","","","1","","0","","40 31:20.794","","0","79 57:47.203","3","0","0","0","2118","0","0","0","N","0","0","0","1","02118","0","","5.0","","1","N","N","","0","","1","0","0","","0","","","1","1","0","0","0","0","0","2","0","1","","","","N","","","","","","","","","",""
"2005158384","","2","0","0","0","0","0","0","0","0","4","0","","02","8","2005","3","40.393611","-80.065943","","11","0","0","0","0","0","0","0","0","1","0","0","0","","","1","","0","","40 23:37.000","4","0","80 03:57.395","3","0","0","0","2117","0","0","0","N","0","0","0","2","02117","0","","1.0","","1","N","N","","0","","1","0","0","","0","N","","2","1","0","0","0","0","0","2","0","2","","","","N","","","","","","","","","",""
"2005158387","","2","0","0","0","0","0","0","0","0","6","0","","02","8","2005","5","40.566406","-79.865183","","11","0","1","0","0","0","0","0","0","","0","0","0","","","1","","10","","40 33:59.060","","0","79 51:54.660","4","0","0","0","2209","0","0","0","N","0","0","0","2","02209","1","","1.0","","3","N","N","","0","","0","0","0","","0","","","2","1","0","0","0","0","0","2","0","2","","","","N","","","","","","","","","",""
"2005158388","","2","0","0","0","0","0","0","0","0","6","0","","02","8","2005","5","40.566406","-79.865183","","11","0","1","0","0","0","0","0","0","","0","0","0","","","1","","10","","40 33:59.060","","0","79 51:54.660","4","0","0","0","2209","0","0","0","N","0","0","0","2","02209","1","","1.0","","3","N","N","","0","","0","0","0","","0","","","2","1","0","0","0","0","0","2","0","2","","","","N","","","","","","","","","",""
"2005158391","","3","0","0","0","0","0","0","0","0","1","0","","02","8","2005","4","40.511387","-79.957362","","11","0","0","0","0","1","1","0","1","","0","0","0","","","1","","2","","40 30:40.992","","0","79 57:26.502","4","0","0","0","2118","0","0","0","N","0","0","0","5","02118","1","","1.0","","1","N","N","","0","","0","0","0","","0","","","3","1","0","0","0","0","0","2","0","3","","","","N","","","","","","","","","",""
"2005158405","","2","0","0","0","0","0","0","0","0","4","0","","02","7","2005","5","40.582217","-80.038026","","11","0","0","1","0","0","0","0","0","1","0","0","0","","","2","","1","","40 34:55.980","2","0","80 02:16.893","8","0","0","0","2108","0","0","0","N","0","0","0","2","02108","0","","1.0","","1","N","N","","0","","0","0","0","","2","N","","2","2","1","0","0","2","0","2","0","2","","","","N","","","","","","","","","",""
"2005158406","","0","0","0","0","0","0","0","0","0","7","0","","02","7","2005","5","40.576295","-80.014544","","11","0","0","0","0","0","0","0","0","3","0","0","0","","","1","","2","","40 34:34.663","5","0","80 00:52.357","2","0","1","1","2108","0","0","0","N","0","0","0","1","02108","0","","2.0","","1","N","N","","0","","0","1","0","","3","Y","","1","1","0","0","0","0","0","2","0","1","","","","N","","","","","","","","","",""
"2005158407","","1","0","0","0","0","0","0","0","0","4","0","","02","7","2005","7","40.573143","-79.994333","","11","0","0","0","0","0","0","0","0","1","0","0","0","","","3","","2","","40 34:23.315","4","0","79 59:39.598","4","0","0","0","2108","0","0","0","N","0","0","0","4","02108","3","","1.0","","1","N","N","","1","","0","0","0","","3","N","","2","3","0","0","0","0","0","2","0","2","","","","N","","","","","","","","","",""
"2005158408","","1","0","0","0","0","0","0","0","0","4","0","","02","7","2005","5","40.386282","-79.995148","","11","0","0","0","0","0","0","0","0","","0","0","0","","","1","","0","","40 23:10.615","","0","79 59:42.534","4","0","0","1","2301","0","0","0","N","0","0","0","3","02301","1","","1.0","","1","N","N","","0","","0","0","0","","0","","","2","1","0","0","0","0","0","2","0","2","","","","N","","","","","","","","","",""
"2005158409","","2","0","0","0","0","0","0","0","0","1","0","","02","7","2005","4","40.466426","-80.025532","","11","0","0","0","0","0","0","0","1","9","0","0","0","","","1","","2","","40 27:59.133","5","0","80 01:31.914","8","0","0","0","2301","0","0","0","N","0","0","0","2","02301","0","","1.0","","1","N","N","","0","","0","0","0","","0","N","","2","1","0","0","0","1","1","2","0","2","","","","N","","","","","","","","","",""
"2005158410","","1","0","0","0","0","0","0","0","0","4","0","","02","7","2005","5","","","","11","0","0","0","0","0","0","0","0","","0","0","0","","","0","","1","","","","0","","9","0","0","0","2301","0","0","0","N","0","0","0","3","02301","0","","1.0","","1","N","N","","1","","0","0","1","","0","","","3","0","0","0","0","0","3","1","0","3","","","","N","","","","","","","","","",""
"2005158411","","2","0","0","0","0","0","0","0","0","2","0","","02","7","2005","5","40.453184","-79.891127","","11","0","0","0","0","0","0","0","0","","0","0","0","","","2","","1","","40 27:11.462","","0","79 53:28.057","4","0","0","0","2301","0","0","0","N","0","0","0","2","02301","2","","1.0","","1","N","N","","0","","0","0","0","","2","","","2","2","0","0","0","0","0","2","0","2","","","","N","","","","","","","","","",""
"2005158412","","2","0","0","0","0","0","0","0","0","1","0","","02","7","2005","5","40.487394","-79.918021","","11","0","0","0","0","0","0","0","0","2","0","0","0","","","0","","0","","40 29:14.620","4","0","79 55:04.876","0","0","0","0","2301","0","0","0","N","0","0","0","6","02301","0","","1.0","","9","N","N","","0","","0","0","1","","0","N","","3","0","0","0","0","0","0","2","0","3","","","","N","","","","","","","","","",""
"2005158413","","0","0","0","0","0","0","0","0","0","1","1","","02","7","2005","4","40.454952","-79.994507","","11","0","0","0","0","0","0","0","0","1","0","1","0","","","0","","1","","40 27:17.828","4","0","79 59:40.225","0","0","0","0","2301","0","0","0","N","0","0","0","3","02301","0","","1.0","","1","N","N","","0","","0","0","1","","2","N","","3","0","0","0","0","0","0","2","0","3","","","","N","","","","","","","","","",""
"2005158414","","1","0","0","0","0","0","0","0","0","7","0","","02","7","2005","5","","","","11","0","0","0","0","0","0","0","0","1","0","0","0","","","1","","0","","","6","0","","3","0","0","0","2301","0","0","0","N","0","0","0","1","02301","0","","5.0","","1","N","N","","0","","1","0","0","","0","N","","1","1","0","0","0","0","0","1","0","1","","","","N","","","","","","","","","",""
"2005158428","","1","0","0","0","0","0","0","0","0","0","0","99","02","7","2005","3","","","","11","0","0","0","0","0","0","0","0","","0","0","0","","","0","","0","","","","0","","0","0","0","0","2301","0","0","0","N","0","0","0","1","02301","0","","1.0","","1","N","N","","0","","0","0","0","","0","","","1","0","0","0","0","0","0","1","0","1","","","N","Y","8","8","","","N","","","","",""
"2005158451","","1","0","0","0","0","0","0","0","0","1","0","","02","7","2005","6","40.481658","-79.810015","","11","0","0","0","0","0","0","0","0","1","0","0","0","","","1","","0","","40 28:53.970","1","0","79 48:36.053","4","0","0","0","2113","0","0","0","N","0","0","0","3","02113","1","","1.0","","1","N","N","","0","","0","0","0","","0","N","","2","1","0","0","0","0","0","2","1","2","","","","N","","","","","","","","","",""
"2005158452","","0","0","0","0","0","0","0","0","0","1","0","","02","7","2005","3","40.483067","-79.866823","","11","0","0","0","0","0","0","0","0","","0","0","0","","","3","","0","","40 28:59.040","","0","79 52:00.564","4","0","0","0","2113","0","0","0","N","0","0","0","4","02113","3","","1.0","","1","N","N","","1","","0","0","1","","0","","","2","3","1","0","0","0","0","2","0","2","","","","N","","","","","","","","","",""
"2005158453","","1","0","0","0","0","0","0","0","0","0","0","","02","7","2005","1","40.464973","-79.853339","","11","0","0","0","0","0","0","0","0","","0","0","0","","","0","","2","","40 27:53.901","","0","79 51:12.022","0","0","0","0","2113","0","0","0","N","0","0","0","2","02113","0","","4.0","","1","N","N","","0","","0","0","0","","0","","","1","0","0","0","0","0","0","2","0","1","","","","N","","","","","","","","","",""
"2005158454","","2","0","0","0","0","0","0","0","0","4","0","","02","7","2005","4","40.471518","-79.867719","","11","0","0","0","0","0","1","0","0","","0","0","0","","","1","","0","","40 28:17.464","","0","79 52:03.788","3","0","0","0","2113","0","0","0","N","0","0","0","1","02113","0","","6.0","","9","N","N","","0","","1","0","0","","0","","","2","1","1","0","0","0","0","2","0","2","","","","N","","","","","","","","","",""