"CRN","ARRIVAL_TM","AUTOMOBILE_COUNT","BELTED_DEATH_COUNT","BELTED_SUSP_SERIOUS_INJ_COUNT","BICYCLE_COUNT","BICYCLE_DEATH_COUNT","BICYCLE_SUSP_SERIOUS_INJ_COUNT","BUS_COUNT","CHLDPAS_DEATH_COUNT","CHLDPAS_SUSP_SERIOUS_INJ_COUNT","COLLISION_TYPE","COMM_VEH_COUNT","CONS_ZONE_SPD_LIM","COUNTY","CRASH_MONTH","CRASH_YEAR","DAY_OF_WEEK","DEC_LATITUDE","DEC_LONGITUDE","DISPATCH_TM","DISTRICT","DRIVER_COUNT_16YR","DRIVER_COUNT_17YR","DRIVER_COUNT_18YR","DRIVER_COUNT_19YR","DRIVER_COUNT_20YR","DRIVER_COUNT_50_64YR","DRIVER_COUNT_65_74YR","DRIVER_COUNT_75PLUS","EST_HRS_CLOSED","FATAL_COUNT","HEAVY_TRUCK_COUNT","HORSE_BUGGY_COUNT","HOUR_OF_DAY","ILLUMINATION","INJURY_COUNT","INTERSECTION_RELATED","INTERSECT_TYPE","LANE_CLOSED","LATITUDE","LN_CLOSE_DIR","LOCATION_TYPE","LONGITUDE","MAX_SEVERITY_LEVEL","MCYCLE_DEATH_COUNT","MCYCLE_SUSP_SERIOUS_INJ_COUNT","MOTORCYCLE_COUNT","MUNICIPALITY","NONMOTR_COUNT","NONMOTR_DEATH_COUNT","NONMOTR_SUSP_SERIOUS_INJ_COUNT","NTFY_HIWY_MAINT","PED_COUNT","PED_DEATH_COUNT","PED_SUSP_SERIOUS_INJ_COUNT","PERSON_COUNT","POLICE_AGCY","POSSIBLE_INJ_COUNT","RDWY_SURF_TYPE_CD","RELATION_TO_ROAD","ROADWAY_CLEARED","ROAD_CONDITION","SCH_BUS_IND","SCH_ZONE_IND","SECONDARY_CRASH","SMALL_TRUCK_COUNT","SPEC_JURIS_CD","SUSP_MINOR_INJ_COUNT","SUSP_SERIOUS_INJ_COUNT","SUV_COUNT","TCD_FUNC_CD","TCD_TYPE","TFC_DETOUR_IND","TIME_OF_DAY","TOTAL_UNITS","TOT_INJ_COUNT","UNBELTED_OCC_COUNT","UNB_DEATH_COUNT","UNB_SUSP_SERIOUS_INJ_COUNT","UNK_INJ_DEG_COUNT","UNK_INJ_PER_COUNT","URBAN_RURAL","VAN_COUNT","VEHICLE_COUNT","WEATHER1","WEATHER2","WORKERS_PRES","WORK_ZONE_IND","WORK_ZONE_LOC","WORK_ZONE_TYPE","WZ_CLOSE_DETOUR","WZ_FLAGGER","WZ_LAW_OFFCR_IND","WZ_LN_CLOSURE","WZ_MOVING","WZ_OTHER","WZ_SHLDER_MDN","WZ_WORKERS_INJ_KILLED"
"2005161635","","0","0","0","0","0","0","0","0","0","0","0","","02","7","2005","7","40.493056","-79.91098","","11","0","0","0","0","0","1","0","0","1","1","0","0","","","0","","0","","40 29:35.000","5","0","79 54:39.527","1","1","0","1","2112","0","0","0","N","0","0","0","1","02112","0","2","1.0","","1","N","N","","0","0","0","0","0","","0","Y","","1","0","0","0","0","0","0","2","0","1","","","","N","","","","","","","","","",""
"2005161650","","1","0","0","0","0","0","0","0","0","7","0","","02","8","2005","1","","","","11","0","0","0","0","0","1","0","0","","0","0","0","","","0","","0","","","","0","","0","0","0","0","2118","0","0","0","N","0","0","0","1","02118","0","","5.0","","1","N","N","","0","","0","0","0","","0","","","1","0","0","0","0","0","0","1","0","1","","","","N","","","","","","","","","",""
"2005161680","","1","0","0","0","0","0","0","0","0","8","0","","02","7","2005","7","40.442239","-80.022932","","11","0","0","0","0","0","0","0","0","","0","0","0","","","1","","0","","40 26:32.062","","0","80 01:22.554","8","0","0","0","2301","1","0","0","N","1","0","0","2","02301","0","","1.0","","1","N","N","","0","","0","0","0","","0","","","2","1","0","0","0","1","1","2","0","1","","","","N","","","","","","","","","",""
"2005161681","","2","0","0","0","0","0","0","0","0","1","0","","02","7","2005","3","40.40168","-79.940536","","11","0","0","0","0","0","0","0","0","","0","0","0","","","1","","2","","40 24:06.047","","0","79 56:25.930","8","0","0","0","2301","0","0","0","N","0","0","0","4","02301","0","","1.0","","1","N","N","","0","","0","0","0","","3","","","2","1","0","0","0","1","0","2","0","2","","","","N","","","","","","","","","",""
"2005161682","","1","0","0","0","0","0","0","0","0","3","0","","02","8","2005","2","40.438046","-79.92768","","11","0","0","0","0","0","1","0","0","1","0","0","0","","","1","","1","","40 26:16.965","2","0","79 55:39.648","4","0","0","1","2301","0","0","0","N","0","0","0","2","02301","1","","1.0","","1","N","N","","0","","0","0","0","","2","N","","2","1","0","0","0","0","0","2","0","2","","","","N","","","","","","","","","",""
"2005161685","","0","0","0","0","0","0","0","0","0","7","0","","02","7","2005","1","40.388521","-79.986675","","11","0","0","1","0","0","0","0","0","2","0","0","0","","","0","","3","","40 23:18.675","1","0","79 59:12.030","0","0","0","0","2301","0","0","0","N","0","0","0","1","02301","0","","5.0","","1","N","N","","0","","0","0","1","","0","N","","1","0","0","0","0","0","0","2","0","1","","","","N","","","","","","","","","",""
"2005161686","","1","0","0","0","0","0","0","0","0","7","0","","02","7","2005","1","","","","11","0","0","0","0","0","0","0","0","2","0","0","0","","","1","","0","","","5","0","","3","0","0","0","2301","0","0","0","N","0","0","0","1","02301","0","","4.0","","1","N","N","","0","","1","0","0","","0","Y","","1","1","1","0","0","0","0","1","0","1","","","","N","","","","","","","","","",""
"2005161687","","1","0","0","0","0","0","0","0","0","7","0","","02","8","2005","2","40.438129","-80.04971","","11","0","0","0","0","0","0","0","1","1","0","0","0","","","1","","0","","40 26:17.263","3","0","80 02:58.956","4","0","0","0","2301","0","0","0","N","0","0","0","1","02301","1","","5.0","","1","N","N","","0","","0","0","0","","0","N","","1","1","0","0","0","0","0","2","0","1","","","","N","","","","","","","","","",""
"2005161688","","1","0","0","0","0","0","0","0","0","8","0","","02","7","2005","7","40.39667","-79.987697","","11","0","0","0","0","0","0","0","0","3","0","0","0","","","1","","2","","40 23:48.012","5","0","79 59:15.709","2","0","0","0","2301","1","0","1","N","1","0","1","2","02301","0","","1.0","","1","N","N","","0","","0","1","0","","2","Y","","2","1","0","0","0","0","0","2","0","1","","","","N","","","","","","","","","",""
"2005161689","","2","0","0","0","0","0","0","0","0","4","0","","02","7","2005","7","40.399098","-80.025177","","11","0","0","0","0","0","0","0","0","","0","0","0","","","0","","0","","40 23:56.751","","7","80 01:30.637","0","0","0","0","2301","0","0","0","N","0","0","0","2","02301","0","","1.0","","1","N","N","","0","","0","0","0","","0","","","2","0","0","0","0","0","0","2","0","2","","","","N","","","","","","","","","",""
"2005161690","","2","0","0","0","0","0","0","0","0","1","0","","02","7","2005","7","40.444088","-80.055833","","11","0","0","0","0","0","1","0","0","","0","0","0","","","0","","10","","40 26:38.716","","0","80 03:20.998","0","0","0","0","2301","0","0","0","N","0","0","0","3","02301","0","","1.0","","1","N","N","","1","","0","0","0","","0","","","3","0","0","0","0","0","0","2","0","3","","","","N","","","","","","","","","",""
"2005161691","","2","0","0","0","0","0","0","0","0","4","0","","02","7","2005","1","40.436348","-80.010618","","11","0","0","0","0","0","0","0","0","","0","0","0","","","1","","0","","40 26:10.854","","0","80 00:38.226","8","0","0","0","2301","0","0","0","N","0","0","0","3","02301","0","","1.0","","1","N","N","","0","","0","0","0","","0","","","2","1","0","0","0","1","0","2","0","2","","","","N","","","","","","","","","",""
"2005161692","","2","0","0","0","0","0","0","0","0","4","0","","02","7","2005","7","40.396486","-79.998288","","11","0","0","0","0","2","0","0","0","","0","0","0","","","2","","1","","40 23:47.350","","0","79 59:53.837","4","0","0","0","2301","0","0","0","N","0","0","0","6","02301","1","","1.0","","1","N","N","","0","","0","0","0","","2","","","2","2","0","0","0","1","0","2","0","2","","","","N","","","","","","","","","",""
"2005161693","","2","0","0","0","0","0","0","0","0","1","0","","02","7","2005","5","40.396449","-79.998342","","11","0","0","0","0","0","0","0","0","","0","0","0","","","1","","1","","40 23:47.218","","0","79 59:54.032","4","0","0","0","2301","0","0","0","N","0","0","0","2","02301","1","","1.0","","1","N","N","","0","","0","0","0","","2","","","2","1","0","0","0","0","1","2","0","2","","","","N","","","","","","","","","",""
"2005161694","","2","0","0","0","0","0","0","0","0","4","0","","02","7","2005","3","40.399723","-80.0443","","11","0","0","0","0","0","0","0","1","1","0","0","0","","","0","","1","","40 23:59.004","3","0","80 02:39.480","0","0","0","0","2301","0","0","0","N","0","0","0","2","02301","0","","1.0","","1","N","N","","0","","0","0","0","","0","N","","2","0","0","0","0","0","0","2","0","2","","","","N","","","","","","","","","",""
"2005161695","","2","0","0","0","0","0","0","0","0","4","0","","02","8","2005","2","40.4542","-79.996914","","11","0","0","0","0","0","1","0","1","1","0","0","0","","","0","","1","","40 27:15.119","4","0","79 59:48.892","0","0","0","0","2301","0","0","0","N","0","0","0","3","02301","0","","1.0","","1","N","N","","0","","0","0","0","","2","N","","2","0","0","0","0","0","0","2","0","2","","","","N","","","","","","","","","",""
"2005161696","","2","0","0","0","0","0","0","0","0","4","0","","02","8","2005","2","40.44236","-80.040367","","11","0","0","0","0","0","0","0","0","","0","0","0","","","0","","0","","40 26:32.496","","0","80 02:25.321","9","0","0","0","2301","0","0","0","N","0","0","0","2","02301","0","","1.0","","1","N","Y","","0","","0","0","0","","0","","","2","0","0","0","0","0","2","2","0","2","","","","N","","","","","","","","","",""
"2005161697","","1","0","0","0","0","0","0","0","0","7","0","","02","7","2005","5","","","","11","0","0","0","0","0","0","0","0","","0","0","0","","","0","","0","","","","7","","9","0","0","0","2301","0","0","0","N","0","0","0","1","02301","0","","5.0","","1","N","N","","1","","0","0","0","","0","","","2","0","0","0","0","0","1","1","0","2","","","","N","","","","","","","","","",""
"2005161698","","1","0","0","0","0","0","0","0","0","1","0","","02","8","2005","2","40.437123","-79.998306","","11","0","0","0","0","0","0","0","0","","0","0","0","","","0","","1","","40 26:13.641","","0","79 59:53.901","0","0","0","0","2301","0","0","0","N","0","0","0","5","02301","0","","1.0","","1","N","N","","0","","0","0","1","","2","","","2","0","0","0","0","0","0","2","0","2","","","","N","","","","","","","","","",""
"2005161699","","1","0","0","0","0","0","0","0","0","1","0","","02","8","2005","2","40.450895","-79.935692","","11","0","0","0","0","0","0","0","0","1","0","0","0","","","0","","0","","40 27:03.222","2","0","79 56:08.491","0","0","0","0","2301","0","0","0","N","0","0","0","3","02301","0","","1.0","","1","N","N","","0","","0","0","1","","0","N","","2","0","0","0","0","0","0","2","0","2","","","","N","","","","","","","","","",""
"2005161700","","2","0","0","0","0","0","0","0","0","1","0","","02","7","2005","3","40.442277","-79.917177","","11","0","0","0","0","0","0","0","1","","0","0","0","","","0","","1","","40 26:32.197","","0","79 55:01.837","0","0","0","0","2301","0","0","0","N","0","0","0","2","02301","0","","1.0","","1","N","N","","0","","0","0","0","","2","","","2","0","0","0","0","0","0","2","0","2","","","","N","","","","","","","","","",""
"2005161701","","1","0","0","0","0","0","0","0","0","4","0","","02","7","2005","6","","","","11","0","0","0","0","0","0","0","0","","0","0","0","","","1","","0","","","","0","","3","0","0","0","2301","0","0","0","N","0","0","0","1","02301","0","","6.0","","1","N","N","","0","","1","0","1","","0","","","2","1","1","0","0","0","0","1","0","2","","","","N","","","","","","","","","",""
"2005161702","","2","0","0","0","0","0","0","0","0","4","0","","02","7","2005","6","","","","11","0","0","0","0","0","1","0","0","2","0","0","0","","","1","","1","","","3","0","","4","0","0","0","2301","0","0","0","N","0","0","0","8","02301","1","","1.0","","1","N","N","","0","","0","0","1","","2","Y","","3","1","0","0","0","0","0","1","0","3","","","","N","","","","","","","","","",""
"2005161707","","1","0","0","0","0","0","0","0","0","4","0","","02","7","2005","7","40.48851","-79.936964","","11","0","0","0","0","0","0","0","0","","0","0","0","","","2","","2","","40 29:18.636","","0","79 56:13.072","3","0","0","0","2301","0","0","0","N","0","0","0","5","02301","0","","1.0","","1","N","N","","1","","2","0","0","","2","","","2","2","0","0","0","0","0","2","0","2","","","","N","","","","","","","","","",""
"2005161712","","1","0","0","0","0","0","0","0","0","8","0","","02","7","2005","7","40.456658","-79.997688","","11","0","0","0","0","0","0","1","0","","0","0","0","","","1","","1","","40 27:23.969","","0","79 59:51.675","4","0","0","0","2301","1","0","0","N","1","0","0","2","02301","1","","1.0","","1","N","N","","0","","0","0","0","","2","","","2","1","0","0","0","0","0","2","0","1","","","","N","","","","","","","","","",""
"2005161781","","2","0","0","0","0","0","0","0","0","5","0","","02","7","2005","3","","","","11","0","0","0","0","0","0","0","0","2","0","0","0","","","2","","0","","40 25:01.92","1","0","80 03:24.48","3","0","0","0","2455","0","0","0","N","0","0","0","2","68B03","0","","1.0","","1","N","N","","0","","2","0","0","","0","N","","2","2","1","0","0","0","0","2","0","2","","","","N","","","","","","","","","",""
"2005162003","","2","0","0","0","0","0","0","0","0","5","0","","02","8","2005","4","40.486108","-79.779182","","11","0","0","0","0","0","0","0","0","","0","0","0","","","0","","0","","40 29:09.988","","0","79 46:45.055","0","0","0","0","2466","0","0","0","N","0","0","0","1","02466","0","","1.0","","1","N","N","","0","","0","0","0","","0","","","2","0","0","0","0","0","0","2","0","2","","","","N","","","","","","","","","",""
"2005162127","","1","0","0","0","0","0","0","0","0","7","0","","02","7","2005","1","40.659339","-80.091191","","11","0","0","0","0","1","0","0","0","","0","0","0","","","1","","0","","40 39:33.619","","3","80 05:28.288","4","0","0","0","2212","0","0","0","N","0","0","0","1","68B03","1","","2.0","","9","N","N","","0","","0","0","0","","0","","","1","1","0","0","0","0","0","2","0","1","","","","N","","","","","","","","","",""
"2005162245","","1","0","0","0","0","0","0","0","0","1","0","","02","7","2005","7","","","","11","0","0","0","0","0","0","0","0","","0","1","0","","","1","","0","","40 30:29.16","","0","80 02:34.08","3","0","0","0","2116","0","0","0","N","0","0","0","4","68B03","0","","1.0","","1","N","N","","0","","1","0","0","","0","","","2","1","0","0","0","0","0","2","0","2","","","","N","","","","","","","","","",""
"2005162246","","0","0","0","0","0","0","0","0","0","0","0","","02","7","2005","3","","","","11","0","0","0","0","0","0","0","0","","0","0","0","","","1","","0","","40 25:37.20","","0","79 55:10.56","3","0","0","0","2301","0","0","0","N","0","0","0","1","68B03","0","","2.0","","1","N","N","","0","","1","0","1","","0","","","1","1","0","0","0","0","0","2","0","1","","","","N","","","","","","","","","",""
"2005162261","","1","0","0","0","0","0","0","0","0","7","0","","02","7","2005","5","","","","11","0","0","0","0","0","0","0","0","1","0","0","0","","","1","","0","","40 25:12.72","2","0","80 03:00.72","4","0","0","0","2435","0","0","0","N","0","0","0","1","02435","1","","3.0","","1","N","N","","0","","0","0","0","","0","N","","1","1","0","0","0","0","0","2","0","1","","","","N","","","","","","","","","",""
"2005162302","","0","0","0","0","0","0","0","0","0","5","0","","02","7","2005","5","40.302943","-80.019632","","11","0","0","0","0","0","0","0","0","2","0","0","0","","","0","","0","","40 18:10.594","6","0","80 01:10.676","0","0","0","0","2219","0","0","0","N","0","0","0","1","02219","0","","1.0","","1","N","N","","1","","0","0","1","","0","N","","2","0","0","0","0","0","0","2","0","2","","","","N","","","","","","","","","",""
"2005162454","","1","0","0","1","0","0","0","0","0","8","0","","02","7","2005","6","40.408123","-79.877177","","11","0","0","0","0","0","0","0","0","","0","0","0","","","1","","1","","40 24:29.242","","0","79 52:37.837","8","0","0","0","2456","1","0","0","N","0","0","0","2","02456","0","","1.0","","1","N","N","","0","","0","0","0","","2","","","2","1","1","0","0","1","0","2","0","1","","","","N","","","","","","","","","",""
"2005162468","","2","0","0","0","0","0","0","0","0","5","0","","02","8","2005","4","40.313056","-79.93873","","11","0","0","0","0","0","0","0","0","1","0","0","0","","","0","","1","","40 18:47.000","2","0","79 56:19.427","0","0","0","0","2440","0","0","0","N","0","0","0","3","02440","0","","1.0","","1","N","N","","0","","0","0","0","","2","N","","2","0","1","0","0","0","0","2","0","2","","","","N","","","","","","","","","",""
"2005162471","","3","0","0","0","0","0","0","0","0","1","0","","02","8","2005","3","40.613706","-80.054707","","11","0","0","0","0","0","0","1","0","","0","0","0","","","2","","0","","40 36:49.340","","0","80 03:16.945","8","0","0","0","2216","0","0","0","N","0","0","0","4","02505","0","","1.0","","1","N","N","","0","","0","0","0","","0","","","3","2","0","0","0","2","0","2","0","3","","","","N","","","","","","","","","",""
"2005162476","","1","0","0","0","0","0","0","0","0","1","0","","02","8","2005","5","40.495","-80.0655","","11","0","0","0","0","0","0","0","0","1","0","0","0","","","0","","0","","40 29:42.000","1","0","80 03:55.800","0","0","0","0","2402","0","0","0","N","0","0","0","2","02402","0","","1.0","","1","N","N","","0","","0","0","0","","0","N","","2","0","0","0","0","0","0","2","1","2","","","","N","","","","","","","","","",""
"2005162478","","1","0","0","0","0","0","0","0","0","2","0","","02","8","2005","4","40.3575","-79.955323","","11","0","0","0","0","0","1","0","0","2","0","0","0","","","2","","0","","40 21:27.000","6","0","79 57:19.161","3","0","0","0","2403","0","0","0","N","0","0","0","3","02403","0","","2.0","","1","N","N","","0","","2","0","1","","0","Y","","2","2","1","0","0","0","1","2","0","2","","","","N","","","","","","","","","",""
"2005162740","","2","0","0","0","0","0","0","0","0","5","0","","02","8","2005","5","","","","11","0","0","0","0","0","0","0","0","","0","0","0","","","0","","0","","","","0","","9","0","0","0","2302","0","0","0","N","0","0","0","1","02302","0","","6.0","","1","N","N","","0","","0","0","0","","0","","","3","0","0","0","0","0","1","1","1","3","","","","N","","","","","","","","","",""
"2005162760","","2","0","0","0","0","0","0","0","0","1","0","","02","8","2005","5","40.541185","-79.797295","","11","0","0","0","0","0","1","0","0","","0","0","0","","","1","","0","","40 32:28.265","","0","79 47:50.261","8","0","0","0","2418","0","0","0","N","0","0","0","2","02418","0","","1.0","","1","N","N","","0","","0","0","0","","0","","","2","1","0","0","0","1","0","2","0","2","","","","N","","","","","","","","","",""
"2005162787","","2","0","0","0","0","0","0","0","0","4","0","","02","8","2005","5","40.407964","-79.909064","","11","0","0","0","0","0","0","0","0","","0","0","0","","","0","","0","","40 24:28.672","","0","79 54:32.629","0","0","0","0","2438","0","0","0","N","0","0","0","5","02438","0","","1.0","","1","N","N","","0","","0","0","0","","0","","","2","0","0","0","0","0","0","2","0","2","","","","N","","","","","","","","","",""
"2005162821","","1","0","0","0","0","0","0","0","0","7","0","","02","6","2005","2","","","","11","0","0","0","0","1","0","0","0","2","0","0","0","","","2","","0","","40 26:43.08","3","2","79 50:54.60","4","0","0","0","2419","0","0","0","N","0","0","0","2","68B03","2","","3.0","","1","N","N","","0","","0","0","0","","0","N","","1","2","0","0","0","0","0","2","0","1","","","","N","","","","","","","","","",""
"2005162908","","0","0","0","0","0","0","0","0","0","5","1","","02","8","2005","5","","","","11","0","0","0","0","0","0","0","1","","0","1","0","","","0","","2","","","","0","","0","0","0","0","2438","0","0","0","N","0","0","0","2","02438","0","","1.0","","1","N","N","","0","","0","0","1","","3","","","2","0","0","0","0","0","0","1","0","2","","","","N","","","","","","","","","",""
"2005163146","","2","0","0","0","0","0","0","0","0","4","0","","02","8","2005","3","40.399958","-80.023926","","11","0","1","0","0","1","0","0","0","","0","0","0","","","0","","0","","40 23:59.849","","7","80 01:26.133","0","0","0","0","2301","0","0","0","N","0","0","0","2","02301","0","","1.0","","1","N","N","","0","","0","0","0","","0","","","2","0","0","0","0","0","0","2","0","2","","","","N","","","","","","","","","",""
"2005163264","","1","0","0","0","0","0","0","0","0","8","0","","02","8","2005","6","40.401389","-79.779043","","11","0","0","0","0","0","0","0","0","","1","0","0","","","0","","0","","40 24:05.000","","0","79 46:44.553","1","0","0","0","2453","1","1","0","N","1","1","0","2","02501","0","2","1.0","","1","N","N","","0","0","0","0","0","","0","","","2","0","0","0","0","0","0","2","0","1","","","","N","","","","","","","","","",""
"2005163268","","1","0","0","0","0","0","0","0","0","7","0","","02","8","2005","4","40.547218","-80.172824","","11","0","0","0","0","0","0","0","0","","0","0","0","","","1","","0","","40 32:49.986","","0","80 10:22.165","8","0","0","0","2459","0","0","0","N","0","0","0","1","02459","0","","4.0","","1","N","N","","0","","0","0","0","","0","","","1","1","0","0","0","1","0","1","0","1","","","","N","","","","","","","","","",""
"2005163338","","0","0","0","0","0","0","0","0","0","7","0","","02","8","2005","2","40.404167","-80.056174","","11","0","0","0","0","0","0","0","0","","0","0","0","","","0","","0","","40 24:15.000","","0","80 03:22.228","0","0","0","1","2435","0","0","0","N","0","0","0","1","02435","0","","5.0","","1","N","N","","0","","0","0","0","","0","","","1","0","0","0","0","0","0","2","0","1","","","","N","","","","","","","","","",""
"2005163673","","1","0","0","0","0","0","0","0","0","4","0","","02","8","2005","6","40.336544","-79.971239","","11","0","0","0","1","0","0","0","0","","0","0","0","","","1","","0","","40 20:11.560","","0","79 58:16.459","8","0","0","0","2454","0","0","0","N","0","0","0","2","02454","0","","1.0","","1","N","N","","1","","0","0","0","","0","","","2","1","0","0","0","1","0","2","0","2","","","","N","","","","","","","","","",""
"2005163676","","1","0","0","0","0","0","0","0","0","4","0","","02","8","2005","7","40.336389","-79.979023","","11","0","0","0","0","0","0","1","0","","0","0","0","","","0","","2","","40 20:11.000","","0","79 58:44.484","0","0","0","0","2403","0","0","0","N","0","0","0","3","02403","0","","1.0","","1","N","N","","1","","0","0","0","","2","","","2","0","0","0","0","0","0","2","0","2","","","","N","","","","","","","","","",""
"2005163697","","2","0","0","0","0","0","0","0","0","1","0","","02","8","2005","6","40.320645","-79.942001","","11","0","0","0","0","0","0","0","0","","0","0","0","","","3","","0","","40 19:14.322","","0","79 56:31.205","4","0","0","0","2454","0","0","0","N","0","0","0","12","02454","3","","1.0","","1","N","N","","0","","0","0","1","","0","","","3","3","0","0","0","0","0","2","0","3","","","","N","","","","","","","","","",""
"2005164384","","0","0","0","0","0","0","0","0","0","0","0","","02","7","2005","1","","","","11","0","0","0","0","0","0","0","0","2","0","0","0","","","1","","0","","","4","0","","2","0","1","1","2301","0","0","0","N","0","0","0","1","02301","0","","1.0","","1","N","N","","0","","0","1","0","","0","N","","1","1","0","0","0","0","0","1","0","1","","","","N","","","","","","","","","",""
"2005164591","","1","0","0","0","0","0","0","0","0","7","0","","02","8","2005","7","40.6586","-79.9948","","11","0","1","0","0","0","0","0","0","2","0","0","0","","","0","","0","","40 39:30.960","3","0","79 59:41.280","0","0","0","0","2217","0","0","0","N","0","0","0","1","02217","0","","5.0","","9","N","N","","0","","0","0","0","","0","N","","1","0","0","0","0","0","0","1","0","1","","","","N","","","","","","","","","",""
"2005164607","","1","0","0","0","0","0","0","0","0","7","0","","02","8","2005","7","","","","11","1","0","0","0","0","0","0","0","","0","0","0","","","0","","2","","","","0","","0","0","0","0","2216","0","0","0","N","0","0","0","1","02505","0","","5.0","","1","N","N","","0","","0","0","0","","3","","","1","0","0","0","0","0","0","1","0","1","","","","N","","","","","","","","","",""
"2005164618","","1","0","0","0","0","0","0","0","0","2","0","","02","8","2005","7","40.536734","-79.758977","","11","0","1","0","0","0","1","0","0","1","0","0","0","","","0","","0","","40 32:12.243","4","0","79 45:32.316","0","0","0","0","2466","0","0","0","N","0","0","0","4","02466","0","","1.0","","9","N","N","","0","","0","0","1","","0","N","","2","0","0","0","0","0","0","2","0","2","","","","N","","","","","","","","","",""
"2005164623","","2","0","0","0","0","0","0","0","0","4","0","","02","8","2005","7","40.5109","-80.2135","","11","0","0","0","0","0","1","0","0","1","0","0","0","","","1","","0","","40 30:39.240","3","0","80 12:48.600","4","0","0","0","2213","0","0","0","N","0","0","0","3","02213","1","","1.0","","1","N","N","","0","","0","0","0","","0","N","","2","1","0","0","0","0","0","2","0","2","","","","N","","","","","","","","","",""
"2005164853","","1","0","0","0","0","0","0","0","0","5","0","","02","8","2005","7","40.409194","-79.899454","","11","0","0","0","0","0","0","0","0","1","0","0","0","","","0","","2","","40 24:33.099","3","0","79 53:58.035","9","0","0","0","2448","0","0","0","N","0","0","0","3","02448","0","","1.0","","1","N","N","","0","","0","0","1","","0","N","","2","0","0","0","0","0","1","2","0","2","","","","N","","","","","","","","","",""
"2005164854","","2","0","0","0","0","0","0","0","0","4","0","","02","8","2005","7","40.432081","-80.071001","","11","0","0","0","0","0","0","0","0","","0","0","0","","","0","","2","","40 25:55.491","","0","80 04:15.603","0","0","0","0","2421","0","0","0","N","0","0","0","2","02421","0","","1.0","","9","N","N","","0","","0","0","0","","3","","","2","0","0","0","0","0","0","2","0","2","","","","N","","","","","","","","","",""
"2005164857","","2","0","0","0","0","0","0","0","0","1","0","","02","8","2005","7","40.483767","-79.777114","","11","0","0","0","0","0","0","0","0","3","0","0","0","","","1","","0","","40 29:01.561","5","0","79 46:37.610","4","0","0","0","2466","0","0","0","N","0","0","0","2","02466","1","","1.0","","9","N","N","","1","","0","0","0","","0","Y","","3","1","0","0","0","0","0","2","0","3","","","","N","","","","","","","","","",""
"2005164867","","1","0","0","0","0","0","0","0","0","1","0","","02","8","2005","5","40.614167","-80.054745","","11","0","0","0","0","0","0","0","0","","0","0","0","","","2","","2","","40 36:51.000","","0","80 03:17.081","4","0","0","0","2216","0","0","0","N","0","0","0","4","02505","2","","1.0","","1","N","N","","0","","0","0","1","","0","","","2","2","0","0","0","0","0","1","0","2","","","","N","","","","","","","","","",""
"2005164869","","1","0","0","0","0","0","0","0","0","8","0","","02","8","2005","7","","","","11","0","0","0","0","0","0","0","0","1","0","0","0","","","1","","0","","","3","0","","2","0","0","0","2302","1","0","1","N","1","0","1","2","02302","0","","1.0","","9","N","N","","0","","0","1","0","","8","N","","2","1","0","0","0","0","1","1","0","1","","","","N","","","","","","","","","",""
"2005164874","","0","0","0","0","0","0","0","0","0","7","0","","02","8","2005","5","40.5459","-79.962","","11","0","0","0","0","0","0","0","0","","0","0","0","","","0","","0","","40 32:45.240","","0","79 57:43.200","0","0","0","0","2118","0","0","0","N","0","0","0","1","02118","0","","2.0","","1","N","N","","0","","0","0","1","","0","","","1","0","0","0","0","0","0","2","0","1","","","","N","","","","","","","","","",""
"2005164884","","2","0","0","0","0","0","0","0","0","4","0","","02","8","2005","7","40.640456","-80.089891","","11","0","0","0","0","0","1","0","0","","0","0","0","","","1","","2","","40 38:25.640","","0","80 05:23.607","4","0","0","0","2212","0","0","0","N","0","0","0","4","02505","1","","1.0","","9","N","N","","0","","0","0","0","","3","","","2","1","0","0","0","0","0","2","0","2","","","","N","","","","","","","","","",""
"2005164888","","1","0","0","0","0","0","0","0","0","99","0","35","02","8","2005","1","40.648333","-79.937224","","11","0","0","0","0","0","0","0","0","","0","0","0","","","0","","3","","40 38:54.000","","0","79 56:14.005","0","0","0","0","2217","0","0","0","N","0","0","0","1","02217","0","","1.0","","1","N","N","","0","","0","0","0","","0","","","1","0","0","0","0","0","0","2","0","1","","","N","Y","4","1","","","N","","","","",""
"2005164891","","0","0","0","0","0","0","0","0","0","0","0","","02","8","2005","1","40.272778","-79.885268","","11","0","0","0","0","0","0","0","0","1","0","0","0","","","2","","0","","40 16:22.000","1","0","79 53:06.963","8","0","0","1","2428","0","0","0","N","0","0","0","3","02428","0","","1.0","","1","N","N","","0","","0","0","1","","0","Y","","2","2","0","0","0","2","0","2","0","2","","","","N","","","","","","","","","",""
"2005164892","","2","0","0","0","0","0","0","0","0","1","0","","02","8","2005","7","40.633056","-79.957476","","11","0","1","0","0","0","0","0","0","","0","0","0","","","0","","2","","40 37:59.000","","0","79 57:26.913","0","0","0","0","2217","0","0","0","N","0","0","0","3","02217","0","","1.0","","1","N","N","","0","","0","0","0","","0","","","2","0","0","0","0","0","0","2","0","2","","","","N","","","","","","","","","",""
"2005164901","","1","0","0","0","0","0","0","0","0","7","0","","02","8","2005","1","40.3189","-79.8991","","11","0","0","0","0","0","1","0","0","","0","0","0","","","0","","0","","40 19:08.040","","0","79 53:56.760","0","0","0","0","2440","0","0","0","Y","0","0","0","3","02440","0","","3.0","","9","N","N","","0","","0","0","0","","0","","","1","0","0","0","0","0","0","2","0","1","","","","N","","","","","","","","","",""