"CRN","ARRIVAL_TM","AUTOMOBILE_COUNT","BELTED_DEATH_COUNT","BELTED_SUSP_SERIOUS_INJ_COUNT","BICYCLE_COUNT","BICYCLE_DEATH_COUNT","BICYCLE_SUSP_SERIOUS_INJ_COUNT","BUS_COUNT","CHLDPAS_DEATH_COUNT","CHLDPAS_SUSP_SERIOUS_INJ_COUNT","COLLISION_TYPE","COMM_VEH_COUNT","CONS_ZONE_SPD_LIM","COUNTY","CRASH_MONTH","CRASH_YEAR","DAY_OF_WEEK","DEC_LATITUDE","DEC_LONGITUDE","DISPATCH_TM","DISTRICT","DRIVER_COUNT_16YR","DRIVER_COUNT_17YR","DRIVER_COUNT_18YR","DRIVER_COUNT_19YR","DRIVER_COUNT_20YR","DRIVER_COUNT_50_64YR","DRIVER_COUNT_65_74YR","DRIVER_COUNT_75PLUS","EST_HRS_CLOSED","FATAL_COUNT","HEAVY_TRUCK_COUNT","HORSE_BUGGY_COUNT","HOUR_OF_DAY","ILLUMINATION","INJURY_COUNT","INTERSECTION_RELATED","INTERSECT_TYPE","LANE_CLOSED","LATITUDE","LN_CLOSE_DIR","LOCATION_TYPE","LONGITUDE","MAX_SEVERITY_LEVEL","MCYCLE_DEATH_COUNT","MCYCLE_SUSP_SERIOUS_INJ_COUNT","MOTORCYCLE_COUNT","MUNICIPALITY","NONMOTR_COUNT","NONMOTR_DEATH_COUNT","NONMOTR_SUSP_SERIOUS_INJ_COUNT","NTFY_HIWY_MAINT","PED_COUNT","PED_DEATH_COUNT","PED_SUSP_SERIOUS_INJ_COUNT","PERSON_COUNT","POLICE_AGCY","POSSIBLE_INJ_COUNT","RDWY_SURF_TYPE_CD","RELATION_TO_ROAD","ROADWAY_CLEARED","ROAD_CONDITION","SCH_BUS_IND","SCH_ZONE_IND","SECONDARY_CRASH","SMALL_TRUCK_COUNT","SPEC_JURIS_CD","SUSP_MINOR_INJ_COUNT","SUSP_SERIOUS_INJ_COUNT","SUV_COUNT","TCD_FUNC_CD","TCD_TYPE","TFC_DETOUR_IND","TIME_OF_DAY","TOTAL_UNITS","TOT_INJ_COUNT","UNBELTED_OCC_COUNT","UNB_DEATH_COUNT","UNB_SUSP_SERIOUS_INJ_COUNT","UNK_INJ_DEG_COUNT","UNK_INJ_PER_COUNT","URBAN_RURAL","VAN_COUNT","VEHICLE_COUNT","WEATHER1","WEATHER2","WORKERS_PRES","WORK_ZONE_IND","WORK_ZONE_LOC","WORK_ZONE_TYPE","WZ_CLOSE_DETOUR","WZ_FLAGGER","WZ_LAW_OFFCR_IND","WZ_LN_CLOSURE","WZ_MOVING","WZ_OTHER","WZ_SHLDER_MDN","WZ_WORKERS_INJ_KILLED"
"2005164911","","2","0","0","0","0","0","0","0","0","2","0","","02","8","2005","3","40.6609","-80.046","","11","0","0","0","0","0","0","0","0","","0","0","0","","","2","","0","","40 39:39.240","","0","80 02:45.600","3","0","0","0","2216","0","0","0","N","0","0","0","2","02505","0","","1.0","","1","N","N","","0","","2","0","0","","0","","","2","2","0","0","0","0","0","2","0","2","","","","N","","","","","","","","","",""
"2005164914","","1","0","0","0","0","0","0","0","0","7","0","","02","8","2005","7","40.3154","-80.1064","","11","0","0","0","0","0","0","0","0","","0","0","0","","","0","","0","","40 18:55.440","","0","80 06:23.040","0","0","0","0","2123","0","0","0","Y","0","0","0","1","02123","0","","2.0","","9","N","N","","0","","0","0","0","","0","","","1","0","0","0","0","0","0","2","0","1","","","","N","","","","","","","","","",""
"2005164915","","1","0","0","0","0","0","0","0","0","8","0","","02","8","2005","3","40.381246","-79.811879","","11","0","0","0","0","0","0","0","1","3","0","0","0","","","1","","1","","40 22:52.485","4","0","79 48:42.763","2","0","0","0","2424","1","0","1","N","1","0","1","2","02424","0","","1.0","","1","N","N","","0","","0","1","0","","2","N","","2","1","0","0","0","0","0","2","0","1","","","","N","","","","","","","","","",""
"2005165071","","3","0","0","0","0","0","0","0","0","4","0","","02","8","2005","1","40.50088","-80.061646","","11","0","0","0","0","0","0","0","1","2","0","0","0","","","2","","2","","40 30:03.168","5","0","80 03:41.926","3","0","0","0","2402","0","0","0","N","0","0","0","3","02402","1","","1.0","","1","N","N","","0","","1","0","0","","3","Y","","3","2","1","0","0","0","0","2","0","3","","","","N","","","","","","","","","",""
"2005165080","","2","0","0","0","0","0","0","0","0","1","0","","02","8","2005","2","40.2714","-79.885","","11","0","0","0","0","0","1","0","0","","0","0","0","","","1","","6","","40 16:17.040","","2","79 53:06.000","4","0","0","0","2428","0","0","0","N","0","0","0","2","02428","1","","1.0","","1","N","N","","0","","0","0","0","","3","","","2","1","0","0","0","0","0","2","0","2","","","","N","","","","","","","","","",""
"2005165091","","2","0","0","0","0","0","0","0","0","2","0","","02","8","2005","2","40.607222","-79.752149","","11","0","1","0","0","0","0","0","0","1","0","0","0","","","0","","2","","40 36:26.000","6","0","79 45:07.738","0","0","0","0","2464","0","0","0","N","0","0","0","4","02464","0","","1.0","","9","N","N","","0","","0","0","0","","0","Y","","2","0","0","0","0","0","0","2","0","2","","","","N","","","","","","","","","",""
"2005165092","","0","0","0","0","0","0","0","0","0","7","0","","02","8","2005","2","40.496414","-79.712077","","11","0","1","0","0","0","0","0","0","","0","0","0","","","0","","0","","40 29:47.090","","0","79 42:43.477","0","0","0","0","2466","0","0","0","N","0","0","0","1","02466","0","","5.0","","9","N","N","","0","","0","0","0","","0","","","1","0","0","0","0","0","0","2","1","1","","","","N","","","","","","","","","",""
"2005165096","","2","0","0","0","0","0","0","0","0","6","0","","02","8","2005","2","40.613611","-79.947404","","11","0","1","0","0","0","0","0","1","","0","0","0","","","0","","1","","40 36:49.000","","0","79 56:50.656","0","0","0","0","2207","0","0","0","N","0","0","0","2","02207","0","","1.0","","9","N","N","","0","","0","0","0","","2","","","2","0","0","0","0","0","0","2","0","2","","","","N","","","","","","","","","",""
"2005165101","","4","0","0","0","0","0","0","0","0","4","0","","02","8","2005","7","","","","11","0","0","0","0","0","0","0","0","","0","0","0","","","0","","0","","","","0","","0","0","0","0","2404","0","0","0","N","0","0","0","2","02404","0","","6.0","","9","N","N","","0","","0","0","0","","0","","","4","0","0","0","0","0","0","1","0","4","","","","N","","","","","","","","","",""
"2005165102","","2","0","0","0","0","0","0","0","0","4","0","","02","8","2005","7","40.4942","-80.0615","","11","0","0","0","0","0","0","0","0","","0","0","0","","","2","","0","","40 29:39.120","","0","80 03:41.400","4","0","0","0","2404","0","0","0","N","0","0","0","3","02404","2","","1.0","","9","N","N","","0","","0","0","0","","0","","","2","2","0","0","0","0","0","2","0","2","","","","N","","","","","","","","","",""
"2005165105","","1","0","0","0","0","0","0","0","0","7","0","","02","8","2005","2","40.662778","-80.015359","","11","0","0","0","0","0","0","0","0","","0","0","0","","","0","","0","","40 39:46.000","","0","80 00:55.293","0","0","0","0","2216","0","0","0","Y","0","0","0","1","02505","0","","5.0","","9","N","N","","0","","0","0","0","","0","","","1","0","0","0","0","0","0","2","0","1","","","","N","","","","","","","","","",""
"2005165109","","1","0","0","0","0","0","0","0","0","1","0","","02","8","2005","2","40.345833","-79.973336","","11","0","0","0","0","0","1","0","0","","0","0","0","","","1","","0","","40 20:45.000","","0","79 58:24.008","8","0","0","0","2403","0","0","0","N","0","0","0","2","02403","0","","1.0","","9","N","N","","0","","0","0","1","","2","","","2","1","0","0","0","1","0","2","0","2","","","","N","","","","","","","","","",""
"2005165112","","1","0","0","0","0","0","0","0","0","4","0","","02","8","2005","2","40.6148","-79.7588","","11","0","0","0","0","0","1","0","0","","0","0","0","","","2","","6","","40 36:53.280","","2","79 45:31.680","3","0","0","0","2202","0","0","0","N","0","0","0","3","02202","1","","1.0","","9","N","N","","0","","1","0","1","","0","","","2","2","1","0","0","0","0","2","0","2","","","","N","","","","","","","","","",""
"2005165130","","0","0","0","0","0","0","0","0","0","7","0","","02","8","2005","3","40.503889","-79.987946","","11","0","0","0","0","0","1","0","0","","0","0","0","","","0","","0","","40 30:14.000","","0","79 59:16.606","0","0","0","0","2118","0","0","0","N","0","0","0","1","02118","0","","5.0","","9","N","N","","0","","0","0","0","","0","","","1","0","0","0","0","0","0","2","1","1","","","","N","","","","","","","","","",""
"2005165143","","0","0","0","0","0","0","0","0","0","7","0","","02","8","2005","2","40.343056","-80.060597","","11","0","0","0","0","0","0","0","0","","0","0","0","","","1","","0","","40 20:35.000","","0","80 03:38.150","4","0","0","0","2123","0","0","0","Y","0","0","0","1","02123","1","","4.0","","9","N","N","","0","","0","0","1","","0","","","1","1","0","0","0","0","0","2","0","1","","","","N","","","","","","","","","",""
"2005165180","","2","0","0","0","0","0","0","0","0","1","0","","02","8","2005","2","","","","11","0","0","0","0","0","0","0","0","","0","0","0","","","2","","0","","","","0","","4","0","0","0","2126","0","0","0","N","0","0","0","3","02126","2","","1.0","","9","N","N","","0","","0","0","0","","0","","","2","2","0","0","0","0","0","1","0","2","","","","N","","","","","","","","","",""
"2005165422","","1","0","0","0","0","0","0","0","0","7","0","","02","8","2005","2","40.566129","-79.979889","","11","0","0","0","0","0","0","0","0","1","0","0","0","","","0","","0","","40 33:58.065","3","0","79 58:47.602","0","0","0","0","2207","0","0","0","N","0","0","0","1","02207","0","","4.0","","9","N","N","","0","","0","0","0","","0","Y","","1","0","0","0","0","0","0","2","0","1","","","","N","","","","","","","","","",""
"2005165424","","1","0","0","0","0","0","0","0","0","8","0","","02","8","2005","1","40.499794","-80.054501","","11","0","0","0","0","1","0","0","0","","0","0","0","","","1","","0","","40 29:59.259","","0","80 03:16.202","3","0","0","0","2404","1","0","0","","1","0","0","2","02404","0","","1.0","","1","N","N","","0","","1","0","0","","0","","","2","1","0","0","0","0","0","2","0","1","","","","N","","","","","","","","","",""
"2005165427","","2","0","0","0","0","0","0","0","0","4","0","","02","8","2005","3","","","","11","0","0","0","0","0","0","0","0","","0","0","0","","","0","","2","","","","0","","0","0","0","0","2419","0","0","0","N","0","0","0","3","02419","0","","1.0","","9","N","N","","0","","0","0","0","","3","","","2","0","0","0","0","0","0","1","0","2","","","","N","","","","","","","","","",""
"2005165429","","3","0","0","0","0","0","0","0","0","1","0","","02","8","2005","3","","","","11","0","0","0","0","0","1","0","0","1","0","0","0","","","1","","0","","","2","3","","4","0","0","0","2438","0","0","0","N","0","0","0","7","02438","1","","1.0","","9","N","N","","0","","0","0","1","","0","N","","4","1","0","0","0","0","0","1","0","4","","","","N","","","","","","","","","",""
"2005165430","","1","0","0","0","0","0","0","0","0","7","0","","02","8","2005","2","40.439291","-80.061874","","11","0","0","0","0","0","1","0","0","6","0","0","0","","","1","","2","","40 26:21.447","6","0","80 03:42.746","4","0","0","0","2421","0","0","0","N","0","0","0","2","02421","1","","5.0","","9","N","N","","1","","0","0","0","","0","Y","","2","1","0","0","0","0","0","2","0","2","","","","N","","","","","","","","","",""
"2005165434","","1","0","0","0","0","0","0","0","0","4","0","","02","8","2005","5","40.456944","-80.176277","","11","0","0","0","0","0","1","0","0","","0","0","0","","","1","","1","","40 27:25.000","","0","80 10:34.598","4","0","0","0","2213","0","0","0","N","0","0","0","2","02213","1","","1.0","","1","N","N","","0","","0","0","1","","2","","","2","1","0","0","0","0","0","2","0","2","","","","N","","","","","","","","","",""
"2005166122","","2","0","0","0","0","0","0","0","0","5","0","","02","8","2005","3","40.384874","-79.958969","","11","0","0","0","0","0","0","0","0","","0","0","0","","","0","","0","","40 23:05.546","","0","79 57:32.288","0","0","0","0","2403","0","0","0","N","0","0","0","2","02403","0","","2.0","","9","N","N","","0","","0","0","0","","0","","","2","0","0","0","0","0","0","2","0","2","","","","N","","","","","","","","","",""
"2005166318","","1","0","0","0","0","0","0","0","0","7","0","","02","8","2005","4","40.6692","-80.0971","","11","0","0","0","0","0","0","0","0","","0","0","0","","","0","","6","","40 40:09.120","","2","80 05:49.560","0","0","0","0","2212","0","0","0","N","0","0","0","1","02505","0","","7.0","","9","N","N","","0","","0","0","0","","0","","","1","0","0","0","0","0","0","2","0","1","","","","N","","","","","","","","","",""
"2005166859","","1","0","0","0","0","0","0","0","0","4","0","","02","6","2005","7","40.288975","-79.888409","","11","0","0","0","0","0","0","1","0","","0","0","0","","","0","","0","","40 17:20.310","","0","79 53:18.272","0","0","0","0","2302","0","0","0","N","0","0","0","4","02302","0","","1.0","","9","N","N","","1","","0","0","0","","0","","","2","0","0","0","0","0","0","2","0","2","","","","N","","","","","","","","","",""
"2005166870","","0","0","0","0","0","0","0","0","0","8","0","","02","8","2005","1","40.516944","-79.959049","","11","0","0","0","0","0","0","0","0","4","1","0","0","","","0","","0","","40 31:01.000","5","0","79 57:32.575","1","0","0","0","2118","1","1","0","N","1","1","0","2","02118","0","2","1.0","","1","N","N","","0","0","0","0","0","","0","Y","","2","0","0","0","0","0","1","2","0","1","","","","N","","","","","","","","","",""
"2005166875","","3","0","0","0","0","0","0","0","0","4","0","","02","8","2005","2","40.5198","-80.2179","","11","0","0","0","0","0","1","1","1","1","0","0","0","","","1","","0","","40 31:11.280","2","7","80 13:04.440","4","0","0","0","2213","0","0","0","N","0","0","0","3","02213","1","","1.0","","9","N","N","","0","","0","0","0","","2","N","","3","1","0","0","0","0","0","2","0","3","","","","N","","","","","","","","","",""
"2005166881","","1","0","0","0","0","0","0","0","0","5","0","","02","8","2005","3","","","","11","0","0","0","0","0","0","0","0","","0","1","0","","","1","","1","","","","0","","4","0","0","0","2301","0","0","0","N","0","0","0","3","02301","1","","1.0","","1","N","N","","0","","0","0","0","","0","","","2","1","0","0","0","0","0","1","0","2","","","","N","","","","","","","","","",""
"2005166882","","1","0","0","0","0","0","0","0","0","4","0","","02","8","2005","3","","","","11","0","0","0","0","0","0","0","0","","0","0","0","","","0","","1","","","","0","","0","0","0","0","2301","0","0","0","N","0","0","0","2","02301","0","","1.0","","1","N","N","","0","","0","0","0","","2","","","2","0","0","0","0","0","0","1","1","2","","","","N","","","","","","","","","",""
"2005166883","","1","0","0","0","0","0","0","0","0","7","0","","02","8","2005","5","40.450915","-79.954954","","11","0","0","0","0","0","1","0","0","","0","0","0","","","1","","1","","40 27:03.294","","0","79 57:17.834","3","0","0","0","2301","0","0","0","N","0","0","0","2","02301","0","","5.0","","1","N","N","","0","","1","0","0","","2","","","1","1","1","0","0","0","0","2","0","1","","","","N","","","","","","","","","",""
"2005166884","","2","0","0","0","0","0","0","0","0","4","0","","02","8","2005","3","40.451509","-79.908149","","11","0","0","0","0","0","0","0","0","1","0","0","0","","","2","","1","","40 27:05.432","1","0","79 54:29.335","3","0","0","0","2301","0","0","0","N","0","0","0","2","02301","1","","1.0","","1","N","N","","0","","1","0","0","","2","N","","2","2","0","0","0","0","0","2","0","2","","","","N","","","","","","","","","",""
"2005166885","","1","0","0","0","0","0","0","0","0","5","0","","02","8","2005","4","40.4379","-79.912098","","11","0","0","1","0","0","0","0","0","","0","0","0","","","0","","0","","40 26:16.440","","0","79 54:43.552","0","0","0","0","2301","0","0","0","N","0","0","0","3","02301","0","","2.0","","1","N","N","","1","","0","0","0","","0","","","2","0","0","0","0","0","0","2","0","2","","","","N","","","","","","","","","",""
"2005166886","","1","0","0","0","0","0","0","0","0","4","0","","02","8","2005","5","","","","11","0","0","0","0","1","0","0","0","","0","1","0","","","0","","0","","","","0","","0","0","0","0","2301","0","0","0","N","0","0","0","2","02301","0","","1.0","","1","N","N","","0","","0","0","0","","0","","","2","0","0","0","0","0","0","1","0","2","","","","N","","","","","","","","","",""
"2005166887","","0","0","0","0","0","0","0","0","0","1","0","","02","8","2005","6","40.43434","-79.918759","","11","0","0","0","0","0","0","1","0","","0","0","0","","","1","","2","","40 26:03.624","","0","79 55:07.532","8","0","0","0","2301","0","0","0","N","0","0","0","2","02301","0","","1.0","","9","N","N","","0","","0","0","1","","0","","","2","1","0","0","0","1","0","2","1","2","","","","N","","","","","","","","","",""
"2005166888","","1","0","0","0","0","0","0","0","0","7","0","","02","8","2005","7","","","","11","0","0","0","0","0","0","0","0","","0","0","0","","","0","","2","","","","0","","0","0","0","0","2301","0","0","0","N","0","0","0","1","02301","0","","1.0","","1","N","N","","0","","0","0","0","","1","","","1","0","0","0","0","0","0","1","0","1","","","","N","","","","","","","","","",""
"2005166889","","2","0","0","0","0","0","0","0","0","1","0","","02","8","2005","1","40.4361","-79.9663","","11","0","0","0","0","0","0","0","0","","0","0","0","","","0","","6","","40 26:09.960","","2","79 57:58.680","0","0","0","0","2301","0","0","0","N","0","0","0","3","02301","0","","1.0","","1","N","N","","0","","0","0","0","","3","","","2","0","0","0","0","0","0","2","0","2","","","","N","","","","","","","","","",""
"2005166890","","1","0","0","0","0","0","0","0","0","8","0","","02","8","2005","2","40.425667","-79.934699","","11","0","0","0","0","0","1","0","0","","0","0","0","","","1","","3","","40 25:32.401","","0","79 56:04.916","4","0","0","0","2301","1","0","0","N","1","0","0","2","02301","1","","1.0","","1","N","N","","0","","0","0","0","","0","","","2","1","0","0","0","0","0","2","0","1","","","","N","","","","","","","","","",""
"2005166891","","2","0","0","0","0","0","0","0","0","1","0","","02","8","2005","4","40.455556","-79.966187","","11","0","0","0","0","0","0","0","0","","0","0","0","","","1","","1","","40 27:20.000","","0","79 57:58.274","8","0","0","0","2301","0","0","0","N","0","0","0","2","02301","0","","1.0","","1","N","N","","0","","0","0","0","","2","","","2","1","1","0","0","1","0","2","0","2","","","","N","","","","","","","","","",""
"2005166894","","1","0","0","0","0","0","0","0","0","5","0","","02","8","2005","3","40.457257","-79.909028","","11","0","0","0","0","0","1","0","0","","0","0","0","","","1","","1","","40 27:26.125","","0","79 54:32.499","8","0","0","0","2301","0","0","0","N","0","0","0","4","02301","0","","1.0","","1","N","N","","0","","0","0","1","","2","","","2","1","0","0","0","1","0","2","0","2","","","","N","","","","","","","","","",""
"2005166895","","1","0","0","0","0","0","0","0","0","1","0","","02","8","2005","6","40.467823","-80.025132","","11","0","0","0","0","0","1","0","0","","0","0","0","","","0","","2","","40 28:04.162","","0","80 01:30.475","0","0","0","0","2301","0","0","0","N","0","0","0","3","02301","0","","1.0","","9","N","N","","1","","0","0","0","","0","","","2","0","0","0","0","0","0","2","0","2","","","","N","","","","","","","","","",""
"2005166896","","1","0","0","0","0","0","0","0","0","8","0","","02","8","2005","1","40.459515","-80.017708","","11","0","0","0","0","0","0","0","0","","0","0","0","","","1","","1","","40 27:34.254","","0","80 01:03.748","4","0","0","0","2301","1","0","0","","1","0","0","2","02301","1","","1.0","","1","N","N","","0","","0","0","0","","2","","","2","1","0","0","0","0","0","2","0","1","","","","N","","","","","","","","","",""
"2005166897","","1","0","0","0","0","0","0","0","0","1","0","","02","8","2005","4","40.4598","-80.0306","","11","0","0","0","0","0","0","0","0","","0","0","0","","","1","","7","","40 27:35.280","","2","80 01:50.160","8","0","0","1","2301","0","0","0","N","0","0","0","1","02301","0","","1.0","","1","N","N","","0","","0","0","0","","3","","","2","1","0","0","0","1","0","2","0","2","","","","N","","","","","","","","","",""
"2005166898","","2","0","0","0","0","0","0","0","0","4","0","","02","8","2005","5","40.454167","-79.996944","","11","0","0","0","0","0","0","0","0","","0","0","0","","","0","","1","","40 27:15.000","","2","79 59:49.000","0","0","0","0","2301","0","0","0","N","0","0","0","2","02301","0","","1.0","","1","N","N","","0","","0","0","0","","2","","","2","0","0","0","0","0","0","2","0","2","","","","N","","","","","","","","","",""
"2005166899","","1","0","0","0","0","0","0","0","0","7","0","","02","8","2005","5","40.482606","-80.041394","","11","0","0","0","0","0","1","0","0","3","1","0","0","","","0","","2","","40 28:57.381","4","0","80 02:29.018","1","0","0","0","2301","0","0","0","N","0","0","0","2","02301","0","2","4.0","","1","N","N","","0","0","0","0","0","","3","Y","","1","0","1","0","0","0","0","2","0","1","","","","N","","","","","","","","","",""
"2005166900","","1","0","0","0","0","0","0","0","0","4","0","","02","8","2005","3","40.428333","-79.974334","","11","0","0","0","0","0","1","0","0","","0","0","0","","","2","","1","","40 25:42.000","","0","79 58:27.604","3","0","0","1","2301","0","0","0","N","0","0","0","4","02301","0","","1.0","","1","N","N","","2","","2","0","0","","2","","","4","2","2","0","0","0","0","2","0","4","","","","N","","","","","","","","","",""
"2005166901","","1","0","0","0","0","0","0","0","0","6","1","","02","8","2005","4","40.4567","-80.0435","","11","0","0","0","0","0","0","0","0","1","0","1","0","","","0","","0","","40 27:24.120","2","0","80 02:36.600","0","0","0","0","2301","0","0","0","N","0","0","0","2","02301","0","","1.0","","1","N","N","","0","","0","0","0","","0","N","","2","0","0","0","0","0","0","2","0","2","","","","N","","","","","","","","","",""
"2005166902","","1","0","0","0","0","0","0","0","0","7","0","","02","8","2005","4","40.429889","-80.012874","","11","0","0","0","0","0","0","0","0","","0","0","0","","","1","","2","","40 25:47.600","","0","80 00:46.346","8","0","0","0","2301","0","0","0","N","0","0","0","3","02301","0","","5.0","","1","N","N","","0","","0","0","0","","0","","","1","1","0","0","0","1","0","2","0","1","","","","N","","","","","","","","","",""
"2005166903","","1","0","0","0","0","0","0","0","0","1","0","","02","8","2005","4","40.3825","-79.995943","","11","0","0","1","0","0","0","0","0","1","0","0","0","","","0","","2","","40 22:57.000","2","0","79 59:45.395","0","0","0","0","2301","0","0","0","N","0","0","0","3","02301","0","","1.0","","1","N","N","","1","","0","0","0","","2","N","","2","0","0","0","0","0","0","2","0","2","","","","N","","","","","","","","","",""
"2005166904","","0","0","0","0","0","0","0","0","0","7","0","","02","8","2005","3","40.439668","-80.076904","","11","0","0","0","0","0","0","0","0","","0","0","0","","","1","","0","","40 26:22.804","","0","80 04:36.854","8","0","0","1","2301","0","0","0","N","0","0","0","1","02301","0","","5.0","","1","N","N","","0","","0","0","0","","0","","","1","1","0","0","0","1","0","2","0","1","","","","N","","","","","","","","","",""
"2005166905","","1","0","0","0","0","0","0","0","0","2","0","","02","8","2005","3","40.409636","-79.999449","","11","0","0","1","0","0","0","0","0","","0","0","0","","","0","","2","","40 24:34.689","","0","79 59:58.016","0","0","0","0","2301","0","0","0","N","0","0","0","2","02301","0","","1.0","","1","N","N","","0","","0","0","1","","0","","","2","0","0","0","0","0","0","2","0","2","","","","N","","","","","","","","","",""
"2005166907","","2","0","0","0","0","0","0","0","0","4","0","","02","8","2005","3","40.407222","-80.033739","","11","0","0","0","0","0","0","0","0","","0","0","0","","","0","","1","","40 24:26.000","","0","80 02:01.460","0","0","0","0","2301","0","0","0","N","0","0","0","2","02301","0","","1.0","","1","N","N","","0","","0","0","0","","2","","","2","0","0","0","0","0","0","2","0","2","","","","N","","","","","","","","","",""
"2005166908","","1","0","0","0","0","0","0","0","0","4","0","","02","8","2005","3","40.399722","-80.0443","","11","0","0","0","0","0","0","0","0","","0","0","0","","","0","","1","","40 23:59.000","","0","80 02:39.479","0","0","0","0","2301","1","0","0","N","1","0","0","3","02301","0","","1.0","","1","N","N","","0","","0","0","0","","2","","","3","0","0","0","0","0","0","2","1","2","","","","N","","","","","","","","","",""
"2005166909","","1","0","0","0","0","0","0","0","0","7","0","","02","8","2005","5","40.421752","-79.99081","","11","0","0","0","0","0","1","0","0","","0","0","0","","","1","","0","","40 25:18.307","","0","79 59:26.916","4","0","0","0","2301","0","0","0","N","0","0","0","1","02301","1","","2.0","","1","N","N","","0","","0","0","0","","0","","","1","1","0","0","0","0","0","2","0","1","","","","N","","","","","","","","","",""
"2005166910","","0","0","0","0","0","0","0","0","0","7","0","","02","8","2005","5","","","","11","0","0","0","0","0","0","0","0","","0","0","0","","","2","","0","","","","0","","3","0","0","1","2301","0","0","0","N","0","0","0","2","02301","1","","4.0","","1","N","N","","0","","1","0","0","","0","","","1","2","0","0","0","0","0","1","0","1","","","","N","","","","","","","","","",""
"2005166911","","2","0","0","0","0","0","0","0","0","1","0","","02","8","2005","2","40.394442","-80.020966","","11","0","0","0","0","0","0","0","0","","0","0","0","","","1","","0","","40 23:39.991","","0","80 01:15.477","4","0","0","0","2301","0","0","0","N","0","0","0","3","02301","1","","1.0","","1","N","N","","0","","0","0","0","","0","","","2","1","0","0","0","0","1","2","0","2","","","","N","","","","","","","","","",""
"2005166913","","3","0","0","0","0","0","0","0","0","1","0","","02","8","2005","7","40.46557","-79.956816","","11","0","0","0","0","0","0","0","0","","0","0","0","","","0","","0","","40 27:56.052","","0","79 57:24.537","9","0","0","0","2301","0","0","0","N","0","0","0","1","02301","0","","6.0","","1","N","N","","0","","0","0","0","","0","","","3","0","0","0","0","0","1","2","0","3","","","","N","","","","","","","","","",""
"2005166914","","3","0","0","0","0","0","0","0","0","2","0","","02","8","2005","7","","","","11","0","0","0","0","0","0","0","0","","0","0","0","","","1","","0","","","","0","","8","0","0","0","2301","0","0","0","N","0","0","0","1","02301","0","","1.0","","1","N","N","","0","","0","0","0","","0","","","3","1","0","0","0","1","0","1","0","3","","","","N","","","","","","","","","",""
"2005166915","","1","0","0","0","0","0","0","0","0","5","0","","02","8","2005","1","","","","11","0","0","0","0","0","1","0","0","","0","0","0","","","0","","2","","","","0","","0","0","0","0","2301","0","0","0","N","0","0","0","1","02301","0","","1.0","","1","N","N","","0","","0","0","1","","0","","","2","0","0","0","0","0","0","1","0","2","","","","N","","","","","","","","","",""
"2005166916","","2","0","0","0","0","0","0","0","0","4","0","","02","8","2005","7","40.463611","-79.923728","","11","0","0","0","1","0","0","0","0","","0","0","0","","","0","","1","","40 27:49.000","","0","79 55:25.419","0","0","0","0","2301","0","0","0","N","0","0","0","2","02301","0","","1.0","","1","N","N","","0","","0","0","0","","1","","","2","0","0","0","0","0","0","2","0","2","","","","N","","","","","","","","","",""
"2005166917","","2","0","0","0","0","0","0","0","0","4","0","","02","8","2005","2","40.453889","-79.912355","","11","0","0","0","0","0","1","0","1","1","0","0","0","","","0","","1","","40 27:14.000","2","0","79 54:44.478","0","0","0","0","2301","0","0","0","N","0","0","0","2","02301","0","","1.0","","1","N","N","","0","","0","0","0","","2","N","","2","0","0","0","0","0","0","2","0","2","","","","N","","","","","","","","","",""
"2005166918","","1","0","0","0","0","0","0","0","0","0","0","","02","7","2005","6","40.463794","-79.931542","","11","0","0","0","0","0","0","0","0","","0","0","0","","","0","","0","","40 27:49.657","","0","79 55:53.550","0","0","0","0","2301","0","0","0","N","0","0","0","1","02301","0","","1.0","","1","N","N","","0","","0","0","0","","0","","","1","0","0","0","0","0","0","2","0","1","","","","N","","","","","","","","","",""
"2005166919","","1","0","0","0","0","0","0","0","0","4","0","","02","8","2005","1","","","","11","0","1","0","0","0","0","0","0","","0","0","0","","","1","","1","","","","0","","4","0","0","0","2301","0","0","0","N","0","0","0","6","02301","1","","1.0","","1","N","N","","0","","0","0","1","","1","","","2","1","0","0","0","0","0","1","0","2","","","","N","","","","","","","","","",""
"2005166920","","2","0","0","0","0","0","0","0","0","4","0","","02","8","2005","3","40.458056","-79.934584","","11","0","0","0","1","0","0","0","0","","0","0","0","","","0","","1","","40 27:29.000","","0","79 56:04.502","0","0","0","0","2301","0","0","0","N","0","0","0","3","02301","0","","1.0","","1","N","N","","0","","0","0","0","","2","","","2","0","0","0","0","0","0","2","0","2","","","","N","","","","","","","","","",""
"2005166921","","2","0","0","0","0","0","0","0","0","4","0","","02","8","2005","6","","","","11","0","0","0","0","0","0","0","0","","0","0","0","","","1","","1","","","","0","","3","0","0","0","2301","0","0","0","N","0","0","0","2","02301","0","","1.0","","1","N","N","","0","","1","0","0","","2","","","2","1","0","0","0","0","0","1","0","2","","","","N","","","","","","","","","",""
"2005166922","","2","0","0","0","0","0","0","0","0","2","0","","02","8","2005","3","40.459341","-79.884837","","11","0","0","0","0","0","0","0","0","","0","0","0","","","0","","2","","40 27:33.627","","0","79 53:05.413","0","0","0","0","2301","0","0","0","N","0","0","0","3","02301","0","","1.0","","1","N","N","","0","","0","0","0","","0","","","2","0","0","0","0","0","0","2","0","2","","","","N","","","","","","","","","",""