"CRN","ARRIVAL_TM","AUTOMOBILE_COUNT","BELTED_DEATH_COUNT","BELTED_SUSP_SERIOUS_INJ_COUNT","BICYCLE_COUNT","BICYCLE_DEATH_COUNT","BICYCLE_SUSP_SERIOUS_INJ_COUNT","BUS_COUNT","CHLDPAS_DEATH_COUNT","CHLDPAS_SUSP_SERIOUS_INJ_COUNT","COLLISION_TYPE","COMM_VEH_COUNT","CONS_ZONE_SPD_LIM","COUNTY","CRASH_MONTH","CRASH_YEAR","DAY_OF_WEEK","DEC_LATITUDE","DEC_LONGITUDE","DISPATCH_TM","DISTRICT","DRIVER_COUNT_16YR","DRIVER_COUNT_17YR","DRIVER_COUNT_18YR","DRIVER_COUNT_19YR","DRIVER_COUNT_20YR","DRIVER_COUNT_50_64YR","DRIVER_COUNT_65_74YR","DRIVER_COUNT_75PLUS","EST_HRS_CLOSED","FATAL_COUNT","HEAVY_TRUCK_COUNT","HORSE_BUGGY_COUNT","HOUR_OF_DAY","ILLUMINATION","INJURY_COUNT","INTERSECTION_RELATED","INTERSECT_TYPE","LANE_CLOSED","LATITUDE","LN_CLOSE_DIR","LOCATION_TYPE","LONGITUDE","MAX_SEVERITY_LEVEL","MCYCLE_DEATH_COUNT","MCYCLE_SUSP_SERIOUS_INJ_COUNT","MOTORCYCLE_COUNT","MUNICIPALITY","NONMOTR_COUNT","NONMOTR_DEATH_COUNT","NONMOTR_SUSP_SERIOUS_INJ_COUNT","NTFY_HIWY_MAINT","PED_COUNT","PED_DEATH_COUNT","PED_SUSP_SERIOUS_INJ_COUNT","PERSON_COUNT","POLICE_AGCY","POSSIBLE_INJ_COUNT","RDWY_SURF_TYPE_CD","RELATION_TO_ROAD","ROADWAY_CLEARED","ROAD_CONDITION","SCH_BUS_IND","SCH_ZONE_IND","SECONDARY_CRASH","SMALL_TRUCK_COUNT","SPEC_JURIS_CD","SUSP_MINOR_INJ_COUNT","SUSP_SERIOUS_INJ_COUNT","SUV_COUNT","TCD_FUNC_CD","TCD_TYPE","TFC_DETOUR_IND","TIME_OF_DAY","TOTAL_UNITS","TOT_INJ_COUNT","UNBELTED_OCC_COUNT","UNB_DEATH_COUNT","UNB_SUSP_SERIOUS_INJ_COUNT","UNK_INJ_DEG_COUNT","UNK_INJ_PER_COUNT","URBAN_RURAL","VAN_COUNT","VEHICLE_COUNT","WEATHER1","WEATHER2","WORKERS_PRES","WORK_ZONE_IND","WORK_ZONE_LOC","WORK_ZONE_TYPE","WZ_CLOSE_DETOUR","WZ_FLAGGER","WZ_LAW_OFFCR_IND","WZ_LN_CLOSURE","WZ_MOVING","WZ_OTHER","WZ_SHLDER_MDN","WZ_WORKERS_INJ_KILLED"
"2005166923","","1","0","0","0","0","0","0","0","0","4","0","","02","8","2005","2","40.3943","-79.9973","","11","0","0","0","0","0","0","0","1","3","0","0","0","","","2","","0","","40 23:39.480","7","0","79 59:50.280","2","0","1","1","2301","0","0","0","N","0","0","0","2","02301","1","","1.0","","1","N","N","","0","","0","1","0","","0","Y","","2","2","0","0","0","0","0","2","0","2","","","","N","","","","","","","","","",""
"2005166924","","2","0","0","0","0","0","0","0","0","4","0","","02","7","2005","6","","","","11","0","0","0","0","0","0","0","0","2","0","0","0","","","2","","7","","40 27:04.32","1","2","79 59:51.72","8","0","0","0","2301","0","0","0","N","0","0","0","6","02301","0","","1.0","","1","N","N","","0","","0","0","0","","0","N","","2","2","0","0","0","2","0","2","0","2","","","","N","","","","","","","","","",""
"2005166925","","1","0","0","0","0","0","0","0","0","4","0","","02","8","2005","3","40.440278","-80.006806","","11","0","0","0","0","0","0","0","0","","0","0","0","","","1","","1","","40 26:25.000","","2","80 00:24.501","4","0","0","0","2301","0","0","0","N","0","0","0","4","02301","1","","1.0","","1","N","N","","1","","0","0","0","","2","","","2","1","0","0","0","0","0","2","0","2","","","","N","","","","","","","","","",""
"2005166926","","0","0","0","0","0","0","0","0","0","0","0","","02","8","2005","3","40.443827","-79.993911","","11","0","0","0","0","0","1","0","0","","0","0","0","","","0","","1","","40 26:37.777","","0","79 59:38.079","0","0","0","0","2301","0","0","0","","0","0","0","1","02301","0","","1.0","","1","N","N","","1","","0","0","0","","0","","","1","0","0","0","0","0","0","2","0","1","","","","N","","","","","","","","","",""
"2005166927","","2","0","0","0","0","0","0","0","0","4","0","","02","8","2005","3","40.451389","-79.908144","","11","0","0","0","0","0","1","0","0","1","0","0","0","","","2","","1","","40 27:05.000","3","0","79 54:29.317","4","0","0","0","2301","0","0","0","N","0","0","0","2","02301","2","","1.0","","1","N","N","","0","","0","0","0","","2","N","","2","2","0","0","0","0","0","2","0","2","","","","N","","","","","","","","","",""
"2005166928","","2","0","0","0","0","0","0","0","0","1","0","","02","8","2005","6","","","","11","0","0","0","0","0","0","0","0","1","0","0","0","","","0","","2","","","5","0","","0","0","0","0","2301","0","0","0","N","0","0","0","4","02301","0","","1.0","","9","N","N","","1","","0","0","0","","2","N","","3","0","1","0","0","0","0","1","0","3","","","","N","","","","","","","","","",""
"2005166929","","2","0","0","0","0","0","0","0","0","4","0","","02","8","2005","3","40.451389","-79.908144","","11","0","0","0","0","0","0","0","0","","0","0","0","","","0","","1","","40 27:05.000","","0","79 54:29.317","0","0","0","0","2301","0","0","0","N","0","0","0","2","02301","0","","1.0","","1","N","N","","0","","0","0","0","","2","","","2","0","0","0","0","0","0","2","0","2","","","","N","","","","","","","","","",""
"2005166930","","2","0","0","0","0","0","0","0","0","2","0","","02","8","2005","3","40.443611","-79.920562","","11","0","1","0","0","0","0","0","1","","0","0","0","","","0","","1","","40 26:37.000","","0","79 55:14.023","0","0","0","0","2301","0","0","0","N","0","0","0","2","02301","0","","1.0","","1","N","N","","0","","0","0","0","","2","","","2","0","0","0","0","0","0","2","0","2","","","","N","","","","","","","","","",""
"2005166931","","2","0","0","0","0","0","0","0","0","4","0","","02","7","2005","4","40.457882","-79.931989","","11","0","0","0","0","0","1","0","0","","0","0","0","","","0","","0","","40 27:28.375","","0","79 55:55.160","0","0","0","0","2301","0","0","0","","0","0","0","3","02301","0","","1.0","","1","N","N","","0","","0","0","0","","0","","","2","0","0","0","0","0","0","2","0","2","","","","N","","","","","","","","","",""
"2005166932","","2","0","0","0","0","0","0","0","0","4","0","","02","8","2005","5","","","","11","0","0","0","0","0","1","0","0","","0","0","0","","","1","","1","","","","0","","4","0","0","0","2301","0","0","0","N","0","0","0","2","02301","1","","1.0","","1","N","N","","0","","0","0","0","","3","","","2","1","0","0","0","0","0","1","0","2","","","","N","","","","","","","","","",""
"2005166970","","1","0","0","0","0","0","0","0","0","4","0","","02","8","2005","7","40.437658","-79.985151","","11","0","0","0","1","0","0","0","0","3","0","0","0","","","1","","1","","40 26:15.568","3","0","79 59:06.543","8","0","0","0","2301","0","0","0","N","0","0","0","4","02301","0","","1.0","","1","N","N","","0","","0","0","0","","1","N","","2","1","0","0","0","1","0","2","1","2","","","","N","","","","","","","","","",""
"2005166971","","0","0","0","0","0","0","1","0","0","8","1","","02","8","2005","2","40.438333","-80.001862","","11","0","0","0","0","0","1","0","0","9","0","0","0","","","1","","1","","40 26:18.000","1","0","80 00:06.704","8","0","0","0","2301","1","0","0","N","1","0","0","2","02301","0","","1.0","","9","Y","N","","0","","0","0","0","","2","N","","2","1","0","0","0","1","0","2","0","1","","","","N","","","","","","","","","",""
"2005166984","","2","0","0","0","0","0","0","0","0","4","0","","02","7","2005","1","","","","11","0","0","0","0","0","0","0","0","1","0","0","0","","","1","","1","","","4","0","","4","0","0","0","2301","0","0","0","N","0","0","0","5","02301","1","","1.0","","1","N","N","","0","","0","0","0","","1","Y","","2","1","0","0","0","0","0","1","0","2","","","","N","","","","","","","","","",""
"2005166985","","1","0","0","0","0","0","0","0","0","1","0","","02","7","2005","7","40.449829","-79.974513","","11","0","0","0","0","0","1","0","0","","0","0","0","","","1","","0","","40 26:59.384","","0","79 58:28.246","8","0","0","0","2301","0","0","0","N","0","0","0","2","02301","0","","1.0","","1","N","N","","0","","0","0","1","","3","","","2","1","2","0","0","1","0","2","0","2","","","","N","","","","","","","","","",""
"2005166986","","0","0","0","1","0","0","0","0","0","8","0","","02","8","2005","4","40.475422","-79.958291","","11","0","0","0","0","0","1","0","0","","0","0","0","","","1","","2","","40 28:31.519","","0","79 57:29.847","3","0","0","0","2301","1","0","0","N","0","0","0","2","02301","0","","1.0","","1","N","N","","0","","1","0","1","","0","","","2","1","0","0","0","0","0","2","0","1","","","","N","","","","","","","","","",""
"2005167000","","1","0","0","0","0","0","0","0","0","7","0","","02","7","2005","5","","","","11","0","0","0","0","0","0","0","0","2","0","0","0","","","1","","0","","40 26:43.08","4","0","79 50:54.24","8","0","0","0","2124","0","0","0","Y","0","0","0","1","68B03","0","","2.0","","1","N","N","","0","","0","0","0","","0","N","","1","1","0","0","0","1","0","2","0","1","","","","N","","","","","","","","","",""
"2005167036","","1","0","0","0","0","0","0","0","0","4","0","","02","7","2005","3","40.537778","-79.839613","","11","0","0","0","0","0","2","0","0","","0","0","0","","","0","","1","","40 32:16.000","","0","79 50:22.606","0","0","0","0","2208","0","0","0","N","0","0","0","2","02208","0","","1.0","","1","N","N","","1","","0","0","0","","2","","","2","0","0","0","0","0","0","2","0","2","","","","N","","","","","","","","","",""
"2005167037","","1","0","0","0","0","0","0","0","0","5","0","","02","8","2005","3","40.483889","-79.819308","","11","0","0","0","0","0","0","1","0","1","0","0","0","","","1","","1","","40 29:02.000","1","0","79 49:09.507","4","0","0","0","2113","0","0","0","N","0","0","0","2","02113","1","","1.0","","1","N","N","","1","","0","0","0","","2","Y","","2","1","0","0","0","0","0","2","0","2","","","","N","","","","","","","","","",""
"2005167038","","1","0","0","0","0","0","0","0","0","8","0","","02","8","2005","2","40.476389","-79.788253","","11","0","0","0","0","0","0","0","0","","0","0","0","","","1","","0","","40 28:35.000","","0","79 47:17.709","2","0","0","0","2113","1","0","1","N","1","0","1","2","02113","0","","2.0","","1","N","N","","0","","0","1","0","","0","","","2","1","0","0","0","0","0","2","0","1","","","","N","","","","","","","","","",""
"2005167039","","1","0","0","0","0","0","0","0","0","7","0","","02","8","2005","3","40.487222","-79.820848","","11","0","0","0","0","0","0","0","0","","0","0","0","","","1","","0","","40 29:14.000","","0","79 49:15.052","3","0","0","0","2113","0","0","0","N","0","0","0","1","02113","0","","4.0","","1","N","N","","0","","1","0","0","","0","","","1","1","1","0","0","0","0","2","0","1","","","","N","","","","","","","","","",""
"2005167040","","2","0","0","0","0","0","0","0","0","1","0","","02","8","2005","2","40.469965","-79.82307","","11","0","0","0","0","1","0","0","0","","0","0","0","","","1","","0","","40 28:11.874","","0","79 49:23.051","8","0","0","0","2113","0","0","0","N","0","0","0","3","02113","0","","1.0","","1","N","N","","0","","0","0","0","","0","","","2","1","1","0","0","1","0","2","0","2","","","","N","","","","","","","","","",""
"2005167041","","2","0","0","0","0","0","0","0","0","4","0","","02","8","2005","6","40.462778","-79.823953","","11","0","0","0","0","0","0","0","0","","0","0","0","","","0","","0","","40 27:46.000","","0","79 49:26.231","0","0","0","0","2113","0","0","0","N","0","0","0","2","02113","0","","1.0","","1","N","N","","0","","0","0","0","","3","","","2","0","0","0","0","0","0","2","0","2","","","","N","","","","","","","","","",""
"2005167043","","1","0","0","0","0","0","0","0","0","7","0","","02","8","2005","7","40.466779","-79.80434","","11","1","0","0","0","0","0","0","0","","0","0","0","","","0","","0","","40 28:00.404","","0","79 48:15.624","0","0","0","0","2113","0","0","0","N","0","0","0","1","02113","0","","5.0","","1","N","N","","0","","0","0","0","","0","","","1","0","1","0","0","0","0","2","0","1","","","","N","","","","","","","","","",""
"2005167044","","2","0","0","0","0","0","0","0","0","0","0","","02","8","2005","4","40.468555","-79.865953","","11","0","0","1","0","0","0","1","0","2","0","0","0","","","4","","2","","40 28:06.798","1","0","79 51:57.430","3","0","0","0","2113","0","0","0","N","0","0","0","5","02113","0","","1.0","","1","N","N","","0","","4","0","0","","3","N","","2","4","2","0","0","0","0","2","0","2","","","","N","","","","","","","","","",""
"2005167045","","1","0","0","0","0","0","0","0","0","5","0","","02","8","2005","6","","","","11","0","0","0","0","0","0","0","1","","0","0","0","","","1","","0","","","","0","","4","0","0","0","2113","0","0","0","N","0","0","0","1","02113","1","","2.0","","9","N","N","","2","","0","0","0","","0","","","3","1","0","0","0","0","0","1","0","3","","","","N","","","","","","","","","",""
"2005167123","","2","0","0","0","0","0","0","0","0","4","0","","02","8","2005","2","40.419167","-79.849895","","11","0","0","0","0","0","0","1","1","2","0","0","0","","","0","","0","","40 25:09.000","3","0","79 50:59.623","0","0","0","0","2431","0","0","0","N","0","0","0","2","02431","0","","1.0","","1","N","N","","0","","0","0","0","","0","N","","2","0","0","0","0","0","0","2","0","2","","","","N","","","","","","","","","",""
"2005167124","","1","0","0","0","0","0","0","0","0","7","0","","02","6","2005","7","","","","11","0","0","0","0","0","0","0","1","","0","0","0","","","0","","0","","","","0","","0","0","0","0","2108","0","0","0","N","0","0","0","1","02501","0","","5.0","","1","N","N","","0","","0","0","0","","0","","","1","0","0","0","0","0","0","1","0","1","","","","N","","","","","","","","","",""
"2005167127","","0","0","0","0","0","0","0","0","0","99","0","","02","7","2005","7","","","","11","0","0","0","0","0","0","0","0","","0","0","0","","","1","","0","","40 26:08.16","","0","79 58:05.52","8","0","0","0","2301","0","0","0","Y","0","0","0","2","68B03","0","","1.0","","1","N","N","","0","","0","0","1","","0","","","1","1","0","0","0","1","0","2","0","1","","","","N","","","","","","","","","",""
"2005167141","","1","0","0","0","0","0","0","0","0","1","0","","02","7","2005","2","40.3551","-80.1159","","11","0","0","0","0","1","0","0","0","","0","0","0","","","0","","1","","40 21:18.360","","2","80 06:57.240","0","0","0","0","2119","0","0","0","N","0","0","0","7","02119","0","","1.0","","1","N","N","","1","","0","0","1","","2","","","3","0","0","0","0","0","0","2","0","3","","","","N","","","","","","","","","",""
"2005167142","","0","0","0","0","0","0","0","0","0","7","0","99","02","7","2005","2","40.324312","-80.115816","","11","0","0","0","0","0","0","0","0","4","0","0","0","","","0","","0","","40 19:27.524","2","0","80 06:56.938","0","0","0","0","2119","0","0","0","N","0","0","0","1","02119","0","","1.0","","1","N","N","","0","","0","0","0","","7","Y","","1","0","0","0","0","0","0","2","1","1","","","Y","Y","4","3","","Y","N","Y","Y","","",""
"2005167590","","1","0","0","0","0","0","0","0","0","7","0","","02","7","2005","1","","","","11","0","0","0","0","0","0","0","0","1","0","0","0","","","1","","0","","40 28:18.12","2","0","80 00:16.56","4","0","0","0","2301","0","0","0","N","0","0","0","1","68B03","1","","2.0","","1","N","N","","0","","0","0","0","","0","N","","1","1","0","0","0","0","0","2","0","1","","","","N","","","","","","","","","",""
"2005167591","","2","0","0","0","0","0","0","0","0","1","0","","02","7","2005","2","","","","11","0","0","0","0","0","1","0","1","","0","0","0","","","0","","0","","40 26:10.32","","0","79 58:27.12","0","0","0","0","2301","0","0","0","N","0","0","0","3","68B03","0","","1.0","","1","N","N","","0","","0","0","0","","0","","","2","0","0","0","0","0","0","2","0","2","","","","N","","","","","","","","","",""
"2005167659","","2","0","0","0","0","0","0","0","0","1","0","","02","7","2005","6","40.31916","-79.822513","","11","0","0","0","0","0","1","0","1","1","0","0","0","","","2","","0","","40 19:08.975","1","0","79 49:21.046","4","0","0","0","2469","0","0","0","N","0","0","0","3","02469","2","","1.0","","1","N","N","","0","","0","0","0","","0","N","","2","2","0","0","0","0","0","2","0","2","","","","N","","","","","","","","","",""
"2005167695","","2","0","0","0","0","0","0","0","0","4","0","","02","7","2005","6","40.356944","-80.120514","","11","0","0","0","1","0","1","0","0","1","0","0","0","","","0","","1","","40 21:25.000","4","0","80 07:13.849","9","0","0","0","2119","0","0","0","N","0","0","0","4","02119","0","","1.0","","1","N","N","","0","","0","0","0","","2","N","","2","0","0","0","0","0","1","2","0","2","","","","N","","","","","","","","","",""
"2005167697","","1","0","0","0","0","0","0","0","0","7","0","","02","7","2005","7","40.3525","-80.143203","","11","0","0","0","0","0","0","0","0","1","0","0","0","","","1","","0","","40 21:09.000","4","0","80 08:35.529","4","0","0","0","2119","0","0","0","Y","0","0","0","1","02119","1","","5.0","","1","N","N","","0","","0","0","0","","0","N","","1","1","1","0","0","0","0","2","0","1","","","","N","","","","","","","","","",""
"2005167698","","1","0","0","0","0","0","0","0","0","4","0","","02","7","2005","3","40.351944","-80.114227","","11","0","0","0","0","0","2","0","0","","0","0","0","","","0","","0","","40 21:07.000","","0","80 06:51.218","0","0","0","0","2119","0","0","0","N","0","0","0","2","02119","0","","1.0","","1","N","N","","0","","0","0","1","","0","","","2","0","0","0","0","0","0","2","0","2","","","","N","","","","","","","","","",""
"2005167699","","1","0","0","0","0","0","0","0","0","0","0","","02","8","2005","3","40.374286","-80.171802","","11","0","0","1","0","0","0","0","0","","0","0","0","","","0","","0","","40 22:27.429","","0","80 10:18.487","0","0","0","0","2119","0","0","0","N","0","0","0","3","02119","0","","1.0","","98","N","N","","0","","0","0","0","","0","","","1","0","0","0","0","0","0","2","0","1","","","","N","","","","","","","","","",""
"2005167762","","1","0","0","0","0","0","0","0","0","4","0","","02","7","2005","3","40.537778","-79.839613","","11","0","0","0","0","0","0","0","1","","0","0","0","","","0","","1","","40 32:16.000","","0","79 50:22.606","0","0","0","0","2208","0","0","0","N","0","0","0","2","02208","0","","1.0","","1","N","N","","0","","0","0","1","","2","","","2","0","0","0","0","0","0","2","0","2","","","","N","","","","","","","","","",""
"2005167763","","2","0","0","0","0","0","0","0","0","4","0","99","02","7","2005","1","40.537778","-79.839613","","11","0","0","1","0","0","0","0","0","","0","0","0","","","1","","1","","40 32:16.000","","0","79 50:22.606","4","0","0","0","2208","0","0","0","N","0","0","0","3","02208","1","","1.0","","1","N","N","","0","","0","0","0","","2","","","2","1","0","0","0","0","0","2","0","2","","","U","Y","8","8","","","U","","","","",""
"2005167764","","1","0","0","0","0","0","0","0","0","7","0","","02","7","2005","2","","","","11","0","0","0","0","0","1","0","0","","0","0","0","","","1","","0","","","","0","","4","0","0","0","2208","0","0","0","N","0","0","0","1","02208","1","","4.0","","1","N","N","","0","","0","0","0","","0","","","1","1","0","0","0","0","0","1","0","1","","","","N","","","","","","","","","",""
"2005167779","","1","0","0","0","0","0","0","0","0","2","0","","02","7","2005","5","40.415556","-79.847609","","11","0","0","0","0","0","1","0","0","","0","0","0","","","2","","1","","40 24:56.000","","0","79 50:51.392","3","0","0","0","2431","0","0","0","N","0","0","0","3","02431","1","","1.0","","1","N","N","","1","","1","0","0","","2","","","2","2","0","0","0","0","0","2","0","2","","","","N","","","","","","","","","",""
"2005167780","","1","0","0","0","0","0","0","0","0","7","0","","02","7","2005","7","","","","11","0","0","0","0","0","1","0","0","","0","0","0","","","1","","0","","","","0","","8","0","0","0","2431","0","0","0","N","0","0","0","1","02431","0","","2.0","","1","N","N","","0","","0","0","0","","0","","","1","1","0","0","0","1","0","1","0","1","","","","N","","","","","","","","","",""
"2005167804","","0","0","0","0","0","0","0","0","0","99","0","","02","6","2005","6","40.653889","-79.900135","","11","0","0","0","0","0","0","0","0","1","0","0","0","","","1","","2","","40 39:14.000","6","0","79 54:00.487","2","0","1","1","2220","0","0","0","N","0","0","0","1","02220","0","","1.0","","1","N","N","","0","","0","1","0","","0","Y","","1","1","0","0","0","0","0","1","0","1","","","","N","","","","","","","","","",""
"2005167805","","2","0","0","0","0","0","0","0","0","1","0","","02","8","2005","4","40.6522","-79.9149","","11","0","0","0","0","0","0","0","0","2","0","0","0","","","0","","0","","40 39:07.920","3","0","79 54:53.640","0","0","0","0","2220","0","0","0","N","0","0","0","2","02220","0","","1.0","","1","N","N","","0","","0","0","0","","7","N","","2","0","0","0","0","0","0","1","0","2","","","","N","","","","","","","","","",""
"2005167808","","4","0","0","0","0","0","0","0","0","1","0","","02","8","2005","5","40.4236","-80.1919","","11","0","0","3","1","0","0","0","0","2","0","0","0","","","2","","0","","40 25:24.960","2","0","80 11:30.840","4","0","0","0","2214","0","0","0","N","0","0","0","6","02214","2","","1.0","","1","N","N","","0","","0","0","0","","0","N","","4","2","0","0","0","0","0","2","0","4","","","","N","","","","","","","","","",""
"2005167809","","1","0","0","0","0","0","0","0","0","8","0","35","02","7","2005","5","40.439891","-80.221739","","11","0","0","0","0","0","1","0","0","","0","0","0","","","1","","0","","40 26:23.606","","0","80 13:18.261","4","0","0","0","2214","1","0","0","Y","1","0","0","2","02214","1","","1.0","","1","N","N","","0","","0","0","0","","0","","","2","1","0","0","0","0","0","2","0","1","","","Y","Y","4","2","","","U","","Y","","",""
"2005167810","","2","0","0","0","0","0","0","0","0","5","0","","02","8","2005","2","","","","11","0","0","0","0","0","1","0","0","","0","0","0","","","1","","0","","","","0","","8","0","0","0","2214","0","0","0","N","0","0","0","6","02214","0","","1.0","","9","N","N","","0","","0","0","0","","0","","","2","1","0","0","0","1","0","1","0","2","","","","N","","","","","","","","","",""
"2005167812","","2","0","0","0","0","0","0","0","0","1","0","","02","8","2005","1","40.441944","-80.200428","","11","0","0","1","0","0","0","0","0","","0","0","0","","","2","","0","","40 26:31.000","","0","80 12:01.539","4","0","0","0","2214","0","0","0","N","0","0","0","5","02214","2","","1.0","","1","N","N","","0","","0","0","0","","0","","","2","2","0","0","0","0","1","2","0","2","","","","N","","","","","","","","","",""
"2005167826","","2","0","0","0","0","0","0","0","0","1","0","","02","6","2005","5","40.420833","-79.860152","","11","0","0","0","0","0","1","0","0","","0","0","0","","","1","","0","","40 25:15.000","","0","79 51:36.546","8","0","0","0","2411","0","0","0","","0","0","0","2","02411","0","","1.0","","1","N","N","","0","","0","0","0","","0","","","2","1","0","0","0","1","0","2","0","2","","","","N","","","","","","","","","",""
"2005167864","","1","0","0","0","0","0","0","0","0","5","0","","02","7","2005","6","","","","11","0","0","0","0","0","0","0","0","","0","0","0","","","0","","0","","40 32:02.04","","0","80 04:26.76","0","0","0","0","2215","0","0","0","Y","0","0","0","3","68B03","0","","1.0","","1","N","N","","0","","0","0","1","","0","","","2","0","0","0","0","0","0","2","0","2","","","","N","","","","","","","","","",""
"2005167879","","1","0","0","0","0","0","0","0","0","7","0","","02","7","2005","6","40.5319","-79.8486","","11","0","0","0","0","0","0","0","0","","0","0","0","","","0","","0","","40 31:54.840","","0","79 50:54.960","0","0","0","0","2208","0","0","0","Y","0","0","0","3","68D02","0","","2.0","","1","N","N","","0","","0","0","0","","0","","","1","0","0","0","0","0","0","2","0","1","","","","N","","","","","","","","","",""
"2005167891","","2","0","0","0","0","0","0","0","0","1","0","","02","7","2005","4","40.401389","-79.780095","","11","0","0","0","0","0","1","0","0","","0","0","0","","","1","","1","","40 24:05.000","","0","79 46:48.343","8","0","0","0","2453","0","0","0","N","0","0","0","4","02453","0","","1.0","","1","N","N","","1","","0","0","0","","2","","","3","1","4","0","0","1","0","2","0","3","","","","N","","","","","","","","","",""
"2005167892","","0","0","0","0","0","0","0","0","0","4","0","","02","8","2005","5","40.406193","-79.775526","","11","0","0","0","0","0","0","0","0","","0","0","0","","","1","","2","","40 24:22.294","","0","79 46:31.893","8","0","0","1","2453","0","0","0","N","0","0","0","2","02453","0","","1.0","","1","N","N","","0","","0","0","1","","3","","","2","1","1","0","0","1","0","2","0","2","","","","N","","","","","","","","","",""
"2005167921","","2","0","0","0","0","0","0","0","0","2","0","","02","8","2005","3","40.5372","-79.7192","","11","0","0","0","0","0","0","0","0","1","0","0","0","","","2","","2","","40 32:13.920","6","0","79 43:09.120","4","0","0","0","2466","0","0","0","N","0","0","0","2","02466","2","","1.0","","9","N","N","","0","","0","0","0","","3","N","","2","2","0","0","0","0","0","1","0","2","","","","N","","","","","","","","","",""
"2005167946","","2","0","0","0","0","0","0","0","0","1","0","","02","7","2005","1","40.330138","-79.988111","","11","0","0","0","0","0","1","0","0","","0","0","0","","","1","","1","","40 19:48.496","","0","79 59:17.201","8","0","0","0","2219","0","0","0","N","0","0","0","3","02219","0","","1.0","","9","N","N","","0","","0","0","1","","2","","","3","1","0","0","0","1","0","2","0","3","","","","N","","","","","","","","","",""
"2005168029","","1","0","0","0","0","0","0","0","0","5","0","","02","8","2005","5","40.332219","-79.892003","","11","0","0","0","0","0","0","0","0","","0","0","0","","","1","","0","","40 19:55.988","","0","79 53:31.210","8","0","0","0","2433","0","0","0","N","0","0","0","1","02433","0","","1.0","","1","N","N","","1","","0","0","0","","0","","","2","1","0","0","0","1","0","2","0","2","","","","N","","","","","","","","","",""
"2005168033","","2","0","0","0","0","0","0","0","0","2","0","","02","8","2005","6","40.437615","-79.913671","","11","0","0","0","0","0","0","0","0","","0","0","0","","","0","","2","","40 26:15.414","","0","79 54:49.215","0","0","0","0","2301","0","0","0","N","0","0","0","2","02301","0","","1.0","","1","N","N","","0","","0","0","0","","3","","","2","0","0","0","0","0","0","2","0","2","","","","N","","","","","","","","","",""
"2005168034","","1","0","0","0","0","0","0","0","0","4","0","","02","8","2005","2","40.483889","-79.908004","","11","0","0","0","0","0","0","1","0","","0","0","0","","","2","","2","","40 29:02.000","","7","79 54:28.815","8","0","0","0","2301","0","0","0","N","0","0","0","2","02301","0","","1.0","","9","N","N","","1","","0","0","0","","2","","","2","2","0","0","0","2","0","2","0","2","","","","N","","","","","","","","","",""
"2005168042","","1","0","0","0","0","0","0","0","0","1","0","","02","7","2005","1","40.373889","-80.048564","","11","0","0","0","0","0","0","0","0","","0","0","0","","","2","","0","","40 22:26.000","","0","80 02:54.832","4","0","0","0","2109","0","0","0","N","0","0","0","3","02109","2","","1.0","","1","N","N","","0","","0","0","1","","0","","","2","2","0","0","0","0","0","2","0","2","","","","N","","","","","","","","","",""
"2005168043","","2","0","0","0","0","0","0","0","0","4","0","","02","8","2005","5","40.3559","-80.0516","","11","0","1","0","0","0","1","0","0","1","0","0","0","","","1","","0","","40 21:21.240","3","7","80 03:05.760","8","0","0","0","2109","0","0","0","N","0","0","0","3","02109","0","","1.0","","1","N","N","","0","","0","0","0","","2","Y","","2","1","0","0","0","1","0","2","0","2","","","","N","","","","","","","","","",""
"2005168094","","1","0","0","0","0","0","0","0","0","7","0","","02","7","2005","5","40.519094","-80.172734","","11","0","0","0","0","0","0","0","0","","0","0","0","","","1","","2","","40 31:08.738","","0","80 10:21.842","8","0","0","0","2420","0","0","0","N","0","0","0","1","02420","0","","5.0","","1","N","N","","0","","0","0","0","","0","","","1","1","0","0","0","1","0","2","0","1","","","","N","","","","","","","","","",""
"2005168104","","2","0","0","0","0","0","0","0","0","7","0","","02","8","2005","3","","","","11","0","1","1","0","0","0","0","0","","0","0","0","","","0","","0","","","","0","","0","0","0","0","2403","0","0","0","N","0","0","0","6","02403","0","","4.0","","9","N","N","","0","","0","0","0","","0","","","2","0","0","0","0","0","0","1","0","2","","","","N","","","","","","","","","",""
"2005168113","","0","0","0","0","0","0","0","0","0","4","0","","02","8","2005","5","40.667222","-80.096488","","11","0","0","0","0","0","0","0","0","2","0","0","0","","","1","","2","","40 40:02.000","2","0","80 05:47.356","3","0","0","0","2212","0","0","0","N","0","0","0","3","02505","0","","1.0","","1","N","N","","1","","1","0","1","","2","N","","2","1","0","0","0","0","0","2","0","2","","","","N","","","","","","","","","",""
"2005168319","","1","0","0","0","0","0","0","0","0","7","0","","02","8","2005","3","","","","11","1","0","0","0","0","0","0","0","1","0","0","0","","","1","","0","","","5","0","","4","0","0","0","2217","0","0","0","N","0","0","0","1","02217","1","","5.0","","9","N","N","","0","","0","0","0","","0","Y","","1","1","0","0","0","0","0","1","0","1","","","","N","","","","","","","","","",""