"CRN","ARRIVAL_TM","AUTOMOBILE_COUNT","BELTED_DEATH_COUNT","BELTED_SUSP_SERIOUS_INJ_COUNT","BICYCLE_COUNT","BICYCLE_DEATH_COUNT","BICYCLE_SUSP_SERIOUS_INJ_COUNT","BUS_COUNT","CHLDPAS_DEATH_COUNT","CHLDPAS_SUSP_SERIOUS_INJ_COUNT","COLLISION_TYPE","COMM_VEH_COUNT","CONS_ZONE_SPD_LIM","COUNTY","CRASH_MONTH","CRASH_YEAR","DAY_OF_WEEK","DEC_LATITUDE","DEC_LONGITUDE","DISPATCH_TM","DISTRICT","DRIVER_COUNT_16YR","DRIVER_COUNT_17YR","DRIVER_COUNT_18YR","DRIVER_COUNT_19YR","DRIVER_COUNT_20YR","DRIVER_COUNT_50_64YR","DRIVER_COUNT_65_74YR","DRIVER_COUNT_75PLUS","EST_HRS_CLOSED","FATAL_COUNT","HEAVY_TRUCK_COUNT","HORSE_BUGGY_COUNT","HOUR_OF_DAY","ILLUMINATION","INJURY_COUNT","INTERSECTION_RELATED","INTERSECT_TYPE","LANE_CLOSED","LATITUDE","LN_CLOSE_DIR","LOCATION_TYPE","LONGITUDE","MAX_SEVERITY_LEVEL","MCYCLE_DEATH_COUNT","MCYCLE_SUSP_SERIOUS_INJ_COUNT","MOTORCYCLE_COUNT","MUNICIPALITY","NONMOTR_COUNT","NONMOTR_DEATH_COUNT","NONMOTR_SUSP_SERIOUS_INJ_COUNT","NTFY_HIWY_MAINT","PED_COUNT","PED_DEATH_COUNT","PED_SUSP_SERIOUS_INJ_COUNT","PERSON_COUNT","POLICE_AGCY","POSSIBLE_INJ_COUNT","RDWY_SURF_TYPE_CD","RELATION_TO_ROAD","ROADWAY_CLEARED","ROAD_CONDITION","SCH_BUS_IND","SCH_ZONE_IND","SECONDARY_CRASH","SMALL_TRUCK_COUNT","SPEC_JURIS_CD","SUSP_MINOR_INJ_COUNT","SUSP_SERIOUS_INJ_COUNT","SUV_COUNT","TCD_FUNC_CD","TCD_TYPE","TFC_DETOUR_IND","TIME_OF_DAY","TOTAL_UNITS","TOT_INJ_COUNT","UNBELTED_OCC_COUNT","UNB_DEATH_COUNT","UNB_SUSP_SERIOUS_INJ_COUNT","UNK_INJ_DEG_COUNT","UNK_INJ_PER_COUNT","URBAN_RURAL","VAN_COUNT","VEHICLE_COUNT","WEATHER1","WEATHER2","WORKERS_PRES","WORK_ZONE_IND","WORK_ZONE_LOC","WORK_ZONE_TYPE","WZ_CLOSE_DETOUR","WZ_FLAGGER","WZ_LAW_OFFCR_IND","WZ_LN_CLOSURE","WZ_MOVING","WZ_OTHER","WZ_SHLDER_MDN","WZ_WORKERS_INJ_KILLED"
"2005168541","","0","0","0","0","0","0","0","0","0","0","0","","02","7","2005","1","40.335","-80.18","","11","0","0","0","0","0","0","0","0","","0","0","0","","","2","","0","","40 20:06.000","","0","80 10:48.000","3","0","0","1","2119","0","0","0","N","0","0","0","2","02119","0","","1.0","","1","N","N","","0","","2","0","0","","0","","","1","2","0","0","0","0","0","2","0","1","","","","N","","","","","","","","","",""
"2005168549","","2","0","0","0","0","0","0","0","0","4","0","","02","8","2005","4","40.416389","-80.045068","","11","0","0","0","0","0","0","0","0","","0","0","0","","","0","","2","","40 24:59.000","","0","80 02:42.246","0","0","0","0","2435","0","0","0","N","0","0","0","3","02435","0","","1.0","","1","N","N","","0","","0","0","0","","3","","","2","0","0","0","0","0","0","2","0","2","","","","N","","","","","","","","","",""
"2005168553","","1","0","0","0","0","0","0","0","0","1","0","","02","8","2005","3","40.4352","-79.9931","","11","0","0","0","0","0","1","0","0","2","0","0","0","","","0","","0","","40 26:06.720","2","3","79 59:35.160","0","0","0","0","2301","0","0","0","N","0","0","0","2","02301","0","","1.0","","1","N","N","","1","","0","0","0","","0","N","","2","0","0","0","0","0","0","2","0","2","","","","N","","","","","","","","","",""
"2005168554","","1","0","0","0","0","0","0","0","0","1","0","","02","8","2005","4","","","","11","0","0","0","0","0","1","0","0","","0","0","0","","","1","","2","","","","0","","4","0","0","0","2301","0","0","0","N","0","0","0","3","02301","1","","1.0","","1","N","N","","1","","0","0","0","","2","","","2","1","0","0","0","0","0","1","0","2","","","","N","","","","","","","","","",""
"2005168557","","0","0","0","0","0","0","0","0","0","4","0","","02","7","2005","3","40.568006","-80.049508","","11","0","0","0","0","0","0","0","0","2","0","0","0","","","0","","1","","40 34:04.821","1","0","80 02:58.228","0","0","0","0","2108","0","0","0","N","0","0","0","2","02108","0","","1.0","","1","N","N","","0","","0","0","2","","3","N","","2","0","0","0","0","0","0","2","0","2","","","","N","","","","","","","","","",""
"2005168558","","2","0","0","0","0","0","0","0","0","1","0","","02","7","2005","4","40.6124","-80.0543","","11","0","0","0","0","0","1","0","0","","0","0","0","","","2","","1","","40 36:44.640","","0","80 03:15.480","8","0","0","0","2108","0","0","0","N","0","0","0","2","02108","0","","1.0","","1","N","N","","0","","0","0","0","","2","","","2","2","0","0","0","2","0","2","0","2","","","","N","","","","","","","","","",""
"2005168559","","3","0","0","0","0","0","0","0","0","1","0","","02","7","2005","6","40.5608","-80.0137","","11","0","0","0","1","0","0","0","0","","0","0","0","","","2","","0","","40 33:38.880","","0","80 00:49.320","8","0","0","0","2108","0","0","0","N","0","0","0","3","02108","0","","1.0","","1","N","N","","0","","0","0","0","","0","","","3","2","0","0","0","2","0","2","0","3","","","","N","","","","","","","","","",""
"2005168560","","1","0","0","0","0","0","0","0","0","4","0","","02","7","2005","5","40.5869","-80.0416","","11","0","0","0","0","0","2","0","0","1","0","0","0","","","1","","1","","40 35:12.840","1","0","80 02:29.760","4","0","0","0","2108","0","0","0","N","0","0","0","2","02108","1","","1.0","","1","N","N","","1","","0","0","0","","2","N","","2","1","0","0","0","0","0","2","0","2","","","","N","","","","","","","","","",""
"2005168561","","0","0","0","0","0","0","0","0","0","7","0","","02","7","2005","6","40.550556","-80.037174","","11","0","0","0","0","0","1","0","0","","0","0","0","","","0","","3","","40 33:02.000","","0","80 02:13.827","0","0","0","0","2108","0","0","0","N","0","0","0","1","02108","0","","4.0","","1","N","N","","0","","0","0","1","","0","","","1","0","0","0","0","0","0","2","0","1","","","","N","","","","","","","","","",""
"2005168562","","2","0","0","0","0","0","0","0","0","4","0","","02","8","2005","4","40.5825","-80.047251","","11","0","0","1","0","0","0","0","0","1","0","0","0","","","1","","0","","40 34:57.000","4","0","80 02:50.104","4","0","0","0","2108","0","0","0","N","0","0","0","2","02108","1","","1.0","","1","N","N","","0","","0","0","0","","0","N","","2","1","0","0","0","0","0","2","0","2","","","","N","","","","","","","","","",""
"2005168563","","1","0","0","0","0","0","0","0","0","7","0","15","02","8","2005","5","40.550556","-80.037174","","11","0","0","0","1","0","0","0","0","","0","0","0","","","0","","5","","40 33:02.000","","0","80 02:13.827","0","0","0","0","2108","0","0","0","N","0","0","0","2","02108","0","","4.0","","1","N","N","","0","","0","0","0","","2","","","1","0","0","0","0","0","0","2","0","1","","","N","Y","3","2","","","U","","","","Y",""
"2005168564","","0","0","0","0","0","0","0","0","0","7","0","","02","8","2005","4","","","","11","0","0","0","0","0","0","0","0","","0","0","0","","","1","","3","","","","0","","2","0","1","1","2301","0","0","0","N","0","0","0","1","02301","0","","4.0","","1","N","N","","0","","0","1","0","","0","","","1","1","0","0","0","0","0","1","0","1","","","","N","","","","","","","","","",""
"2005168565","","1","0","0","0","0","0","0","0","0","6","0","","02","8","2005","4","","","","11","0","0","0","0","0","1","0","0","","0","0","0","","","1","","1","","","","0","","8","0","0","0","2301","0","0","0","N","0","0","0","2","02301","0","","1.0","","1","N","N","","1","","0","0","1","","3","","","3","1","1","0","0","1","0","1","0","3","","","","N","","","","","","","","","",""
"2005168566","","1","0","0","0","0","0","0","0","0","4","0","","02","8","2005","4","40.454167","-79.996914","","11","0","0","0","0","0","1","0","0","1","0","0","0","","","1","","1","","40 27:15.000","3","0","79 59:48.892","8","0","0","0","2301","0","0","0","N","0","0","0","4","02301","0","","1.0","","1","N","N","","0","","0","0","1","","2","N","","2","1","0","0","0","1","0","2","0","2","","","","N","","","","","","","","","",""
"2005168567","","0","0","0","0","0","0","0","0","0","0","0","","02","8","2005","6","","","","11","0","0","0","0","0","0","0","0","1","0","0","0","","","1","","0","","","3","0","","3","0","0","1","2301","0","0","0","N","0","0","0","1","02301","0","","5.0","","1","N","N","","0","","1","0","0","","2","N","","1","1","0","0","0","0","0","1","0","1","","","","N","","","","","","","","","",""
"2005168585","","1","0","0","0","0","0","0","0","0","7","0","","02","8","2005","4","40.462947","-79.921219","","11","0","0","0","1","0","0","0","0","","0","0","0","","","0","","3","","40 27:46.609","","0","79 55:16.388","0","0","0","0","2301","0","0","0","N","0","0","0","1","02301","0","","2.0","","1","N","N","","0","","0","0","0","","1","","","1","0","0","0","0","0","0","2","0","1","","","","N","","","","","","","","","",""
"2005168609","","0","0","0","0","0","0","0","0","0","0","0","","02","7","2005","7","40.571389","-79.791156","","11","0","0","0","0","0","1","0","0","","0","0","0","","","0","","0","","40 34:17.000","","0","79 47:28.163","0","0","0","0","2206","0","0","0","N","0","0","0","1","68D02","0","","3.0","","9","N","N","","0","","0","0","1","","0","","","1","0","1","0","0","0","0","2","0","1","","","","N","","","","","","","","","",""
"2005169122","","1","0","0","0","0","0","0","0","0","7","0","","02","6","2005","6","40.539167","-79.841974","","11","0","0","0","0","1","1","0","0","2","0","0","0","","","1","","0","","40 32:21.000","1","0","79 50:31.106","4","0","0","0","2208","0","0","0","N","0","0","0","2","68D02","1","","2.0","","9","N","N","","0","","0","0","1","","0","N","","2","1","0","0","0","0","0","2","0","2","","","","N","","","","","","","","","",""
"2005169143","","1","0","0","0","0","0","0","0","0","1","0","","02","7","2005","2","","","","11","0","0","0","0","0","0","0","1","1","0","0","0","","","0","","0","","40 25:35.40","2","0","80 01:51.24","0","0","0","0","2301","0","0","0","N","0","0","0","3","68B03","0","","1.0","","1","N","N","","1","","0","0","0","","0","N","","2","0","0","0","0","0","0","2","0","2","","","","N","","","","","","","","","",""
"2005169165","","2","0","0","0","0","0","0","0","0","1","0","","02","7","2005","7","40.4372","-80.2048","","11","0","0","0","0","1","0","0","0","","0","0","0","","","0","","0","","40 26:13.920","","0","80 12:17.280","0","0","0","0","2214","0","0","0","N","0","0","0","4","68B03","0","","1.0","","1","N","N","","0","","0","0","2","","0","","","4","0","0","0","0","0","0","2","0","4","","","","N","","","","","","","","","",""
"2005169174","","0","0","0","0","0","0","0","0","0","7","0","","02","7","2005","1","40.307222","-79.86062","","11","0","0","0","0","0","0","0","0","2","0","0","0","","","1","","0","","40 18:26.000","6","0","79 51:38.231","4","0","0","0","2443","0","0","0","N","0","0","0","2","02443","1","","4.0","","1","N","N","","0","","0","0","1","","0","Y","","1","1","0","0","0","0","0","1","0","1","","","","N","","","","","","","","","",""
"2005169282","","0","0","0","0","0","0","0","0","0","1","0","","02","7","2005","5","","","","11","0","0","0","0","0","0","0","0","","0","0","0","","","0","","0","","40 25:14.52","","0","80 02:26.88","0","0","0","0","2435","0","0","0","N","0","0","0","2","68B03","0","","1.0","","9","N","N","","0","","0","0","2","","0","","","2","0","0","0","0","0","0","2","0","2","","","","N","","","","","","","","","",""
"2005169283","","1","0","0","0","0","0","0","0","0","7","0","","02","7","2005","2","40.584722","-80.101941","","11","0","0","0","1","0","0","0","0","","0","0","0","","","0","","0","","40 35:05.000","","0","80 06:06.987","0","0","0","0","2481","0","0","0","N","0","0","0","1","68B03","0","","5.0","","1","N","N","","0","","0","0","0","","0","","","1","0","0","0","0","0","0","2","0","1","","","","N","","","","","","","","","",""
"2005169284","","3","0","0","0","0","0","0","0","0","1","0","","02","7","2005","3","","","","11","0","0","0","0","0","0","0","0","1","0","0","0","","","3","","0","","40 25:54.84","1","4","80 01:27.48","4","0","0","0","2301","0","0","0","N","0","0","0","7","68B03","3","","1.0","","1","N","N","","0","","0","0","0","","8","N","","3","3","0","0","0","0","0","2","0","3","","","","N","","","","","","","","","",""
"2005169285","","1","0","0","0","0","0","0","0","0","1","0","","02","7","2005","3","","","","11","0","0","0","0","0","0","0","0","2","0","0","0","","","0","","0","","40 25:27.84","2","0","80 01:50.16","0","0","0","0","2301","0","0","0","N","0","0","0","3","68B03","0","","1.0","","1","N","N","","1","","0","0","0","","0","N","","2","0","0","0","0","0","0","2","0","2","","","","N","","","","","","","","","",""
"2005169385","","1","0","0","0","0","0","0","0","0","0","0","","02","7","2005","3","","","","11","0","0","0","0","0","0","0","0","","0","0","0","","","1","","0","","40 27:47.16","","0","79 59:58.20","3","0","0","0","2301","0","0","0","N","0","0","0","1","68B03","0","","2.0","","1","N","N","","0","","1","0","0","","0","","","1","1","0","0","0","0","0","2","0","1","","","","N","","","","","","","","","",""
"2005169386","","0","0","0","0","0","0","0","0","0","1","0","50","02","7","2005","3","","","","11","0","0","0","0","0","1","0","0","1","0","0","0","","","2","","0","","40 26:28.68","1","3","80 00:31.32","4","0","0","0","2301","0","0","0","N","0","0","0","4","68B03","2","","1.0","","9","N","N","","0","","0","0","2","","0","N","","2","2","0","0","0","0","0","2","0","2","","","N","Y","4","1","","","U","","","Y","",""
"2005169388","","3","0","0","0","0","0","0","0","0","1","0","","02","7","2005","6","","","","11","0","0","0","0","0","0","1","0","","0","0","0","","","0","","0","","40 25:06.60","","3","80 05:20.04","0","0","0","0","2415","0","0","0","N","0","0","0","4","68B03","0","","1.0","","1","N","N","","0","","0","0","0","","0","","","3","0","0","0","0","0","0","2","0","3","","","","N","","","","","","","","","",""
"2005169389","","2","0","0","0","0","0","0","0","0","1","0","","02","7","2005","6","","","","11","0","0","0","0","0","0","0","0","","0","0","0","","","1","","6","","40 24:42.12","","2","80 04:36.84","4","0","0","0","2117","0","0","0","N","0","0","0","2","68B03","1","","1.0","","1","N","N","","0","","0","0","0","","3","","","2","1","0","0","0","0","0","2","0","2","","","","N","","","","","","","","","",""
"2005169390","","1","0","0","0","0","0","0","0","0","1","0","","02","6","2005","2","","","","11","0","0","0","0","0","1","1","0","","0","0","0","","","0","","0","","40 26:04.20","","0","80 01:09.48","0","0","0","0","2301","0","0","0","N","0","0","0","3","68B03","0","","1.0","","1","N","N","","0","","0","0","2","","0","","","3","0","0","0","0","0","0","2","0","3","","","","N","","","","","","","","","",""
"2005169391","","1","0","0","0","0","0","0","0","0","1","0","","02","6","2005","5","","","","11","0","0","0","1","0","0","0","0","","0","0","0","","","1","","0","","40 25:14.88","","0","80 02:51.00","4","0","0","0","2301","0","0","0","N","0","0","0","4","68B03","1","","1.0","","1","N","N","","1","","0","0","0","","0","","","2","1","0","0","0","0","0","2","0","2","","","","N","","","","","","","","","",""
"2005169392","","1","0","0","0","0","0","0","0","0","1","0","","02","7","2005","5","40.588247","-80.099493","","11","0","0","0","1","0","0","0","0","","0","0","0","","","0","","0","","40 35:17.690","","0","80 05:58.174","0","0","0","0","2481","0","0","0","N","0","0","0","2","68B03","0","","1.0","","1","N","N","","0","","0","0","1","","0","","","2","0","0","0","0","0","0","2","0","2","","","","N","","","","","","","","","",""
"2005169393","","1","0","0","0","0","0","0","0","0","7","0","","02","7","2005","3","40.658056","-80.091572","","11","0","0","0","0","0","1","0","0","","0","0","0","","","0","","0","","40 39:29.000","","0","80 05:29.659","0","0","0","0","2212","0","0","0","N","0","0","0","1","68B03","0","","5.0","","9","N","N","","0","","0","0","0","","0","","","1","0","0","0","0","0","0","2","0","1","","","","N","","","","","","","","","",""
"2005169397","","3","0","0","0","0","0","0","0","0","4","0","","02","7","2005","7","40.529722","-79.850655","","11","0","0","0","0","0","1","0","0","2","0","0","0","","","0","","0","","40 31:47.000","1","0","79 51:02.359","0","0","0","0","2208","0","0","0","N","0","0","0","4","68D02","0","","1.0","","9","N","N","","0","","0","0","0","","0","N","","3","0","0","0","0","0","0","2","0","3","","","","N","","","","","","","","","",""
"2005169398","","1","0","0","0","0","0","0","0","0","7","0","","02","7","2005","1","40.546944","-79.828083","","11","0","0","0","0","0","0","0","0","2","0","0","0","","","1","","0","","40 32:49.000","1","0","79 49:41.098","8","0","0","0","2208","0","0","0","N","0","0","0","1","68D02","0","","2.0","","9","N","N","","0","","0","0","0","","0","N","","1","1","0","0","0","1","0","2","0","1","","","","N","","","","","","","","","",""
"2005169399","","2","0","0","0","0","0","0","0","0","1","0","","02","6","2005","2","40.576944","-79.786599","","11","0","0","0","0","0","1","0","0","","0","0","0","","","0","","0","","40 34:37.000","","0","79 47:11.755","0","0","0","0","2206","0","0","0","N","0","0","0","2","68D02","0","","1.0","","1","N","N","","0","","0","0","0","","0","","","2","0","0","0","0","0","0","2","0","2","","","","N","","","","","","","","","",""
"2005169476","","2","0","0","0","0","0","0","0","0","1","0","","02","8","2005","3","40.502705","-80.222145","","11","0","0","0","0","0","0","1","0","","0","0","0","","","0","","0","","40 30:09.737","","0","80 13:19.723","0","0","0","0","2213","0","0","0","N","0","0","0","2","02213","0","","1.0","","9","N","N","","0","","0","0","0","","0","","","2","0","1","0","0","0","0","2","0","2","","","","N","","","","","","","","","",""
"2005169767","","1","0","0","0","0","0","0","0","0","7","0","","02","8","2005","7","","","","11","0","0","0","0","1","0","0","0","","0","0","0","","","0","","0","","","","7","","0","0","0","0","2212","0","0","0","N","0","0","0","1","02505","0","","4.0","","1","N","N","","0","","0","0","0","","0","","","1","0","0","0","0","0","0","1","0","1","","","","N","","","","","","","","","",""
"2005169850","","2","0","0","0","0","0","0","0","0","1","0","","02","8","2005","4","","","","11","0","0","1","1","0","0","0","0","4","0","0","0","","","1","","0","","","1","0","","3","0","0","0","2102","0","0","0","Y","0","0","0","2","02102","0","","1.0","","9","N","N","","0","","1","0","0","","0","N","","2","1","0","0","0","0","0","1","0","2","","","","N","","","","","","","","","",""
"2005169880","","1","0","0","0","0","0","0","0","0","4","0","","02","8","2005","1","","","","11","0","0","0","1","0","0","0","0","","0","0","0","","","0","","3","","","","0","","0","0","0","0","2301","0","0","0","N","0","0","0","5","02301","0","","1.0","","1","N","N","","0","","0","0","1","","0","","","2","0","0","0","0","0","0","1","0","2","","","","N","","","","","","","","","",""
"2005169881","","1","0","0","0","0","0","0","0","0","4","0","","02","8","2005","7","40.454125","-79.906268","","11","0","0","0","0","0","0","1","0","2","0","0","0","","","0","","1","","40 27:14.851","5","0","79 54:22.563","0","0","0","0","2301","0","0","0","N","0","0","0","2","02301","0","","1.0","","1","N","N","","1","","0","0","0","","3","N","","2","0","0","0","0","0","0","2","0","2","","","","N","","","","","","","","","",""
"2005169882","","0","0","0","0","0","0","0","0","0","7","0","","02","8","2005","7","","","","11","0","0","0","0","0","1","0","0","","0","0","0","","","0","","0","","","","0","","0","0","0","0","2301","0","0","0","N","0","0","0","1","02301","0","","4.0","","1","N","N","","1","","0","0","0","","0","","","1","0","0","0","0","0","0","1","0","1","","","","N","","","","","","","","","",""
"2005169912","","1","0","0","0","0","0","0","0","0","2","0","","02","8","2005","7","40.483052","-80.035433","","11","0","0","0","0","0","0","0","1","","0","0","0","","","0","","1","","40 28:58.987","","0","80 02:07.558","0","0","0","0","2301","0","0","0","N","0","0","0","7","02301","0","","1.0","","1","N","N","","0","","0","0","1","","2","","","2","0","0","0","0","0","0","2","0","2","","","","N","","","","","","","","","",""
"2005169913","","2","0","0","0","0","0","0","0","0","4","0","","02","8","2005","6","40.456549","-79.997605","","11","0","0","0","0","0","0","1","0","1","0","0","0","","","0","","1","","40 27:23.575","1","0","79 59:51.378","0","0","0","0","2301","0","0","0","N","0","0","0","5","02301","0","","1.0","","1","N","N","","0","","0","0","0","","2","N","","2","0","0","0","0","0","0","2","0","2","","","","N","","","","","","","","","",""
"2005169922","","2","0","0","0","0","0","0","0","0","1","0","","02","8","2005","3","","","","11","0","0","0","0","0","0","0","0","","0","0","0","","","0","","0","","40 26:01.68","","0","79 59:31.20","0","0","0","0","2301","0","0","0","N","0","0","0","2","02301","0","","1.0","","1","N","N","","0","","0","0","0","","4","","","2","0","0","0","0","0","0","2","0","2","","","","N","","","","","","","","","",""
"2005169923","","1","0","0","0","0","0","0","0","0","8","0","","02","8","2005","7","","","","11","0","0","0","0","0","0","0","0","","0","0","0","","","1","","0","","","","0","","8","0","0","0","2301","1","0","0","N","1","0","0","4","02301","0","","1.0","","1","N","N","","0","","0","0","0","","0","","","2","1","0","0","0","1","0","1","0","1","","","","N","","","","","","","","","",""
"2005169924","","0","0","0","0","0","0","0","0","0","4","0","","02","8","2005","6","","","","11","0","0","0","1","0","0","0","0","","0","0","0","","","0","","1","","","","0","","0","0","0","0","2301","0","0","0","N","0","0","0","2","02301","0","","1.0","","1","N","N","","1","","0","0","1","","3","","","2","0","0","0","0","0","0","1","0","2","","","","N","","","","","","","","","",""
"2005169925","","2","0","0","0","0","0","0","0","0","5","0","","02","8","2005","7","40.409622","-79.99075","","11","0","0","0","0","0","0","0","0","","0","0","0","","","0","","0","","40 24:34.639","","0","79 59:26.700","0","0","0","0","2301","0","0","0","N","0","0","0","1","02301","0","","1.0","","1","N","N","","0","","0","0","1","","0","","","3","0","0","0","0","0","0","2","0","3","","","","N","","","","","","","","","",""
"2005169927","","2","0","0","0","0","0","0","0","0","4","0","","02","8","2005","1","","","","11","0","0","0","0","0","0","0","0","","0","0","0","","","0","","1","","","","0","","9","0","0","0","2301","0","0","0","N","0","0","0","2","02301","0","","1.0","","1","N","N","","0","","0","0","0","","2","","","2","0","0","0","0","0","1","1","0","2","","","","N","","","","","","","","","",""
"2005169941","","2","0","0","0","0","0","0","0","0","1","0","","02","7","2005","4","40.5762","-79.8659","","11","0","0","0","1","0","0","0","0","","0","0","0","","","1","","0","","40 34:34.320","","0","79 51:57.240","4","0","0","0","2209","0","0","0","N","0","0","0","2","68T02","1","","1.0","","9","N","N","","0","","0","0","0","","0","","","2","1","0","0","0","0","1","2","0","2","","","","N","","","","","","","","","",""
"2005170077","","1","0","0","0","0","0","0","0","0","7","0","","02","7","2005","7","40.5264","-79.8206","","11","0","0","0","0","0","0","0","0","","0","0","0","","","0","","0","","40 31:35.040","","0","79 49:14.160","0","0","0","0","2466","0","0","0","N","0","0","0","3","68T02","0","","3.0","","9","N","N","","0","","0","0","0","","0","","","1","0","0","0","0","0","0","1","0","1","","","","N","","","","","","","","","",""
"2005170182","","2","0","0","0","0","0","0","0","0","1","0","","02","8","2005","2","40.378889","-80.051964","","11","0","0","0","0","0","0","0","0","2","0","0","0","","","2","","2","","40 22:44.000","1","0","80 03:07.069","3","0","0","0","2109","0","0","0","N","0","0","0","2","02109","1","","1.0","","9","N","N","","0","","1","0","0","","0","N","","2","2","1","0","0","0","0","2","0","2","","","","N","","","","","","","","","",""
"2005170248","","0","0","0","0","0","0","0","0","0","0","0","","02","8","2005","5","40.442472","-79.955713","","11","0","0","0","0","0","0","0","0","","0","0","0","","","1","","0","","40 26:32.898","","0","79 57:20.566","3","0","0","1","2301","0","0","0","N","0","0","0","1","02301","0","","1.0","","1","N","N","","0","","1","0","0","","0","","","1","1","0","0","0","0","0","2","0","1","","","","N","","","","","","","","","",""
"2005170256","","0","0","0","0","0","0","0","0","0","1","0","","02","8","2005","6","40.488141","-79.921394","","11","0","0","0","0","0","0","0","0","","0","0","0","","","1","","0","","40 29:17.308","","0","79 55:17.020","3","0","0","0","2301","0","0","0","N","0","0","0","3","02301","0","","1.0","","1","N","N","","0","","1","0","1","","2","","","2","1","0","0","0","0","0","2","1","2","","","","N","","","","","","","","","",""
"2005170257","","2","0","0","0","0","0","0","0","0","4","0","","02","8","2005","4","","","","11","0","0","0","0","0","2","0","0","2","0","0","0","","","1","","2","","","3","0","","4","0","0","0","2301","0","0","0","N","0","0","0","2","02301","1","","1.0","","1","N","N","","0","","0","0","0","","2","N","","2","1","0","0","0","0","0","1","0","2","","","","N","","","","","","","","","",""
"2005170434","","1","0","0","0","0","0","0","0","0","4","0","","02","8","2005","1","40.501667","-79.812553","","11","0","0","0","0","0","2","0","0","1","0","0","0","","","1","","1","","40 30:06.000","1","0","79 48:45.190","3","0","0","1","2113","0","0","0","N","0","0","0","2","02113","0","","1.0","","1","N","N","","0","","1","0","0","","3","N","","2","1","0","0","0","0","0","2","0","2","","","","N","","","","","","","","","",""
"2005170443","","1","0","0","0","0","0","0","0","0","4","0","","02","7","2005","7","40.4947","-79.9422","","11","0","0","0","0","0","1","0","0","","0","0","0","","","1","","3","","40 29:40.920","","2","79 56:31.920","8","0","0","0","2401","0","0","0","N","0","0","0","2","02401","0","","1.0","","1","N","N","","1","","0","0","0","","0","","","2","1","1","0","0","1","0","2","0","2","","","","N","","","","","","","","","",""
"2005170455","","3","0","0","0","0","0","0","0","0","5","0","","02","6","2005","1","","","","11","0","0","0","0","0","1","0","0","","0","0","0","","","0","","0","","40 25:35.40","","0","79 54:59.40","0","0","0","0","2426","0","0","0","N","0","0","0","6","68B03","0","","1.0","","1","N","N","","0","","0","0","0","","0","","","3","0","0","0","0","0","0","2","0","3","","","","N","","","","","","","","","",""
"2005170561","","0","0","0","0","0","0","0","0","0","0","0","","02","7","2005","1","40.33","-80.134869","","11","0","0","0","0","0","0","0","0","","0","0","0","","","1","","2","","40 19:48.000","","0","80 08:05.527","8","0","0","1","2119","0","0","0","N","0","0","0","1","02119","0","","1.0","","1","N","N","","0","","0","0","0","","0","","","1","1","0","0","0","1","0","2","0","1","","","","N","","","","","","","","","",""
"2005170583","","3","0","0","0","0","0","0","0","0","1","0","55","02","7","2005","2","40.615","-80.09524","","11","0","0","0","0","0","0","0","0","","0","0","0","","","0","","0","","40 36:54.000","","0","80 05:42.863","0","0","0","0","2481","0","0","0","N","0","0","0","4","68B03","0","","1.0","","1","N","N","","0","","0","0","0","","0","","","3","0","0","0","0","0","0","2","0","3","","","Y","Y","2","2","","Y","U","Y","","","",""
"2005170602","","1","0","0","0","0","0","0","0","0","1","0","","02","7","2005","3","40.296389","-79.994521","","11","0","0","0","0","0","1","0","0","2","0","0","0","","","1","","2","","40 17:47.000","2","0","79 59:40.277","3","0","0","0","2219","0","0","0","N","0","0","0","2","02219","0","","1.0","","1","N","N","","1","","1","0","0","","0","N","","2","1","0","0","0","0","0","2","0","2","","","","N","","","","","","","","","",""
"2005170629","","1","0","0","0","0","0","0","0","0","7","0","","02","8","2005","2","40.495278","-80.288938","","11","0","0","0","0","0","0","0","0","","0","0","0","","","1","","0","","40 29:43.000","","0","80 17:20.178","8","0","0","0","2203","0","0","0","N","0","0","0","1","02203","0","","5.0","","1","N","N","","0","","0","0","0","","0","","","1","1","0","0","0","1","0","2","0","1","","","","N","","","","","","","","","",""
"2005170957","","0","0","0","0","0","0","0","0","0","7","0","","02","8","2005","3","40.615405","-80.05365","","11","0","0","0","0","0","0","0","0","","0","0","0","","","0","","10","","40 36:55.458","","7","80 03:13.140","0","0","0","0","2216","0","0","0","N","0","0","0","1","02505","0","","4.0","","9","N","N","","1","","0","0","0","","0","","","1","0","0","0","0","0","0","2","0","1","","","","N","","","","","","","","","",""
"2005171153","","1","0","0","0","0","0","0","0","0","7","0","","02","9","2005","5","40.385324","-79.972685","","11","0","0","0","0","0","0","0","0","","0","0","0","","","0","","0","","40 23:07.168","","7","79 58:21.665","0","0","0","0","2403","0","0","0","N","0","0","0","1","02403","0","","5.0","","1","N","N","","0","","0","0","0","","0","","","1","0","0","0","0","0","0","2","0","1","","","","N","","","","","","","","","",""
"2005171162","","3","0","0","0","0","0","0","0","0","4","0","","02","9","2005","6","40.3865","-80.0923","","11","0","0","0","0","0","0","0","1","2","0","0","0","","","0","","0","","40 23:11.400","1","7","80 05:32.280","0","0","0","0","2117","0","0","0","N","0","0","0","5","02117","0","","1.0","","1","N","N","","0","","0","0","0","","2","N","","4","0","0","0","0","0","0","2","1","4","","","","N","","","","","","","","","",""
"2005171167","","0","0","0","0","0","0","0","0","0","7","0","","02","8","2005","4","40.206063","-79.898503","","11","0","0","0","0","0","0","0","0","2","0","0","0","","","0","","0","","40 12:21.825","1","0","79 53:54.610","0","0","0","0","2204","0","0","0","N","0","0","0","1","02204","0","","4.0","","1","N","N","","1","","0","0","0","","0","N","","1","0","0","0","0","0","0","1","0","1","","","","N","","","","","","","","","",""