"CRN","ARRIVAL_TM","AUTOMOBILE_COUNT","BELTED_DEATH_COUNT","BELTED_SUSP_SERIOUS_INJ_COUNT","BICYCLE_COUNT","BICYCLE_DEATH_COUNT","BICYCLE_SUSP_SERIOUS_INJ_COUNT","BUS_COUNT","CHLDPAS_DEATH_COUNT","CHLDPAS_SUSP_SERIOUS_INJ_COUNT","COLLISION_TYPE","COMM_VEH_COUNT","CONS_ZONE_SPD_LIM","COUNTY","CRASH_MONTH","CRASH_YEAR","DAY_OF_WEEK","DEC_LATITUDE","DEC_LONGITUDE","DISPATCH_TM","DISTRICT","DRIVER_COUNT_16YR","DRIVER_COUNT_17YR","DRIVER_COUNT_18YR","DRIVER_COUNT_19YR","DRIVER_COUNT_20YR","DRIVER_COUNT_50_64YR","DRIVER_COUNT_65_74YR","DRIVER_COUNT_75PLUS","EST_HRS_CLOSED","FATAL_COUNT","HEAVY_TRUCK_COUNT","HORSE_BUGGY_COUNT","HOUR_OF_DAY","ILLUMINATION","INJURY_COUNT","INTERSECTION_RELATED","INTERSECT_TYPE","LANE_CLOSED","LATITUDE","LN_CLOSE_DIR","LOCATION_TYPE","LONGITUDE","MAX_SEVERITY_LEVEL","MCYCLE_DEATH_COUNT","MCYCLE_SUSP_SERIOUS_INJ_COUNT","MOTORCYCLE_COUNT","MUNICIPALITY","NONMOTR_COUNT","NONMOTR_DEATH_COUNT","NONMOTR_SUSP_SERIOUS_INJ_COUNT","NTFY_HIWY_MAINT","PED_COUNT","PED_DEATH_COUNT","PED_SUSP_SERIOUS_INJ_COUNT","PERSON_COUNT","POLICE_AGCY","POSSIBLE_INJ_COUNT","RDWY_SURF_TYPE_CD","RELATION_TO_ROAD","ROADWAY_CLEARED","ROAD_CONDITION","SCH_BUS_IND","SCH_ZONE_IND","SECONDARY_CRASH","SMALL_TRUCK_COUNT","SPEC_JURIS_CD","SUSP_MINOR_INJ_COUNT","SUSP_SERIOUS_INJ_COUNT","SUV_COUNT","TCD_FUNC_CD","TCD_TYPE","TFC_DETOUR_IND","TIME_OF_DAY","TOTAL_UNITS","TOT_INJ_COUNT","UNBELTED_OCC_COUNT","UNB_DEATH_COUNT","UNB_SUSP_SERIOUS_INJ_COUNT","UNK_INJ_DEG_COUNT","UNK_INJ_PER_COUNT","URBAN_RURAL","VAN_COUNT","VEHICLE_COUNT","WEATHER1","WEATHER2","WORKERS_PRES","WORK_ZONE_IND","WORK_ZONE_LOC","WORK_ZONE_TYPE","WZ_CLOSE_DETOUR","WZ_FLAGGER","WZ_LAW_OFFCR_IND","WZ_LN_CLOSURE","WZ_MOVING","WZ_OTHER","WZ_SHLDER_MDN","WZ_WORKERS_INJ_KILLED"
"2005183733","","2","0","0","0","0","0","0","0","0","6","0","","02","9","2005","7","40.488551","-79.778333","","11","0","1","1","0","0","0","0","0","","0","0","0","","","0","","0","0","40 29:18.782","","0","79 46:41.999","0","0","0","0","2466","0","0","0","N","0","0","0","2","02466","0","","1.0","","1","N","N","","0","","0","0","0","","0","","","2","0","0","0","0","0","0","2","0","2","","","","N","","","","","","","","","",""
"2005183739","","1","0","0","0","0","0","0","0","0","8","0","","02","8","2005","5","40.443573","-79.953774","","11","0","0","0","0","0","1","0","0","","0","0","0","","","1","","0","0","40 26:36.862","","0","79 57:13.588","8","0","0","0","2301","1","0","0","N","1","0","0","3","02301","0","","1.0","","1","N","N","","0","","0","0","0","","0","","","2","1","0","0","0","1","0","2","0","1","","","","N","","","","","","","","","",""
"2005183740","","2","0","0","0","0","0","0","0","0","1","0","","02","9","2005","2","40.443056","-79.95357","","11","0","0","0","0","0","1","0","0","","0","0","0","","","3","","2","0","40 26:35.000","","0","79 57:12.852","4","0","0","0","2301","0","0","0","N","0","0","0","4","02301","1","","1.0","","1","N","N","","0","","0","0","0","","3","","","2","3","0","0","0","2","0","2","0","2","","","","N","","","","","","","","","",""
"2005183741","","0","0","0","0","0","0","0","0","0","8","0","","02","9","2005","1","40.453611","-79.999214","","11","0","0","0","0","0","0","0","0","","0","0","0","","","1","","2","0","40 27:13.000","","0","79 59:57.170","2","0","0","0","2301","1","0","1","N","1","0","1","2","02301","0","","1.0","","1","N","N","","0","","0","1","1","","8","","","2","1","0","0","0","0","0","2","0","1","","","","N","","","","","","","","","",""
"2005183742","","1","0","0","0","0","0","0","0","0","2","0","","02","9","2005","1","40.4537","-79.9956","","11","0","0","0","0","0","1","0","0","","0","0","0","","","2","","7","0","40 27:13.320","","2","79 59:44.160","8","0","0","0","2301","0","0","0","N","0","0","0","3","02301","0","","1.0","","1","N","N","","0","","0","0","0","","8","","","2","2","0","0","0","2","0","2","1","2","","","","N","","","","","","","","","",""
"2005183743","","1","0","0","0","0","0","0","0","0","1","0","","02","9","2005","3","40.478889","-80.043068","","11","0","0","0","0","0","0","0","0","1","0","0","0","","","1","","1","1","40 28:44.000","2","2","80 02:35.043","8","0","0","0","2301","0","0","0","N","0","0","0","2","02301","0","","1.0","","1","N","N","","0","","0","0","1","","4","N","","2","1","0","0","0","1","0","2","0","2","","","","N","","","","","","","","","",""
"2005183745","","1","0","0","0","0","0","0","0","0","8","0","","02","9","2005","6","","","","11","0","0","0","0","0","1","0","0","","0","0","0","","","1","","0","0","","","0","","8","0","0","0","2301","1","0","0","N","1","0","0","2","02301","0","","1.0","","1","N","N","","0","","0","0","0","","0","","","2","1","0","0","0","1","0","1","0","1","","","","N","","","","","","","","","",""
"2005183750","","1","0","0","0","0","0","0","0","0","7","0","","02","9","2005","2","40.452131","-79.909558","","11","0","0","0","0","0","0","0","0","2","0","0","0","","","1","","0","1","40 27:07.670","4","0","79 54:34.408","4","0","0","0","2301","0","0","0","N","0","0","0","1","02301","1","","2.0","","1","N","N","","0","","0","0","0","","0","N","","1","1","1","0","0","0","0","2","0","1","","","","N","","","","","","","","","",""
"2005183756","","1","0","0","0","0","0","0","0","0","7","0","","02","9","2005","2","40.476308","-79.98935","","11","0","0","0","0","0","0","0","1","","0","0","0","","","1","","0","0","40 28:34.708","","0","79 59:21.660","2","0","0","0","2301","0","0","0","N","0","0","0","1","02301","0","","5.0","","1","N","N","","0","","0","1","0","","0","","","1","1","1","0","1","0","0","2","0","1","","","","N","","","","","","","","","",""
"2005183757","","0","0","0","0","0","0","0","0","0","8","0","","02","9","2005","5","40.442158","-80.00404","","11","0","0","0","0","0","0","0","0","1","0","0","0","","","1","","1","1","40 26:31.768","1","0","80 00:14.544","8","0","0","0","2301","1","0","0","N","1","0","0","3","02301","0","","1.0","","1","N","N","","0","","0","0","1","","2","N","","2","1","0","0","0","1","0","2","0","1","","","","N","","","","","","","","","",""
"2005183758","","2","0","0","0","0","0","0","0","0","4","0","","02","9","2005","1","","","","11","0","0","0","0","0","0","0","0","","0","0","0","","","1","","1","0","","","0","","4","0","0","0","2301","0","0","0","N","0","0","0","3","02301","1","","1.0","","1","N","N","","0","","0","0","0","","3","","","2","1","1","0","0","0","0","1","0","2","","","","N","","","","","","","","","",""
"2005183759","","1","0","0","1","0","0","0","0","0","8","0","","02","9","2005","1","","","","11","0","0","0","0","0","1","0","0","","0","0","0","","","1","","2","0","","","0","","4","0","0","0","2301","1","0","0","N","0","0","0","3","02301","1","","1.0","","1","N","N","","0","","0","0","0","","3","","","2","1","0","0","0","0","0","1","0","1","","","","N","","","","","","","","","",""
"2005183760","","0","0","0","0","0","0","0","0","0","7","0","","02","9","2005","1","40.425833","-80.019893","","11","0","0","0","0","0","0","0","0","2","0","0","0","","","1","","1","2","40 25:33.000","3","0","80 01:11.613","4","0","0","1","2301","0","0","0","N","0","0","0","1","02301","1","","4.0","","1","N","N","","0","","0","0","0","","2","N","","1","1","0","0","0","0","0","2","0","1","","","","N","","","","","","","","","",""
"2005183761","","2","0","0","0","0","0","0","0","0","1","0","","02","9","2005","1","","","","11","0","0","0","0","0","1","0","0","1","0","0","0","","","0","","1","1","","7","0","","0","0","0","0","2301","0","0","0","N","0","0","0","2","02301","0","","1.0","","1","N","N","","0","","0","0","0","","3","N","","2","0","0","0","0","0","0","1","0","2","","","","N","","","","","","","","","",""
"2005183762","","0","0","0","0","0","0","0","0","0","1","0","","02","9","2005","3","40.441733","-80.035258","","11","0","0","0","0","0","2","0","0","","0","0","0","","","1","","2","0","40 26:30.238","","0","80 02:06.928","8","0","0","2","2301","0","0","0","N","0","0","0","4","02301","0","","1.0","","1","N","N","","0","","0","0","0","","0","","","3","1","0","0","0","1","0","2","1","3","","","","N","","","","","","","","","",""
"2005183763","","1","0","0","0","0","0","0","0","0","7","0","","02","9","2005","4","40.4259","-80.0199","","11","0","0","0","0","0","0","0","0","2","0","0","0","","","1","","1","2","40 25:33.240","4","0","80 01:11.640","8","0","0","0","2301","0","0","0","N","0","0","0","1","02301","0","","4.0","","1","N","N","","0","","0","0","0","","2","N","","1","1","0","0","0","1","0","2","0","1","","","","N","","","","","","","","","",""
"2005183764","","0","0","0","0","0","0","0","0","0","4","0","","02","9","2005","7","40.417181","-79.995684","","11","0","0","0","0","0","0","0","0","","0","0","0","","","0","","0","0","40 25:01.851","","0","79 59:44.462","0","0","0","0","2301","0","0","0","N","0","0","0","0","02301","0","","1.0","","1","N","N","","1","","0","0","0","","0","","","2","0","0","0","0","0","0","2","0","2","","","","N","","","","","","","","","",""
"2005183765","","1","0","0","0","0","0","0","0","0","1","0","","02","9","2005","6","40.429167","-79.999132","","11","0","0","0","0","0","0","0","0","","0","0","0","","","1","","2","0","40 25:45.000","","0","79 59:56.876","8","0","0","0","2301","0","0","0","","0","0","0","2","02301","0","","1.0","","1","N","N","","0","","0","0","1","","0","","","2","1","0","0","0","1","0","2","0","2","","","","N","","","","","","","","","",""
"2005183766","","1","0","0","0","0","0","0","0","0","6","0","","02","9","2005","2","40.391712","-80.010826","","11","0","0","0","0","0","0","0","0","","0","0","0","","","0","","0","0","40 23:30.163","","0","80 00:38.973","0","0","0","0","2301","0","0","0","N","0","0","0","1","02301","0","","4.0","","1","N","N","","1","","0","0","0","","0","","","2","0","0","0","0","0","0","2","0","2","","","","N","","","","","","","","","",""
"2005183768","","2","0","0","0","0","0","0","0","0","4","0","","02","9","2005","6","","","","11","0","0","0","0","0","1","0","0","1","0","0","0","","","0","","1","2","","6","0","","0","0","0","0","2301","0","0","0","N","0","0","0","3","02301","0","","1.0","","1","N","N","","0","","0","0","0","","0","Y","","2","0","0","0","0","0","0","1","0","2","","","","N","","","","","","","","","",""
"2005183769","","1","0","0","0","0","0","0","0","0","1","0","","02","9","2005","1","","","","11","1","0","0","0","0","0","0","0","","0","0","0","","","0","","0","0","","","0","","9","0","0","0","2301","0","0","0","N","0","0","0","4","02301","0","","1.0","","1","N","N","","1","","0","0","0","","0","","","2","0","0","0","0","0","1","1","0","2","","","","N","","","","","","","","","",""
"2005183770","","3","0","0","0","0","0","0","0","0","1","0","","02","9","2005","3","40.468128","-79.927861","","11","0","0","0","0","0","2","0","0","","0","0","0","","","0","","2","0","40 28:05.260","","0","79 55:40.299","0","0","0","0","2301","0","0","0","N","0","0","0","3","02301","0","","1.0","","1","N","N","","0","","0","0","0","","0","","","3","0","0","0","0","0","0","2","0","3","","","","N","","","","","","","","","",""
"2005183771","","2","0","0","0","0","0","0","0","0","1","0","","02","9","2005","3","","","","11","0","0","0","0","0","0","0","1","","0","0","0","","","5","","0","0","","","0","","4","0","0","0","2301","0","0","0","N","0","0","0","5","02301","4","","1.0","","1","N","N","","0","","0","0","0","","0","","","2","5","0","0","0","1","0","1","0","2","","","","N","","","","","","","","","",""
"2005183772","","1","0","0","0","0","0","0","0","0","1","0","","02","9","2005","6","40.452398","-79.950348","","11","0","0","0","1","0","0","0","0","","0","0","0","","","0","","0","0","40 27:08.632","","0","79 57:01.252","0","0","0","0","2301","0","0","0","N","0","0","0","2","02301","0","","1.0","","1","N","N","","0","","0","0","0","","0","","","2","0","0","0","0","0","0","2","1","2","","","","N","","","","","","","","","",""
"2005183776","","0","0","0","0","0","0","0","0","0","5","0","","02","9","2005","5","40.3984","-79.9355","","11","0","0","0","1","0","0","0","0","","0","0","0","","","1","","0","0","40 23:54.240","","0","79 56:07.800","3","0","0","0","2301","0","0","0","N","0","0","0","2","02301","0","","6.0","","1","N","N","","1","","1","0","0","","0","","","2","1","0","0","0","0","0","2","1","2","","","","N","","","","","","","","","",""
"2005183778","","0","0","0","1","0","0","1","0","0","8","1","","02","9","2005","4","40.4481","-79.971746","","11","0","0","0","0","0","0","0","0","","0","0","0","","","1","","1","0","40 26:53.160","","0","79 58:18.285","4","0","0","0","2301","1","0","0","N","0","0","0","2","02301","1","","1.0","","1","Y","N","","0","","0","0","0","","3","","","2","1","0","0","0","0","0","2","0","1","","","","N","","","","","","","","","",""
"2005183791","","1","0","0","0","0","0","0","0","0","1","0","","02","9","2005","6","40.427804","-79.928568","","11","0","0","0","0","0","1","0","0","2","0","0","0","","","1","","1","1","40 25:40.096","1","0","79 55:42.843","4","0","0","0","2301","0","0","0","N","0","0","0","4","02301","1","","1.0","","9","N","N","","2","","0","0","1","","2","N","","4","1","0","0","0","0","0","2","0","4","","","","N","","","","","","","","","",""
"2005183792","","1","0","0","0","0","0","0","0","0","8","0","","02","9","2005","7","","","","11","0","0","0","0","0","0","0","0","1","0","0","0","","","1","","0","1","","3","0","","8","0","0","0","2301","1","0","0","N","1","0","0","3","02301","0","","1.0","","1","N","N","","0","","0","0","0","","0","N","","2","1","0","0","0","1","0","1","0","1","","","","N","","","","","","","","","",""
"2005183793","","2","0","0","0","0","0","0","0","0","1","0","","02","9","2005","5","","","","11","0","0","0","0","0","0","0","0","","0","0","0","","","0","","2","0","","","0","","0","0","0","0","2301","0","0","0","N","0","0","0","6","02301","0","","1.0","","1","N","N","","0","","0","0","1","","3","","","3","0","0","0","0","0","0","1","0","3","","","","N","","","","","","","","","",""
"2005183794","","2","0","0","0","0","0","0","0","0","4","0","","02","9","2005","6","40.443889","-79.925413","","11","0","0","0","0","0","0","0","0","2","0","0","0","","","1","","2","2","40 26:38.000","7","0","79 55:31.486","4","0","0","0","2301","0","0","0","N","0","0","0","4","02301","1","","1.0","","1","N","N","","0","","0","0","1","","0","Y","","3","1","1","0","0","0","0","2","0","3","","","","N","","","","","","","","","",""
"2005183795","","3","0","0","0","0","0","0","0","0","2","0","","02","9","2005","7","40.419672","-79.933811","","11","0","0","0","0","0","0","0","0","1","0","0","0","","","1","","0","2","40 25:10.819","3","0","79 56:01.719","4","0","0","0","2301","0","0","0","N","0","0","0","1","02301","1","","1.0","","1","N","N","","0","","0","0","0","","0","N","","3","1","0","0","0","0","0","2","0","3","","","","N","","","","","","","","","",""
"2005183812","","1","0","0","0","0","0","0","0","0","8","0","","02","9","2005","5","40.444048","-79.885848","","11","0","0","0","0","0","0","0","0","1","0","0","0","","","1","","0","1","40 26:38.571","4","0","79 53:09.053","4","0","0","0","2301","1","0","0","N","1","0","0","3","02301","1","","1.0","","1","N","N","","0","","0","0","0","","0","N","","2","1","0","0","0","0","0","2","0","1","","","","N","","","","","","","","","",""
"2005183813","","1","0","0","0","0","0","0","0","0","0","0","","02","9","2005","7","40.436111","-79.976894","","11","0","0","0","0","0","0","0","0","","0","0","0","","","0","","2","0","40 26:10.000","","0","79 58:36.817","0","0","0","0","2301","0","0","0","N","0","0","0","1","02301","0","","1.0","","1","N","N","","0","","0","0","0","","0","","","1","0","0","0","0","0","0","2","0","1","","","","N","","","","","","","","","",""
"2005183891","","1","0","0","0","0","0","0","0","0","1","0","","02","8","2005","7","","","","11","0","0","0","1","0","1","0","0","1","0","0","0","","","0","","0","1","40 25:36.12","4","0","79 54:59.04","0","0","0","0","2426","0","0","0","N","0","0","0","4","68B03","0","","1.0","","1","N","N","","0","","0","0","1","","0","N","","2","0","0","0","0","0","0","2","0","2","","","","N","","","","","","","","","",""
"2005183947","","2","0","0","0","0","0","0","0","0","1","0","","02","8","2005","3","40.494689","-79.881826","","11","0","0","0","1","0","0","0","0","","0","0","0","","","0","","0","0","40 29:40.880","","0","79 52:54.573","0","0","0","0","2112","0","0","0","N","0","0","0","3","02112","0","","1.0","","1","N","N","","0","","0","0","0","","0","","","2","0","0","0","0","0","0","2","0","2","","","","N","","","","","","","","","",""
"2005184117","","2","0","0","0","0","0","0","0","0","6","0","","02","9","2005","7","40.523034","-80.133996","","11","0","0","0","0","0","0","0","0","2","0","0","0","","","1","","0","2","40 31:22.923","7","0","80 08:02.384","8","0","0","0","2434","0","0","0","Y","0","0","0","2","02211","0","","1.0","","1","N","N","","0","","0","0","0","","3","Y","","2","1","0","0","0","1","0","1","0","2","","","","N","","","","","","","","","",""
"2005184166","","1","0","0","0","0","0","0","0","0","2","0","","02","8","2005","6","40.507778","-80.136578","","11","0","0","1","0","0","1","0","0","","0","0","0","","","0","","0","0","40 30:28.000","","0","80 08:11.680","0","0","0","0","2115","0","0","0","N","0","0","0","2","68B03","0","","1.0","","1","N","N","","0","","0","0","1","","1","","","2","0","0","0","0","0","0","2","0","2","","","","N","","","","","","","","","",""
"2005184212","","2","0","0","0","0","0","0","0","0","4","0","","02","7","2005","6","","","","11","0","0","0","0","0","1","0","0","1","0","0","0","","","0","","2","1","","2","0","","0","0","0","0","2219","0","0","0","N","0","0","0","2","02219","0","","1.0","","1","N","N","","0","","0","0","0","","2","N","","2","0","0","0","0","0","0","1","0","2","","","","N","","","","","","","","","",""
"2005184298","","2","0","0","0","0","0","0","0","0","0","0","","02","9","2005","5","40.359444","-79.981982","","11","0","0","1","0","0","0","0","0","1","0","0","0","","","2","","2","1","40 21:34.000","5","0","79 58:55.134","4","0","0","0","2413","0","0","0","N","0","0","0","2","02413","2","","1.0","","1","N","N","","0","","0","0","0","","3","N","","2","2","1","0","0","0","0","2","0","2","","","","N","","","","","","","","","",""
"2005184304","","3","0","0","0","0","0","0","0","0","4","0","","02","9","2005","5","40.4953","-80.0661","","11","0","0","0","0","0","0","0","0","1","0","0","0","","","1","","0","2","40 29:43.080","5","0","80 03:57.960","3","0","0","0","2402","0","0","0","N","0","0","0","7","02402","0","","1.0","","1","N","N","","0","","1","0","0","","0","Y","","3","1","0","0","0","0","0","2","0","3","","","","N","","","","","","","","","",""
"2005184306","","3","0","0","0","0","0","0","0","0","1","0","","02","9","2005","4","40.508611","-80.211178","","11","0","0","0","0","0","1","0","0","","0","0","0","","","1","","0","0","40 30:31.000","","0","80 12:40.239","4","0","0","0","2213","0","0","0","N","0","0","0","3","02213","1","","1.0","","1","N","N","","0","","0","0","0","","0","","","3","1","0","0","0","0","0","2","0","3","","","","N","","","","","","","","","",""
"2005184343","","1","0","0","0","0","0","0","0","0","7","0","","02","9","2005","1","40.440508","-79.991373","","11","0","0","0","0","1","0","0","0","","0","0","0","","","0","","0","0","40 26:25.828","","0","79 59:28.943","0","0","0","0","2301","0","0","0","N","0","0","0","1","02301","0","","5.0","","1","N","N","","0","","0","0","0","","2","","","1","0","0","0","0","0","0","2","0","1","","","","N","","","","","","","","","",""
"2005184368","","1","0","0","0","0","0","0","0","0","7","0","","02","9","2005","2","40.671389","-79.99569","","11","0","0","0","0","0","0","0","0","","0","0","0","","","1","","3","0","40 40:17.000","","0","79 59:44.484","4","0","0","0","2216","0","0","0","N","0","0","0","2","02505","1","","5.0","","1","N","N","","0","","0","0","0","","3","","","1","1","0","0","0","0","0","1","0","1","","","","N","","","","","","","","","",""
"2005184391","","1","0","0","0","0","0","0","0","0","7","0","","02","9","2005","5","40.509167","-79.953459","","11","0","0","0","0","0","0","0","0","","0","0","0","","","0","","0","0","40 30:33.000","","0","79 57:12.451","0","0","0","0","2118","0","0","0","N","0","0","0","1","02118","0","","5.0","","1","N","N","","0","","0","0","0","","0","","","1","0","0","0","0","0","0","2","0","1","","","","N","","","","","","","","","",""
"2005184402","","2","0","0","0","0","0","0","0","0","1","0","","02","9","2005","5","40.364167","-79.999689","","11","0","0","0","0","0","2","0","0","","0","0","0","","","0","","2","0","40 21:51.000","","0","79 59:58.882","0","0","0","0","2476","0","0","0","N","0","0","0","2","02476","0","","1.0","","1","N","N","","0","","0","0","0","","0","","","2","0","0","0","0","0","0","2","0","2","","","","N","","","","","","","","","",""
"2005184404","","2","0","0","0","0","0","0","0","0","5","1","","02","9","2005","6","40.4484","-80.0258","","11","0","0","0","0","0","1","0","0","2","0","1","0","","","1","","0","1","40 26:54.240","2","3","80 01:32.880","8","0","0","0","2301","0","0","0","N","0","0","0","3","02301","0","","1.0","","1","N","N","","0","","0","0","0","","0","N","","3","1","0","0","0","1","0","2","0","3","","","","N","","","","","","","","","",""
"2005184405","","3","0","0","0","0","0","0","0","0","4","0","","02","9","2005","6","40.455375","-80.01507","","11","0","0","0","0","0","1","0","0","1","0","0","0","","","2","","2","2","40 27:19.350","5","0","80 00:54.252","4","0","0","0","2301","0","0","0","N","0","0","0","3","02301","2","","1.0","","1","N","N","","0","","0","0","0","","0","N","","3","2","0","0","0","0","0","2","0","3","","","","N","","","","","","","","","",""
"2005184406","","1","0","0","0","0","0","0","0","0","5","1","","02","9","2005","6","40.4497","-80.0261","","11","0","0","0","0","0","0","0","0","","0","1","0","","","1","","0","0","40 26:58.920","","1","80 01:33.960","3","0","0","0","2301","0","0","0","N","0","0","0","3","02301","0","","1.0","","1","N","N","","0","","1","0","0","","0","","","2","1","0","0","0","0","0","2","0","2","","","","N","","","","","","","","","",""
"2005184407","","1","0","0","1","0","0","0","0","0","8","0","","02","9","2005","4","40.438031","-79.916137","","11","0","0","0","0","0","1","0","0","","0","0","0","","","1","","2","0","40 26:16.911","","0","79 54:58.093","4","0","0","0","2301","1","0","0","N","0","0","0","2","02301","1","","2.0","","1","N","N","","0","","0","0","0","","0","","","2","1","1","0","0","0","0","2","0","1","","","","N","","","","","","","","","",""
"2005184408","","0","0","0","0","0","0","0","0","0","2","0","","02","9","2005","6","40.459435","-79.910841","","11","0","0","0","0","0","0","0","0","3","0","0","0","","","1","","2","2","40 27:33.966","6","0","79 54:39.027","2","0","1","1","2301","0","0","0","N","0","0","0","2","02301","0","","1.0","","1","N","N","","0","","0","1","0","","0","Y","","2","1","0","0","0","0","0","2","0","2","","","","N","","","","","","","","","",""
"2005184410","","0","0","0","0","0","0","0","0","0","1","0","","02","9","2005","4","40.6124","-80.0543","","11","0","0","0","0","0","1","0","0","","0","0","0","","","0","","1","0","40 36:44.640","","0","80 03:15.480","0","0","0","0","2108","0","0","0","N","0","0","0","2","02108","0","","1.0","","1","N","N","","1","","0","0","1","","2","","","2","0","0","0","0","0","0","2","0","2","","","","N","","","","","","","","","",""
"2005184411","","1","0","0","0","0","0","0","0","0","1","0","","02","9","2005","4","","","","11","0","0","0","0","0","0","1","0","2","0","0","0","","","0","","2","1","","1","0","","0","0","0","0","2108","0","0","0","N","0","0","0","2","02108","0","","1.0","","1","N","N","","0","","0","0","1","","2","N","","2","0","0","0","0","0","0","1","0","2","","","","N","","","","","","","","","",""
"2005184412","","1","0","0","0","0","0","0","0","0","6","0","","02","8","2005","7","40.597103","-80.065205","","11","0","0","0","0","0","0","0","0","","0","0","0","","","0","","0","0","40 35:49.570","","0","80 03:54.738","0","0","0","0","2108","0","0","0","N","0","0","0","1","02108","0","","2.0","","9","N","N","","0","","0","0","1","","0","","","2","0","0","0","0","0","0","2","0","2","","","","N","","","","","","","","","",""
"2005184413","","2","0","0","0","0","0","0","0","0","1","0","","02","8","2005","2","40.599167","-80.047741","","11","0","0","0","0","0","0","0","0","1","0","0","0","","","1","","0","1","40 35:57.000","2","0","80 02:51.869","4","0","0","0","2108","0","0","0","N","0","0","0","2","02108","1","","1.0","","9","N","N","","0","","0","0","0","","2","N","","2","1","0","0","0","0","0","2","0","2","","","","N","","","","","","","","","",""
"2005184414","","1","0","0","0","0","0","0","0","0","6","0","","02","8","2005","3","40.579167","-80.010103","","11","0","0","0","0","0","0","1","0","","0","0","0","","","0","","0","0","40 34:45.000","","0","80 00:36.370","0","0","0","0","2108","0","0","0","N","0","0","0","2","02108","0","","1.0","","8","N","N","","0","","0","0","0","","0","","","2","0","0","0","0","0","0","2","1","2","","","","N","","","","","","","","","",""
"2005184415","","2","0","0","0","0","0","0","0","0","2","0","","02","9","2005","5","40.585362","-80.002053","","11","0","0","0","0","0","0","0","0","1","0","0","0","","","2","","0","1","40 35:07.302","2","0","80 00:07.389","8","0","0","0","2108","0","0","0","N","0","0","0","2","02108","0","","1.0","","1","N","N","","0","","0","0","0","","0","N","","2","2","0","0","0","2","0","2","0","2","","","","N","","","","","","","","","",""
"2005184416","","1","0","0","0","0","0","0","0","0","2","0","","02","9","2005","6","40.556389","-80.039106","","11","0","0","0","0","0","0","0","0","1","0","0","0","","","0","","1","1","40 33:23.000","1","0","80 02:20.783","0","0","0","0","2108","0","0","0","N","0","0","0","2","02108","0","","1.0","","1","N","N","","1","","0","0","0","","2","N","","2","0","1","0","0","0","0","2","0","2","","","","N","","","","","","","","","",""
"2005184417","","2","0","0","0","0","0","0","0","0","4","0","","02","8","2005","4","40.593889","-79.970386","","11","0","0","0","0","0","0","0","0","1","0","0","0","","","2","","1","1","40 35:38.000","7","0","79 58:13.388","8","0","0","0","2207","0","0","0","N","0","0","0","2","02207","0","","1.0","","1","N","N","","0","","0","0","0","","2","N","","2","2","0","0","0","2","0","2","0","2","","","","N","","","","","","","","","",""
"2005184418","","2","0","0","0","0","0","0","0","0","1","0","","02","8","2005","4","40.4275","-80.0231","","11","0","0","0","0","0","0","0","0","2","0","0","0","","","2","","0","1","40 25:39.000","1","0","80 01:23.160","4","0","0","0","2301","0","0","0","N","0","0","0","2","02301","1","","1.0","","9","N","N","","0","","0","0","0","","0","N","","2","2","0","0","0","1","0","2","0","2","","","","N","","","","","","","","","",""
"2005184419","","1","0","0","0","0","0","0","0","0","8","0","","02","9","2005","6","40.413987","-79.990521","","11","0","0","0","0","0","0","0","0","1","0","0","0","","","1","","1","2","40 24:50.353","2","0","79 59:25.875","8","0","0","0","2301","1","0","0","N","1","0","0","2","02301","0","","1.0","","1","N","N","","0","","0","0","0","","0","Y","","2","1","0","0","0","1","1","2","0","1","","","","N","","","","","","","","","",""
"2005184420","","2","0","0","0","0","0","0","0","0","1","0","","02","9","2005","7","","","","11","0","0","0","0","0","0","0","0","","0","0","0","","","0","","0","0","","","0","","0","0","0","0","2301","0","0","0","N","0","0","0","2","02301","0","","1.0","","1","N","N","","0","","0","0","0","","0","","","2","0","0","0","0","0","0","1","0","2","","","","N","","","","","","","","","",""
"2005184421","","1","0","0","0","0","0","0","0","0","7","0","","02","9","2005","7","","","","11","0","0","0","0","0","0","0","0","","0","0","0","","","0","","0","0","","","0","","0","0","0","0","2301","0","0","0","N","0","0","0","1","02301","0","","4.0","","1","N","N","","0","","0","0","0","","0","","","1","0","0","0","0","0","0","1","0","1","","","","N","","","","","","","","","",""
"2005184422","","2","0","0","0","0","0","0","0","0","1","0","","02","9","2005","7","40.4303","-80.0285","","11","0","0","0","0","0","0","0","0","","0","0","0","","","0","","6","0","40 25:49.080","","2","80 01:42.600","0","0","0","0","2301","0","0","0","N","0","0","0","2","02301","0","","1.0","","1","N","N","","0","","0","0","0","","0","","","2","0","0","0","0","0","0","2","0","2","","","","N","","","","","","","","","",""
"2005184423","","2","0","0","0","0","0","0","0","0","1","0","","02","9","2005","7","40.4307","-80.0283","","11","0","0","0","0","0","0","1","0","","0","0","0","","","0","","6","0","40 25:50.520","","2","80 01:41.880","0","0","0","0","2301","0","0","0","N","0","0","0","5","02301","0","","1.0","","1","N","N","","0","","0","0","0","","4","","","2","0","0","0","0","0","0","2","0","2","","","","N","","","","","","","","","",""
"2005184424","","1","0","0","0","0","0","0","0","0","4","0","","02","9","2005","7","40.401088","-79.989281","","11","0","0","0","1","0","0","0","0","","0","0","0","","","2","","2","0","40 24:03.916","","0","79 59:21.411","8","0","0","0","2301","0","0","0","N","0","0","0","3","02301","0","","1.0","","1","N","N","","0","","0","0","0","","3","","","2","2","0","0","0","2","1","2","1","2","","","","N","","","","","","","","","",""