"CRN","ARRIVAL_TM","AUTOMOBILE_COUNT","BELTED_DEATH_COUNT","BELTED_SUSP_SERIOUS_INJ_COUNT","BICYCLE_COUNT","BICYCLE_DEATH_COUNT","BICYCLE_SUSP_SERIOUS_INJ_COUNT","BUS_COUNT","CHLDPAS_DEATH_COUNT","CHLDPAS_SUSP_SERIOUS_INJ_COUNT","COLLISION_TYPE","COMM_VEH_COUNT","CONS_ZONE_SPD_LIM","COUNTY","CRASH_MONTH","CRASH_YEAR","DAY_OF_WEEK","DEC_LATITUDE","DEC_LONGITUDE","DISPATCH_TM","DISTRICT","DRIVER_COUNT_16YR","DRIVER_COUNT_17YR","DRIVER_COUNT_18YR","DRIVER_COUNT_19YR","DRIVER_COUNT_20YR","DRIVER_COUNT_50_64YR","DRIVER_COUNT_65_74YR","DRIVER_COUNT_75PLUS","EST_HRS_CLOSED","FATAL_COUNT","HEAVY_TRUCK_COUNT","HORSE_BUGGY_COUNT","HOUR_OF_DAY","ILLUMINATION","INJURY_COUNT","INTERSECTION_RELATED","INTERSECT_TYPE","LANE_CLOSED","LATITUDE","LN_CLOSE_DIR","LOCATION_TYPE","LONGITUDE","MAX_SEVERITY_LEVEL","MCYCLE_DEATH_COUNT","MCYCLE_SUSP_SERIOUS_INJ_COUNT","MOTORCYCLE_COUNT","MUNICIPALITY","NONMOTR_COUNT","NONMOTR_DEATH_COUNT","NONMOTR_SUSP_SERIOUS_INJ_COUNT","NTFY_HIWY_MAINT","PED_COUNT","PED_DEATH_COUNT","PED_SUSP_SERIOUS_INJ_COUNT","PERSON_COUNT","POLICE_AGCY","POSSIBLE_INJ_COUNT","RDWY_SURF_TYPE_CD","RELATION_TO_ROAD","ROADWAY_CLEARED","ROAD_CONDITION","SCH_BUS_IND","SCH_ZONE_IND","SECONDARY_CRASH","SMALL_TRUCK_COUNT","SPEC_JURIS_CD","SUSP_MINOR_INJ_COUNT","SUSP_SERIOUS_INJ_COUNT","SUV_COUNT","TCD_FUNC_CD","TCD_TYPE","TFC_DETOUR_IND","TIME_OF_DAY","TOTAL_UNITS","TOT_INJ_COUNT","UNBELTED_OCC_COUNT","UNB_DEATH_COUNT","UNB_SUSP_SERIOUS_INJ_COUNT","UNK_INJ_DEG_COUNT","UNK_INJ_PER_COUNT","URBAN_RURAL","VAN_COUNT","VEHICLE_COUNT","WEATHER1","WEATHER2","WORKERS_PRES","WORK_ZONE_IND","WORK_ZONE_LOC","WORK_ZONE_TYPE","WZ_CLOSE_DETOUR","WZ_FLAGGER","WZ_LAW_OFFCR_IND","WZ_LN_CLOSURE","WZ_MOVING","WZ_OTHER","WZ_SHLDER_MDN","WZ_WORKERS_INJ_KILLED"
"2005185490","","2","0","0","0","0","0","0","0","0","4","0","","02","9","2005","5","40.615833","-80.093228","","11","0","0","0","0","0","1","0","0","1","0","0","0","","","0","","1","1","40 36:57.000","4","0","80 05:35.619","0","0","0","0","2212","0","0","0","N","0","0","0","2","02505","0","","1.0","","1","N","N","","0","","0","0","0","","2","N","","2","0","0","0","0","0","0","2","0","2","","","","N","","","","","","","","","",""
"2005185494","","2","0","0","0","0","0","0","0","0","4","0","","02","10","2005","7","40.615833","-80.055266","","11","0","0","0","1","0","1","0","0","","0","0","0","","","0","","1","0","40 36:57.000","","0","80 03:18.959","0","0","0","0","2216","0","0","0","N","0","0","0","4","02505","0","","1.0","","1","N","N","","0","","0","0","0","","2","","","2","0","0","0","0","0","0","2","0","2","","","","N","","","","","","","","","",""
"2005185508","","1","0","0","0","0","0","0","0","0","2","1","","02","9","2005","2","40.664591","-79.994229","","11","0","0","0","0","0","0","0","0","1","0","1","0","","","2","","0","2","40 39:52.528","5","0","79 59:39.225","4","0","0","0","2216","0","0","0","N","0","0","0","2","02505","2","","1.0","","9","N","N","","0","","0","0","0","","0","N","","2","2","0","0","0","0","0","1","0","2","","","","N","","","","","","","","","",""
"2005185515","","2","0","0","0","0","0","0","0","0","4","0","","02","9","2005","5","40.640361","-80.089709","","11","0","0","0","0","0","0","0","1","1","0","0","0","","","0","","2","1","40 38:25.300","1","0","80 05:22.954","0","0","0","0","2212","0","0","0","N","0","0","0","2","02505","0","","1.0","","1","N","N","","0","","0","0","0","","3","N","","2","0","0","0","0","0","0","2","0","2","","","","N","","","","","","","","","",""
"2005185533","","1","0","0","0","0","0","0","0","0","7","0","","02","9","2005","1","40.622","-79.925995","","11","0","0","0","0","0","0","0","0","2","0","0","0","","","0","","0","2","40 37:19.200","7","0","79 55:33.582","0","0","0","0","2217","0","0","0","N","0","0","0","1","02217","0","","2.0","","1","N","N","","0","","0","0","0","","0","Y","","1","0","0","0","0","0","0","2","0","1","","","","N","","","","","","","","","",""
"2005185536","","1","0","0","0","0","0","0","0","0","8","0","","02","10","2005","7","","","","11","0","0","0","0","0","0","0","0","","0","0","0","","","1","","1","0","","","0","","4","0","0","0","2438","1","0","0","N","1","0","0","2","02438","1","","1.0","","1","N","N","","0","","0","0","0","","0","","","2","1","0","0","0","0","0","1","0","1","","","","N","","","","","","","","","",""
"2005185538","","1","0","0","0","0","0","0","0","0","99","0","","02","10","2005","1","40.647222","-80.074211","","11","0","0","0","0","0","0","0","0","","0","0","0","","","0","","0","0","40 38:50.000","","0","80 04:27.161","0","0","0","0","2212","0","0","0","N","0","0","0","3","02505","0","","1.0","","1","N","N","","0","","0","0","0","","0","","","1","0","0","0","0","0","0","2","0","1","","","","N","","","","","","","","","",""
"2005185556","","1","0","0","0","0","0","0","0","0","1","0","","02","9","2005","6","40.345948","-80.092974","","11","0","0","0","0","0","0","0","1","","0","0","0","","","1","","0","0","40 20:45.412","","0","80 05:34.706","4","0","0","0","2123","0","0","0","N","0","0","0","2","02123","1","","1.0","","1","N","N","","0","","0","0","1","","0","","","2","1","0","0","0","0","0","2","0","2","","","","N","","","","","","","","","",""
"2005185565","","1","0","0","0","0","0","0","0","0","1","0","","02","9","2005","2","40.4028","-79.7647","","11","0","0","0","0","0","1","0","0","","0","0","0","","","0","","0","0","40 24:10.080","","3","79 45:52.920","0","0","0","0","2446","0","0","0","N","0","0","0","2","02446","0","","1.0","","9","N","N","","0","","0","0","0","","0","","","2","0","0","0","0","0","0","2","1","2","","","","N","","","","","","","","","",""
"2005185567","","2","0","0","0","0","0","0","0","0","1","0","","02","10","2005","1","","","","11","0","0","0","0","0","0","0","0","2","0","0","0","","","1","","0","1","","4","0","","8","0","0","0","2466","0","0","0","N","0","0","0","2","02466","0","","1.0","","1","N","N","","0","","0","0","0","","0","Y","","2","1","0","0","0","1","0","1","0","2","","","","N","","","","","","","","","",""
"2005185571","","2","0","0","0","0","0","0","0","0","2","0","","02","8","2005","1","40.283611","-79.837512","","11","0","0","0","0","0","1","0","0","2","0","0","0","","","2","","5","2","40 17:01.000","1","0","79 50:15.043","3","0","0","0","2105","0","0","0","N","0","0","0","5","02105","0","","1.0","","1","N","N","","0","","2","0","0","","0","N","","2","2","0","0","0","0","0","2","0","2","","","","N","","","","","","","","","",""
"2005185572","","1","0","0","0","0","0","0","0","0","1","0","","02","8","2005","4","","","","11","0","1","0","0","0","0","0","0","","0","0","0","","","0","","0","0","","","0","","0","0","0","0","2105","0","0","0","N","0","0","0","2","02105","0","","1.0","","1","N","N","","0","","0","0","1","","0","","","2","0","0","0","0","0","0","1","0","2","","","","N","","","","","","","","","",""
"2005185573","","2","0","0","0","0","0","0","0","0","1","0","","02","8","2005","6","40.284496","-79.839787","","11","0","0","0","0","0","0","0","1","2","0","0","0","","","0","","0","1","40 17:04.184","3","0","79 50:23.232","0","0","0","0","2105","0","0","0","N","0","0","0","7","02105","0","","1.0","","1","N","N","","0","","0","0","0","","0","N","","3","0","0","0","0","0","0","1","1","3","","","","N","","","","","","","","","",""
"2005185574","","1","0","0","0","0","0","0","0","0","2","0","","02","8","2005","6","40.278854","-79.875329","","11","0","0","0","0","0","1","0","0","","0","0","0","","","1","","1","0","40 16:43.875","","0","79 52:31.186","4","0","0","0","2105","0","0","0","N","0","0","0","2","02105","1","","1.0","","1","N","N","","0","","0","0","1","","2","","","2","1","0","0","0","0","0","1","0","2","","","","N","","","","","","","","","",""
"2005185575","","1","0","0","0","0","0","0","0","0","7","0","","02","8","2005","1","40.275272","-79.800868","","11","0","0","0","0","0","0","0","0","2","0","0","0","","","1","","0","1","40 16:30.980","5","0","79 48:03.125","8","0","0","0","2105","0","0","0","N","0","0","0","1","02105","0","","2.0","","1","N","N","","0","","0","0","0","","0","N","","1","1","0","0","0","1","0","2","0","1","","","","N","","","","","","","","","",""
"2005185576","","0","0","0","0","0","0","0","0","0","0","0","","02","8","2005","7","","","","11","0","0","0","0","0","0","0","0","2","0","0","0","","","0","","0","1","","3","0","","0","0","0","0","2105","0","0","0","N","0","0","0","0","02105","0","","1.0","","9","N","N","","1","","0","0","0","","0","N","","1","0","0","0","0","0","0","1","0","1","","","","N","","","","","","","","","",""
"2005185577","","1","0","0","0","0","0","0","0","0","0","0","","02","9","2005","3","40.255833","-79.845669","","11","0","0","0","0","0","0","0","0","2","0","0","0","","","0","","2","2","40 15:21.000","5","0","79 50:44.409","0","0","0","0","2105","0","0","0","Y","0","0","0","1","02105","0","","1.0","","1","N","N","","1","","0","0","0","","0","Y","","3","0","0","0","0","0","0","2","0","3","","","","N","","","","","","","","","",""
"2005185578","","1","0","0","0","0","0","0","0","0","7","0","","02","9","2005","4","40.274372","-79.798851","","11","0","0","0","0","0","0","0","0","2","0","0","0","","","0","","0","1","40 16:27.740","1","0","79 47:55.862","0","0","0","0","2105","0","0","0","N","0","0","0","1","02105","0","","2.0","","1","N","N","","0","","0","0","0","","0","N","","1","0","0","0","0","0","0","2","0","1","","","","N","","","","","","","","","",""
"2005185627","","1","0","0","0","0","0","0","0","0","8","0","","02","9","2005","1","40.463121","-79.951855","","11","0","0","0","0","0","1","0","0","1","0","0","0","","","1","","1","1","40 27:47.235","4","0","79 57:06.678","4","0","0","0","2301","1","0","0","N","1","0","0","2","02301","1","","1.0","","1","N","N","","0","","0","0","0","","2","N","","2","1","0","0","0","0","0","2","0","1","","","","N","","","","","","","","","",""
"2005185629","","2","0","0","0","0","0","0","0","0","4","0","","02","8","2005","2","40.412778","-80.010096","","11","0","0","0","0","0","2","0","0","","0","0","0","","","1","","1","0","40 24:46.000","","1","80 00:36.346","8","0","0","0","2301","0","0","0","N","0","0","0","4","02301","0","","1.0","","9","N","N","","0","","0","0","0","","2","","","2","1","0","0","0","1","0","2","0","2","","","","N","","","","","","","","","",""
"2005185630","","1","0","0","0","0","0","0","0","0","5","1","","02","9","2005","5","40.4257","-80.0314","","11","0","0","0","0","0","0","0","0","","0","1","0","","","0","","6","0","40 25:32.520","","2","80 01:53.040","0","0","0","0","2301","0","0","0","N","0","0","0","2","02301","0","","7.0","","1","N","N","","0","","0","0","0","","4","","","2","0","0","0","0","0","0","2","0","2","","","","N","","","","","","","","","",""
"2005185631","","1","0","0","0","0","0","0","0","0","5","1","","02","8","2005","3","40.450672","-80.023482","","11","0","0","0","0","0","0","0","0","","0","1","0","","","0","","2","0","40 27:02.419","","0","80 01:24.535","9","0","0","0","2301","0","0","0","N","0","0","0","2","02301","0","","1.0","","1","N","N","","0","","0","0","0","","2","","","2","0","0","0","0","0","1","2","0","2","","","","N","","","","","","","","","",""
"2005185633","","1","0","0","0","0","0","0","0","0","6","1","","02","9","2005","2","","","","11","0","0","0","0","0","0","0","0","","0","1","0","","","0","","0","0","","","0","","0","0","0","0","2301","0","0","0","N","0","0","0","3","02301","0","","1.0","","1","N","N","","0","","0","0","0","","3","","","3","0","2","0","0","0","0","1","1","3","","","","N","","","","","","","","","",""
"2005185634","","2","0","0","0","0","0","0","0","0","4","0","","02","9","2005","6","40.466952","-79.893785","","11","0","0","1","0","1","0","0","0","","0","0","0","","","0","","2","0","40 28:01.027","","0","79 53:37.626","0","0","0","0","2301","0","0","0","N","0","0","0","4","02301","0","","1.0","","1","N","N","","0","","0","0","0","","0","","","2","0","0","0","0","0","0","2","0","2","","","","N","","","","","","","","","",""
"2005185635","","3","0","0","0","0","0","0","0","0","2","0","","02","9","2005","4","40.429167","-79.999132","","11","0","0","0","0","0","1","0","0","","0","0","0","","","2","","1","0","40 25:45.000","","1","79 59:56.876","3","0","0","0","2301","0","0","0","Y","0","0","0","3","02301","0","","1.0","","1","N","N","","0","","2","0","0","","2","","","3","2","0","0","0","0","0","2","0","3","","","","N","","","","","","","","","",""
"2005185636","","0","0","0","0","0","0","0","0","0","1","0","","02","9","2005","6","40.415799","-79.925149","","11","0","0","0","0","0","0","0","0","9","0","1","0","","","0","","0","1","40 24:56.876","1","0","79 55:30.536","0","0","0","0","2301","0","0","0","N","0","0","0","3","02301","0","","1.0","","1","N","N","","0","","0","0","0","","2","N","","2","0","0","0","0","0","0","2","1","2","","","","N","","","","","","","","","",""
"2005185640","","2","0","0","0","0","0","0","0","0","1","0","","02","9","2005","5","","","","11","0","1","0","0","0","0","0","0","1","0","0","0","","","0","","1","1","","4","0","","0","0","0","0","2301","0","0","0","N","0","0","0","2","02301","0","","1.0","","1","N","N","","0","","0","0","0","","2","N","","2","0","0","0","0","0","0","1","0","2","","","","N","","","","","","","","","",""
"2005185641","","1","0","0","0","0","0","0","0","0","1","0","","02","9","2005","6","40.454444","-79.969709","","11","0","0","0","0","0","0","0","0","2","0","0","0","","","0","","0","1","40 27:16.000","1","0","79 58:10.951","0","0","0","0","2301","0","0","0","N","0","0","0","5","02301","0","","1.0","","1","N","N","","0","","0","0","2","","0","N","","4","0","0","0","0","0","0","2","1","4","","","","N","","","","","","","","","",""
"2005185660","","1","0","0","0","0","0","0","0","0","7","0","","02","8","2005","3","","","","11","0","0","0","0","0","0","1","0","","0","0","0","","","0","","0","0","40 31:09.84","","0","80 16:31.08","0","0","0","0","2203","0","0","0","Y","0","0","0","1","68B03","0","","2.0","","1","N","N","","0","","0","0","0","","0","","","1","0","0","0","0","0","0","2","0","1","","","","N","","","","","","","","","",""
"2005185661","","1","0","0","0","0","0","0","0","0","5","1","","02","8","2005","7","40.5479","-79.8245","","11","0","0","0","0","0","0","0","0","","0","1","0","","","0","","0","0","40 32:52.440","","3","79 49:28.200","0","0","0","0","2208","0","0","0","N","0","0","0","4","68T02","0","","1.0","","9","N","N","","0","","0","0","0","","0","","","2","0","0","0","0","0","0","2","0","2","","","","N","","","","","","","","","",""
"2005185704","","1","0","0","0","0","0","0","0","0","4","0","","02","9","2005","1","40.441667","-80.239448","","11","0","0","1","1","0","0","0","0","2","0","0","0","","","4","","1","2","40 26:30.000","4","0","80 14:22.014","4","0","0","0","2214","0","0","0","N","0","0","0","4","02214","4","","1.0","","1","N","N","","0","","0","0","1","","2","Y","","2","4","0","0","0","0","0","2","0","2","","","","N","","","","","","","","","",""
"2005185935","","2","0","0","0","0","0","0","0","0","1","0","","02","8","2005","2","","","","11","0","0","0","1","0","0","0","0","","0","0","0","","","1","","0","0","40 26:32.28","","0","79 49:22.08","4","0","0","0","2419","0","0","0","N","0","0","0","8","68B03","1","","1.0","","1","N","N","","0","","0","0","0","","0","","","3","1","0","0","0","0","0","2","1","3","","","","N","","","","","","","","","",""
"2005185937","","0","0","0","0","0","0","0","0","0","7","0","","02","8","2005","6","40.4492","-80.0247","","11","0","0","1","0","0","0","0","0","","0","0","0","","","0","","6","0","40 26:57.120","","2","80 01:28.920","0","0","0","0","2435","0","0","0","N","0","0","0","1","68B03","0","","2.0","","9","N","N","","1","","0","0","0","","2","","","1","0","0","0","0","0","0","2","0","1","","","","N","","","","","","","","","",""
"2005186033","","1","0","0","0","0","0","0","0","0","6","0","","02","9","2005","2","40.456944","-79.758683","","11","0","0","1","1","0","0","0","0","","0","0","0","","","1","","3","0","40 27:25.000","","0","79 45:31.260","4","0","0","0","2446","0","0","0","N","0","0","0","3","02446","1","","1.0","","1","N","N","","0","","0","0","0","","0","","","2","1","0","0","0","0","0","2","1","2","","","","N","","","","","","","","","",""
"2005186075","","4","0","0","0","0","0","0","0","0","1","0","","02","8","2005","2","","","","11","0","2","0","0","0","1","0","0","1","0","0","0","","","1","","0","2","40 25:06.60","2","0","80 05:20.04","4","0","0","0","2435","0","0","0","N","0","0","0","18","68B03","1","","1.0","","1","N","N","","0","","0","0","0","","0","Y","","4","1","7","0","0","0","0","2","0","4","","","","N","","","","","","","","","",""
"2005186076","","2","0","0","0","0","0","0","0","0","1","0","","02","8","2005","4","","","","11","0","1","0","0","0","0","0","0","1","0","0","0","","","1","","0","2","40 26:03.12","4","0","79 52:07.68","4","0","0","0","2419","0","0","0","N","0","0","0","3","68B03","1","","1.0","","1","N","N","","0","","0","0","0","","0","Y","","2","1","0","0","0","0","0","2","0","2","","","","N","","","","","","","","","",""
"2005186077","","1","0","0","0","0","0","0","0","0","5","0","","02","8","2005","6","","","","11","0","1","0","0","0","0","0","0","","0","0","0","","","0","","5","0","40 25:40.80","","2","79 53:23.28","0","0","0","0","2426","0","0","0","N","0","0","0","3","68B03","0","","7.0","","1","N","N","","1","","0","0","0","","0","","","2","0","0","0","0","0","0","2","0","2","","","","N","","","","","","","","","",""
"2005186078","","0","0","0","0","0","0","0","0","0","1","0","","02","8","2005","2","","","","11","0","0","0","0","0","0","0","0","1","0","0","0","","","1","","0","1","40 25:37.20","4","4","79 55:10.20","4","0","0","0","2301","0","0","0","Y","0","0","0","1","68B03","1","","1.0","","1","N","N","","2","","0","0","0","","8","N","","2","1","0","0","0","0","0","2","0","2","","","","N","","","","","","","","","",""
"2005186079","","0","0","0","0","0","0","0","0","0","7","1","","02","7","2005","4","40.4485","-80.0128","","11","0","0","0","0","0","1","0","0","4","0","1","0","","","0","","0","2","40 26:54.600","2","2","80 00:46.080","0","0","0","0","2301","0","0","0","N","0","0","0","1","68B03","0","","4.0","","1","N","N","","0","","0","0","0","","8","N","","1","0","0","0","0","0","0","2","0","1","","","","N","","","","","","","","","",""
"2005186173","","1","0","0","0","0","0","0","0","0","4","0","","02","8","2005","2","","","","11","0","0","0","0","0","1","0","0","","0","0","0","","","1","","1","0","","","0","","8","0","0","0","2301","0","0","0","N","0","0","0","2","02301","0","","1.0","","9","N","N","","0","","0","0","1","","3","","","2","1","0","0","0","1","1","1","0","2","","","","N","","","","","","","","","",""
"2005186219","","2","0","0","0","0","0","0","0","0","1","0","","02","10","2005","7","40.594444","-79.978229","","11","0","0","0","1","0","1","0","0","","0","0","0","","","1","","2","0","40 35:40.000","","0","79 58:41.623","4","0","0","0","2207","0","0","0","N","0","0","0","3","02207","1","","1.0","","1","N","N","","1","","0","0","0","","0","","","3","1","0","0","0","0","0","2","0","3","","","","N","","","","","","","","","",""
"2005186222","","1","0","0","0","0","0","0","0","0","2","0","","02","10","2005","7","40.327549","-80.070942","","11","0","0","0","1","0","0","0","0","","0","1","0","","","0","","2","0","40 19:39.176","","0","80 04:15.391","0","0","0","0","2123","0","0","0","N","0","0","0","2","02123","0","","1.0","","1","N","N","","0","","0","0","0","","3","","","2","0","0","0","0","0","0","2","0","2","","","","N","","","","","","","","","",""
"2005186225","","2","0","0","0","0","0","0","0","0","7","1","35","02","10","2005","2","40.3179","-80.1102","","11","0","0","0","0","0","1","0","0","3","0","1","0","","","0","","0","1","40 19:04.440","4","0","80 06:36.720","0","0","0","0","2123","0","0","0","Y","0","0","0","4","02123","0","","2.0","","1","N","N","","0","","0","0","0","","7","N","","3","0","0","0","0","0","0","2","0","3","","","Y","Y","4","3","","Y","N","Y","","","",""
"2005186232","","0","0","0","0","0","0","0","0","0","0","0","","02","9","2005","4","","","","11","0","0","0","0","0","0","0","0","2","0","0","0","","","1","","0","1","","5","0","","8","0","0","1","2415","0","0","0","N","0","0","0","1","02415","0","","1.0","","1","N","N","","0","","0","0","0","","0","Y","","1","1","0","0","0","1","0","1","0","1","","","","N","","","","","","","","","",""
"2005186246","","1","0","0","0","0","0","0","0","0","1","0","","02","10","2005","7","40.5133","-80.2225","","11","0","0","0","0","0","1","0","0","1","0","0","0","","","0","","0","2","40 30:47.880","2","7","80 13:21.000","0","0","0","0","2213","0","0","0","N","0","0","0","2","02213","0","","1.0","","1","N","N","","1","","0","0","0","","2","N","","2","0","0","0","0","0","0","2","0","2","","","","N","","","","","","","","","",""
"2005186262","","2","0","0","0","0","0","0","0","0","6","0","","02","9","2005","6","40.537778","-79.839613","","11","0","0","1","0","0","1","0","0","2","0","0","0","","","1","","1","1","40 32:16.000","3","0","79 50:22.606","4","0","0","0","2208","0","0","0","N","0","0","0","2","02208","1","","1.0","","1","N","N","","0","","0","0","0","","2","N","","2","1","0","0","0","0","0","2","0","2","","","","N","","","","","","","","","",""
"2005186263","","2","0","0","0","0","0","0","0","0","4","0","","02","8","2005","4","40.518954","-79.862138","","11","0","0","0","0","0","0","1","0","","0","0","0","","","1","","0","0","40 31:08.234","","0","79 51:43.696","4","0","0","0","2112","0","0","0","N","0","0","0","2","02112","1","","1.0","","9","N","N","","0","","0","0","0","","0","","","2","1","0","0","0","0","0","2","0","2","","","","N","","","","","","","","","",""
"2005186264","","2","0","0","0","0","0","0","0","0","4","0","","02","9","2005","3","40.456659","-80.000113","","11","0","0","0","0","0","0","0","0","2","0","0","0","","","1","","1","1","40 27:23.972","3","0","80 00:00.406","4","0","0","0","2301","0","0","0","N","0","0","0","3","02301","1","","1.0","","1","N","Y","","0","","0","0","0","","3","N","","2","1","0","0","0","0","0","2","0","2","","","","N","","","","","","","","","",""
"2005186265","","0","0","0","0","0","0","0","0","0","0","0","","02","9","2005","3","40.479926","-80.02727","","11","0","0","0","0","0","1","0","0","1","0","0","0","","","1","","2","1","40 28:47.733","3","0","80 01:38.172","3","0","0","1","2301","0","0","0","N","0","0","0","1","02301","0","","1.0","","1","N","N","","0","","1","0","0","","0","N","","1","1","0","0","0","0","0","2","0","1","","","","N","","","","","","","","","",""
"2005186266","","2","0","0","0","0","0","0","0","0","2","0","","02","8","2005","4","40.45704","-79.990617","","11","0","0","0","0","0","0","0","0","1","0","0","0","","","1","","0","2","40 27:25.344","3","0","79 59:26.221","8","0","0","0","2301","0","0","0","N","0","0","0","3","02301","0","","7.0","","1","N","N","","0","","0","0","0","","0","N","","2","1","1","0","0","1","0","2","0","2","","","","N","","","","","","","","","",""
"2005186267","","2","0","0","0","0","0","0","0","0","4","0","","02","9","2005","5","","","","11","0","0","0","0","1","0","0","0","","0","0","0","","","1","","3","0","","","0","","4","0","0","0","2301","0","0","0","N","0","0","0","2","02301","1","","1.0","","1","N","N","","0","","0","0","0","","0","","","2","1","0","0","0","0","1","1","0","2","","","","N","","","","","","","","","",""
"2005186270","","0","0","0","0","0","0","0","0","0","7","0","","02","9","2005","7","40.599137","-80.062942","","11","0","0","0","0","0","0","0","0","","0","0","0","","","1","","2","0","40 35:56.893","","0","80 03:46.591","4","0","0","0","2108","0","0","0","N","0","0","0","2","02108","1","","5.0","","1","N","N","","0","","0","0","1","","0","","","1","1","1","0","0","0","0","2","0","1","","","","N","","","","","","","","","",""
"2005186271","","0","0","0","0","0","0","0","0","0","7","0","","02","8","2005","1","40.329444","-79.816322","","11","0","0","0","0","0","0","0","0","2","0","0","0","","","1","","0","2","40 19:46.000","1","0","79 48:58.760","3","0","0","1","2304","0","0","0","N","0","0","0","1","02304","0","","4.0","","1","N","N","","0","","1","0","0","","0","Y","","1","1","0","0","0","0","0","2","0","1","","","","N","","","","","","","","","",""
"2005186272","","1","0","0","0","0","0","0","0","0","4","0","","02","8","2005","1","","","","11","0","0","0","0","0","0","0","0","2","0","0","0","","","1","","0","2","","6","0","","4","0","0","0","2304","0","0","0","N","0","0","0","3","02304","1","","1.0","","1","N","N","","0","","0","0","0","","3","Y","","2","1","0","0","0","0","0","1","1","2","","","","N","","","","","","","","","",""
"2005186273","","2","0","0","0","0","0","0","0","0","1","0","","02","8","2005","3","40.332778","-79.84653","","11","0","0","0","0","0","0","0","0","1","0","0","0","","","3","","1","1","40 19:58.000","1","0","79 50:47.507","4","0","0","0","2304","0","0","0","N","0","0","0","5","02304","2","","1.0","","9","N","N","","0","","0","0","0","","2","Y","","2","3","0","0","0","1","0","2","0","2","","","","N","","","","","","","","","",""
"2005186274","","3","0","0","0","0","0","0","0","0","4","0","","02","9","2005","6","40.460004","-80.0113","","11","0","0","0","1","0","0","0","0","2","0","0","0","","","0","","0","2","40 27:36.014","5","0","80 00:40.680","0","0","0","0","2301","0","0","0","N","0","0","0","2","02301","0","","6.0","","1","N","N","","1","","0","0","0","","0","Y","","4","0","0","0","0","0","0","2","0","4","","","","N","","","","","","","","","",""
"2005186275","","2","0","0","0","0","0","0","0","0","4","0","","02","9","2005","3","40.395278","-79.997444","","11","0","0","0","0","0","0","0","0","","0","0","0","","","2","","2","0","40 23:43.000","","0","79 59:50.799","4","0","0","0","2301","0","0","0","N","0","0","0","2","02301","1","","1.0","","1","N","N","","0","","0","0","0","","3","","","2","2","1","0","0","1","0","2","0","2","","","","N","","","","","","","","","",""
"2005186276","","2","0","0","0","0","0","0","0","0","4","0","","02","9","2005","5","40.428611","-79.989628","","11","0","0","0","0","0","1","0","0","","0","0","0","","","1","","1","0","40 25:43.000","","0","79 59:22.662","3","0","0","0","2301","0","0","0","N","0","0","0","2","02301","0","","1.0","","1","N","N","","0","","1","0","0","","3","","","2","1","0","0","0","0","0","2","0","2","","","","N","","","","","","","","","",""
"2005186277","","2","0","0","0","0","0","0","0","0","2","0","","02","7","2005","7","40.4532","-79.992708","","11","0","0","0","0","0","1","0","0","","0","0","0","","","0","","1","0","40 27:11.520","","0","79 59:33.748","0","0","0","0","2301","0","0","0","N","0","0","0","3","02301","0","","1.0","","1","N","N","","0","","0","0","0","","2","","","2","0","0","0","0","0","0","2","0","2","","","","N","","","","","","","","","",""
"2005186278","","0","0","0","0","0","0","0","0","0","4","0","","02","8","2005","4","","","","11","0","0","0","0","0","1","0","0","3","0","0","0","","","1","","0","2","","7","0","","4","0","0","0","2301","0","0","0","N","0","0","0","3","02301","1","","1.0","","1","N","N","","1","","0","0","2","","0","N","","4","1","0","0","0","0","0","1","0","4","","","","N","","","","","","","","","",""
"2005186279","","2","0","0","0","0","0","0","0","0","4","0","","02","8","2005","4","40.464758","-79.941125","","11","0","0","0","0","0","1","0","0","2","0","0","0","","","1","","2","2","40 27:53.128","4","0","79 56:28.050","4","0","0","0","2301","0","0","0","N","0","0","0","2","02301","1","","1.0","","9","N","N","","0","","0","0","0","","2","N","","2","1","0","0","0","0","0","2","0","2","","","","N","","","","","","","","","",""
"2005186280","","1","0","0","0","0","0","0","0","0","4","0","","02","9","2005","5","","","","11","0","0","0","0","0","1","0","0","","0","0","0","","","2","","1","0","","","0","","4","0","0","0","2301","0","0","0","N","0","0","0","2","02301","2","","1.0","","1","N","N","","0","","0","0","0","","3","","","2","2","0","0","0","0","0","1","1","2","","","","N","","","","","","","","","",""
"2005186281","","1","0","0","0","0","0","0","0","0","7","0","","02","9","2005","5","40.45416","-79.886551","","11","0","0","0","0","0","0","0","0","1","0","0","0","","","0","","0","1","40 27:14.975","4","0","79 53:11.583","0","0","0","0","2301","0","0","0","N","0","0","0","1","02301","0","","5.0","","1","N","N","","0","","0","0","0","","0","N","","1","0","0","0","0","0","0","2","0","1","","","","N","","","","","","","","","",""
"2005186282","","4","0","0","0","0","0","0","0","0","5","0","","02","9","2005","5","40.409917","-80.0208","","11","0","0","0","0","0","0","0","0","","0","0","0","","","0","","0","0","40 24:35.701","","0","80 01:14.880","0","0","0","0","2301","0","0","0","N","0","0","0","1","02301","0","","1.0","","1","N","N","","0","","0","0","0","","0","","","4","0","0","0","0","0","0","2","0","4","","","","N","","","","","","","","","",""
"2005186283","","2","0","0","0","0","0","0","0","0","1","0","","02","8","2005","3","40.4304","-80.0254","","11","0","0","0","0","1","1","0","0","","0","0","0","","","0","","0","0","40 25:49.440","","0","80 01:31.440","0","0","0","0","2301","0","0","0","N","0","0","0","4","02301","0","","1.0","","9","N","N","","0","","0","0","0","","0","","","2","0","0","0","0","0","0","2","0","2","","","","N","","","","","","","","","",""