"CRN","ARRIVAL_TM","AUTOMOBILE_COUNT","BELTED_DEATH_COUNT","BELTED_SUSP_SERIOUS_INJ_COUNT","BICYCLE_COUNT","BICYCLE_DEATH_COUNT","BICYCLE_SUSP_SERIOUS_INJ_COUNT","BUS_COUNT","CHLDPAS_DEATH_COUNT","CHLDPAS_SUSP_SERIOUS_INJ_COUNT","COLLISION_TYPE","COMM_VEH_COUNT","CONS_ZONE_SPD_LIM","COUNTY","CRASH_MONTH","CRASH_YEAR","DAY_OF_WEEK","DEC_LATITUDE","DEC_LONGITUDE","DISPATCH_TM","DISTRICT","DRIVER_COUNT_16YR","DRIVER_COUNT_17YR","DRIVER_COUNT_18YR","DRIVER_COUNT_19YR","DRIVER_COUNT_20YR","DRIVER_COUNT_50_64YR","DRIVER_COUNT_65_74YR","DRIVER_COUNT_75PLUS","EST_HRS_CLOSED","FATAL_COUNT","HEAVY_TRUCK_COUNT","HORSE_BUGGY_COUNT","HOUR_OF_DAY","ILLUMINATION","INJURY_COUNT","INTERSECTION_RELATED","INTERSECT_TYPE","LANE_CLOSED","LATITUDE","LN_CLOSE_DIR","LOCATION_TYPE","LONGITUDE","MAX_SEVERITY_LEVEL","MCYCLE_DEATH_COUNT","MCYCLE_SUSP_SERIOUS_INJ_COUNT","MOTORCYCLE_COUNT","MUNICIPALITY","NONMOTR_COUNT","NONMOTR_DEATH_COUNT","NONMOTR_SUSP_SERIOUS_INJ_COUNT","NTFY_HIWY_MAINT","PED_COUNT","PED_DEATH_COUNT","PED_SUSP_SERIOUS_INJ_COUNT","PERSON_COUNT","POLICE_AGCY","POSSIBLE_INJ_COUNT","RDWY_SURF_TYPE_CD","RELATION_TO_ROAD","ROADWAY_CLEARED","ROAD_CONDITION","SCH_BUS_IND","SCH_ZONE_IND","SECONDARY_CRASH","SMALL_TRUCK_COUNT","SPEC_JURIS_CD","SUSP_MINOR_INJ_COUNT","SUSP_SERIOUS_INJ_COUNT","SUV_COUNT","TCD_FUNC_CD","TCD_TYPE","TFC_DETOUR_IND","TIME_OF_DAY","TOTAL_UNITS","TOT_INJ_COUNT","UNBELTED_OCC_COUNT","UNB_DEATH_COUNT","UNB_SUSP_SERIOUS_INJ_COUNT","UNK_INJ_DEG_COUNT","UNK_INJ_PER_COUNT","URBAN_RURAL","VAN_COUNT","VEHICLE_COUNT","WEATHER1","WEATHER2","WORKERS_PRES","WORK_ZONE_IND","WORK_ZONE_LOC","WORK_ZONE_TYPE","WZ_CLOSE_DETOUR","WZ_FLAGGER","WZ_LAW_OFFCR_IND","WZ_LN_CLOSURE","WZ_MOVING","WZ_OTHER","WZ_SHLDER_MDN","WZ_WORKERS_INJ_KILLED"
"2005190334","","1","0","0","0","0","0","0","0","0","7","0","","02","8","2005","1","40.3542","-79.842","0227","11","0","0","0","0","0","0","0","0","","0","0","0","","","1","","0","","40 21:15.120","","2","79 50:31.200","8","0","0","0","2304","0","0","0","N","0","0","0","1","02304","0","","3.0","","1","N","N","","0","","0","0","0","","0","","","1","1","0","0","0","1","0","2","0","1","","","","N","","","","","","","","","",""
"2005190335","","2","0","0","0","0","0","0","0","0","1","0","","02","7","2005","4","40.5926","-80.0021","1414","11","0","0","0","0","1","0","0","0","","0","0","0","","","1","","0","","40 35:33.360","","0","80 00:07.560","4","0","0","0","2108","0","0","0","N","0","0","0","2","02108","1","","1.0","","9","N","N","","0","","0","0","0","","0","","","2","1","0","0","0","0","0","1","0","2","","","","N","","","","","","","","","",""
"2005190337","","2","0","0","0","0","0","0","0","0","6","0","","02","7","2005","1","40.406944","-80.03424","2232","11","0","0","0","0","0","0","0","0","","0","0","0","","","0","","1","","40 24:25.000","","0","80 02:03.265","9","0","0","0","2301","0","0","0","","0","0","0","3","02301","0","","1.0","","1","N","N","","0","","0","0","0","","0","","","2","0","0","0","0","0","1","2","0","2","","","","N","","","","","","","","","",""
"2005190438","","0","0","0","0","0","0","0","0","0","1","0","","02","7","2005","5","40.3325","-79.998877","1614","11","0","0","0","0","0","0","0","0","","0","0","0","","","2","","2","","40 19:57.000","","0","79 59:55.958","3","0","0","0","2219","0","0","0","N","0","0","0","2","02219","1","","1.0","","1","N","N","","0","","1","0","1","","0","","","2","2","0","0","0","0","0","2","1","2","","","","N","","","","","","","","","",""
"2005190444","","0","0","0","0","0","0","0","0","0","7","0","","02","8","2005","2","40.4258","-79.7543","1811","11","0","0","0","0","0","0","0","1","","0","0","0","","","1","","0","","40 25:32.880","","0","79 45:15.480","3","0","0","0","2446","0","0","0","N","0","0","0","1","02446","0","","5.0","","1","N","N","","0","","1","0","1","","0","","","1","1","1","0","0","0","0","2","0","1","","","","N","","","","","","","","","",""
"2005190450","","0","0","0","0","0","0","0","0","0","0","0","","02","10","2005","5","40.340914","-79.966633","1648","11","0","0","0","0","0","0","0","0","1","0","0","0","","","1","","0","","40 20:27.290","2","0","79 57:59.877","4","0","0","1","2403","0","0","0","N","0","0","0","1","02403","1","","1.0","","1","N","N","","0","","0","0","0","","0","N","","1","1","0","0","0","0","0","2","0","1","","","","N","","","","","","","","","",""
"2005190451","","1","0","0","0","0","0","0","0","0","7","0","","02","10","2005","6","40.340123","-79.960309","1516","11","0","0","0","0","0","0","1","0","2","0","0","0","","","2","","0","","40 20:24.444","6","0","79 57:37.112","3","0","0","0","2454","0","0","0","N","0","0","0","2","02454","0","","5.0","","1","N","N","","0","","2","0","0","","0","Y","","1","2","0","0","0","0","0","2","0","1","","","","N","","","","","","","","","",""
"2005190464","","1","0","0","0","0","0","0","0","0","4","0","","02","10","2005","6","40.490437","-79.78317","1516","11","1","0","0","0","0","0","0","0","","0","0","0","","","1","","2","","40 29:25.573","","0","79 46:59.412","4","0","0","0","2466","0","0","0","N","0","0","0","3","02466","1","","1.0","","1","N","N","","0","","0","0","1","","3","","","2","1","0","0","0","0","0","2","0","2","","","","N","","","","","","","","","",""
"2005190482","","1","0","0","0","0","0","0","0","0","4","0","","02","8","2005","3","40.484198","-80.013605","0507","11","0","0","0","0","0","0","0","0","","0","0","0","","","0","","2","","40 29:03.112","","0","80 00:48.978","0","0","0","0","2301","0","0","0","N","0","0","0","1","02301","0","","5.0","","1","N","N","","0","","0","0","0","","0","","","2","0","0","0","0","0","0","2","0","2","","","","N","","","","","","","","","",""
"2005190484","","4","0","0","0","0","0","0","0","0","1","0","55","02","6","2005","7","40.6138","-79.9574","1112","11","0","0","0","0","0","1","0","0","1","0","0","0","","","0","","0","","40 36:49.680","4","0","79 57:26.640","0","0","0","0","2207","0","0","0","N","0","0","0","9","68T02","0","","1.0","","1","N","N","","0","","0","0","0","","7","N","","4","0","0","0","0","0","0","2","0","4","","","N","Y","4","1","","","Y","","","","",""
"2005190495","","2","0","0","0","0","0","0","0","0","1","0","50","02","8","2005","5","40.3812","-80.0969","1512","11","0","0","0","0","0","0","0","0","2","0","0","0","","","1","","0","","40 22:52.320","2","0","80 05:48.840","3","0","0","0","2102","0","0","0","N","0","0","0","5","68B03","0","","1.0","","1","N","N","","1","","1","0","1","","0","N","","4","1","1","0","0","0","0","2","0","4","","","Y","Y","4","1","","","N","","","","",""
"2005190514","","2","0","1","0","0","0","0","0","0","4","0","","02","8","2005","1","40.4275","-79.704711","0016","11","0","0","0","0","0","0","0","0","2","0","0","0","","","3","","0","","40 25:39.000","4","7","79 42:16.960","2","0","0","0","2446","0","0","0","N","0","0","0","5","02446","1","","1.0","","1","N","N","","0","","1","1","0","","2","N","","2","3","0","0","0","0","0","2","0","2","","","","N","","","","","","","","","",""
"2005190521","","2","0","0","0","0","0","0","0","0","5","0","","02","8","2005","7","","","2354","11","0","0","0","0","0","0","0","0","","0","0","0","","","0","","2","","","","0","","9","0","0","0","2447","0","0","0","N","0","0","0","3","02447","0","","2.0","","9","N","N","","0","","0","0","0","","0","","","2","0","0","0","0","0","2","1","0","2","","","","N","","","","","","","","","",""
"2005190528","","2","0","0","0","0","0","0","0","0","1","0","","02","10","2005","5","40.475556","-79.707346","1648","11","0","0","0","0","0","0","0","0","","0","0","0","","","1","","1","","40 28:32.000","","0","79 42:26.447","4","0","0","0","2466","0","0","0","Y","0","0","0","5","02466","1","","1.0","","1","N","N","","0","","0","0","0","","2","","","2","1","0","0","0","0","0","2","0","2","","","","N","","","","","","","","","",""
"2005190578","","1","0","0","0","0","0","0","0","0","7","0","","02","7","2005","4","40.4964","-79.784","2129","11","0","0","0","0","0","0","0","0","","0","0","0","","","0","","0","","40 29:47.040","","3","79 47:02.400","0","0","0","0","2466","0","0","0","N","0","0","0","1","68T02","0","","2.0","","1","N","N","","0","","0","0","0","","0","","","1","0","0","0","0","0","0","2","0","1","","","","N","","","","","","","","","",""
"2005190763","","1","0","0","0","0","0","0","0","0","99","0","","02","10","2005","6","40.5179","-80.2674","2319","11","0","0","0","0","0","1","0","0","","0","0","0","","","0","","0","","40 31:04.440","","0","80 16:02.640","0","0","0","0","2203","0","0","0","N","0","0","0","3","02203","0","","1.0","","1","N","N","","0","","0","0","0","","0","","","1","0","0","0","0","0","0","2","0","1","","","","N","","","","","","","","","",""
"2005190781","","1","0","0","0","0","0","0","0","0","7","0","","02","4","2005","6","40.393333","-79.833894","1714","11","0","0","0","0","0","0","0","0","3","1","0","0","","","1","","0","","40 23:36.000","5","3","79 50:02.018","1","0","0","0","2111","0","0","0","N","0","0","0","2","02111","0","1","3.0","","9","N","N","","1","0","1","0","0","","0","Y","","2","1","2","1","0","0","0","2","0","2","","","","N","","","","","","","","","",""
"2005190801","","0","0","0","0","0","0","0","0","0","1","1","","02","8","2005","3","40.6039","-80.0938","2015","11","0","0","0","0","0","0","0","0","","0","1","0","","","1","","0","","40 36:14.040","","0","80 05:37.680","3","0","0","0","2481","0","0","0","N","0","0","0","3","68B03","0","","1.0","","9","N","N","","1","","1","0","0","","0","","","3","1","0","0","0","0","0","2","1","3","","","","N","","","","","","","","","",""
"2005190802","","0","0","0","0","0","0","0","0","0","5","1","50","02","8","2005","4","40.409722","-80.107551","1137","11","0","0","0","0","0","0","0","0","","0","1","0","","","1","","0","","40 24:35.000","","0","80 06:27.185","4","0","0","0","2102","0","0","0","N","0","0","0","3","68B03","1","","1.0","","9","N","N","","0","","0","0","0","","0","","","2","1","0","0","0","0","0","2","0","2","","","Y","Y","4","1","","","N","","","Y","",""
"2005190803","","2","0","0","0","0","0","0","0","0","4","0","","02","7","2005","6","","","1041","11","0","0","0","0","0","0","0","0","","0","0","0","","","1","","0","","40 28:26.40","","0","80 00:20.88","4","0","0","0","2301","0","0","0","N","0","0","0","2","68B03","1","","1.0","","1","N","N","","0","","0","0","0","","0","","","2","1","0","0","0","0","0","2","0","2","","","","N","","","","","","","","","",""
"2005190869","","1","0","0","0","0","0","0","0","0","2","0","","02","10","2005","6","","","2207","11","0","0","0","0","0","0","0","0","3","0","0","0","","","1","","0","","","5","0","","3","0","0","0","2403","0","0","0","N","0","0","0","1","02403","0","","1.0","","1","N","N","","1","","1","0","0","","0","Y","","2","1","0","0","0","0","0","1","0","2","","","","N","","","","","","","","","",""
"2005190872","","1","0","0","0","0","0","0","0","0","7","0","","02","10","2005","3","40.597461","-79.869262","0337","11","0","0","0","0","0","0","0","0","","0","0","0","","","0","","0","","40 35:50.859","","0","79 52:09.343","0","0","0","0","2209","0","0","0","N","0","0","0","1","02209","0","","5.0","","3","N","N","","0","","0","0","0","","0","","","1","0","0","0","0","0","0","1","0","1","","","","N","","","","","","","","","",""
"2005190922","","1","0","0","0","0","0","0","0","0","8","0","","02","10","2005","7","","","1748","11","0","0","0","0","0","0","0","0","1","0","0","0","","","1","","1","","","2","0","","8","0","0","0","2404","1","0","0","N","1","0","0","2","02404","0","","1.0","","1","N","N","","0","","0","0","0","","2","Y","","2","1","0","0","0","1","0","1","0","1","","","","N","","","","","","","","","",""
"2005190923","","3","0","0","0","0","0","0","0","0","1","0","","02","10","2005","2","40.6175","-80.05559","1534","11","0","0","0","0","0","0","0","0","","0","0","0","","","1","","0","","40 37:03.000","","0","80 03:20.125","4","0","0","0","2216","0","0","0","N","0","0","0","4","02505","1","","1.0","","1","N","N","","0","","0","0","0","","0","","","3","1","0","0","0","0","0","1","0","3","","","","N","","","","","","","","","",""
"2005190933","","2","0","0","0","0","0","0","0","0","1","0","","02","10","2005","7","40.6136","-80.0547","1218","11","0","0","0","0","0","0","0","0","","0","0","0","","","0","","0","","40 36:48.960","","0","80 03:16.920","0","0","0","0","2216","0","0","0","N","0","0","0","3","02505","0","","1.0","","1","N","N","","1","","0","0","0","","0","","","3","0","0","0","0","0","0","2","0","3","","","","N","","","","","","","","","",""
"2005190953","","2","0","0","0","0","0","0","0","0","7","0","","02","10","2005","6","40.619174","-79.932784","0909","11","0","0","0","0","0","0","0","0","","0","0","0","","","0","","0","","40 37:09.026","","0","79 55:58.022","9","0","0","0","2217","0","0","0","N","0","0","0","1","02217","0","","5.0","","9","N","N","","0","","0","0","0","","0","","","2","0","0","0","0","0","1","2","0","2","","","","N","","","","","","","","","",""
"2005190954","","2","0","0","0","0","0","0","0","0","4","0","","02","10","2005","1","40.450556","-79.713591","1953","11","1","0","0","0","0","0","0","0","1","0","0","0","","","0","","1","","40 27:02.000","2","0","79 42:48.927","0","0","0","0","2466","0","0","0","N","0","0","0","4","02466","0","","1.0","","1","N","N","","0","","0","0","0","","2","N","","2","0","0","0","0","0","0","2","0","2","","","","N","","","","","","","","","",""
"2005190955","","1","0","0","0","0","0","1","0","0","1","1","","02","10","2005","7","","","2120","11","0","0","0","0","0","0","0","0","","0","0","0","","","0","","1","","","","0","","0","0","0","0","2301","0","0","0","N","0","0","0","2","02503","0","","1.0","","1","N","N","","0","","0","0","0","","2","","","2","0","1","0","0","0","0","1","0","2","","","","N","","","","","","","","","",""
"2005190960","","1","0","0","0","0","0","0","0","0","7","0","","02","10","2005","1","","","0029","11","0","0","0","0","0","0","0","0","","0","0","0","","","2","","0","","","","0","","3","0","0","0","2219","0","0","0","N","0","0","0","2","02501","1","","5.0","","1","N","N","","0","","1","0","0","","0","","","1","2","0","0","0","0","0","1","0","1","","","","N","","","","","","","","","",""
"2005190980","","2","0","0","0","0","0","0","0","0","4","0","","02","10","2005","2","40.634722","-79.93984","0933","11","0","0","0","0","0","0","0","2","","0","0","0","","","2","","1","","40 38:05.000","","0","79 56:23.424","4","0","0","0","2217","0","0","0","N","0","0","0","2","02217","2","","1.0","","1","N","N","","0","","0","0","0","","2","","","2","2","0","0","0","0","0","2","0","2","","","","N","","","","","","","","","",""
"2005190985","","1","0","0","0","0","0","0","0","0","7","0","","02","10","2005","1","40.579167","-79.885247","1021","11","0","0","1","0","0","0","0","0","2","0","0","0","","","0","","0","","40 34:45.000","1","0","79 53:06.888","0","0","0","0","2209","0","0","0","N","0","0","0","1","02209","0","","5.0","","1","N","N","","0","","0","0","0","","0","N","","1","0","0","0","0","0","0","2","0","1","","","","N","","","","","","","","","",""
"2005190986","","2","0","0","0","0","0","0","0","0","1","0","","02","10","2005","2","40.485734","-79.777396","1005","11","0","0","0","0","0","0","2","0","","0","0","0","","","1","","0","","40 29:08.644","","1","79 46:38.626","4","0","0","0","2466","0","0","0","N","0","0","0","2","02466","1","","1.0","","1","N","N","","0","","0","0","0","","0","","","2","1","0","0","0","0","0","2","0","2","","","","N","","","","","","","","","",""
"2005190988","","1","0","0","0","0","0","0","0","0","5","0","","02","10","2005","3","40.555833","-79.807202","1455","11","0","0","0","0","0","0","0","0","","0","0","0","","","0","","1","","40 33:21.000","","0","79 48:25.926","0","0","0","0","2121","0","0","0","N","0","0","0","1","02121","0","","1.0","","1","N","N","","0","","0","0","0","","3","","","2","0","0","0","0","0","0","2","1","2","","","","N","","","","","","","","","",""
"2005190995","","1","0","0","0","0","0","0","0","0","7","0","","02","10","2005","7","40.408782","-80.070265","0245","11","0","0","0","0","0","0","0","0","","0","0","0","","","1","","0","","40 24:31.615","","0","80 04:12.954","4","0","0","0","2435","0","0","0","N","0","0","0","2","02435","1","","5.0","","1","N","N","","0","","0","0","0","","0","","","1","1","0","0","0","0","0","2","0","1","","","","N","","","","","","","","","",""
"2005191060","","2","0","0","0","0","0","0","0","0","1","0","","02","10","2005","1","40.4447","-79.8482","1555","11","0","0","0","0","0","0","0","0","1","0","0","0","","","1","","7","","40 26:40.920","4","2","79 50:53.520","3","0","0","0","2419","0","0","0","N","0","0","0","2","02419","0","","1.0","","1","N","N","","0","","1","0","0","","4","N","","2","1","0","0","0","0","0","2","0","2","","","","N","","","","","","","","","",""
"2005191061","","0","0","0","0","0","0","0","0","0","4","0","","02","10","2005","2","40.3233","-79.9431","1903","11","0","0","0","0","0","1","0","0","1","0","0","0","","","0","","0","","40 19:23.880","2","0","79 56:35.160","0","0","0","0","2454","0","0","0","N","0","0","0","2","02454","0","","1.0","","1","N","N","","1","","0","0","1","","3","N","","2","0","0","0","0","0","0","2","0","2","","","","N","","","","","","","","","",""
"2005191178","","2","0","0","0","0","0","0","0","0","4","0","","02","9","2005","7","40.455239","-79.936799","1331","11","0","0","0","0","0","1","0","0","","0","0","0","","","0","","0","","40 27:18.860","","0","79 56:12.476","0","0","0","0","2301","0","0","0","N","0","0","0","3","02301","0","","1.0","","1","N","N","","0","","0","0","0","","0","","","2","0","0","0","0","0","0","2","0","2","","","","N","","","","","","","","","",""
"2005191179","","1","0","0","0","0","0","0","0","0","2","0","","02","9","2005","7","40.478889","-80.043068","0558","11","0","0","0","0","0","0","0","0","","0","0","0","","","0","","1","","40 28:44.000","","0","80 02:35.043","0","0","0","0","2301","0","0","0","N","0","0","0","3","02301","0","","1.0","","1","N","N","","1","","0","0","0","","2","","","2","0","0","0","0","0","0","2","0","2","","","","N","","","","","","","","","",""
"2005191180","","0","0","0","0","0","0","0","0","0","0","0","","02","9","2005","1","40.4764","-80.0412","1731","11","0","0","0","0","0","0","0","0","","0","0","0","","","0","","0","","40 28:35.040","","0","80 02:28.320","0","0","0","0","2301","0","0","0","","0","0","0","5","02301","0","","1.0","","1","N","N","","0","","0","0","0","","0","","","1","0","0","0","0","0","0","2","1","1","","","","N","","","","","","","","","",""
"2005191181","","1","0","0","0","0","0","0","0","0","5","0","","02","9","2005","1","40.469513","-80.008431","1247","11","0","0","0","0","0","0","0","0","","0","0","0","","","0","","2","","40 28:10.246","","0","80 00:30.351","0","0","0","0","2301","0","0","0","N","0","0","0","1","02301","0","","1.0","","1","N","N","","1","","0","0","0","","0","","","2","0","0","0","0","0","0","2","0","2","","","","N","","","","","","","","","",""
"2005191190","","2","0","0","0","0","0","0","0","0","4","0","","02","7","2005","4","40.397994","-79.98845","1242","11","0","0","0","0","0","0","0","0","","0","0","0","","","1","","0","","40 23:52.778","","0","79 59:18.420","8","0","0","0","2301","0","0","0","N","0","0","0","1","02301","0","","1.0","","1","N","N","","0","","0","0","0","","0","","","2","1","0","0","0","1","0","2","0","2","","","","N","","","","","","","","","",""
"2005191191","","2","0","0","0","0","0","0","0","0","6","0","","02","9","2005","5","","","1105","11","0","0","0","0","0","0","0","0","","0","0","0","","","0","","1","","","","0","","0","0","0","0","2301","0","0","0","N","0","0","0","3","02301","0","","1.0","","1","N","N","","0","","0","0","0","","3","","","2","0","0","0","0","0","0","1","0","2","","","","N","","","","","","","","","",""
"2005191192","","1","0","0","0","0","0","0","0","0","1","0","","02","9","2005","5","40.4272","-80.0225","1611","11","0","0","0","0","0","0","0","0","","0","0","0","","","0","","0","","40 25:37.920","","0","80 01:21.000","0","0","0","0","2301","0","0","0","N","0","0","0","2","02301","0","","1.0","","1","N","N","","0","","0","0","1","","0","","","2","0","0","0","0","0","0","2","0","2","","","","N","","","","","","","","","",""
"2005191195","","2","0","0","0","0","0","0","0","0","1","0","","02","9","2005","7","40.429167","-79.99928","1857","11","0","0","0","0","1","0","0","0","","0","0","0","","","0","","2","","40 25:45.000","","0","79 59:57.407","0","0","0","0","2301","0","0","0","N","0","0","0","2","02301","0","","1.0","","1","N","N","","0","","0","0","0","","0","","","2","0","0","0","0","0","0","2","0","2","","","","N","","","","","","","","","",""
"2005191196","","1","0","0","0","0","0","0","0","0","7","0","","02","9","2005","3","40.415814","-80.0111","0154","11","0","0","0","0","1","0","0","0","2","0","0","0","","","1","","0","","40 24:56.930","2","0","80 00:39.960","4","0","0","0","2301","0","0","0","N","0","0","0","1","02301","1","","5.0","","1","N","N","","0","","0","0","0","","0","N","","1","1","0","0","0","0","0","2","0","1","","","","N","","","","","","","","","",""
"2005191197","","2","0","0","0","0","0","0","0","0","4","0","","02","9","2005","2","40.449167","-79.901278","0830","11","0","0","0","0","0","1","0","0","","0","0","0","","","1","","2","","40 26:57.000","","0","79 54:04.602","3","0","0","0","2301","0","0","0","","0","0","0","2","02301","0","","1.0","","1","N","N","","0","","1","0","0","","2","","","2","1","0","0","0","0","0","2","0","2","","","","N","","","","","","","","","",""
"2005191198","","2","0","0","0","0","0","0","0","0","2","0","","02","9","2005","2","40.483333","-79.902315","0527","11","0","0","0","0","0","0","0","0","3","0","0","0","","","3","","0","","40 29:00.000","6","0","79 54:08.335","8","0","0","0","2301","0","0","0","Y","0","0","0","3","02301","0","","1.0","","1","N","N","","0","","0","0","0","","0","Y","","2","3","0","0","0","3","0","2","0","2","","","","N","","","","","","","","","",""
"2005191199","","1","0","0","0","0","0","0","0","0","1","0","","02","9","2005","4","","","0800","11","0","0","0","0","0","1","0","0","","0","0","0","","","1","","0","","","","0","","8","0","0","0","2301","0","0","0","N","0","0","0","3","02301","0","","1.0","","1","N","N","","1","","0","0","0","","0","","","2","1","1","0","0","1","0","1","0","2","","","","N","","","","","","","","","",""
"2005191200","","1","0","0","0","0","0","0","0","0","5","0","","02","9","2005","1","","","0712","11","0","0","0","0","0","0","0","0","","0","0","0","","","1","","1","","","","0","","8","0","0","0","2301","0","0","0","N","0","0","0","1","02301","0","","1.0","","1","N","N","","0","","0","0","1","","0","","","2","1","0","0","0","1","0","1","0","2","","","","N","","","","","","","","","",""
"2005191201","","3","0","0","0","0","0","0","0","0","1","0","","02","9","2005","2","40.455389","-79.879595","0721","11","0","0","0","0","0","1","0","0","2","0","0","0","","","2","","0","","40 27:19.401","4","0","79 52:46.543","4","0","0","0","2301","0","0","0","N","0","0","0","3","02301","2","","1.0","","1","N","N","","0","","0","0","0","","0","N","","3","2","0","0","0","0","0","2","0","3","","","","N","","","","","","","","","",""
"2005191202","","1","0","0","0","0","0","0","0","0","1","0","","02","9","2005","2","","","1726","11","0","0","0","0","0","0","1","0","2","0","0","0","","","0","","0","","","1","0","","0","0","0","0","2301","0","0","0","N","0","0","0","2","02301","0","","1.0","","1","N","Y","","0","","0","0","1","","0","N","","2","0","0","0","0","0","0","1","0","2","","","","N","","","","","","","","","",""
"2005191203","","1","0","0","0","0","0","0","0","0","1","0","","02","9","2005","5","40.465597","-79.92939","0928","11","0","0","0","0","0","0","0","0","","0","1","0","","","1","","2","","40 27:56.149","","0","79 55:45.804","4","0","0","0","2301","0","0","0","N","0","0","0","2","02301","1","","1.0","","1","N","N","","0","","0","0","0","","2","","","2","1","0","0","0","0","0","2","0","2","","","","N","","","","","","","","","",""
"2005191204","","2","0","0","0","0","0","0","0","0","5","0","","02","9","2005","3","40.455054","-79.978266","2204","11","0","0","0","0","0","0","0","0","","0","0","0","","","0","","0","","40 27:18.194","","0","79 58:41.757","0","0","0","0","2301","0","0","0","N","0","0","0","3","02301","0","","1.0","","1","N","N","","0","","0","0","0","","0","","","2","0","0","0","0","0","0","2","0","2","","","","N","","","","","","","","","",""
"2005191205","","2","0","0","0","0","0","0","0","0","4","0","","02","9","2005","1","","","1806","11","0","0","0","0","0","0","1","0","","0","0","0","","","2","","0","","","","0","","3","0","0","0","2301","0","0","0","N","0","0","0","5","02301","0","","1.0","","1","N","N","","0","","2","0","0","","3","","","2","2","1","0","0","0","0","1","0","2","","","","N","","","","","","","","","",""
"2005191206","","2","0","0","0","0","0","0","0","0","4","0","","02","9","2005","4","40.44154","-79.919785","1110","11","0","0","0","0","0","0","0","0","","0","0","0","","","1","","0","","40 26:29.544","","0","79 55:11.226","8","0","0","0","2301","0","0","0","N","0","0","0","1","02301","0","","1.0","","1","N","N","","0","","0","0","0","","0","","","2","1","0","0","0","1","0","2","0","2","","","","N","","","","","","","","","",""
"2005191211","","2","0","0","0","0","0","0","0","0","4","0","","02","9","2005","4","40.440466","-79.991536","0815","11","0","0","0","0","0","0","0","0","1","0","0","0","","","2","","1","","40 26:25.678","3","0","79 59:29.530","4","0","0","0","2301","0","0","0","N","0","0","0","2","02301","1","","1.0","","1","N","N","","0","","0","0","0","","2","Y","","2","2","0","0","0","1","0","2","0","2","","","","N","","","","","","","","","",""
"2005191224","","1","0","0","0","0","0","0","0","0","4","0","","02","9","2005","2","40.437658","-79.985151","0238","11","0","0","0","0","0","0","0","0","","0","0","0","","","1","","1","","40 26:15.568","","0","79 59:06.543","8","0","0","0","2301","0","0","0","Y","0","0","0","4","02301","0","","1.0","","1","N","N","","0","","0","0","1","","1","","","2","1","0","0","0","1","0","2","0","2","","","","N","","","","","","","","","",""
"2005191225","","2","0","1","0","0","0","0","0","0","1","0","","02","9","2005","6","","","1615","11","0","0","0","1","0","1","0","0","2","0","0","0","","","5","","0","","","1","0","","2","0","0","0","2301","0","0","0","N","0","0","0","5","02301","1","","1.0","","1","N","N","","0","","1","1","0","","0","Y","","2","5","1","0","0","2","0","1","0","2","","","","N","","","","","","","","","",""
"2005191226","","0","0","0","0","0","0","0","0","0","8","0","","02","9","2005","4","","","1435","11","0","0","0","0","0","1","0","0","","0","0","0","","","1","","1","","","","0","","3","0","0","0","2301","1","0","0","N","1","0","0","2","02301","0","","1.0","","1","N","N","","0","","1","0","0","","2","","","2","1","0","0","0","0","0","1","1","1","","","","N","","","","","","","","","",""
"2005191227","","0","0","0","0","0","0","0","0","0","7","0","","02","9","2005","7","40.436222","-79.973053","0220","11","0","0","0","0","0","0","0","0","","0","0","0","","","0","","0","","40 26:10.399","","0","79 58:22.992","9","0","0","0","2301","0","0","0","N","0","0","0","1","02301","0","","4.0","","1","N","N","","0","","0","0","1","","0","","","1","0","0","0","0","0","1","2","0","1","","","","N","","","","","","","","","",""
"2005191233","","2","0","0","0","0","0","0","0","0","1","0","","02","9","2005","5","40.4283","-79.9727","0738","11","0","0","0","0","0","0","0","0","","0","0","0","","","1","","1","","40 25:41.880","","0","79 58:21.720","4","0","0","0","2301","0","0","0","N","0","0","0","2","02301","1","","1.0","","1","N","N","","0","","0","0","0","","0","","","2","1","0","0","0","0","0","2","0","2","","","","N","","","","","","","","","",""
"2005191245","","1","0","0","0","0","0","0","0","0","7","0","","02","9","2005","6","","","2134","11","0","0","0","0","0","0","0","0","","0","0","0","","","0","","1","","","","0","","9","0","0","0","2301","0","0","0","N","0","0","0","1","02301","0","","4.0","","9","N","N","","0","","0","0","0","","2","","","1","0","0","0","0","0","1","1","0","1","","","","N","","","","","","","","","",""
"2005191246","","1","0","0","0","0","0","0","0","0","8","0","","02","9","2005","4","40.466162","-79.952248","1835","11","0","0","0","0","0","0","0","0","","0","0","0","","","1","","2","","40 27:58.183","","0","79 57:08.092","8","0","0","0","2301","1","0","0","N","1","0","0","3","02301","0","","1.0","","1","N","N","","0","","0","0","0","","1","","","2","1","0","0","0","1","2","2","0","1","","","","N","","","","","","","","","",""
"2005191247","","1","0","0","0","0","0","0","0","0","6","0","","02","9","2005","7","40.474011","-79.957913","0820","11","0","0","0","0","0","0","0","0","","0","0","0","","","0","","0","","40 28:26.440","","0","79 57:28.486","0","0","0","0","2301","0","0","0","N","0","0","0","1","02301","0","","6.0","","1","N","N","","1","","0","0","0","","0","","","2","0","0","0","0","0","0","2","0","2","","","","N","","","","","","","","","",""