"CRN","ARRIVAL_TM","AUTOMOBILE_COUNT","BELTED_DEATH_COUNT","BELTED_SUSP_SERIOUS_INJ_COUNT","BICYCLE_COUNT","BICYCLE_DEATH_COUNT","BICYCLE_SUSP_SERIOUS_INJ_COUNT","BUS_COUNT","CHLDPAS_DEATH_COUNT","CHLDPAS_SUSP_SERIOUS_INJ_COUNT","COLLISION_TYPE","COMM_VEH_COUNT","CONS_ZONE_SPD_LIM","COUNTY","CRASH_MONTH","CRASH_YEAR","DAY_OF_WEEK","DEC_LATITUDE","DEC_LONGITUDE","DISPATCH_TM","DISTRICT","DRIVER_COUNT_16YR","DRIVER_COUNT_17YR","DRIVER_COUNT_18YR","DRIVER_COUNT_19YR","DRIVER_COUNT_20YR","DRIVER_COUNT_50_64YR","DRIVER_COUNT_65_74YR","DRIVER_COUNT_75PLUS","EST_HRS_CLOSED","FATAL_COUNT","HEAVY_TRUCK_COUNT","HORSE_BUGGY_COUNT","HOUR_OF_DAY","ILLUMINATION","INJURY_COUNT","INTERSECTION_RELATED","INTERSECT_TYPE","LANE_CLOSED","LATITUDE","LN_CLOSE_DIR","LOCATION_TYPE","LONGITUDE","MAX_SEVERITY_LEVEL","MCYCLE_DEATH_COUNT","MCYCLE_SUSP_SERIOUS_INJ_COUNT","MOTORCYCLE_COUNT","MUNICIPALITY","NONMOTR_COUNT","NONMOTR_DEATH_COUNT","NONMOTR_SUSP_SERIOUS_INJ_COUNT","NTFY_HIWY_MAINT","PED_COUNT","PED_DEATH_COUNT","PED_SUSP_SERIOUS_INJ_COUNT","PERSON_COUNT","POLICE_AGCY","POSSIBLE_INJ_COUNT","RDWY_SURF_TYPE_CD","RELATION_TO_ROAD","ROADWAY_CLEARED","ROAD_CONDITION","SCH_BUS_IND","SCH_ZONE_IND","SECONDARY_CRASH","SMALL_TRUCK_COUNT","SPEC_JURIS_CD","SUSP_MINOR_INJ_COUNT","SUSP_SERIOUS_INJ_COUNT","SUV_COUNT","TCD_FUNC_CD","TCD_TYPE","TFC_DETOUR_IND","TIME_OF_DAY","TOTAL_UNITS","TOT_INJ_COUNT","UNBELTED_OCC_COUNT","UNB_DEATH_COUNT","UNB_SUSP_SERIOUS_INJ_COUNT","UNK_INJ_DEG_COUNT","UNK_INJ_PER_COUNT","URBAN_RURAL","VAN_COUNT","VEHICLE_COUNT","WEATHER1","WEATHER2","WORKERS_PRES","WORK_ZONE_IND","WORK_ZONE_LOC","WORK_ZONE_TYPE","WZ_CLOSE_DETOUR","WZ_FLAGGER","WZ_LAW_OFFCR_IND","WZ_LN_CLOSURE","WZ_MOVING","WZ_OTHER","WZ_SHLDER_MDN","WZ_WORKERS_INJ_KILLED"
"2005191248","","2","0","0","0","0","0","0","0","0","4","0","","02","9","2005","6","","","0249","11","0","0","0","0","0","0","0","0","2","0","0","0","","","1","","1","","","3","0","","8","0","0","0","2301","0","0","0","N","0","0","0","6","02301","0","","1.0","","1","N","N","","0","","0","0","0","","0","N","","2","1","0","0","0","1","0","1","0","2","","","","N","","","","","","","","","",""
"2005191249","","2","0","0","0","0","0","0","0","0","4","0","","02","9","2005","2","","","0641","11","0","0","0","0","0","1","0","0","1","0","0","0","","","1","","0","","","6","0","","8","0","0","0","2301","0","0","0","N","0","0","0","2","02301","0","","1.0","","1","N","N","","0","","0","0","0","","0","N","","3","1","0","0","0","1","0","1","1","3","","","","N","","","","","","","","","",""
"2005191286","","1","0","0","0","0","0","0","0","0","7","0","50","02","8","2005","2","40.373889","-80.103628","0323","11","0","0","0","0","0","0","0","0","1","0","0","0","","","1","","0","","40 22:26.000","2","0","80 06:13.059","4","0","0","0","2119","0","0","0","N","0","0","0","1","68B03","1","","3.0","","1","N","N","","0","","0","0","0","","0","N","","1","1","0","0","0","0","0","2","0","1","","","N","Y","3","1","","","N","Y","","","",""
"2005191287","","2","0","0","0","0","0","0","0","0","1","0","","02","8","2005","4","40.445703","-80.173996","2350","11","0","0","1","0","0","1","0","0","","0","0","0","","","0","","0","","40 26:44.530","","0","80 10:26.384","0","0","0","0","2214","0","0","0","N","0","0","0","3","68B03","0","","1.0","","1","N","N","","0","","0","0","0","","0","","","2","0","0","0","0","0","0","2","0","2","","","","N","","","","","","","","","",""
"2005191289","","2","0","0","0","0","0","0","0","0","1","0","","02","7","2005","4","","","1730","11","0","0","0","0","0","0","0","0","","0","0","0","","","0","","0","","40 26:01.32","","0","80 08:33.36","0","0","0","0","2115","0","0","0","N","0","0","0","3","68B03","0","","1.0","","1","N","N","","0","","0","0","0","","0","","","2","0","0","0","0","0","0","2","0","2","","","","N","","","","","","","","","",""
"2005191326","","0","0","0","0","0","0","0","0","0","7","0","50","02","8","2005","7","40.419167","-80.103203","1851","11","0","0","0","0","0","0","0","0","1","0","0","0","","","0","","0","","40 25:09.000","1","0","80 06:11.532","0","0","0","0","2102","0","0","0","N","0","0","0","6","68B03","0","","5.0","","1","N","N","","0","","0","0","1","","0","N","","2","0","0","0","0","0","0","2","1","2","","","N","Y","4","1","","","N","","","","",""
"2005191364","","1","0","0","0","0","0","0","0","0","7","0","","02","9","2005","6","40.500041","-79.941731","0650","11","0","0","0","0","0","0","0","0","","0","0","0","","","0","","0","","40 30:00.148","","0","79 56:30.233","0","0","0","0","2430","0","0","0","N","0","0","0","1","02430","0","","4.0","","1","N","N","","0","","0","0","0","","0","","","1","0","0","0","0","0","0","2","0","1","","","","N","","","","","","","","","",""
"2005191392","","1","0","0","0","0","0","0","0","0","1","0","50","02","8","2005","7","","","1525","11","0","0","0","0","0","0","0","0","1","0","0","0","","","0","","0","","40 25:35.40","2","0","80 01:51.24","0","0","0","0","2301","0","0","0","N","0","0","0","4","68B03","0","","1.0","","9","N","N","","0","","0","0","1","","0","N","","2","0","0","0","0","0","0","2","0","2","","","N","Y","1","1","Y","","Y","","","","",""
"2005191511","","0","0","0","0","0","0","0","0","0","7","0","55","02","8","2005","7","40.6093","-79.9478","0315","11","0","0","0","0","0","0","0","0","","0","0","0","","","0","","0","","40 36:33.480","","1","79 56:52.080","0","0","0","0","2207","0","0","0","N","0","0","0","1","68T02","0","","2.0","","1","N","N","","0","","0","0","1","","8","","","1","0","0","0","0","0","0","2","0","1","","","N","Y","4","1","","","N","","","","Y",""
"2005191696","","0","0","0","1","0","0","0","0","0","8","0","","02","9","2005","2","","","1743","11","0","0","0","0","0","1","0","0","","0","0","0","","","1","","1","","","","0","","4","0","0","0","2461","1","0","0","N","0","0","0","4","02461","1","","1.0","","1","N","N","","0","","0","0","1","","0","","","2","1","0","0","0","0","0","1","0","1","","","","N","","","","","","","","","",""
"2005191889","","1","0","0","0","0","0","0","0","0","4","0","","02","8","2005","6","","","2217","11","0","0","0","0","0","0","0","0","2","0","0","0","","","0","","0","","40 25:15.24","1","0","80 02:50.28","0","0","0","0","2435","0","0","0","N","0","0","0","5","68B03","0","","1.0","","9","N","N","","0","","0","0","1","","0","N","","3","0","0","0","0","0","0","2","1","3","","","","N","","","","","","","","","",""
"2005191896","","1","0","0","0","0","0","0","0","0","7","0","","02","7","2005","1","","","0151","11","0","0","0","0","0","0","0","0","","0","0","0","","","0","","7","","40 25:15.60","","2","80 02:51.00","0","0","0","0","2435","0","0","0","N","0","0","0","1","68B03","0","","7.0","","1","N","N","","0","","0","0","0","","0","","","1","0","0","0","0","0","0","2","0","1","","","","N","","","","","","","","","",""
"2005191897","","1","0","0","0","0","0","0","0","0","1","0","","02","7","2005","4","","","2100","11","0","0","0","0","0","0","0","0","","0","0","0","","","2","","0","","40 26:28.32","","3","80 00:32.76","4","0","0","0","2301","0","0","0","N","0","0","0","3","68B03","2","","1.0","","1","N","N","","0","","0","0","1","","0","","","2","2","0","0","0","0","0","2","0","2","","","","N","","","","","","","","","",""
"2005191898","","1","0","0","0","0","0","0","0","0","1","0","","02","8","2005","6","","","1910","11","0","0","0","0","0","1","0","0","","0","0","0","","","0","","0","","40 25:48.36","","0","80 01:39.00","0","0","0","0","2301","0","0","0","N","0","0","0","2","68B03","0","","1.0","","9","N","N","","0","","0","0","1","","0","","","2","0","0","0","0","0","0","2","0","2","","","","N","","","","","","","","","",""
"2005191899","","2","0","0","0","0","0","0","0","0","1","0","50","02","8","2005","7","40.658056","-80.091572","0032","11","0","0","0","0","0","1","0","0","","0","0","0","","","2","","0","","40 39:29.000","","0","80 05:29.659","4","0","0","0","2212","0","0","0","N","0","0","0","9","68B03","2","","1.0","","1","N","N","","0","","0","0","0","","0","","","3","2","1","0","0","0","0","2","1","3","","","Y","Y","3","1","","Y","Y","Y","","","Y",""
"2005191901","","1","0","0","0","0","0","0","0","0","1","0","","02","8","2005","4","40.4218","-80.0454","1159","11","0","0","0","0","0","0","0","0","","0","0","0","","","1","","0","","40 25:18.480","","2","80 02:43.440","4","0","0","0","2435","0","0","0","N","0","0","0","2","68B03","1","","1.0","","1","N","N","","0","","0","0","1","","3","","","2","1","0","0","0","0","0","2","0","2","","","","N","","","","","","","","","",""
"2005192001","","1","0","0","0","0","0","0","0","0","1","0","","02","9","2005","7","40.319167","-79.834328","1644","11","0","0","0","0","0","1","0","0","","0","0","0","","","0","","1","","40 19:09.000","","0","79 50:03.582","0","0","0","0","2469","0","0","0","N","0","0","0","3","02469","0","","1.0","","1","N","N","","0","","0","0","0","","0","","","2","0","1","0","0","0","0","2","1","2","","","","N","","","","","","","","","",""
"2005192031","","3","0","0","0","0","0","0","0","0","1","0","","02","9","2005","1","40.435","-79.7908","1345","11","0","0","0","0","0","1","0","1","1","0","0","0","","","4","","0","","40 26:06.000","4","0","79 47:26.880","4","0","0","0","2446","0","0","0","N","0","0","0","7","02446","4","","1.0","","1","N","N","","0","","0","0","0","","0","N","","3","4","1","0","0","0","0","2","0","3","","","","N","","","","","","","","","",""
"2005192032","","1","0","0","0","0","0","0","0","0","1","0","","02","9","2005","7","40.438611","-79.760639","2009","11","0","0","0","0","0","0","1","1","","0","0","0","","","1","","1","","40 26:19.000","","0","79 45:38.301","8","0","0","0","2446","0","0","0","N","0","0","0","3","02446","0","","1.0","","1","N","N","","0","","0","0","1","","0","","","2","1","0","0","0","1","0","2","0","2","","","","N","","","","","","","","","",""
"2005192033","","1","0","0","0","0","0","0","0","0","8","0","","02","9","2005","2","40.438333","-79.770042","0939","11","0","0","0","0","0","1","0","0","","0","0","0","","","1","","0","","40 26:18.000","","0","79 46:12.150","8","0","0","0","2446","1","0","0","N","1","0","0","2","02446","0","","1.0","","1","N","N","","0","","0","0","0","","0","","","2","1","1","0","0","1","0","2","0","1","","","","N","","","","","","","","","",""
"2005192034","","1","0","0","0","0","0","0","0","0","2","0","","02","9","2005","5","40.427499","-79.751215","0630","11","0","0","0","0","1","0","1","0","2","0","0","0","","","2","","2","","40 25:38.996","1","0","79 45:04.374","8","0","0","0","2446","0","0","0","N","0","0","0","2","02446","0","","1.0","","1","N","N","","1","","0","0","0","","2","N","","2","2","0","0","0","2","0","2","0","2","","","","N","","","","","","","","","",""
"2005192077","","1","0","0","0","0","0","0","0","0","1","0","","02","9","2005","3","40.551864","-80.191651","1103","11","0","0","0","1","0","0","1","0","","0","0","0","","","0","","0","","40 33:06.710","","0","80 11:29.943","0","0","0","0","2427","0","0","0","N","0","0","0","2","02427","0","","1.0","","1","N","N","","0","","0","0","1","","0","","","2","0","0","0","0","0","0","2","0","2","","","","N","","","","","","","","","",""
"2005192080","","1","0","0","0","0","0","0","0","0","7","0","","02","8","2005","4","","","2016","11","0","0","0","0","1","0","0","0","","0","0","0","","","1","","0","","","","0","","4","0","0","0","2214","0","0","0","N","0","0","0","1","02214","1","","4.0","","9","N","N","","0","","0","0","0","","0","","","1","1","0","0","0","0","0","1","0","1","","","","N","","","","","","","","","",""
"2005192081","","1","0","0","0","0","0","0","0","0","7","0","","02","9","2005","6","40.445556","-80.244391","1606","11","0","0","0","1","0","0","0","0","","0","0","0","","","1","","2","","40 26:44.000","","0","80 14:39.809","8","0","0","0","2214","0","0","0","N","0","0","0","1","02214","0","","5.0","","1","N","N","","0","","0","0","0","","0","","","1","1","1","0","0","1","0","2","0","1","","","","N","","","","","","","","","",""
"2005192082","","1","0","0","0","0","0","0","0","0","7","0","","02","9","2005","6","","","0851","11","0","0","0","0","0","0","0","0","2","0","0","0","","","0","","0","","","3","0","","0","0","0","0","2214","0","0","0","N","0","0","0","1","02214","0","","5.0","","1","N","N","","0","","0","0","0","","0","N","","1","0","0","0","0","0","0","1","0","1","","","","N","","","","","","","","","",""
"2005192083","","1","0","0","0","0","0","0","0","0","7","0","","02","9","2005","6","40.44759","-80.21011","0928","11","0","0","0","0","0","0","0","0","2","0","0","0","","","1","","0","","40 26:51.325","1","0","80 12:36.395","3","0","0","0","2214","0","0","0","N","0","0","0","1","02214","0","","4.0","","9","N","N","","0","","1","0","0","","0","N","","1","1","0","0","0","0","0","2","0","1","","","","N","","","","","","","","","",""
"2005192084","","2","0","0","0","0","0","0","0","0","4","0","","02","9","2005","7","40.4534","-80.1727","1211","11","0","0","0","0","0","0","0","0","2","0","0","0","","","1","","1","","40 27:12.240","4","2","80 10:21.720","4","0","0","0","2214","0","0","0","N","0","0","0","2","02214","1","","1.0","","1","N","N","","0","","0","0","0","","2","N","","2","1","0","0","0","0","0","2","0","2","","","","N","","","","","","","","","",""
"2005192085","","2","0","0","0","0","0","0","0","0","4","0","","02","9","2005","5","40.441389","-80.193234","1713","11","0","0","0","0","0","0","0","0","","0","0","0","","","0","","1","","40 26:29.000","","0","80 11:35.641","0","0","0","0","2214","0","0","0","N","0","0","0","2","02214","0","","1.0","","1","N","N","","0","","0","0","0","","3","","","2","0","0","0","0","0","0","2","0","2","","","","N","","","","","","","","","",""
"2005192086","","2","0","0","0","0","0","0","0","0","1","0","","02","9","2005","6","40.409444","-80.192706","1743","11","0","0","0","0","0","0","0","0","","0","0","0","","","2","","2","","40 24:34.000","","0","80 11:33.741","4","0","0","0","2214","0","0","0","N","0","0","0","2","02214","2","","1.0","","1","N","N","","0","","0","0","0","","3","","","2","2","0","0","0","0","0","2","0","2","","","","N","","","","","","","","","",""
"2005192087","","1","0","0","0","0","0","0","0","0","4","0","","02","9","2005","7","40.4261","-80.2948","1517","11","0","0","0","0","0","0","0","1","","0","0","0","","","1","","1","","40 25:33.960","","0","80 17:41.280","3","0","0","0","2214","0","0","0","N","0","0","0","5","02214","0","","1.0","","1","N","N","","1","","1","0","0","","3","","","2","1","0","0","0","0","0","1","0","2","","","","N","","","","","","","","","",""
"2005192125","","1","0","0","0","0","0","0","0","0","7","0","","02","8","2005","6","","","0244","11","0","0","0","0","0","0","0","0","","0","0","0","","","2","","6","","40 25:15.96","","2","80 02:42.72","4","0","0","0","2435","0","0","0","N","0","0","0","2","68B03","2","","4.0","","1","N","N","","0","","0","0","0","","3","","","1","2","0","0","0","0","0","2","0","1","","","","N","","","","","","","","","",""
"2005192126","","2","0","0","0","0","0","0","0","0","1","0","","02","8","2005","7","40.4366","-80.1112","0620","11","0","0","0","0","0","0","0","0","","0","0","0","","","1","","0","","40 26:11.760","","0","80 06:40.320","4","0","0","0","2115","0","0","0","N","0","0","0","5","68B03","1","","1.0","","9","N","N","","0","","0","0","0","","0","","","2","1","0","0","0","0","0","2","0","2","","","","N","","","","","","","","","",""
"2005192128","","3","0","0","0","0","0","0","0","0","1","0","","02","7","2005","7","","","0012","11","0","0","0","1","0","0","0","0","","0","0","0","","","0","","0","","40 25:13.44","","0","80 02:18.96","0","0","0","0","2301","0","0","0","N","0","0","0","5","68B03","0","","1.0","","1","N","N","","0","","0","0","0","","0","","","3","0","0","0","0","0","0","2","0","3","","","","N","","","","","","","","","",""
"2005192129","","2","0","0","0","0","0","0","0","0","7","0","","02","7","2005","7","","","0511","11","0","0","0","0","0","0","0","0","","0","0","0","","","1","","0","","40 25:35.40","","0","79 54:59.40","4","0","0","0","2301","0","0","0","","0","0","0","2","68B03","1","","4.0","","1","N","N","","0","","0","0","0","","0","","","2","1","0","0","0","0","0","2","0","2","","","","N","","","","","","","","","",""
"2005192130","","1","0","0","0","0","0","0","0","0","7","0","","02","8","2005","2","","","1235","11","0","0","0","0","0","2","0","0","","0","0","0","","","0","","0","","40 26:09.96","","0","79 58:19.20","0","0","0","0","2301","0","0","0","Y","0","0","0","3","68B03","0","","4.0","","1","N","N","","0","","0","0","0","","0","","","2","0","0","0","0","0","0","2","1","2","","","","N","","","","","","","","","",""
"2005192131","","1","0","0","0","0","0","0","0","0","1","0","","02","8","2005","3","","","0830","11","0","0","0","0","0","0","0","0","","0","0","0","","","0","","0","","40 25:26.40","","0","80 06:32.04","0","0","0","0","2115","0","0","0","N","0","0","0","2","68B03","0","","1.0","","1","N","N","","0","","0","0","1","","0","","","2","0","0","0","0","0","0","2","0","2","","","","N","","","","","","","","","",""
"2005192133","","3","0","0","0","0","0","0","0","0","1","0","45","02","8","2005","6","","","0010","11","0","0","0","1","0","0","0","0","2","0","0","0","","","0","","0","","40 26:01.32","3","0","80 08:33.36","0","0","0","0","2115","0","0","0","N","0","0","0","9","68B03","0","","1.0","","1","N","N","","0","","0","0","0","","0","N","","3","0","1","0","0","0","0","2","0","3","","","Y","Y","4","1","","","Y","","","","",""
"2005192134","","1","0","0","0","0","0","0","0","0","7","0","","02","8","2005","6","","","1336","11","0","0","0","0","0","0","0","1","","0","0","0","","","0","","0","","40 26:04.20","","0","79 59:21.84","0","0","0","0","2124","0","0","0","Y","0","0","0","1","68B03","0","","4.0","","1","N","N","","0","","0","0","0","","0","","","1","0","1","0","0","0","0","2","0","1","","","","N","","","","","","","","","",""
"2005192135","","1","0","0","0","0","0","0","0","0","7","0","","02","8","2005","7","","","1000","11","0","0","0","0","0","0","0","0","1","0","0","0","","","0","","0","","40 26:29.40","4","0","79 49:42.60","0","0","0","0","2446","0","0","0","N","0","0","0","1","68B03","0","","4.0","","9","N","N","","0","","0","0","0","","0","N","","1","0","1","0","0","0","0","2","0","1","","","","N","","","","","","","","","",""
"2005192136","","1","0","0","0","0","0","0","0","0","7","0","","02","8","2005","2","","","0229","11","0","0","0","0","0","0","0","0","","0","0","0","","","0","","7","","40 24:40.32","","2","80 04:31.44","0","0","0","0","2117","0","0","0","N","0","0","0","2","68B03","0","","2.0","","1","N","N","","0","","0","0","0","","0","","","1","0","0","0","0","0","0","2","0","1","","","","N","","","","","","","","","",""
"2005192224","","1","0","0","0","0","0","0","0","0","7","0","","02","9","2005","1","40.316924","-79.995271","2140","11","0","0","0","0","0","0","0","1","","0","0","0","","","0","","1","","40 19:00.926","","0","79 59:42.975","0","0","0","0","2219","0","0","0","N","0","0","0","1","02219","0","","5.0","","1","N","N","","0","","0","0","0","","2","","","1","0","0","0","0","0","0","2","0","1","","","","N","","","","","","","","","",""
"2005192303","","2","0","0","0","0","0","0","0","0","4","0","","02","9","2005","7","40.385498","-80.032976","1057","11","0","0","0","0","0","0","0","0","","0","0","0","","","0","","0","","40 23:07.792","","0","80 01:58.713","0","0","0","0","2109","0","0","0","N","0","0","0","0","02109","0","","4.0","","1","N","N","","0","","0","0","0","","0","","","2","0","0","0","0","0","0","2","0","2","","","","N","","","","","","","","","",""
"2005192355","","1","0","0","0","0","0","0","0","0","4","0","","02","8","2005","6","","","","11","0","0","0","0","0","0","0","0","","0","0","0","","","0","","1","","","","0","","0","0","0","0","2214","0","0","0","N","0","0","0","2","02214","0","","1.0","","1","N","N","","1","","0","0","0","","2","","","2","0","0","0","0","0","0","1","0","2","","","","N","","","","","","","","","",""
"2005192356","","1","0","0","0","0","0","0","0","0","7","0","","02","9","2005","2","","","","11","0","0","0","0","0","0","0","0","","0","0","0","","","0","","0","","","","0","","0","0","0","0","2214","0","0","0","N","0","0","0","1","02214","0","","4.0","","1","N","N","","0","","0","0","0","","0","","","1","0","0","0","0","0","0","1","0","1","","","","N","","","","","","","","","",""
"2005192357","","1","0","0","0","0","0","0","0","0","7","0","","02","9","2005","2","40.45332","-80.212873","","11","0","0","0","0","0","0","0","0","","0","0","0","","","0","","0","","40 27:11.953","","0","80 12:46.344","0","0","0","0","2214","0","0","0","N","0","0","0","1","02214","0","","4.0","","1","N","N","","0","","0","0","0","","0","","","1","0","0","0","0","0","0","2","0","1","","","","N","","","","","","","","","",""
"2005192358","","1","0","0","0","0","0","0","0","0","7","0","","02","9","2005","7","","","","11","0","0","0","0","0","0","0","0","","0","0","0","","","2","","0","","","","0","","4","0","0","0","2214","0","0","0","N","0","0","0","2","02214","2","","5.0","","9","N","N","","0","","0","0","0","","0","","","1","2","0","0","0","0","0","1","0","1","","","","N","","","","","","","","","",""
"2005192398","","2","0","0","0","0","0","0","0","0","7","0","","02","7","2005","1","","","","11","0","0","0","0","0","0","0","0","1","0","0","0","","","2","","0","","","2","0","","4","0","0","0","2446","0","0","0","N","0","0","0","5","02446","2","","2.0","","1","N","N","","0","","0","0","0","","0","N","","2","2","1","0","0","0","0","1","0","2","","","","N","","","","","","","","","",""
"2005192407","","2","0","0","0","0","0","0","0","0","4","0","","02","10","2005","7","40.365833","-79.949428","","11","0","0","0","0","0","0","0","0","","0","0","0","","","2","","2","","40 21:57.000","","0","79 56:57.939","8","0","0","0","2403","0","0","0","N","0","0","0","7","02403","0","","1.0","","1","N","N","","0","","0","0","0","","0","","","2","2","0","0","0","2","0","2","0","2","","","","N","","","","","","","","","",""
"2005192420","","2","1","0","0","0","0","0","0","0","1","0","","02","10","2005","7","40.445833","-79.848477","","11","0","0","0","0","0","1","0","0","","1","0","0","","","1","","1","","40 26:45.000","","0","79 50:54.517","1","0","0","0","2419","0","0","0","N","0","0","0","3","02501","0","2","1.0","","1","N","N","","0","0","0","1","0","","2","","","2","1","0","0","0","0","0","2","0","2","","","","N","","","","","","","","","",""
"2005192423","","1","0","0","0","0","0","0","0","0","1","0","","02","10","2005","2","40.456944","-79.758683","","11","0","0","0","0","0","1","0","0","","0","0","0","","","0","","2","","40 27:25.000","","0","79 45:31.260","0","0","0","0","2466","0","0","0","N","0","0","0","3","02466","0","","1.0","","1","N","N","","0","","0","0","1","","0","","","2","0","0","0","0","0","0","2","0","2","","","","N","","","","","","","","","",""
"2005192424","","2","0","0","0","0","0","0","0","0","4","0","","02","10","2005","3","40.374444","-80.093099","","11","0","0","0","0","0","0","0","0","1","0","0","0","","","0","","2","","40 22:28.000","6","0","80 05:35.156","0","0","0","0","2117","0","0","0","N","0","0","0","3","02117","0","","1.0","","1","N","N","","0","","0","0","0","","0","N","","2","0","0","0","0","0","0","2","0","2","","","","N","","","","","","","","","",""
"2005192425","","0","0","0","0","0","0","0","0","0","4","1","","02","10","2005","2","40.346389","-79.973398","","11","0","0","0","0","0","1","1","0","","0","1","0","","","0","","0","","40 20:47.000","","0","79 58:24.234","0","0","0","0","2403","0","0","0","N","0","0","0","2","02403","0","","1.0","","1","Y","N","","0","","0","0","0","","2","","","2","0","0","0","0","0","0","2","1","2","","","","N","","","","","","","","","",""
"2005192429","","2","0","0","0","0","0","0","0","0","4","0","","02","10","2005","3","40.615833","-80.055178","","11","0","0","0","0","0","1","1","0","1","0","0","0","","","1","","1","","40 36:57.000","1","0","80 03:18.640","4","0","0","0","2216","0","0","0","N","0","0","0","2","02505","1","","1.0","","1","N","N","","0","","0","0","0","","2","N","","2","1","0","0","0","0","0","2","0","2","","","","N","","","","","","","","","",""
"2005192439","","1","0","0","0","0","0","0","0","0","7","0","","02","9","2005","6","40.2218","-79.8484","","11","0","0","0","0","0","0","0","0","1","0","0","0","","","0","","0","","40 13:18.480","1","0","79 50:54.240","0","0","0","0","2204","0","0","0","N","0","0","0","1","02204","0","","3.0","","9","N","N","","0","","0","0","0","","0","N","","1","0","1","0","0","0","0","2","0","1","","","","N","","","","","","","","","",""
"2005192440","","1","0","0","0","0","0","0","0","0","1","0","","02","10","2005","3","","","","11","0","0","0","0","0","0","0","0","1","0","1","0","","","1","","2","","","1","0","","4","0","0","0","2424","0","0","0","N","0","0","0","3","02424","1","","1.0","","1","N","N","","0","","0","0","0","","0","N","","3","1","0","0","0","0","0","1","1","3","","","","N","","","","","","","","","",""
"2005192444","","1","0","0","0","0","0","0","0","0","7","0","","02","10","2005","2","40.522876","-79.777906","","11","0","0","0","0","0","0","0","0","","0","0","0","","","0","","0","","40 31:22.354","","0","79 46:40.461","0","0","0","0","2466","0","0","0","N","0","0","0","1","02466","0","","5.0","","1","N","N","","0","","0","0","0","","0","","","1","0","0","0","0","0","0","2","0","1","","","","N","","","","","","","","","",""
"2005192448","","2","0","0","0","0","0","0","0","0","4","0","","02","9","2005","4","40.615364","-79.933865","","11","1","0","0","0","0","0","0","0","","0","0","0","","","1","","1","","40 36:55.311","","0","79 56:01.915","8","0","0","0","2207","0","0","0","N","0","0","0","5","02207","0","","1.0","","1","N","N","","0","","0","0","0","","3","","","2","1","0","0","0","1","0","2","0","2","","","","N","","","","","","","","","",""
"2005192449","","1","0","0","0","0","0","0","0","0","1","0","","02","7","2005","1","40.56483","-79.956784","","11","0","0","0","0","0","0","1","0","","0","0","0","","","0","","2","","40 33:53.388","","0","79 57:24.422","0","0","0","0","2207","0","0","0","N","0","0","0","5","02207","0","","1.0","","1","N","N","","0","","0","0","2","","0","","","3","0","0","0","0","0","0","2","0","3","","","","N","","","","","","","","","",""
"2005192450","","0","0","0","0","0","0","0","0","0","7","0","","02","8","2005","2","40.584523","-79.916241","","11","0","0","0","0","0","1","0","0","","0","0","0","","","1","","0","","40 35:04.281","","0","79 54:58.469","4","0","0","0","2207","0","0","0","N","0","0","0","1","02207","1","","4.0","","9","N","N","","0","","0","0","1","","0","","","1","1","0","0","0","0","0","1","0","1","","","","N","","","","","","","","","",""
"2005192451","","1","0","0","0","0","0","0","0","0","7","0","","02","8","2005","2","40.566129","-79.979889","","11","0","0","0","0","0","0","0","0","1","0","0","0","","","0","","0","","40 33:58.065","3","0","79 58:47.602","0","0","0","0","2207","0","0","0","N","0","0","0","1","02207","0","","4.0","","9","N","N","","0","","0","0","0","","0","Y","","1","0","0","0","0","0","0","2","0","1","","","","N","","","","","","","","","",""
"2005192452","","2","0","0","0","0","0","0","0","0","6","0","","02","8","2005","2","40.613611","-79.947421","","11","0","1","0","0","0","0","0","1","","0","0","0","","","0","","1","","40 36:49.000","","0","79 56:50.715","0","0","0","0","2207","0","0","0","N","0","0","0","2","02207","0","","1.0","","9","N","N","","0","","0","0","0","","2","","","2","0","0","0","0","0","0","2","0","2","","","","N","","","","","","","","","",""
"2005192453","","0","0","0","0","0","0","0","0","0","3","0","","02","8","2005","4","40.593115","-79.964904","","11","0","0","0","0","0","0","0","0","","0","0","0","","","1","","0","","40 35:35.214","","0","79 57:53.654","4","0","0","0","2207","0","0","0","N","0","0","0","3","02207","1","","1.0","","1","N","N","","2","","0","0","0","","0","","","2","1","3","0","0","0","0","2","0","2","","","","N","","","","","","","","","",""
"2005192454","","0","0","0","0","0","0","0","0","0","1","0","","02","8","2005","2","40.557617","-79.958981","","11","0","0","0","0","0","1","0","0","","0","0","0","","","0","","0","","40 33:27.422","","0","79 57:32.332","9","0","0","0","2207","0","0","0","N","0","0","0","5","02207","0","","1.0","","1","N","N","","1","","0","0","1","","0","","","3","0","0","0","0","0","1","2","1","3","","","","N","","","","","","","","","",""
"2005192455","","1","0","0","1","0","0","0","0","0","8","0","","02","8","2005","7","40.590551","-79.948131","","11","0","0","0","0","0","0","0","0","","0","0","0","","","1","","0","","40 35:25.985","","0","79 56:53.273","8","0","0","0","2207","1","0","0","N","0","0","0","2","02207","0","","1.0","","1","N","N","","0","","0","0","0","","0","","","2","1","0","0","0","1","0","2","0","1","","","","N","","","","","","","","","",""
"2005192456","","1","0","0","0","0","0","0","0","0","7","0","","02","8","2005","7","40.580978","-79.948977","","11","0","1","0","0","0","0","0","0","","0","0","0","","","0","","0","","40 34:51.521","","0","79 56:56.316","0","0","0","0","2207","0","0","0","N","0","0","0","1","02207","0","","2.0","","9","N","N","","0","","0","0","0","","0","","","1","0","0","0","0","0","0","2","0","1","","","","N","","","","","","","","","",""