"CRN","ARRIVAL_TM","AUTOMOBILE_COUNT","BELTED_DEATH_COUNT","BELTED_SUSP_SERIOUS_INJ_COUNT","BICYCLE_COUNT","BICYCLE_DEATH_COUNT","BICYCLE_SUSP_SERIOUS_INJ_COUNT","BUS_COUNT","CHLDPAS_DEATH_COUNT","CHLDPAS_SUSP_SERIOUS_INJ_COUNT","COLLISION_TYPE","COMM_VEH_COUNT","CONS_ZONE_SPD_LIM","COUNTY","CRASH_MONTH","CRASH_YEAR","DAY_OF_WEEK","DEC_LATITUDE","DEC_LONGITUDE","DISPATCH_TM","DISTRICT","DRIVER_COUNT_16YR","DRIVER_COUNT_17YR","DRIVER_COUNT_18YR","DRIVER_COUNT_19YR","DRIVER_COUNT_20YR","DRIVER_COUNT_50_64YR","DRIVER_COUNT_65_74YR","DRIVER_COUNT_75PLUS","EST_HRS_CLOSED","FATAL_COUNT","HEAVY_TRUCK_COUNT","HORSE_BUGGY_COUNT","HOUR_OF_DAY","ILLUMINATION","INJURY_COUNT","INTERSECTION_RELATED","INTERSECT_TYPE","LANE_CLOSED","LATITUDE","LN_CLOSE_DIR","LOCATION_TYPE","LONGITUDE","MAX_SEVERITY_LEVEL","MCYCLE_DEATH_COUNT","MCYCLE_SUSP_SERIOUS_INJ_COUNT","MOTORCYCLE_COUNT","MUNICIPALITY","NONMOTR_COUNT","NONMOTR_DEATH_COUNT","NONMOTR_SUSP_SERIOUS_INJ_COUNT","NTFY_HIWY_MAINT","PED_COUNT","PED_DEATH_COUNT","PED_SUSP_SERIOUS_INJ_COUNT","PERSON_COUNT","POLICE_AGCY","POSSIBLE_INJ_COUNT","RDWY_SURF_TYPE_CD","RELATION_TO_ROAD","ROADWAY_CLEARED","ROAD_CONDITION","SCH_BUS_IND","SCH_ZONE_IND","SECONDARY_CRASH","SMALL_TRUCK_COUNT","SPEC_JURIS_CD","SUSP_MINOR_INJ_COUNT","SUSP_SERIOUS_INJ_COUNT","SUV_COUNT","TCD_FUNC_CD","TCD_TYPE","TFC_DETOUR_IND","TIME_OF_DAY","TOTAL_UNITS","TOT_INJ_COUNT","UNBELTED_OCC_COUNT","UNB_DEATH_COUNT","UNB_SUSP_SERIOUS_INJ_COUNT","UNK_INJ_DEG_COUNT","UNK_INJ_PER_COUNT","URBAN_RURAL","VAN_COUNT","VEHICLE_COUNT","WEATHER1","WEATHER2","WORKERS_PRES","WORK_ZONE_IND","WORK_ZONE_LOC","WORK_ZONE_TYPE","WZ_CLOSE_DETOUR","WZ_FLAGGER","WZ_LAW_OFFCR_IND","WZ_LN_CLOSURE","WZ_MOVING","WZ_OTHER","WZ_SHLDER_MDN","WZ_WORKERS_INJ_KILLED"
"2005193467","","2","0","0","0","0","0","0","0","0","5","0","","02","9","2005","7","","","","11","0","0","0","0","0","0","0","0","","0","0","0","","","1","","3","","40 26:22.92","","0","80 00:36.00","4","0","0","0","2301","0","0","0","N","0","0","0","4","68B03","1","","1.0","","1","N","N","","0","","0","0","0","","0","","","2","1","1","0","0","0","1","2","0","2","","","","N","","","","","","","","","",""
"2005193469","","1","0","0","0","0","0","0","0","0","99","0","","02","8","2005","1","","","","11","0","0","0","0","0","0","0","0","","0","0","0","","","0","","0","","","","0","","0","0","0","0","2115","0","0","0","N","0","0","0","1","68B03","0","","1.0","","1","N","N","","0","","0","0","0","","0","","","1","0","0","0","0","0","0","1","0","1","","","","N","","","","","","","","","",""
"2005193659","","2","0","0","0","0","0","0","0","0","2","0","","02","9","2005","3","","","","11","0","0","1","0","0","0","0","1","1","0","0","0","","","4","","2","","","3","0","","2","0","0","0","2304","0","0","0","N","0","0","0","4","02304","0","","1.0","","1","N","N","","0","","1","3","0","","2","Y","","2","4","3","0","2","0","0","1","0","2","","","","N","","","","","","","","","",""
"2005193660","","2","0","0","0","0","0","0","0","0","1","0","","02","9","2005","5","40.415417","-79.876818","","11","0","0","0","0","0","0","0","0","","0","0","0","","","1","","1","","40 24:55.501","","0","79 52:36.544","4","0","0","0","2463","0","0","0","N","0","0","0","1","02463","1","","1.0","","1","N","N","","0","","0","0","0","","2","","","2","1","0","0","0","0","0","2","0","2","","","","N","","","","","","","","","",""
"2005193661","","2","0","0","0","0","0","0","0","0","1","0","","02","8","2005","3","40.335556","-80.132497","","11","0","0","0","0","0","0","0","0","","0","0","0","","","0","","2","","40 20:08.000","","0","80 07:56.988","0","0","0","0","2119","0","0","0","N","0","0","0","4","02119","0","","1.0","","9","N","N","","0","","0","0","0","","0","","","2","0","0","0","0","0","0","2","0","2","","05","","N","","","","","","","","","",""
"2005193662","","1","0","0","0","0","0","0","0","0","4","0","","02","8","2005","3","40.345278","-80.154732","","11","0","0","0","0","0","1","0","0","2","0","0","0","","","1","","2","","40 20:43.000","4","0","80 09:17.035","4","0","0","0","2119","0","0","0","N","0","0","0","2","02119","1","","1.0","","9","N","N","","0","","0","0","1","","3","N","","2","1","0","0","0","0","0","2","0","2","","","","N","","","","","","","","","",""
"2005193663","","1","0","0","0","0","0","0","0","0","1","0","","02","9","2005","3","40.357778","-80.126252","","11","0","0","0","0","1","0","0","0","1","0","0","0","","","0","","2","","40 21:28.000","4","0","80 07:34.508","0","0","0","0","2119","0","0","0","N","0","0","0","2","02119","0","","1.0","","1","N","N","","1","","0","0","0","","2","N","","2","0","2","0","0","0","0","2","0","2","","","","N","","","","","","","","","",""
"2005193664","","0","0","0","0","0","0","0","0","0","0","0","","02","9","2005","7","40.336667","-80.181264","","11","0","0","0","0","0","0","0","0","2","0","0","0","","","0","","0","","40 20:12.000","3","0","80 10:52.549","0","0","0","0","2119","0","0","0","N","0","0","0","1","02119","0","","2.0","","9","N","N","","1","","0","0","0","","0","N","","1","0","0","0","0","0","0","1","0","1","","","","N","","","","","","","","","",""
"2005193665","","1","0","0","0","0","0","0","0","0","1","0","","02","9","2005","7","40.347778","-80.150016","","11","0","0","0","1","0","0","0","0","","0","0","0","","","0","","0","","40 20:52.000","","0","80 09:00.057","0","0","0","0","2119","0","0","0","N","0","0","0","2","02119","0","","1.0","","1","N","N","","0","","0","0","0","","0","","","2","0","0","0","0","0","0","2","0","2","","","","N","","","","","","","","","",""
"2005193666","","2","0","0","0","0","0","0","0","0","1","0","","02","8","2005","6","40.3529","-80.1147","","11","0","0","0","0","0","1","0","0","1","0","0","0","","","1","","0","","40 21:10.440","2","0","80 06:52.920","4","0","0","0","2119","0","0","0","N","0","0","0","3","02119","1","","1.0","","1","N","N","","0","","0","0","0","","0","N","","2","1","0","0","0","0","0","2","0","2","","","","N","","","","","","","","","",""
"2005193667","","0","0","0","0","0","0","0","0","0","7","0","","02","8","2005","7","40.357222","-80.131515","","11","0","0","0","0","0","0","0","0","1","0","0","0","","","0","","0","","40 21:26.000","1","0","80 07:53.454","9","0","0","0","2119","0","0","0","N","0","0","0","2","02119","0","","5.0","","9","N","N","","1","","0","0","0","","0","N","","1","0","0","0","0","0","1","2","0","1","","","","N","","","","","","","","","",""
"2005193782","","2","0","0","0","0","0","0","0","0","4","0","","02","9","2005","2","40.4852","-80.0737","","11","0","0","0","0","0","0","0","1","2","0","0","0","","","2","","0","","40 29:06.720","6","0","80 04:25.320","3","0","0","0","2122","0","0","0","N","0","0","0","3","02122","0","","1.0","","1","N","N","","0","","2","0","0","","0","N","","2","2","0","0","0","0","0","2","0","2","","","","N","","","","","","","","","",""
"2005193786","","1","0","0","0","0","0","0","0","0","4","0","","02","9","2005","5","","","","11","0","0","0","0","0","0","0","0","2","0","0","0","","","0","","0","","","5","0","","0","0","0","0","2446","0","0","0","N","0","0","0","3","02446","0","","1.0","","9","N","N","","0","","0","0","1","","0","Y","","3","0","0","0","0","0","0","1","1","3","","","","N","","","","","","","","","",""
"2005193793","","2","0","0","0","0","0","0","0","0","1","0","","02","9","2005","6","40.434167","-79.732726","","11","0","0","0","0","0","0","0","0","1","0","0","0","","","1","","2","","40 26:03.000","3","0","79 43:57.813","8","0","0","0","2446","0","0","0","N","0","0","0","4","02446","0","","1.0","","1","N","N","","0","","0","0","0","","2","N","","2","1","0","0","0","1","0","2","0","2","","","","N","","","","","","","","","",""
"2005193798","","1","0","0","0","0","0","0","0","0","1","0","","02","7","2005","6","40.423725","-79.843452","","11","0","0","0","0","0","0","0","1","1","0","0","0","","","2","","0","","40 25:25.410","4","0","79 50:36.427","4","0","0","0","2431","0","0","0","N","0","0","0","2","02431","2","","1.0","","1","N","N","","0","","0","0","0","","0","N","","2","2","0","0","0","0","0","2","1","2","","","","N","","","","","","","","","",""
"2005193799","","3","0","0","0","0","0","0","0","0","1","0","","02","7","2005","7","40.561235","-79.999296","","11","0","0","0","0","0","0","0","1","","0","0","0","","","0","","1","","40 33:40.446","","0","79 59:57.465","0","0","0","0","2108","0","0","0","N","0","0","0","4","02108","0","","1.0","","1","N","N","","0","","0","0","0","","2","","","3","0","0","0","0","0","0","2","0","3","","","","N","","","","","","","","","",""
"2005193819","","3","0","0","0","0","0","0","0","0","4","0","","02","9","2005","3","40.449764","-80.176203","","11","0","0","0","0","0","1","0","0","","0","0","0","","","1","","1","","40 26:59.150","","0","80 10:34.330","8","0","0","0","2214","0","0","0","N","0","0","0","5","02214","0","","1.0","","1","N","N","","0","","0","0","0","","2","","","3","1","0","0","0","1","0","2","0","3","","","","N","","","","","","","","","",""
"2005193820","","2","0","0","0","0","0","0","0","0","2","0","","02","9","2005","3","40.45","-80.175","","11","0","0","0","0","0","1","0","0","2","0","0","0","","","0","","1","","40 27:00.000","4","2","80 10:30.000","0","0","0","0","2214","0","0","0","N","0","0","0","2","02214","0","","1.0","","1","N","N","","0","","0","0","0","","2","N","","2","0","0","0","0","0","0","2","0","2","","","","N","","","","","","","","","",""
"2005193845","","1","0","0","0","0","0","0","0","0","5","1","","02","10","2005","4","40.5379","-79.8344","","11","0","0","0","0","0","0","0","0","","0","0","0","","","0","","0","","40 32:16.440","","0","79 50:03.840","0","0","0","0","2208","0","0","0","N","0","0","0","2","02208","0","","1.0","","1","N","N","","0","","0","0","0","","0","","","2","0","0","0","0","0","0","2","0","2","","","","N","","","","","","","","","",""
"2005193908","","1","0","0","0","0","0","0","0","0","7","0","","02","7","2005","6","","","","11","0","0","0","0","0","0","0","0","","0","0","0","","","0","","0","","40 26:56.40","","0","80 00:23.76","0","0","0","0","2301","0","0","0","","0","0","0","1","68B03","0","","4.0","","1","N","N","","0","","0","0","0","","0","","","1","0","0","0","0","0","0","2","0","1","","","","N","","","","","","","","","",""
"2005193909","","0","0","0","0","0","0","0","0","0","1","0","","02","9","2005","6","","","","11","0","0","0","0","0","0","0","0","","0","0","0","","","2","","6","","40 25:47.28","","2","79 57:25.20","4","0","0","0","2301","0","0","0","N","0","0","0","2","68B03","2","","7.0","","1","N","N","","0","","0","0","1","","4","","","2","2","0","0","0","0","0","2","1","2","","","","N","","","","","","","","","",""
"2005193910","","1","0","0","0","0","0","0","0","0","7","0","","02","7","2005","3","40.514722","-80.1339","","11","0","0","0","0","0","0","0","0","","0","0","0","","","0","","0","","40 30:53.000","","3","80 08:02.041","0","0","0","0","2110","0","0","0","N","0","0","0","1","68B03","0","","4.0","","9","N","N","","0","","0","0","0","","0","","","1","0","0","0","0","0","0","2","0","1","","","","N","","","","","","","","","",""
"2005193911","","1","0","0","0","0","0","0","0","0","7","0","45","02","8","2005","3","","","","11","0","0","0","0","0","0","0","0","","0","0","0","","","3","","0","","40 29:06.36","","0","80 15:52.56","3","0","0","0","2203","0","0","0","N","0","0","0","6","68B03","1","","5.0","","1","N","N","","0","","2","0","0","","0","","","3","3","0","0","0","0","0","2","1","2","","","Y","Y","5","1","","","N","","","","Y",""
"2005193912","","2","0","0","0","0","0","0","0","0","1","0","","02","6","2005","6","","","","11","0","0","0","0","0","0","0","0","","0","0","0","","","1","","0","","40 25:12.00","","0","80 03:02.52","4","0","0","0","2435","0","0","0","N","0","0","0","3","68B03","1","","1.0","","1","N","N","","0","","0","0","0","","0","","","2","1","0","0","0","0","0","2","0","2","","","","N","","","","","","","","","",""
"2005193913","","1","0","0","0","0","0","0","0","0","7","0","","02","8","2005","2","40.4909","-80.0092","","11","0","0","0","0","0","1","0","0","1","0","0","0","","","0","","0","","40 29:27.240","2","2","80 00:33.120","0","0","0","0","2301","0","0","0","N","0","0","0","1","68B03","0","","4.0","","9","N","N","","0","","0","0","0","","0","N","","1","0","0","0","0","0","0","2","0","1","","","","N","","","","","","","","","",""
"2005193955","","1","0","0","0","0","0","0","0","0","1","0","","02","7","2005","6","40.401944","-79.775177","","11","0","0","0","0","1","0","0","0","","0","0","0","","","1","","2","","40 24:07.000","","0","79 46:30.637","8","0","0","0","2453","0","0","0","N","0","0","0","2","02453","0","","1.0","","1","N","N","","1","","0","0","0","","0","","","2","1","1","0","0","1","0","2","0","2","","","","N","","","","","","","","","",""
"2005194006","","2","0","0","0","0","0","0","0","0","1","0","","02","9","2005","5","40.514","-80.155","","11","0","0","0","0","0","0","0","0","1","0","0","0","","","0","","0","","40 30:50.400","2","0","80 09:18.000","0","0","0","0","2420","0","0","0","N","0","0","0","1","02420","0","","6.0","","1","N","N","","0","","0","0","1","","0","Y","","3","0","0","0","0","0","0","2","0","3","","","","N","","","","","","","","","",""
"2005194013","","2","0","0","0","0","0","0","0","0","1","0","","02","10","2005","4","40.430833","-79.751416","","11","0","0","0","0","0","1","0","0","1","0","0","0","","","2","","0","","40 25:51.000","2","0","79 45:05.096","3","0","0","0","2446","0","0","0","N","0","0","0","3","02446","1","","1.0","","1","N","N","","0","","1","0","0","","0","N","","3","2","0","0","0","0","0","2","1","3","","","","N","","","","","","","","","",""
"2005194038","","1","0","0","0","0","0","0","0","0","7","0","","02","9","2005","7","40.2753","-79.9712","","11","0","0","0","0","0","1","0","0","1","0","0","0","","","1","","0","","40 16:31.080","4","0","79 58:16.320","8","0","0","0","2219","0","0","0","N","0","0","0","1","02219","0","","4.0","","1","N","N","","0","","0","0","0","","0","N","","1","1","0","0","0","1","0","2","0","1","","","","N","","","","","","","","","",""
"2005194159","","2","0","0","0","0","0","0","0","0","4","0","","02","8","2005","5","40.448375","-79.952769","","11","0","0","0","0","0","1","0","0","","0","0","0","","","1","","1","","40 26:54.150","","0","79 57:09.968","8","0","0","0","2301","0","0","0","N","0","0","0","6","02301","0","","1.0","","1","N","N","","0","","0","0","1","","2","","","3","1","0","0","0","1","0","2","0","3","","","","N","","","","","","","","","",""
"2005194160","","1","0","0","0","0","0","0","0","0","8","0","","02","9","2005","4","","","","11","0","0","0","0","0","0","0","0","","0","0","0","","","1","","2","","","","0","","3","0","0","0","2301","1","0","0","N","1","0","0","2","02301","0","","1.0","","1","N","N","","0","","1","0","0","","2","","","2","1","0","0","0","0","0","1","0","1","","","","N","","","","","","","","","",""
"2005194165","","0","0","0","0","0","0","0","0","0","7","0","","02","9","2005","7","40.373991","-80.074564","","11","0","0","0","0","0","1","0","0","1","0","0","0","","","1","","0","","40 22:26.367","4","0","80 04:28.430","8","0","0","0","2109","0","0","0","N","0","0","0","1","02109","0","","4.0","","1","N","N","","0","","0","0","1","","0","N","","1","1","0","0","0","1","0","2","0","1","","","","N","","","","","","","","","",""
"2005194166","","1","0","0","0","0","0","0","0","0","7","0","","02","9","2005","4","40.382282","-80.035439","","11","0","0","0","0","0","0","0","0","2","0","0","0","","","2","","2","","40 22:56.215","5","0","80 02:07.580","8","0","0","0","2109","0","0","0","N","0","0","0","2","02109","0","","4.0","","1","N","N","","0","","0","0","0","","0","Y","","1","2","2","0","0","2","0","2","0","1","","","","N","","","","","","","","","",""
"2005194183","","1","0","0","0","0","0","0","0","0","1","0","","02","10","2005","3","40.5001","-79.863","","11","0","0","0","0","0","1","0","0","1","0","0","0","","","1","","0","","40 30:00.360","1","0","79 51:46.800","4","0","0","0","2118","0","0","0","N","0","0","0","5","02118","1","","1.0","","1","N","N","","1","","0","0","2","","0","N","","4","1","1","0","0","0","0","2","0","4","","","","N","","","","","","","","","",""
"2005194284","","1","0","0","0","0","0","0","0","0","7","0","","02","9","2005","2","40.412306","-79.987757","","11","0","0","0","0","0","0","0","0","","0","0","0","","","1","","0","","40 24:44.301","","0","79 59:15.925","4","0","0","0","2447","0","0","0","N","0","0","0","1","02447","1","","4.0","","1","N","N","","0","","0","0","0","","0","","","1","1","1","0","0","0","0","2","0","1","","","","N","","","","","","","","","",""
"2005194293","","1","0","0","0","0","0","0","0","0","2","0","","02","10","2005","4","40.5937","-79.9871","","11","0","0","0","0","0","1","0","0","","0","0","0","","","1","","0","","40 35:37.320","","0","79 59:13.560","4","0","0","0","2207","0","0","0","N","0","0","0","3","02207","1","","1.0","","1","N","N","","0","","0","0","0","","0","","","2","1","0","0","0","0","0","1","1","2","","","","N","","","","","","","","","",""
"2005194303","","1","0","0","0","0","0","0","0","0","7","0","","02","10","2005","6","","","","11","0","0","0","0","0","0","0","0","","0","0","0","","","1","","0","","","","0","","3","0","0","0","2415","0","0","0","N","0","0","0","1","02415","0","","4.0","","1","N","N","","0","","1","0","0","","0","","","1","1","1","0","0","0","0","1","0","1","","","","N","","","","","","","","","",""
"2005194305","","1","0","0","0","0","0","0","0","0","1","0","","02","10","2005","3","40.652592","-80.015709","","11","1","0","0","0","0","0","0","0","2","0","1","0","","","2","","0","","40 39:09.331","6","0","80 00:56.552","4","0","0","0","2216","0","0","0","N","0","0","0","2","02505","2","","1.0","","1","N","N","","0","","0","0","0","","0","N","","2","2","0","0","0","0","0","2","0","2","","","","N","","","","","","","","","",""
"2005194311","","2","0","0","0","0","0","0","0","0","4","0","","02","9","2005","6","40.509209","-80.202512","","11","0","0","0","0","0","1","0","0","3","0","0","0","","","2","","2","","40 30:33.153","5","0","80 12:09.043","3","0","0","0","2213","0","0","0","N","0","0","0","3","02213","0","","1.0","","1","N","N","","0","","2","0","0","","3","Y","","2","2","1","0","0","0","0","2","0","2","","","","N","","","","","","","","","",""
"2005194324","","1","0","0","0","0","0","0","0","0","7","0","","02","9","2005","6","","","","11","0","0","0","0","0","0","0","0","","0","0","0","","","0","","1","","","","0","","0","0","0","0","2301","0","0","0","Y","0","0","0","1","02301","0","","5.0","","1","N","N","","0","","0","0","0","","2","","","1","0","0","0","0","0","0","1","0","1","","","","N","","","","","","","","","",""
"2005194325","","2","0","0","0","0","0","0","0","0","1","0","","02","7","2005","6","40.5692","-80.0374","","11","0","0","0","1","0","1","0","0","1","0","0","0","","","0","","0","","40 34:09.120","1","0","80 02:14.640","0","0","0","0","2108","0","0","0","N","0","0","0","2","02108","0","","1.0","","1","N","N","","0","","0","0","0","","0","N","","2","0","0","0","0","0","0","2","0","2","","","","N","","","","","","","","","",""
"2005194326","","1","0","0","0","0","0","0","0","0","7","0","","02","10","2005","1","","","","11","0","0","0","0","0","0","0","0","","0","0","0","","","0","","0","","","","0","","0","0","0","0","2301","0","0","0","N","0","0","0","1","02301","0","","2.0","","1","N","N","","0","","0","0","0","","0","","","1","0","0","0","0","0","0","1","0","1","","","","N","","","","","","","","","",""
"2005194327","","2","0","0","0","0","0","0","0","0","1","0","","02","7","2005","7","40.4438","-80.0274","","11","0","0","0","0","0","1","0","0","","0","0","0","","","0","","0","","40 26:37.680","","0","80 01:38.640","0","0","0","0","2301","0","0","0","N","0","0","0","3","02301","0","","1.0","","1","N","N","","0","","0","0","0","","2","","","2","0","1","0","0","0","0","2","0","2","","","","N","","","","","","","","","",""
"2005194328","","1","0","0","0","0","0","0","0","0","1","0","","02","9","2005","6","","","","11","0","0","0","0","0","0","0","0","2","0","0","0","","","0","","1","","","5","0","","0","0","0","0","2301","0","0","0","N","0","0","0","3","02301","0","","1.0","","9","N","N","","1","","0","0","0","","2","Y","","2","0","0","0","0","0","0","1","0","2","","","","N","","","","","","","","","",""
"2005194329","","0","0","0","0","0","0","0","0","0","0","0","","02","10","2005","5","40.524722","-79.962298","","11","0","0","0","0","0","0","0","0","1","0","0","0","","","1","","0","","40 31:29.000","2","0","79 57:44.271","3","0","0","1","2118","0","0","0","N","0","0","0","1","02118","0","","1.0","","1","N","N","","0","","1","0","0","","0","N","","1","1","0","0","0","0","0","2","0","1","","","","N","","","","","","","","","",""
"2005194330","","3","0","0","0","0","0","0","0","0","4","0","","02","9","2005","6","40.401944","-80.00062","","11","0","0","0","0","0","0","1","0","","0","0","0","","","0","","1","","40 24:07.000","","0","80 00:02.233","0","0","0","0","2301","0","0","0","N","0","0","0","4","02301","0","","1.0","","1","N","N","","0","","0","0","0","","2","","","3","0","0","0","0","0","0","2","0","3","","","","N","","","","","","","","","",""
"2005194331","","2","0","0","0","0","0","0","0","0","4","0","","02","9","2005","3","40.437428","-79.979527","","11","0","0","0","1","0","0","0","0","","0","0","0","","","2","","1","","40 26:14.740","","0","79 58:46.297","8","0","0","0","2301","0","0","0","N","0","0","0","2","02301","0","","1.0","","1","N","N","","0","","0","0","0","","3","","","2","2","0","0","0","2","0","2","0","2","","","","N","","","","","","","","","",""
"2005194345","","2","0","0","0","0","0","0","0","0","1","0","","02","9","2005","5","40.473056","-79.820486","","11","0","0","0","0","0","0","0","0","","0","0","0","","","1","","0","","40 28:23.000","","0","79 49:13.748","4","0","0","0","2113","0","0","0","N","0","0","0","2","02113","1","","1.0","","1","","N","","0","","0","0","0","","0","","","2","1","0","0","0","0","0","2","0","2","","","","N","","","","","","","","","",""
"2005194346","","2","0","0","0","0","0","0","0","0","1","0","","02","7","2005","2","40.461","-79.869063","","11","0","0","0","0","0","0","0","0","","0","0","0","","","1","","0","","40 27:39.600","","0","79 52:08.627","3","0","0","0","2113","0","0","0","Y","0","0","0","2","02113","0","","1.0","","1","N","N","","0","","1","0","0","","0","","","2","1","0","0","0","0","0","2","0","2","","","","N","","","","","","","","","",""
"2005194369","","2","0","0","0","0","0","0","0","0","1","0","","02","9","2005","4","40.34","-79.859898","","11","0","0","0","0","0","1","0","1","1","0","0","0","","","1","","2","","40 20:24.000","2","0","79 51:35.634","8","0","0","0","2304","0","0","0","N","0","0","0","2","02304","0","","1.0","","1","N","N","","0","","0","0","0","","0","N","","2","1","1","0","0","1","0","2","0","2","","","","N","","","","","","","","","",""
"2005194411","","1","0","0","0","0","0","0","0","0","4","0","","02","7","2005","5","40.3551","-80.1159","","11","0","0","0","0","0","1","0","0","","0","0","0","","","0","","6","","40 21:18.360","","2","80 06:57.240","0","0","0","0","2119","0","0","0","N","0","0","0","3","02119","0","","1.0","","1","N","N","","1","","0","0","0","","2","","","2","0","0","0","0","0","0","2","0","2","","","","N","","","","","","","","","",""
"2005194421","","0","0","0","0","0","0","0","0","0","99","0","","02","6","2005","1","","","","11","0","0","0","0","0","0","0","0","","0","0","0","","","1","","0","","40 25:06.60","","0","80 05:20.04","4","0","0","1","2415","0","0","0","N","0","0","0","1","68B03","1","","1.0","","1","N","N","","0","","0","0","0","","0","","","1","1","0","0","0","0","0","2","0","1","","","","N","","","","","","","","","",""
"2005194429","","2","0","0","0","0","0","0","0","0","1","0","","02","9","2005","1","","","","11","0","0","0","0","0","0","0","0","","0","0","0","","","0","","0","","","","0","","0","0","0","0","2420","0","0","0","N","0","0","0","2","02420","0","","1.0","","1","N","N","","0","","0","0","0","","0","","","2","0","0","0","0","0","0","1","0","2","","","","N","","","","","","","","","",""
"2005194448","","2","0","0","0","0","0","0","0","0","1","0","","02","10","2005","4","40.593889","-79.970386","","11","0","0","1","0","0","0","0","0","","0","0","0","","","0","","1","","40 35:38.000","","0","79 58:13.388","0","0","0","0","2207","0","0","0","N","0","0","0","2","02207","0","","1.0","","1","N","N","","0","","0","0","0","","2","","","2","0","0","0","0","0","0","2","0","2","","","","N","","","","","","","","","",""
"2005194449","","2","0","0","0","0","0","0","0","0","4","0","","02","10","2005","4","40.5384","-79.8318","","11","0","0","0","0","0","0","0","0","1","0","0","0","","","0","","0","","40 32:18.240","5","0","79 49:54.480","0","0","0","0","2208","0","0","0","N","0","0","0","3","02208","0","","1.0","","1","N","N","","0","","0","0","0","","0","N","","2","0","0","0","0","0","0","2","0","2","","","","N","","","","","","","","","",""
"2005194454","","1","0","0","0","0","0","1","0","0","5","1","","02","10","2005","4","","","","11","0","0","0","0","0","0","0","0","","0","0","0","","","2","","0","","","","0","","4","0","0","0","2403","0","0","0","N","0","0","0","27","02403","2","","1.0","","1","Y","N","","0","","0","0","0","","0","","","2","2","0","0","0","0","0","1","0","2","","","","N","","","","","","","","","",""
"2005194457","","2","0","0","0","0","0","0","0","0","4","0","","02","10","2005","4","40.46598","-80.202715","","11","0","0","0","0","0","0","0","0","","0","0","0","","","0","","2","","40 27:57.528","","0","80 12:09.774","0","0","0","0","2203","0","0","0","N","0","0","0","2","02203","0","","1.0","","1","N","N","","0","","0","0","0","","0","","","2","0","0","0","0","0","0","2","0","2","","","","N","","","","","","","","","",""
"2005194470","","2","0","0","0","0","0","0","0","0","4","0","","02","10","2005","4","40.398611","-80.065637","","11","0","0","0","0","0","0","0","1","","0","0","0","","","0","","2","","40 23:55.000","","0","80 03:56.294","0","0","0","0","2117","0","0","0","N","0","0","0","2","02117","0","","1.0","","1","N","N","","0","","0","0","0","","3","","","2","0","1","0","0","0","0","2","0","2","","","","N","","","","","","","","","",""
"2005194479","","2","0","0","0","0","0","0","0","0","4","0","","02","9","2005","6","40.436975","-80.002699","","11","0","0","0","0","0","1","0","0","1","0","0","0","","","1","","2","","40 26:13.109","3","0","80 00:09.717","3","0","0","0","2301","0","0","0","N","0","0","0","3","02301","0","","1.0","","1","N","N","","0","","1","0","0","","2","N","","2","1","0","0","0","0","0","2","0","2","","","","N","","","","","","","","","",""
"2005194480","","2","0","0","0","0","0","0","0","0","2","0","","02","9","2005","5","40.460247","-80.018047","","11","0","0","0","0","0","0","1","0","","0","0","0","","","0","","2","","40 27:36.889","","0","80 01:04.969","9","0","0","0","2301","0","0","0","N","0","0","0","5","02301","0","","1.0","","1","N","N","","0","","0","0","0","","0","","","2","0","0","0","0","0","3","2","0","2","","","","N","","","","","","","","","",""
"2005194481","","2","0","0","0","0","0","0","0","0","1","0","","02","9","2005","2","40.45388","-80.006426","","11","0","0","0","0","0","0","0","0","","0","0","0","","","1","","0","","40 27:13.969","","0","80 00:23.132","8","0","0","0","2301","0","0","0","N","0","0","0","3","02301","0","","6.0","","1","N","Y","","0","","0","0","0","","1","","","2","1","0","0","0","1","1","2","0","2","","","","N","","","","","","","","","",""
"2005194482","","1","0","0","0","0","0","0","0","0","7","0","","02","9","2005","3","40.459584","-79.986094","","11","0","0","0","0","0","0","0","0","1","0","0","0","","","0","","0","","40 27:34.502","3","0","79 59:09.938","0","0","0","0","2301","0","0","0","N","0","0","0","1","02301","0","","5.0","","1","N","N","","0","","0","0","0","","0","N","","1","0","0","0","0","0","0","2","0","1","","","","N","","","","","","","","","",""
"2005194483","","1","0","0","0","0","0","0","0","0","8","0","","02","9","2005","5","","","","11","0","0","0","0","0","0","0","0","","0","0","0","","","1","","0","","","","0","","4","0","0","0","2301","1","0","0","N","1","0","0","2","02301","1","","9.0","","1","N","N","","0","","0","0","0","","0","","","2","1","0","0","0","0","0","1","0","1","","","","N","","","","","","","","","",""
"2005194484","","0","0","0","0","0","0","0","0","0","8","0","","02","9","2005","6","40.487071","-80.037751","","11","0","0","0","0","0","0","0","0","3","1","0","0","","","0","","1","","40 29:13.455","6","0","80 02:15.903","1","0","0","0","2301","1","1","0","N","1","1","0","2","02301","0","2","1.0","","1","N","N","","1","0","0","0","0","","0","Y","","2","0","0","0","0","0","0","2","0","1","","","","N","","","","","","","","","",""
"2005194486","","1","0","0","0","0","0","0","0","0","4","0","","02","9","2005","2","40.450699","-79.892567","","11","0","0","0","0","0","0","0","0","","0","0","0","","","2","","1","","40 27:02.516","","0","79 53:33.241","8","0","0","0","2301","0","0","0","N","0","0","0","3","02301","0","","1.0","","9","N","N","","0","","0","0","0","","3","","","2","2","1","0","0","2","0","2","1","2","","","","N","","","","","","","","","",""