"CRN","ARRIVAL_TM","AUTOMOBILE_COUNT","BELTED_DEATH_COUNT","BELTED_SUSP_SERIOUS_INJ_COUNT","BICYCLE_COUNT","BICYCLE_DEATH_COUNT","BICYCLE_SUSP_SERIOUS_INJ_COUNT","BUS_COUNT","CHLDPAS_DEATH_COUNT","CHLDPAS_SUSP_SERIOUS_INJ_COUNT","COLLISION_TYPE","COMM_VEH_COUNT","CONS_ZONE_SPD_LIM","COUNTY","CRASH_MONTH","CRASH_YEAR","DAY_OF_WEEK","DEC_LATITUDE","DEC_LONGITUDE","DISPATCH_TM","DISTRICT","DRIVER_COUNT_16YR","DRIVER_COUNT_17YR","DRIVER_COUNT_18YR","DRIVER_COUNT_19YR","DRIVER_COUNT_20YR","DRIVER_COUNT_50_64YR","DRIVER_COUNT_65_74YR","DRIVER_COUNT_75PLUS","EST_HRS_CLOSED","FATAL_COUNT","HEAVY_TRUCK_COUNT","HORSE_BUGGY_COUNT","HOUR_OF_DAY","ILLUMINATION","INJURY_COUNT","INTERSECTION_RELATED","INTERSECT_TYPE","LANE_CLOSED","LATITUDE","LN_CLOSE_DIR","LOCATION_TYPE","LONGITUDE","MAX_SEVERITY_LEVEL","MCYCLE_DEATH_COUNT","MCYCLE_SUSP_SERIOUS_INJ_COUNT","MOTORCYCLE_COUNT","MUNICIPALITY","NONMOTR_COUNT","NONMOTR_DEATH_COUNT","NONMOTR_SUSP_SERIOUS_INJ_COUNT","NTFY_HIWY_MAINT","PED_COUNT","PED_DEATH_COUNT","PED_SUSP_SERIOUS_INJ_COUNT","PERSON_COUNT","POLICE_AGCY","POSSIBLE_INJ_COUNT","RDWY_SURF_TYPE_CD","RELATION_TO_ROAD","ROADWAY_CLEARED","ROAD_CONDITION","SCH_BUS_IND","SCH_ZONE_IND","SECONDARY_CRASH","SMALL_TRUCK_COUNT","SPEC_JURIS_CD","SUSP_MINOR_INJ_COUNT","SUSP_SERIOUS_INJ_COUNT","SUV_COUNT","TCD_FUNC_CD","TCD_TYPE","TFC_DETOUR_IND","TIME_OF_DAY","TOTAL_UNITS","TOT_INJ_COUNT","UNBELTED_OCC_COUNT","UNB_DEATH_COUNT","UNB_SUSP_SERIOUS_INJ_COUNT","UNK_INJ_DEG_COUNT","UNK_INJ_PER_COUNT","URBAN_RURAL","VAN_COUNT","VEHICLE_COUNT","WEATHER1","WEATHER2","WORKERS_PRES","WORK_ZONE_IND","WORK_ZONE_LOC","WORK_ZONE_TYPE","WZ_CLOSE_DETOUR","WZ_FLAGGER","WZ_LAW_OFFCR_IND","WZ_LN_CLOSURE","WZ_MOVING","WZ_OTHER","WZ_SHLDER_MDN","WZ_WORKERS_INJ_KILLED"
"2005196574","","0","0","0","0","0","0","0","0","0","4","0","","02","10","2005","6","40.470295","-80.220373","","11","0","0","0","0","0","0","1","0","2","0","0","0","","","0","","1","","40 28:13.061","4","0","80 13:13.344","0","0","0","0","2203","0","0","0","N","0","0","0","2","02203","0","","1.0","","1","N","N","","1","","0","0","1","","2","N","","2","0","0","0","0","0","0","2","0","2","","","","N","","","","","","","","","",""
"2005196577","","2","0","0","0","0","0","0","0","0","5","0","","02","10","2005","1","","","","11","0","0","0","0","0","0","0","0","","0","0","0","","","1","","0","","","","0","","4","0","0","0","2301","0","0","0","N","0","0","0","4","02301","1","","1.0","","1","N","N","","0","","0","0","0","","0","","","2","1","1","0","0","0","0","1","0","2","","","","N","","","","","","","","","",""
"2005196598","","0","0","0","0","0","0","0","0","0","7","0","","02","8","2005","4","40.6559","-80.0766","","11","0","0","0","0","0","0","0","0","","0","0","0","","","0","","0","","40 39:21.240","","0","80 04:35.760","0","0","0","0","2212","0","0","0","N","0","0","0","2","68T02","0","","2.0","","9","N","N","","0","","0","0","1","","0","","","1","0","0","0","0","0","0","2","0","1","","","","N","","","","","","","","","",""
"2005196615","","1","1","0","0","0","0","0","0","0","7","0","","02","8","2005","7","40.608889","-79.968239","","11","0","1","0","0","0","0","0","0","","1","0","0","","","3","","0","","40 36:32.000","","0","79 58:05.662","1","0","0","0","2207","0","0","0","Y","0","0","0","4","02207","3","2","2.0","","9","N","N","","0","0","0","0","0","","0","","","1","3","0","0","0","0","0","2","0","1","","","","N","","","","","","","","","",""
"2005196646","","1","0","0","0","0","0","0","0","0","1","0","50","02","9","2005","7","40.4168","-80.1034","","11","0","0","0","0","0","2","0","0","1","0","0","0","","","4","","6","","40 25:00.480","2","2","80 06:12.240","4","0","0","0","2102","0","0","0","N","0","0","0","6","68B03","4","","1.0","","1","N","N","","0","","0","0","2","","3","N","","3","4","0","0","0","0","0","2","0","3","","","N","Y","4","1","Y","","N","","","","",""
"2005196667","","0","0","0","0","0","0","0","0","0","7","0","","02","9","2005","2","","","","11","0","0","0","0","0","0","0","0","9","0","0","0","","","1","","0","","","5","0","","4","0","0","0","2304","0","0","0","N","0","0","0","1","02304","1","","2.0","","1","N","N","","1","","0","0","0","","0","Y","","1","1","0","0","0","0","0","1","0","1","","","","N","","","","","","","","","",""
"2005196668","","1","0","0","0","0","0","0","0","0","1","0","","02","9","2005","2","40.3238","-79.832","","11","0","0","0","0","0","1","0","0","","0","0","0","","","2","","0","","40 19:25.680","","7","79 49:55.200","8","0","0","0","2304","0","0","0","N","0","0","0","3","02304","0","","2.0","","9","N","N","","1","","0","0","0","","0","","","2","2","0","0","0","2","0","2","0","2","","","","N","","","","","","","","","",""
"2005196680","","1","0","0","0","0","0","0","0","0","7","0","","02","10","2005","5","40.626497","-80.040788","","11","0","0","0","0","0","0","0","0","","0","0","0","","","0","","0","","40 37:35.390","","0","80 02:26.835","0","0","0","0","2216","0","0","0","Y","0","0","0","1","02505","0","","2.0","","9","N","N","","0","","0","0","0","","0","","","1","0","0","0","0","0","0","2","0","1","","","","N","","","","","","","","","",""
"2005196700","","0","0","0","0","0","0","0","0","0","1","0","50","02","9","2005","6","40.403056","-80.106789","","11","0","0","0","0","0","0","0","0","","0","0","0","","","0","","0","","40 24:11.000","","0","80 06:24.440","0","0","0","0","2102","0","0","0","N","0","0","0","8","68B03","0","","1.0","","1","N","N","","3","","0","0","0","","0","","","4","0","0","0","0","0","0","2","1","4","","","Y","Y","8","1","","","N","Y","","","Y",""
"2005196701","","0","0","0","0","0","0","0","0","0","1","0","50","02","9","2005","4","40.372222","-80.107283","","11","0","0","0","0","0","0","0","0","","0","0","0","","","0","","0","","40 22:20.000","","0","80 06:26.218","0","0","0","0","2102","0","0","0","N","0","0","0","2","68B03","0","","1.0","","1","N","N","","0","","0","0","1","","0","","","2","0","0","0","0","0","0","2","1","2","","","Y","Y","4","1","","","N","","","","",""
"2005196702","","2","0","0","0","0","0","0","0","0","1","0","","02","9","2005","7","","","","11","0","0","0","0","0","0","1","0","1","0","0","0","","","2","","6","","40 25:11.64","1","2","80 03:02.52","4","0","0","0","2415","0","0","0","N","0","0","0","2","68B03","2","","7.0","","1","N","N","","0","","0","0","0","","4","N","","2","2","0","0","0","0","0","2","0","2","","","","N","","","","","","","","","",""
"2005196703","","1","0","0","0","0","0","0","0","0","7","0","50","02","9","2005","2","40.403056","-80.106789","","11","0","0","0","0","0","1","0","0","","0","0","0","","","0","","0","","40 24:11.000","","0","80 06:24.440","0","0","0","0","2102","0","0","0","N","0","0","0","2","68B03","0","","1.0","","1","N","N","","0","","0","0","0","","0","","","1","0","0","0","0","0","0","2","0","1","","","N","Y","4","1","Y","","N","","","","",""
"2005196766","","3","0","0","0","0","0","0","0","0","4","0","","02","10","2005","6","40.330556","-79.987503","","11","0","0","0","0","0","0","2","1","2","0","0","0","","","2","","2","","40 19:50.000","4","0","79 59:15.012","3","0","0","0","2454","0","0","0","N","0","0","0","4","02454","0","","1.0","","1","N","N","","0","","2","0","0","","3","N","","3","2","0","0","0","0","0","2","0","3","","","","N","","","","","","","","","",""
"2005196767","","1","0","0","0","0","0","0","0","0","4","0","","02","10","2005","2","40.399722","-80.065168","","11","0","0","0","0","0","0","0","0","","0","0","0","","","1","","2","","40 23:59.000","","7","80 03:54.606","8","0","0","0","2117","0","0","0","N","0","0","0","2","02117","0","","4.0","","1","N","Y","","0","","0","0","0","","0","","","2","1","0","0","0","1","0","2","1","2","","","","N","","","","","","","","","",""
"2005196769","","2","0","0","0","0","0","0","0","0","4","0","","02","10","2005","7","","","","11","0","0","0","0","0","1","0","0","2","0","0","0","","","0","","7","","40 26:31.92","1","2","79 51:24.48","0","0","0","0","2419","0","0","0","N","0","0","0","3","02419","0","","1.0","","1","N","N","","0","","0","0","0","","2","N","","2","0","0","0","0","0","0","2","0","2","","","","N","","","","","","","","","",""
"2005196778","","2","0","0","0","0","0","0","0","0","1","0","","02","10","2005","7","40.3714","-79.9822","","11","0","0","0","1","0","0","0","1","1","0","0","0","","","3","","0","","40 22:17.040","1","7","79 58:55.920","4","0","0","0","2413","0","0","0","N","0","0","0","3","02413","3","","1.0","","1","N","N","","0","","0","0","0","","2","N","","2","3","0","0","0","0","0","2","0","2","","","","N","","","","","","","","","",""
"2005196782","","2","0","0","0","0","0","0","0","0","1","0","","02","10","2005","7","40.3316","-79.9457","","11","0","0","0","0","0","0","0","0","","0","0","0","","","1","","0","","40 19:53.760","","0","79 56:44.520","8","0","0","0","2454","0","0","0","N","0","0","0","5","02454","0","","1.0","","1","N","N","","0","","0","0","0","","2","","","2","1","0","0","0","1","0","2","0","2","","","","N","","","","","","","","","",""
"2005196785","","1","0","0","0","0","0","0","0","0","4","0","","02","10","2005","7","40.5961","-79.9477","","11","0","1","0","0","0","0","0","0","1","0","0","0","","","0","","0","","40 35:45.960","2","0","79 56:51.720","0","0","0","0","2207","0","0","0","N","0","0","0","5","02207","0","","1.0","","1","N","N","","0","","0","0","1","","0","Y","","2","0","1","0","0","0","0","2","0","2","","","","N","","","","","","","","","",""
"2005196789","","0","0","0","0","0","0","0","0","0","1","0","","02","10","2005","7","40.4785","-79.9674","","11","0","0","0","0","0","0","0","0","","0","0","0","","","0","","3","","40 28:42.600","","2","79 58:02.640","0","0","0","0","2118","0","0","0","N","0","0","0","2","02118","0","","1.0","","1","N","N","","1","","0","0","1","","4","","","2","0","0","0","0","0","0","2","0","2","","","","N","","","","","","","","","",""
"2005196790","","1","0","0","0","0","0","0","0","0","7","0","","02","10","2005","6","40.411111","-80.046395","","11","0","0","0","0","0","0","0","0","2","0","0","0","","","0","","2","","40 24:40.000","2","0","80 02:47.023","0","0","0","0","2435","0","0","0","N","0","0","0","1","02435","0","","5.0","","1","N","N","","0","","0","0","0","","0","Y","","1","0","0","0","0","0","0","2","0","1","","","","N","","","","","","","","","",""
"2005196820","","1","0","0","0","0","0","0","0","0","2","0","","02","10","2005","7","40.403333","-80.058374","","11","0","0","0","0","0","0","0","0","2","0","0","0","","","4","","2","","40 24:12.000","1","0","80 03:30.148","3","0","0","0","2117","0","0","0","N","0","0","0","5","02117","2","","1.0","","1","N","N","","1","","2","0","0","","2","N","","2","4","0","0","0","0","0","2","0","2","","","","N","","","","","","","","","",""
"2005196833","","1","0","0","0","0","0","0","0","0","7","0","","02","10","2005","2","40.6599","-79.9851","","11","0","0","0","0","0","0","0","0","1","0","0","0","","","0","","0","","40 39:35.640","3","0","79 59:06.360","0","0","0","0","2217","0","0","0","N","0","0","0","2","02217","0","","2.0","","9","N","N","","0","","0","0","0","","0","N","","1","0","0","0","0","0","0","1","0","1","","","","N","","","","","","","","","",""
"2005196850","","0","0","0","0","0","0","0","0","0","8","0","","02","10","2005","6","","","","11","0","0","0","0","0","0","0","0","2","0","0","0","","","1","","0","","","7","7","","3","0","0","0","2102","1","0","0","N","1","0","0","3","02102","0","","1.0","","1","N","N","","0","","1","0","0","","0","Y","","2","1","0","0","0","0","0","1","1","1","","","","N","","","","","","","","","",""
"2005196851","","2","0","0","0","0","0","0","0","0","1","0","","02","10","2005","7","40.454167","-79.711422","","11","0","0","0","0","0","1","0","0","1","0","0","0","","","0","","0","","40 27:15.000","2","0","79 42:41.118","0","0","0","0","2466","0","0","0","N","0","0","0","4","02466","0","","1.0","","1","N","N","","0","","0","0","1","","0","N","","3","0","0","0","0","0","0","2","0","3","","","","N","","","","","","","","","",""
"2005196855","","1","0","0","0","0","0","0","0","0","7","0","","02","10","2005","1","40.483611","-79.717901","","11","0","0","0","0","0","0","0","0","1","0","0","0","","","2","","0","","40 29:01.000","3","0","79 43:04.445","3","0","0","0","2466","0","0","0","N","0","0","0","3","02466","0","","5.0","","1","N","N","","0","","2","0","0","","0","N","","1","2","0","0","0","0","0","2","0","1","","","","N","","","","","","","","","",""
"2005196856","","2","0","0","0","0","0","0","0","0","7","0","","02","10","2005","2","40.53","-79.776989","","11","0","0","0","0","0","0","0","0","","0","0","0","","","1","","0","","40 31:48.000","","0","79 46:37.162","8","0","0","0","2466","0","0","0","N","0","0","0","1","02466","0","","5.0","","9","N","N","","0","","0","0","0","","0","","","2","1","0","0","0","1","0","2","0","2","","","","N","","","","","","","","","",""
"2005196862","","0","0","0","0","0","0","0","0","0","4","0","","02","10","2005","2","40.37596","-79.906997","","11","0","0","0","0","0","1","0","0","","0","0","0","","","1","","0","","40 22:33.456","","0","79 54:25.188","4","0","0","0","2448","0","0","0","N","0","0","0","5","02448","1","","1.0","","1","N","N","","1","","0","0","1","","0","","","2","1","0","0","0","0","0","2","0","2","","","","N","","","","","","","","","",""
"2005196864","","3","0","0","0","0","0","0","0","0","1","0","","02","10","2005","6","","","","11","0","0","0","0","0","0","1","0","","0","0","0","","","2","","0","","","","0","","4","0","0","0","2438","0","0","0","N","0","0","0","5","02438","2","","1.0","","1","N","N","","0","","0","0","0","","0","","","3","2","0","0","0","0","0","1","0","3","","","","N","","","","","","","","","",""
"2005196872","","0","0","0","0","0","0","0","0","0","7","0","","02","10","2005","2","40.578611","-79.969246","","11","0","0","0","0","0","1","0","0","","0","0","0","","","1","","2","","40 34:43.000","","0","79 58:09.284","8","0","0","0","2207","0","0","0","","0","0","0","1","02207","0","","4.0","","1","","","","1","","0","0","1","","3","","","2","1","0","0","0","1","0","2","0","2","","","","N","","","","","","","","","",""
"2005196874","","0","0","0","0","0","0","0","0","0","7","0","","02","10","2005","6","40.343992","-80.090591","","11","1","0","0","0","0","0","0","0","","0","0","0","","","0","","0","","40 20:38.371","","0","80 05:26.127","0","0","0","0","2123","0","0","0","N","0","0","0","3","02123","0","","5.0","","1","N","N","","0","","0","0","1","","0","","","1","0","0","0","0","0","0","2","0","1","","","","N","","","","","","","","","",""
"2005196876","","1","0","0","0","0","0","0","0","0","7","0","","02","10","2005","6","40.357778","-80.071437","","11","0","0","0","0","0","1","0","0","1","0","0","0","","","0","","0","","40 21:28.000","3","0","80 04:17.173","0","0","0","0","2123","0","0","0","N","0","0","0","1","02123","0","","5.0","","1","N","N","","0","","0","0","0","","0","N","","1","0","0","0","0","0","0","2","0","1","","","","N","","","","","","","","","",""
"2005196908","","1","0","0","0","0","0","0","0","0","7","0","55","02","9","2005","5","40.6066","-79.941","","11","0","0","0","0","0","0","0","0","1","0","0","0","","","0","","0","","40 36:23.760","4","0","79 56:27.600","0","0","0","0","2207","0","0","0","N","0","0","0","1","68T02","0","","3.0","","1","N","N","","0","","0","0","0","","0","N","","1","0","0","0","0","0","0","2","0","1","","","N","Y","4","1","","","N","","","","",""
"2005196928","","1","0","0","0","0","0","0","0","0","1","0","","02","9","2005","7","","","","11","0","0","0","0","0","0","0","0","1","0","0","0","","","0","","0","","40 25:09.48","1","0","80 03:07.56","0","0","0","0","2435","0","0","0","N","0","0","0","5","68B03","0","","1.0","","1","N","N","","0","","0","0","1","","0","N","","4","0","0","0","0","0","0","2","2","4","","","","N","","","","","","","","","",""
"2005196941","","1","0","0","0","0","0","0","0","0","7","0","","02","9","2005","3","","","","11","0","0","0","0","0","0","0","0","","0","0","0","","","0","","0","","","","0","","0","0","0","0","2112","0","0","0","Y","0","0","0","1","02112","0","","1.0","","1","N","N","","0","","0","0","0","","0","","","1","0","0","0","0","0","0","1","0","1","","","","N","","","","","","","","","",""
"2005196942","","2","0","0","0","0","0","0","0","0","4","0","","02","9","2005","5","40.448933","-80.000739","","11","0","0","0","0","0","1","0","0","1","0","0","0","","","1","","1","","40 26:56.157","1","0","80 00:02.660","3","0","0","0","2301","0","0","0","N","0","0","0","2","02301","0","","1.0","","1","N","N","","0","","1","0","0","","2","N","","2","1","0","0","0","0","0","2","0","2","","","","N","","","","","","","","","",""
"2005196943","","1","0","0","1","0","0","0","0","0","8","0","","02","9","2005","5","","","","11","0","0","0","0","0","0","0","0","","0","0","0","","","1","","2","","","","0","","4","0","0","0","2301","1","0","0","N","0","0","0","2","02301","1","","1.0","","1","N","N","","0","","0","0","0","","0","","","2","1","0","0","0","0","0","1","0","1","","","","N","","","","","","","","","",""
"2005196945","","2","0","0","0","0","0","0","0","0","4","0","","02","9","2005","5","40.4862","-79.9132","","11","0","0","0","0","0","0","0","1","3","0","0","0","","","0","","7","","40 29:10.320","2","2","79 54:47.520","0","0","0","0","2301","0","0","0","N","0","0","0","4","02301","0","","1.0","","1","N","N","","0","","0","0","0","","4","N","","2","0","3","0","0","0","0","2","0","2","","","","N","","","","","","","","","",""
"2005196950","","0","0","0","0","0","0","0","0","0","0","0","25","02","10","2005","1","40.502222","-79.945253","","11","0","0","0","0","0","0","0","0","1","0","0","0","","","1","","2","","40 30:08.000","1","0","79 56:42.912","8","0","0","1","2430","0","0","0","N","0","0","0","1","02430","0","","1.0","","1","N","N","","0","","0","0","0","","8","N","","1","1","0","0","0","1","0","2","0","1","","","N","Y","3","1","","","N","Y","","","",""
"2005197059","","1","0","0","0","0","0","0","0","0","5","0","","02","9","2005","3","40.5492","-79.8254","","11","0","0","0","0","0","1","0","0","2","0","0","0","","","1","","0","","40 32:57.120","3","0","79 49:31.440","4","0","0","0","2209","0","0","0","N","0","0","0","2","68T02","1","","1.0","","1","N","N","","1","","0","0","0","","0","N","","2","1","0","0","0","0","0","2","0","2","","","","N","","","","","","","","","",""
"2005197060","","1","0","0","0","0","0","0","0","0","99","0","","02","9","2005","6","40.5502","-79.8267","","11","0","0","0","0","0","1","0","0","","0","0","0","","","0","","0","","40 33:00.720","","0","79 49:36.120","0","0","0","0","2208","0","0","0","N","0","0","0","1","68T02","0","","1.0","","1","N","N","","0","","0","0","0","","0","","","1","0","0","0","0","0","0","2","0","1","","","","N","","","","","","","","","",""
"2005197257","","1","0","0","0","0","0","0","0","0","7","0","","02","6","2005","5","","","","11","0","0","0","0","0","0","0","0","","0","0","0","","","1","","0","","40 26:06.00","","0","79 58:00.12","3","0","0","0","2301","0","0","0","N","0","0","0","1","68B03","0","","4.0","","1","N","N","","0","","1","0","0","","0","","","2","1","0","0","0","0","0","2","0","1","","","","N","","","","","","","","","",""
"2005197406","","1","0","0","0","0","0","0","0","0","7","0","","02","9","2005","3","40.4279","-79.7402","","11","0","0","0","0","0","0","0","0","","0","0","0","","","1","","0","","40 25:40.440","","0","79 44:24.720","8","0","0","0","2446","0","0","0","N","0","0","0","1","68T09","0","","3.0","","1","N","N","","0","","0","0","0","","0","","","1","1","0","0","0","1","0","2","0","1","","","","N","","","","","","","","","",""
"2005197415","","1","0","0","0","0","0","0","0","0","7","0","","02","9","2005","4","","","","11","0","0","0","0","0","1","0","0","","0","0","0","","","0","","0","","40 26:08.88","","0","79 52:00.48","0","0","0","0","2478","0","0","0","N","0","0","0","2","68B03","0","","2.0","","1","N","N","","0","","0","0","1","","0","","","2","0","0","0","0","0","0","2","0","2","","","","N","","","","","","","","","",""
"2005197417","","2","0","0","0","0","0","0","0","0","1","0","","02","9","2005","3","","","","11","0","0","0","0","0","0","0","0","","0","0","0","","","1","","0","","40 25:05.52","","0","80 03:15.12","4","0","0","0","2435","0","0","0","N","0","0","0","3","68B03","1","","1.0","","1","N","N","","1","","0","0","0","","0","","","3","1","0","0","0","0","0","2","0","3","","","","N","","","","","","","","","",""
"2005197521","","2","0","0","0","0","0","0","0","0","1","0","","02","8","2005","7","","","","11","0","0","0","0","0","0","1","0","","0","0","0","","","0","","0","","","","3","","9","0","0","0","2438","0","0","0","N","0","0","0","5","02438","0","","1.0","","1","N","N","","0","","0","0","0","","0","","","3","0","1","0","0","0","4","1","1","3","","","","N","","","","","","","","","",""
"2005197531","","2","0","0","0","0","0","0","0","0","4","0","","02","10","2005","1","40.49","-79.905567","","11","0","0","0","1","0","0","0","0","","0","0","0","","","4","","2","","40 29:24.000","","0","79 54:20.042","4","0","0","0","2401","0","0","0","N","0","0","0","4","02401","3","","1.0","","1","N","N","","0","","0","0","0","","2","","","2","4","1","0","0","1","0","2","0","2","","","","N","","","","","","","","","",""
"2005197534","","0","0","0","0","0","0","0","0","0","1","0","","02","10","2005","7","40.5594","-79.9593","","11","0","0","0","0","0","1","0","0","","0","0","0","","","1","","0","","40 33:33.840","","0","79 57:33.480","4","0","0","1","2207","0","0","0","N","0","0","0","2","02207","1","","1.0","","1","N","N","","1","","0","0","0","","0","","","2","1","0","0","0","0","0","2","0","2","","","","N","","","","","","","","","",""
"2005197549","","0","0","0","0","0","0","0","0","0","1","0","","02","11","2005","3","40.468333","-79.705938","","11","0","0","0","0","0","2","0","0","","0","0","0","","","1","","1","","40 28:06.000","","0","79 42:21.378","8","0","0","0","2466","0","0","0","N","0","0","0","2","02466","0","","1.0","","9","N","N","","1","","0","0","0","","0","","","2","1","0","0","0","1","0","2","1","2","","","","N","","","","","","","","","",""
"2005197551","","1","0","0","0","0","0","0","0","0","0","0","","02","10","2005","2","","","","11","0","0","0","0","0","0","0","0","1","0","0","0","","","0","","0","","","1","0","","0","0","0","0","2212","0","0","0","N","0","0","0","1","02505","0","","5.0","","9","N","N","","0","","0","0","0","","0","N","","1","0","0","0","0","0","0","1","0","1","","","","N","","","","","","","","","",""
"2005197552","","1","0","0","0","0","0","0","0","0","1","0","","02","10","2005","7","40.590278","-79.948251","","11","0","0","0","0","0","0","0","1","","0","0","0","","","0","","2","","40 35:25.000","","0","79 56:53.704","0","0","0","0","2207","0","0","0","N","0","0","0","2","02207","0","","1.0","","1","N","N","","0","","0","0","0","","2","","","2","0","0","0","0","0","0","2","1","2","","","","N","","","","","","","","","",""
"2005197558","","2","0","0","0","0","0","0","0","0","1","0","","02","10","2005","2","","","","11","0","0","0","0","1","0","0","0","","0","0","0","","","0","","2","","","","0","","0","0","0","0","2213","0","0","0","N","0","0","0","2","02213","0","","1.0","","1","N","N","","0","","0","0","0","","3","","","2","0","0","0","0","0","0","1","0","2","","","","N","","","","","","","","","",""
"2005197559","","1","0","0","0","0","0","0","0","0","4","0","","02","10","2005","7","40.489167","-80.204139","","11","0","0","0","0","0","1","0","0","2","0","0","0","","","1","","0","","40 29:21.000","1","0","80 12:14.902","8","0","0","1","2213","0","0","0","N","0","0","0","2","02213","0","","1.0","","1","N","N","","0","","0","0","0","","0","Y","","2","1","1","0","0","1","0","2","0","2","","","","N","","","","","","","","","",""
"2005197560","","1","0","0","0","0","0","0","0","0","7","0","","02","10","2005","7","","","","11","0","0","0","1","0","0","0","0","","0","0","0","","","0","","0","","","","0","","0","0","0","0","2213","0","0","0","N","0","0","0","1","02213","0","","3.0","","1","N","N","","0","","0","0","0","","0","","","1","0","0","0","0","0","0","1","0","1","","","","N","","","","","","","","","",""
"2005197561","","1","0","0","0","0","0","0","0","0","7","0","","02","10","2005","4","40.543056","-80.217911","","11","0","0","0","0","0","0","0","0","","0","0","0","","","0","","2","","40 32:35.000","","0","80 13:04.478","0","0","0","0","2213","0","0","0","N","0","0","0","3","02213","0","","2.0","","9","N","N","","0","","0","0","0","","0","","","1","0","0","0","0","0","0","2","0","1","","","","N","","","","","","","","","",""
"2005197575","","1","0","0","0","0","0","0","0","0","7","0","","02","9","2005","1","","","","11","0","0","0","0","0","0","0","0","","0","0","0","","","2","","0","","","","0","","8","0","0","0","2301","0","0","0","N","0","0","0","2","02301","0","","4.0","","1","N","N","","0","","0","0","0","","0","","","1","2","0","0","0","2","0","1","0","1","","","","N","","","","","","","","","",""
"2005197578","","2","0","0","0","0","0","0","0","0","4","0","","02","10","2005","4","","","","11","0","0","0","0","0","0","2","0","","0","0","0","","","0","","2","","","","0","","0","0","0","0","2301","0","0","0","","0","0","0","2","02301","0","","1.0","","1","","","","0","","0","0","0","","2","","","2","0","0","0","0","0","0","1","0","2","","","","N","","","","","","","","","",""
"2005197633","","2","0","0","0","0","0","0","0","0","4","0","","02","11","2005","3","40.311835","-79.940581","","11","0","0","0","0","0","0","0","0","2","0","0","0","","","2","","0","","40 18:42.606","6","0","79 56:26.091","3","0","0","0","2440","0","0","0","N","0","0","0","3","02440","1","","1.0","","9","N","N","","0","","1","0","0","","0","Y","","2","2","2","0","0","0","0","2","0","2","","","","N","","","","","","","","","",""
"2005197636","","1","0","0","0","0","0","0","0","0","4","0","","02","10","2005","6","40.366667","-80.105768","","11","0","0","0","1","0","0","0","0","","0","0","0","","","1","","0","","40 22:00.000","","0","80 06:20.765","8","0","0","0","2102","0","0","0","N","0","0","0","6","02102","0","","1.0","","9","N","N","","0","","0","0","1","","0","","","2","1","0","0","0","1","0","2","0","2","","","","N","","","","","","","","","",""
"2005197637","","1","0","0","0","0","0","0","0","0","7","0","","02","10","2005","6","40.351569","-79.961874","","11","0","0","0","0","0","0","0","0","","0","0","0","","","1","","0","","40 21:05.650","","0","79 57:42.746","8","0","0","0","2403","0","0","0","N","0","0","0","1","02403","0","","5.0","","1","N","N","","0","","0","0","0","","0","","","1","1","1","0","0","1","0","2","0","1","","","","N","","","","","","","","","",""
"2005197643","","1","0","0","0","0","0","0","0","0","5","0","50","02","9","2005","2","40.373889","-80.103628","","11","0","0","0","0","0","1","0","0","","0","0","0","","","0","","0","","40 22:26.000","","0","80 06:13.059","9","0","0","0","2102","0","0","0","N","0","0","0","3","68B03","0","","1.0","","1","N","N","","1","","0","0","0","","0","","","2","0","0","0","0","0","1","2","0","2","","","N","Y","4","1","","","N","","","","Y",""
"2005197644","","2","0","0","0","0","0","0","0","0","1","0","","02","8","2005","3","","","","11","0","0","0","0","0","0","0","1","2","0","0","0","","","2","","0","","40 26:39.48","2","3","80 00:33.12","8","0","0","0","2301","0","0","0","N","0","0","0","3","68B03","0","","1.0","","1","N","N","","0","","0","0","1","","0","N","","3","2","1","0","0","2","0","2","0","3","","","","N","","","","","","","","","",""
"2005197666","","2","0","0","0","0","0","0","0","0","1","0","55","02","9","2005","6","","","","11","0","0","1","0","0","0","0","0","","0","0","0","","","0","","0","","40 32:14.64","","0","80 16:20.64","0","0","0","0","2213","0","0","0","N","0","0","0","3","68B03","0","","1.0","","1","N","N","","0","","0","0","1","","1","","","3","0","0","0","0","0","0","1","0","3","","","N","Y","2","2","Y","","N","","","","",""
"2005197679","","2","0","0","0","0","0","0","0","0","4","0","","02","10","2005","6","40.555","-79.809897","","11","0","0","0","0","0","0","0","0","1","0","0","0","","","1","","0","","40 33:18.000","3","8","79 48:35.628","3","0","0","0","2208","0","0","0","N","0","0","0","2","02208","0","","1.0","","1","N","N","","0","","1","0","0","","0","Y","","2","1","0","0","0","0","0","2","0","2","","","","N","","","","","","","","","",""
"2005197691","","2","0","0","0","0","0","0","0","0","4","0","","02","9","2005","6","","","","11","0","0","0","0","0","3","0","0","","0","0","0","","","3","","0","","40 27:35.64","","0","80 11:27.24","4","0","0","0","2213","0","0","0","N","0","0","0","4","68B03","3","","1.0","","1","N","N","","1","","0","0","0","","0","","","3","3","0","0","0","0","0","2","0","3","","","","N","","","","","","","","","",""
"2005197692","","1","0","0","0","0","0","0","0","0","2","0","","02","10","2005","4","40.5411","-79.8025","","11","0","0","0","0","0","0","1","1","1","0","0","0","","","0","","2","","40 32:27.960","7","0","79 48:09.000","0","0","0","0","2418","0","0","0","N","0","0","0","2","02418","0","","1.0","","1","N","N","","1","","0","0","0","","3","Y","","2","0","1","0","0","0","0","2","0","2","","","","N","","","","","","","","","",""