"CRN","ARRIVAL_TM","AUTOMOBILE_COUNT","BELTED_DEATH_COUNT","BELTED_SUSP_SERIOUS_INJ_COUNT","BICYCLE_COUNT","BICYCLE_DEATH_COUNT","BICYCLE_SUSP_SERIOUS_INJ_COUNT","BUS_COUNT","CHLDPAS_DEATH_COUNT","CHLDPAS_SUSP_SERIOUS_INJ_COUNT","COLLISION_TYPE","COMM_VEH_COUNT","CONS_ZONE_SPD_LIM","COUNTY","CRASH_MONTH","CRASH_YEAR","DAY_OF_WEEK","DEC_LATITUDE","DEC_LONGITUDE","DISPATCH_TM","DISTRICT","DRIVER_COUNT_16YR","DRIVER_COUNT_17YR","DRIVER_COUNT_18YR","DRIVER_COUNT_19YR","DRIVER_COUNT_20YR","DRIVER_COUNT_50_64YR","DRIVER_COUNT_65_74YR","DRIVER_COUNT_75PLUS","EST_HRS_CLOSED","FATAL_COUNT","HEAVY_TRUCK_COUNT","HORSE_BUGGY_COUNT","HOUR_OF_DAY","ILLUMINATION","INJURY_COUNT","INTERSECTION_RELATED","INTERSECT_TYPE","LANE_CLOSED","LATITUDE","LN_CLOSE_DIR","LOCATION_TYPE","LONGITUDE","MAX_SEVERITY_LEVEL","MCYCLE_DEATH_COUNT","MCYCLE_SUSP_SERIOUS_INJ_COUNT","MOTORCYCLE_COUNT","MUNICIPALITY","NONMOTR_COUNT","NONMOTR_DEATH_COUNT","NONMOTR_SUSP_SERIOUS_INJ_COUNT","NTFY_HIWY_MAINT","PED_COUNT","PED_DEATH_COUNT","PED_SUSP_SERIOUS_INJ_COUNT","PERSON_COUNT","POLICE_AGCY","POSSIBLE_INJ_COUNT","RDWY_SURF_TYPE_CD","RELATION_TO_ROAD","ROADWAY_CLEARED","ROAD_CONDITION","SCH_BUS_IND","SCH_ZONE_IND","SECONDARY_CRASH","SMALL_TRUCK_COUNT","SPEC_JURIS_CD","SUSP_MINOR_INJ_COUNT","SUSP_SERIOUS_INJ_COUNT","SUV_COUNT","TCD_FUNC_CD","TCD_TYPE","TFC_DETOUR_IND","TIME_OF_DAY","TOTAL_UNITS","TOT_INJ_COUNT","UNBELTED_OCC_COUNT","UNB_DEATH_COUNT","UNB_SUSP_SERIOUS_INJ_COUNT","UNK_INJ_DEG_COUNT","UNK_INJ_PER_COUNT","URBAN_RURAL","VAN_COUNT","VEHICLE_COUNT","WEATHER1","WEATHER2","WORKERS_PRES","WORK_ZONE_IND","WORK_ZONE_LOC","WORK_ZONE_TYPE","WZ_CLOSE_DETOUR","WZ_FLAGGER","WZ_LAW_OFFCR_IND","WZ_LN_CLOSURE","WZ_MOVING","WZ_OTHER","WZ_SHLDER_MDN","WZ_WORKERS_INJ_KILLED"
"2005201182","","2","0","0","0","0","0","0","0","0","1","0","","02","2","2005","2","","","","11","0","0","0","0","0","1","0","0","","0","0","0","","","1","","0","","","","0","","4","0","0","0","2473","0","0","0","N","0","0","0","3","02413","1","","1.0","","1","N","N","","1","","0","0","0","","0","","","3","1","0","0","0","0","0","1","0","3","","","","N","","","","","","","","","",""
"2005201183","","2","0","0","0","0","0","0","0","0","2","0","","02","2","2005","5","40.3496","-79.9478","","11","0","0","0","0","0","0","0","0","","0","0","0","","","1","","0","","40 20:58.560","","0","79 56:52.080","4","0","0","0","2473","0","0","0","N","0","0","0","2","02473","1","","1.0","","2","N","N","","0","","0","0","0","","0","","","2","1","0","0","0","0","0","2","0","2","","","","N","","","","","","","","","",""
"2005201184","","0","0","0","0","0","0","0","0","0","7","0","","02","2","2005","5","40.3892","-79.8679","","11","0","0","0","0","0","0","0","0","","0","0","0","","","0","","2","","40 23:21.120","","0","79 52:04.440","0","0","0","0","2473","0","0","0","N","0","0","0","1","02473","0","","5.0","","2","N","N","","1","","0","0","0","","0","","","1","0","0","0","0","0","0","2","0","1","","","","N","","","","","","","","","",""
"2005201188","","2","0","0","0","0","0","0","0","0","1","0","","02","2","2005","7","40.3548","-79.9563","","11","0","0","0","0","0","0","0","0","","0","0","0","","","3","","0","","40 21:17.280","","0","79 57:22.680","3","0","0","0","2473","0","0","0","N","0","0","0","3","02473","0","","1.0","","1","N","N","","0","","3","0","0","","0","","","2","3","0","0","0","0","0","2","0","2","","","","N","","","","","","","","","",""
"2005201239","","1","0","0","0","0","0","1","0","0","1","1","","02","2","2005","4","40.44","-80.0843","","11","0","0","1","0","0","0","0","0","","0","0","0","","","1","","0","","40 26:24.000","","0","80 05:03.480","4","0","0","0","2115","0","0","0","N","0","0","0","2","02115","1","","1.0","","9","N","N","","0","","0","0","0","","0","","","2","1","0","0","0","0","0","2","0","2","","","","N","","","","","","","","","",""
"2005201303","","0","0","0","0","0","0","0","0","0","7","0","","02","2","2005","6","","","","11","0","0","0","0","0","0","0","0","","0","0","0","","","0","","0","","","","0","","0","0","0","0","2115","0","0","0","N","0","0","0","1","02115","0","","5.0","","9","N","N","","1","","0","0","0","","0","","","1","0","0","0","0","0","0","1","0","1","","","","N","","","","","","","","","",""
"2005201304","","1","0","0","0","0","0","0","0","0","7","0","","02","2","2005","5","","","","11","0","0","0","0","0","0","0","0","","0","0","0","","","2","","0","","","","0","","2","0","0","0","2107","0","0","0","N","0","0","0","2","02107","1","","5.0","","7","N","N","","0","","0","1","0","","0","","","1","2","0","0","0","0","0","1","0","1","","","","N","","","","","","","","","",""
"2005201305","","1","0","0","0","0","0","0","0","0","7","0","","02","2","2005","5","40.387273","-80.036077","","11","0","0","0","0","0","0","0","0","","0","0","0","","","0","","1","","40 23:14.182","","0","80 02:09.877","0","0","0","0","2422","0","0","0","N","0","0","0","2","02422","0","","5.0","","2","N","N","","0","","0","0","0","","3","","","1","0","0","0","0","0","0","2","0","1","","","","N","","","","","","","","","",""
"2005201365","","2","0","0","0","0","0","0","0","0","4","0","","02","2","2005","5","40.3503","-79.7998","","11","0","0","0","0","0","0","0","0","","0","0","0","","","1","","2","","40 21:01.080","","0","79 47:59.280","4","0","0","0","2477","0","0","0","N","0","0","0","2","02477","1","","1.0","","9","N","N","","0","","0","0","0","","3","","","2","1","0","0","0","0","0","2","0","2","","","","N","","","","","","","","","",""
"2005201366","","2","0","0","0","0","0","0","0","0","4","0","","02","2","2005","6","40.3528","-79.8215","","11","0","0","0","0","0","0","0","1","","0","0","0","","","3","","1","","40 21:10.080","","0","79 49:17.400","3","0","0","0","2477","0","0","0","N","0","0","0","5","02477","1","","1.0","","1","N","N","","0","","2","0","0","","3","","","2","3","2","0","0","0","0","2","0","2","","","","N","","","","","","","","","",""
"2005201377","","1","0","0","0","0","0","0","0","0","7","0","","02","2","2005","7","40.3561","-79.8996","","11","0","0","0","0","0","1","0","0","","0","0","0","","","0","","0","","40 21:21.960","","0","79 53:58.560","0","0","0","0","2473","0","0","0","N","0","0","0","1","02473","0","","2.0","","1","N","N","","0","","0","0","0","","0","","","1","0","1","0","0","0","0","2","0","1","","","","N","","","","","","","","","",""
"2005201397","","1","0","0","0","0","0","0","0","0","7","0","","02","2","2005","5","40.4398","-80.1412","","11","0","0","0","0","0","0","0","0","","0","0","0","","","0","","0","","40 26:23.280","","0","80 08:28.320","0","0","0","0","2115","0","0","0","N","0","0","0","1","02115","0","","5.0","","2","N","N","","0","","0","0","0","","0","","","1","0","0","0","0","0","0","2","0","1","","","","N","","","","","","","","","",""
"2005201398","","1","0","0","0","0","0","0","0","0","1","0","","02","2","2005","1","","","","11","0","0","0","0","0","0","0","0","","0","0","0","","","0","","0","","","","0","","0","0","0","0","2115","0","0","0","N","0","0","0","2","02115","0","","1.0","","1","N","N","","0","","0","0","0","","0","","","2","0","0","0","0","0","0","1","1","2","","","","N","","","","","","","","","",""
"2005201399","","2","0","0","0","0","0","0","0","0","4","0","","02","2","2005","6","40.449","-80.1231","","11","0","0","0","0","0","0","0","0","","0","0","0","","","1","","0","","40 26:56.400","","7","80 07:23.160","4","0","0","0","2115","0","0","0","N","0","0","0","2","02115","1","","1.0","","9","N","N","","0","","0","0","0","","0","","","2","1","0","0","0","0","0","2","0","2","","","","N","","","","","","","","","",""
"2005201405","","0","0","0","0","0","0","0","0","0","0","0","","02","1","2005","1","","","","11","0","0","0","0","0","0","0","0","","0","0","0","","","0","","0","","","","0","","0","0","0","0","2477","0","0","0","N","0","0","0","1","02477","0","","5.0","","7","N","N","","1","","0","0","0","","0","","","1","0","0","0","0","0","0","1","0","1","","","","N","","","","","","","","","",""
"2005201413","","0","0","0","0","0","0","0","0","0","7","0","","02","2","2005","5","","","","11","0","0","0","0","0","0","0","0","","0","0","0","","","1","","0","","40 26:50.64","","3","80 09:57.60","9","0","0","0","2115","0","0","0","N","0","0","0","1","02115","0","","1.0","","2","N","N","","0","","0","0","1","","0","","","1","0","0","0","0","0","1","2","0","1","","","","N","","","","","","","","","",""
"2005201461","","2","0","0","0","0","0","0","0","0","4","0","","02","1","2005","5","40.345","-80.0271","","11","0","0","0","0","0","0","1","0","","0","0","0","","","1","","0","","40 20:42.000","","0","80 01:37.560","9","0","0","0","2407","0","0","0","N","0","0","0","2","02407","0","","1.0","","1","N","N","","0","","0","0","0","","0","","","2","0","0","0","0","0","1","2","0","2","","","","N","","","","","","","","","",""
"2005201462","","1","0","0","0","0","0","0","0","0","2","0","","02","1","2005","4","40.3283","-80.0385","","11","0","0","1","0","0","0","0","0","","0","0","0","","","0","","3","","40 19:41.880","","0","80 02:18.600","0","0","0","0","2407","0","0","0","N","0","0","0","2","02407","0","","1.0","","9","N","N","","0","","0","0","1","","3","","","2","0","0","0","0","0","0","2","0","2","","","","N","","","","","","","","","",""
"2005201463","","2","0","0","0","0","0","0","0","0","4","0","","02","1","2005","1","40.3313","-80.0528","","11","0","0","0","1","0","1","0","0","","0","0","0","","","1","","2","","40 19:52.680","","0","80 03:10.080","4","0","0","0","2407","0","0","0","N","0","0","0","3","02407","1","","1.0","","1","N","N","","0","","0","0","0","","3","","","2","1","0","0","0","0","0","2","0","2","","","","N","","","","","","","","","",""
"2005201511","","1","0","0","0","0","0","0","0","0","7","0","","02","2","2005","2","","","","11","0","0","0","0","0","0","0","0","","0","0","0","","","0","","0","","","","0","","0","0","0","0","2481","0","0","0","N","0","0","0","1","02481","0","","5.0","","2","N","N","","0","","0","0","0","","0","","","1","0","0","0","0","0","0","1","0","1","","","","N","","","","","","","","","",""
"2005201533","","1","0","0","0","0","0","0","0","0","7","0","","02","1","2005","1","40.3019","-80.0305","","11","0","0","0","0","0","0","0","0","","0","0","0","","","0","","0","","40 18:06.840","","0","80 01:49.800","0","0","0","0","2407","0","0","0","N","0","0","0","1","02407","0","","2.0","","1","N","N","","0","","0","0","0","","0","","","1","0","0","0","0","0","0","2","0","1","","","","N","","","","","","","","","",""
"2005201535","","1","0","0","0","0","0","0","0","0","7","0","","02","1","2005","6","","","","11","0","0","0","0","0","0","0","0","","0","0","0","","","0","","0","","","","0","","0","0","0","0","2407","0","0","0","N","0","0","0","1","02407","0","","5.0","","2","N","N","","0","","0","0","0","","0","","","1","0","0","0","0","0","0","1","0","1","","","","N","","","","","","","","","",""
"2005201536","","1","0","0","0","0","0","0","0","0","4","0","","02","1","2005","1","40.3559","-80.0282","","11","0","0","0","0","0","1","0","0","","0","0","0","","","0","","2","","40 21:21.240","","0","80 01:41.520","0","0","0","0","2407","0","0","0","N","0","0","0","3","02407","0","","1.0","","7","N","N","","0","","0","0","1","","2","","","2","0","0","0","0","0","0","2","0","2","","","","N","","","","","","","","","",""
"2005201537","","1","0","0","0","0","0","0","0","0","7","0","","02","1","2005","1","","","","11","0","0","0","0","0","1","0","0","","0","0","0","","","0","","0","","","","0","","0","0","0","0","2407","0","0","0","N","0","0","0","1","02407","0","","2.0","","7","N","N","","0","","0","0","0","","0","","","1","0","0","0","0","0","0","1","0","1","","","","N","","","","","","","","","",""
"2005201538","","0","0","0","0","0","0","0","0","0","7","0","","02","1","2005","1","","","","11","0","0","0","0","0","0","0","0","","0","0","0","","","0","","0","","","","0","","0","0","0","0","2407","0","0","0","N","0","0","0","1","02407","0","","5.0","","2","N","N","","0","","0","0","1","","0","","","1","0","0","0","0","0","0","1","0","1","","","","N","","","","","","","","","",""
"2005201539","","1","0","0","0","0","0","0","0","0","7","0","","02","1","2005","3","40.3261","-80.0489","","11","0","0","0","0","0","0","0","0","","0","0","0","","","1","","0","","40 19:33.960","","0","80 02:56.040","4","0","0","0","2407","0","0","0","N","0","0","0","1","02407","1","","5.0","","2","N","N","","0","","0","0","0","","0","","","1","1","1","0","0","0","0","2","0","1","","","","N","","","","","","","","","",""
"2005201540","","1","0","0","0","0","0","0","0","0","7","0","","02","1","2005","7","40.3376","-80.0129","","11","0","0","0","0","0","0","0","0","","0","0","0","","","1","","0","","40 20:15.360","","0","80 00:46.440","4","0","0","0","2407","0","0","0","N","0","0","0","1","02407","1","","5.0","","1","N","N","","0","","0","0","0","","0","","","1","1","0","0","0","0","0","2","0","1","","","","N","","","","","","","","","",""
"2005201541","","1","0","0","0","0","0","0","0","0","1","0","","02","1","2005","6","40.3346","-80.0033","","11","0","0","0","0","1","1","0","0","","0","0","0","","","0","","0","","40 20:04.560","","0","80 00:11.880","0","0","0","0","2407","0","0","0","N","0","0","0","3","02407","0","","1.0","","1","N","N","","1","","0","0","0","","0","","","2","0","0","0","0","0","0","2","0","2","","","","N","","","","","","","","","",""
"2005201542","","1","0","0","0","0","0","0","0","0","1","0","","02","2","2005","4","40.3558","-80.0286","","11","0","0","0","0","1","0","0","0","","0","0","0","","","1","","0","","40 21:20.880","","0","80 01:42.960","9","0","0","0","2407","0","0","0","N","0","0","0","2","02407","0","","1.0","","1","N","N","","1","","0","0","0","","0","","","2","0","0","0","0","0","1","2","0","2","","","","N","","","","","","","","","",""
"2005201543","","1","0","0","0","0","0","0","0","0","2","0","","02","2","2005","7","40.307415","-80.035116","","11","0","0","0","0","0","1","0","0","","0","0","0","","","0","","2","","40 18:26.694","","0","80 02:06.417","0","0","0","0","2407","0","0","0","N","0","0","0","4","02407","0","","1.0","","1","N","N","","0","","0","0","0","","3","","","2","0","0","0","0","0","0","2","1","2","","","","N","","","","","","","","","",""
"2005201544","","1","0","0","0","0","0","0","0","0","4","0","","02","2","2005","3","40.3344","-80.003","","11","0","0","0","0","0","0","1","0","","0","0","0","","","3","","1","","40 20:03.840","","0","80 00:10.800","2","0","0","0","2407","0","0","0","N","0","0","0","6","02407","2","","1.0","","1","N","N","","1","","0","1","0","","3","","","2","3","5","0","1","0","0","2","0","2","","","","N","","","","","","","","","",""
"2005201545","","3","0","0","0","0","0","0","0","0","1","0","","02","1","2005","6","40.3338","-80.0022","","11","0","0","0","0","0","3","0","1","","0","0","0","","","0","","0","","40 20:01.680","","0","80 00:07.920","0","0","0","0","2407","0","0","0","N","0","0","0","4","02407","0","","1.0","","1","N","N","","1","","0","0","0","","0","","","4","0","1","0","0","0","0","2","0","4","","","","N","","","","","","","","","",""
"2005201546","","1","0","0","0","0","0","0","0","0","7","0","","02","1","2005","5","","","","11","0","0","0","0","0","0","0","0","","0","0","0","","","0","","0","","","","0","","0","0","0","0","2407","0","0","0","N","0","0","0","1","02407","0","","5.0","","1","N","N","","0","","0","0","0","","0","","","1","0","0","0","0","0","0","1","0","1","","","","N","","","","","","","","","",""
"2005201547","","0","0","0","0","0","0","0","0","0","7","0","","02","1","2005","7","40.325205","-80.028813","","11","0","0","0","0","0","0","0","0","","0","0","0","","","0","","2","","40 19:30.738","","0","80 01:43.726","0","0","0","0","2407","0","0","0","N","0","0","0","1","02407","0","","5.0","","7","N","N","","0","","0","0","1","","3","","","1","0","0","0","0","0","0","2","0","1","","","","N","","","","","","","","","",""
"2005201548","","1","0","0","0","0","0","0","0","0","7","0","","02","1","2005","4","40.3376","-80.013","","11","0","0","0","0","0","0","0","0","","0","0","0","","","1","","0","","40 20:15.360","","0","80 00:46.800","4","0","0","0","2407","0","0","0","N","0","0","0","2","02407","1","","5.0","","1","N","N","","0","","0","0","0","","0","","","1","1","0","0","0","0","0","2","0","1","","","","N","","","","","","","","","",""
"2005201549","","2","0","0","0","0","0","0","0","0","1","0","","02","1","2005","5","","","","11","0","0","0","0","0","0","1","0","","0","0","0","","","0","","0","","","","7","","0","0","0","0","2407","0","0","0","N","0","0","0","2","02407","0","","1.0","","9","N","N","","0","","0","0","0","","0","","","2","0","1","0","0","0","0","1","0","2","","","","N","","","","","","","","","",""
"2005201551","","1","0","0","0","0","0","0","0","0","4","0","","02","2","2005","3","40.328586","-80.041421","","11","0","0","0","0","0","0","0","0","","0","0","0","","","0","","2","","40 19:42.909","","0","80 02:29.115","0","0","0","0","2407","0","0","0","N","0","0","0","2","02407","0","","1.0","","1","N","N","","0","","0","0","1","","3","","","2","0","0","0","0","0","0","2","0","2","","","","N","","","","","","","","","",""
"2005201552","","2","0","0","0","0","0","0","0","0","1","0","","02","2","2005","6","","","","11","0","0","0","0","0","0","0","0","","0","0","0","","","1","","0","","","","0","","4","0","0","0","2407","0","0","0","N","0","0","0","2","02407","1","","1.0","","1","N","N","","0","","0","0","0","","0","","","2","1","0","0","0","0","0","1","0","2","","","","N","","","","","","","","","",""
"2005201553","","1","0","0","0","0","0","0","0","0","4","0","","02","2","2005","5","40.3248","-80.0258","","11","0","0","0","0","0","1","0","0","","0","0","0","","","1","","2","","40 19:29.280","","0","80 01:32.880","4","0","0","0","2407","0","0","0","N","0","0","0","3","02407","1","","1.0","","1","N","N","","1","","0","0","0","","3","","","2","1","0","0","0","0","0","2","0","2","","","","N","","","","","","","","","",""
"2005201554","","1","0","0","0","0","0","0","0","0","7","0","","02","2","2005","5","40.3376","-80.0152","","11","0","0","0","0","0","0","0","0","","0","0","0","","","0","","0","","40 20:15.360","","0","80 00:54.720","0","0","0","0","2407","0","0","0","N","0","0","0","1","02407","0","","5.0","","2","N","N","","0","","0","0","0","","0","","","1","0","0","0","0","0","0","2","0","1","","","","N","","","","","","","","","",""
"2005201555","","1","0","0","0","0","0","0","0","0","7","0","","02","2","2005","5","","","","11","0","0","0","0","0","1","0","0","","0","0","0","","","1","","0","","","","0","","3","0","0","0","2407","0","0","0","N","0","0","0","1","02407","0","","5.0","","2","N","N","","0","","1","0","0","","0","","","1","1","0","0","0","0","0","1","0","1","","","","N","","","","","","","","","",""
"2005201556","","2","0","1","0","0","0","0","0","0","1","0","","02","2","2005","6","40.3426","-80.0236","","11","0","0","0","0","0","0","0","0","","0","0","0","","","1","","0","","40 20:33.360","","0","80 01:24.960","2","0","0","0","2407","0","0","0","N","0","0","0","2","02407","0","","1.0","","1","N","N","","0","","0","1","0","","0","","","2","1","0","0","0","0","0","2","0","2","","","","N","","","","","","","","","",""
"2005201557","","0","0","0","0","0","0","0","0","0","0","0","","02","2","2005","1","","","","11","0","0","0","1","0","0","0","0","","0","0","0","","","0","","0","","","","0","","0","0","0","0","2481","0","0","0","N","0","0","0","2","02481","0","","1.0","","2","N","N","","0","","0","0","1","","0","","","1","0","0","0","0","0","0","1","0","1","","","","N","","","","","","","","","",""
"2005201558","","2","0","0","0","0","0","0","0","0","4","0","","02","2","2005","2","40.5803","-80.0793","","11","0","0","0","0","0","0","0","0","","0","0","0","","","4","","2","","40 34:49.080","","0","80 04:45.480","4","0","0","0","2481","0","0","0","N","0","0","0","6","02481","4","","1.0","","1","N","N","","0","","0","0","0","","3","","","2","4","1","0","0","0","0","2","0","2","","","","N","","","","","","","","","",""
"2005201559","","1","0","0","0","0","0","0","0","0","7","0","","02","2","2005","5","","","","11","0","0","0","0","0","0","0","0","","0","0","0","","","0","","0","","","","0","","0","0","0","0","2481","0","0","0","N","0","0","0","1","02481","0","","5.0","","7","N","N","","0","","0","0","0","","0","","","1","0","1","0","0","0","0","1","0","1","","","","N","","","","","","","","","",""
"2005201560","","0","0","0","0","0","0","0","0","0","2","0","","02","2","2005","5","40.4872","-79.9728","","11","0","0","0","0","0","0","0","0","","0","0","0","","","0","","0","","40 29:13.920","","0","79 58:22.080","0","0","0","0","2445","0","0","0","N","0","0","0","2","02445","0","","1.0","","7","N","N","","0","","0","0","0","","0","","","2","0","0","0","0","0","0","2","2","2","","","","N","","","","","","","","","",""
"2005201561","","1","0","0","0","0","0","0","0","0","99","0","","02","2","2005","5","","","","11","0","0","0","0","0","0","0","0","","0","0","0","","","0","","1","","","","0","","0","0","0","0","2416","0","0","0","N","0","0","0","1","02416","0","","5.0","","7","N","N","","0","","0","0","0","","3","","","2","0","0","0","0","0","0","1","0","2","","","","N","","","","","","","","","",""
"2005201562","","1","0","0","0","0","0","0","0","0","1","0","","02","2","2005","4","","","","11","0","0","0","0","0","0","0","0","","0","0","0","","","1","","0","","","","0","","3","0","0","0","2115","0","0","0","N","0","0","0","2","02115","0","","1.0","","1","N","N","","0","","1","0","0","","0","","","2","1","0","0","0","0","0","1","1","2","","","","N","","","","","","","","","",""
"2005201591","","2","0","0","0","0","0","0","0","0","1","0","","02","2","2005","5","","","","11","0","0","0","0","0","0","0","0","","0","0","0","","","1","","0","","","","0","","3","0","0","0","2473","0","0","0","N","0","0","0","5","02473","0","","1.0","","2","N","N","","0","","1","0","0","","0","","","2","1","0","0","0","0","0","1","0","2","","","","N","","","","","","","","","",""
"2005201592","","1","0","0","0","0","0","0","0","0","7","0","","02","2","2005","5","","","","11","0","0","0","0","0","0","0","0","","0","0","0","","","1","","0","","","","0","","4","0","0","0","2473","0","0","0","N","0","0","0","1","02473","1","","5.0","","7","N","N","","0","","0","0","0","","0","","","1","1","0","0","0","0","0","1","0","1","","","","N","","","","","","","","","",""
"2005201593","","1","0","0","0","0","0","0","0","0","2","0","","02","2","2005","5","","","","11","0","0","0","0","0","0","0","0","","0","0","0","","","0","","0","","","","0","","0","0","0","0","2473","0","0","0","N","0","0","0","1","02473","0","","1.0","","2","N","N","","1","","0","0","0","","0","","","2","0","0","0","0","0","0","1","0","2","","","","N","","","","","","","","","",""
"2005201594","","1","0","0","0","0","0","0","0","0","7","0","","02","2","2005","4","","","","11","0","0","0","0","0","0","0","0","","0","0","0","","","1","","0","","","","0","","4","0","0","0","2473","0","0","0","N","0","0","0","1","02473","1","","2.0","","9","N","N","","0","","0","0","0","","0","","","1","1","0","0","0","0","0","1","0","1","","","","N","","","","","","","","","",""
"2005201595","","1","0","0","0","0","0","0","0","0","4","0","","02","2","2005","6","40.3489","-79.939","","11","0","0","0","0","0","1","0","1","","0","0","0","","","2","","1","","40 20:56.040","","0","79 56:20.400","4","0","0","0","2473","0","0","0","N","0","0","0","3","02473","1","","1.0","","1","N","N","","1","","0","0","0","","2","","","2","1","0","0","0","0","1","2","0","2","","","","N","","","","","","","","","",""
"2005201596","","0","0","0","0","0","0","0","0","0","7","0","","02","2","2005","4","","","","11","0","0","0","0","0","1","0","0","","0","0","0","","","0","","0","","","","0","","0","0","0","0","2473","0","0","0","N","0","0","0","1","02473","0","","5.0","","9","N","N","","0","","0","0","0","","0","","","1","0","0","0","0","0","0","1","1","1","","","","N","","","","","","","","","",""
"2005201597","","1","0","0","0","0","0","0","0","0","99","0","","02","2","2005","3","40.3592","-79.8734","","11","0","0","0","0","0","0","1","0","","0","0","0","","","0","","0","","40 21:33.120","","0","79 52:24.240","0","0","0","0","2473","0","0","0","N","0","0","0","1","02473","0","","2.0","","1","N","N","","0","","0","0","0","","0","","","2","0","0","0","0","0","0","2","0","2","","","","N","","","","","","","","","",""
"2005201598","","2","0","0","0","0","0","0","0","0","2","0","","02","2","2005","2","","","","11","0","0","0","0","0","1","0","0","","0","0","0","","","2","","1","","","","0","","4","0","0","0","2473","0","0","0","N","0","0","0","3","02473","2","","1.0","","9","N","N","","0","","0","0","0","","2","","","2","2","0","0","0","0","0","1","0","2","","","","N","","","","","","","","","",""
"2005201599","","0","0","0","0","0","0","0","0","0","7","0","","02","2","2005","1","40.3386","-79.9129","","11","0","0","0","0","0","0","0","0","","0","0","0","","","1","","0","","40 20:18.960","","0","79 54:46.440","4","0","0","0","2473","0","0","0","N","0","0","0","1","02473","1","","5.0","","1","N","N","","1","","0","0","0","","0","","","1","1","1","0","0","0","0","2","0","1","","","","N","","","","","","","","","",""
"2005201600","","1","0","0","0","0","0","0","0","0","99","0","","02","2","2005","5","","","","11","0","0","0","0","0","0","0","0","","0","0","0","","","1","","0","","","","0","","4","0","0","0","2473","0","0","0","N","0","0","0","1","02473","1","","1.0","","9","N","N","","0","","0","0","0","","0","","","2","1","1","0","0","0","0","1","0","2","","","","N","","","","","","","","","",""
"2005201601","","2","0","0","0","0","0","0","0","0","2","0","","02","1","2005","3","","","","11","0","0","0","0","0","2","0","0","","0","0","0","","","0","","1","","","","0","","0","0","0","0","2460","0","0","0","N","0","0","0","2","02215","0","","1.0","","1","N","N","","0","","0","0","0","","3","","","2","0","0","0","0","0","0","1","0","2","","","","N","","","","","","","","","",""
"2005201602","","2","0","0","0","0","0","0","0","0","4","0","","02","1","2005","5","","","","11","0","0","0","1","0","0","1","0","","0","0","0","","","1","","1","","","","0","","4","0","0","0","2460","0","0","0","N","0","0","0","3","02215","1","","1.0","","1","N","N","","0","","0","0","0","","3","","","2","1","1","0","0","0","0","1","0","2","","","","N","","","","","","","","","",""
"2005201603","","1","0","0","0","0","0","0","0","0","8","0","","02","1","2005","6","","","","11","0","0","0","1","0","0","0","0","","0","0","0","","","1","","1","","","","0","","4","0","0","0","2460","1","0","0","N","1","0","0","2","02215","1","","1.0","","1","N","N","","0","","0","0","0","","3","","","2","1","1","0","0","0","0","1","0","1","","","","N","","","","","","","","","",""
"2005201604","","0","0","0","0","0","0","1","0","0","1","1","","02","2","2005","3","","","","11","0","0","0","0","0","0","1","0","","0","0","0","","","0","","1","","","","0","","0","0","0","0","2460","0","0","0","N","0","0","0","3","02215","0","","1.0","","1","Y","N","","0","","0","0","0","","3","","","2","0","0","0","0","0","0","1","1","2","","","","N","","","","","","","","","",""
"2005201712","","0","0","0","0","0","0","0","0","0","1","0","","02","2","2005","5","","","","11","0","0","0","0","0","0","0","0","","0","0","0","","","0","","0","","","","0","","0","0","0","0","2115","0","0","0","N","0","0","0","2","02115","0","","1.0","","7","N","N","","0","","0","0","2","","0","","","2","0","0","0","0","0","0","1","0","2","","","","N","","","","","","","","","",""
"2005201713","","2","0","0","0","0","0","0","0","0","1","0","","02","3","2005","1","40.4442","-80.147","","11","0","0","0","0","0","1","0","0","","0","0","0","","","0","","0","","40 26:39.120","","0","80 08:49.200","0","0","0","0","2115","0","0","0","N","0","0","0","3","02115","0","","1.0","","1","N","N","","0","","0","0","0","","0","","","2","0","0","0","0","0","0","2","0","2","","","","N","","","","","","","","","",""
"2005201715","","0","0","0","0","0","0","0","0","0","7","0","","02","2","2005","5","","","","11","0","0","0","0","0","0","0","0","","0","0","0","","","1","","0","","","","0","","3","0","0","0","2473","0","0","0","N","0","0","0","1","02473","0","","5.0","","9","N","N","","1","","1","0","0","","0","","","1","1","0","0","0","0","0","1","0","1","","","","N","","","","","","","","","",""
"2005201716","","0","0","0","0","0","0","0","0","0","7","0","","02","3","2005","3","","","","11","0","0","0","0","0","0","0","0","","0","0","0","","","1","","0","","","","0","","4","0","0","0","2473","0","0","0","N","0","0","0","1","02473","1","","5.0","","7","N","N","","0","","0","0","1","","0","","","1","1","0","0","0","0","0","1","0","1","","","","N","","","","","","","","","",""
"2005201717","","1","0","0","0","0","0","0","0","0","2","0","","02","2","2005","5","40.3629","-79.9317","","11","0","0","0","0","0","0","0","0","","0","0","0","","","1","","0","","40 21:46.440","","0","79 55:54.120","4","0","0","0","2473","0","0","0","N","0","0","0","2","02473","1","","1.0","","9","N","N","","1","","0","0","0","","0","","","2","1","0","0","0","0","0","2","0","2","","","","N","","","","","","","","","",""