"CRN","ARRIVAL_TM","AUTOMOBILE_COUNT","BELTED_DEATH_COUNT","BELTED_SUSP_SERIOUS_INJ_COUNT","BICYCLE_COUNT","BICYCLE_DEATH_COUNT","BICYCLE_SUSP_SERIOUS_INJ_COUNT","BUS_COUNT","CHLDPAS_DEATH_COUNT","CHLDPAS_SUSP_SERIOUS_INJ_COUNT","COLLISION_TYPE","COMM_VEH_COUNT","CONS_ZONE_SPD_LIM","COUNTY","CRASH_MONTH","CRASH_YEAR","DAY_OF_WEEK","DEC_LATITUDE","DEC_LONGITUDE","DISPATCH_TM","DISTRICT","DRIVER_COUNT_16YR","DRIVER_COUNT_17YR","DRIVER_COUNT_18YR","DRIVER_COUNT_19YR","DRIVER_COUNT_20YR","DRIVER_COUNT_50_64YR","DRIVER_COUNT_65_74YR","DRIVER_COUNT_75PLUS","EST_HRS_CLOSED","FATAL_COUNT","HEAVY_TRUCK_COUNT","HORSE_BUGGY_COUNT","HOUR_OF_DAY","ILLUMINATION","INJURY_COUNT","INTERSECTION_RELATED","INTERSECT_TYPE","LANE_CLOSED","LATITUDE","LN_CLOSE_DIR","LOCATION_TYPE","LONGITUDE","MAX_SEVERITY_LEVEL","MCYCLE_DEATH_COUNT","MCYCLE_SUSP_SERIOUS_INJ_COUNT","MOTORCYCLE_COUNT","MUNICIPALITY","NONMOTR_COUNT","NONMOTR_DEATH_COUNT","NONMOTR_SUSP_SERIOUS_INJ_COUNT","NTFY_HIWY_MAINT","PED_COUNT","PED_DEATH_COUNT","PED_SUSP_SERIOUS_INJ_COUNT","PERSON_COUNT","POLICE_AGCY","POSSIBLE_INJ_COUNT","RDWY_SURF_TYPE_CD","RELATION_TO_ROAD","ROADWAY_CLEARED","ROAD_CONDITION","SCH_BUS_IND","SCH_ZONE_IND","SECONDARY_CRASH","SMALL_TRUCK_COUNT","SPEC_JURIS_CD","SUSP_MINOR_INJ_COUNT","SUSP_SERIOUS_INJ_COUNT","SUV_COUNT","TCD_FUNC_CD","TCD_TYPE","TFC_DETOUR_IND","TIME_OF_DAY","TOTAL_UNITS","TOT_INJ_COUNT","UNBELTED_OCC_COUNT","UNB_DEATH_COUNT","UNB_SUSP_SERIOUS_INJ_COUNT","UNK_INJ_DEG_COUNT","UNK_INJ_PER_COUNT","URBAN_RURAL","VAN_COUNT","VEHICLE_COUNT","WEATHER1","WEATHER2","WORKERS_PRES","WORK_ZONE_IND","WORK_ZONE_LOC","WORK_ZONE_TYPE","WZ_CLOSE_DETOUR","WZ_FLAGGER","WZ_LAW_OFFCR_IND","WZ_LN_CLOSURE","WZ_MOVING","WZ_OTHER","WZ_SHLDER_MDN","WZ_WORKERS_INJ_KILLED"
"2005201723","","1","0","0","0","0","0","0","0","0","7","0","","02","2","2005","5","40.3599","-79.8461","","11","0","0","0","0","0","0","0","0","","0","0","0","","","0","","0","","40 21:35.640","","2","79 50:45.960","0","0","0","0","2303","0","0","0","N","0","0","0","1","02303","0","","2.0","","2","N","N","","0","","0","0","0","","0","","","1","0","0","0","0","0","0","2","0","1","","","","N","","","","","","","","","",""
"2005201743","","1","0","0","0","0","0","0","0","0","2","0","","02","2","2005","5","40.3991","-79.8376","","11","0","0","0","0","0","0","0","0","","0","0","0","","","1","","0","","40 23:56.760","","0","79 50:15.360","4","0","0","0","2425","0","0","0","N","0","0","0","2","02425","1","","1.0","","2","N","N","","0","","0","0","1","","0","","","2","1","0","0","0","0","0","2","0","2","","","","N","","","","","","","","","",""
"2005201744","","1","0","0","0","0","0","0","0","0","7","0","","02","2","2005","2","40.4002","-79.8374","","11","0","0","0","0","0","0","0","0","","0","0","0","","","2","","0","","40 24:00.720","","0","79 50:14.640","3","0","0","0","2425","0","0","0","N","0","0","0","2","02425","1","","5.0","","1","N","N","","0","","1","0","0","","0","","","1","2","0","0","0","0","0","2","0","1","","","","N","","","","","","","","","",""
"2005201745","","0","0","0","0","0","0","0","0","0","7","0","","02","2","2005","6","40.3605","-79.8453","","11","0","0","0","0","0","0","0","0","","0","0","0","","","0","","0","","40 21:37.800","","3","79 50:43.080","0","0","0","0","2303","0","0","0","N","0","0","0","1","02303","0","","1.0","","2","N","N","","0","","0","0","1","","0","","","1","0","0","0","0","0","0","2","0","1","","","","N","","","","","","","","","",""
"2005201746","","1","0","0","0","0","0","0","0","0","7","0","","02","2","2005","4","","","","11","0","0","0","0","0","0","0","0","","0","0","0","","","1","","0","","","","0","","3","0","0","0","2303","0","0","0","N","0","0","0","1","02303","0","","1.0","","1","N","N","","0","","1","0","0","","0","","","1","1","1","0","0","0","0","1","0","1","","","","N","","","","","","","","","",""
"2005201747","","1","0","0","0","0","0","0","0","0","5","0","","02","2","2005","6","40.3775","-79.8509","","11","0","0","0","0","0","0","0","0","","0","0","0","","","1","","0","","40 22:39.000","","0","79 51:03.240","9","0","0","0","2303","0","0","0","N","0","0","0","2","02303","0","","1.0","","9","N","N","","0","","0","0","0","","0","","","2","0","1","0","0","0","1","2","1","2","","","","N","","","","","","","","","",""
"2005201748","","2","0","0","0","0","0","0","0","0","4","0","","02","2","2005","2","40.385","-79.8628","","11","0","0","0","0","0","0","0","0","","0","0","0","","","2","","1","","40 23:06.000","","0","79 51:46.080","9","0","0","0","2473","0","0","0","N","0","0","0","4","02303","0","","1.0","","1","N","N","","1","","0","0","0","","2","","","3","0","0","0","0","0","2","2","0","3","","","","N","","","","","","","","","",""
"2005201749","","1","0","0","0","0","0","0","0","0","7","0","","02","2","2005","5","","","","11","0","0","0","0","0","0","0","0","","0","0","0","","","0","","0","","","","3","","0","0","0","0","2303","0","0","0","N","0","0","0","2","02303","0","","1.0","","2","N","N","","0","","0","0","1","","0","","","2","0","0","0","0","0","0","1","0","2","","","","N","","","","","","","","","",""
"2005201783","","1","0","0","0","0","0","0","0","0","4","0","","02","3","2005","5","40.394867","-80.037989","","11","0","1","0","0","0","1","0","0","","0","0","0","","","0","","1","","40 23:41.521","","0","80 02:16.760","0","0","0","0","2422","0","0","0","N","0","0","0","2","02422","0","","1.0","","9","N","N","","0","","0","0","1","","3","","","2","0","0","0","0","0","0","2","0","2","","","","N","","","","","","","","","",""
"2005201801","","2","0","0","0","0","0","0","0","0","6","0","","02","3","2005","7","","","","11","0","2","0","0","0","0","0","0","","0","0","0","","","1","","0","","","","0","","4","0","0","0","2115","0","0","0","N","0","0","0","2","02115","1","","1.0","","1","N","N","","0","","0","0","0","","0","","","2","1","0","0","0","0","0","1","0","2","","","","N","","","","","","","","","",""
"2005201813","","2","0","0","0","0","0","0","0","0","1","0","","02","3","2005","6","","","","11","0","1","0","0","0","0","0","0","","0","0","0","","","0","","0","","","","0","","0","0","0","0","2481","0","0","0","N","0","0","0","9","02481","0","","1.0","","2","N","N","","0","","0","0","0","","0","","","2","0","2","0","0","0","0","1","0","2","","","","N","","","","","","","","","",""
"2005201830","","0","0","0","0","0","0","0","0","0","0","1","","02","3","2005","5","40.5104","-80.0946","","11","0","0","0","0","0","1","0","0","","0","1","0","","","0","","1","","40 30:37.440","","0","80 05:40.560","0","0","0","0","2429","0","0","0","N","0","0","0","1","02215","0","","1.0","","1","N","N","","0","","0","0","0","","2","","","1","0","0","0","0","0","0","2","0","1","","","","N","","","","","","","","","",""
"2005201838","","0","0","0","0","0","0","0","0","0","1","0","","02","2","2005","2","40.3437","-79.9384","","11","0","0","0","0","0","1","0","0","","0","0","0","","","0","","0","","40 20:37.320","","0","79 56:18.240","0","0","0","0","2473","0","0","0","N","0","0","0","2","02473","0","","1.0","","9","N","N","","0","","0","0","0","","0","","","2","0","0","0","0","0","0","2","2","2","","","","N","","","","","","","","","",""
"2005201842","","2","0","0","0","0","0","0","0","0","2","0","","02","1","2005","1","","","","11","0","0","0","0","0","0","0","0","","0","0","0","","","3","","0","","","","0","","4","0","0","0","2407","0","0","0","N","0","0","0","3","02407","3","","1.0","","7","N","N","","0","","0","0","0","","0","","","2","3","1","0","0","0","0","1","0","2","","","","N","","","","","","","","","",""
"2005201844","","1","0","0","0","0","0","0","0","0","4","1","","02","2","2005","5","40.3951","-79.8367","","11","0","0","0","0","0","0","0","0","","0","1","0","","","1","","2","","40 23:42.360","","2","79 50:12.120","4","0","0","0","2425","0","0","0","N","0","0","0","2","02425","1","","1.0","","7","N","N","","0","","0","0","0","","3","","","2","1","0","0","0","0","0","2","0","2","","","","N","","","","","","","","","",""
"2005201847","","1","0","0","0","0","0","1","0","0","6","1","","02","2","2005","5","","","","11","0","0","0","0","0","0","1","0","","0","0","0","","","0","","0","","","","0","","0","0","0","0","2303","0","0","0","N","0","0","0","2","02303","0","","1.0","","7","N","N","","0","","0","0","0","","0","","","2","0","0","0","0","0","0","1","0","2","","","","N","","","","","","","","","",""
"2005201850","","1","0","0","0","0","0","0","0","0","99","0","","02","3","2005","7","40.3964","-80.0317","","11","0","0","0","0","0","0","0","0","","0","0","0","","","1","","0","","40 23:47.040","","0","80 01:54.120","4","0","0","0","2422","0","0","0","N","0","0","0","1","02422","1","","5.0","","1","N","N","","0","","0","0","0","","0","","","2","1","0","0","0","0","0","2","0","2","","","","N","","","","","","","","","",""
"2005201860","","1","0","0","0","0","0","0","0","0","1","0","","02","3","2005","3","40.3489","-79.9391","","11","0","0","0","0","0","1","0","0","","0","0","0","","","1","","0","","40 20:56.040","","0","79 56:20.760","2","0","0","0","2473","0","0","0","N","0","0","0","2","02473","0","","1.0","","9","N","N","","0","","0","1","0","","0","","","2","1","0","0","0","0","0","2","0","2","","","","N","","","","","","","","","",""
"2005201898","","2","0","0","0","0","0","0","0","0","1","0","","02","1","2005","6","","","","11","0","0","0","0","0","0","0","0","","0","0","0","","","0","","0","","","","7","","0","0","0","0","2124","0","0","0","N","0","0","0","4","02124","0","","1.0","","9","N","N","","0","","0","0","1","","0","","","3","0","0","0","0","0","0","1","0","3","","","","N","","","","","","","","","",""
"2005201917","","2","0","0","0","0","0","0","0","0","1","0","","02","3","2005","4","40.493549","-79.975553","","11","0","0","0","0","0","0","0","0","","0","0","0","","","2","","3","","40 29:36.778","","0","79 58:31.989","3","0","0","0","2445","0","0","0","N","0","0","0","3","02445","0","","1.0","","9","N","N","","0","","2","0","0","","2","","","2","2","0","0","0","0","0","2","0","2","","","","N","","","","","","","","","",""
"2005201957","","1","0","0","0","0","0","0","0","0","7","0","","02","3","2005","2","40.4744","-79.9716","","11","0","0","0","0","0","0","1","0","","0","0","0","","","0","","1","","40 28:27.840","","0","79 58:17.760","0","0","0","0","2445","0","0","0","N","0","0","0","1","02445","0","","1.0","","1","N","N","","0","","0","0","0","","2","","","1","0","0","0","0","0","0","2","0","1","","","","N","","","","","","","","","",""
"2005201958","","1","0","0","0","0","0","0","0","0","7","0","","02","3","2005","2","40.4744","-79.9716","","11","0","0","0","0","0","0","1","0","","0","0","0","","","0","","2","","40 28:27.840","","0","79 58:17.760","0","0","0","0","2445","0","0","0","N","0","0","0","1","02445","0","","1.0","","1","N","N","","0","","0","0","0","","2","","","1","0","0","0","0","0","0","2","0","1","","","","N","","","","","","","","","",""
"2005201959","","0","0","0","0","0","0","0","0","0","7","0","","02","3","2005","6","40.3338","-79.8033","","11","0","0","0","0","0","0","0","0","","0","0","0","","","0","","0","","40 20:01.680","","0","79 48:11.880","0","0","0","0","2477","0","0","0","N","0","0","0","1","02477","0","","5.0","","1","N","N","","0","","0","0","0","","0","","","1","0","0","0","0","0","0","2","1","1","","","","N","","","","","","","","","",""
"2005201960","","2","0","0","0","0","0","0","0","0","1","0","","02","3","2005","5","","","","11","0","0","0","0","0","1","0","0","","0","0","0","","","0","","0","","","","7","","0","0","0","0","2115","0","0","0","N","0","0","0","2","02115","0","","1.0","","1","N","N","","0","","0","0","0","","0","","","2","0","0","0","0","0","0","1","0","2","","","","N","","","","","","","","","",""
"2005201993","","2","0","0","0","0","0","0","0","0","1","0","","02","3","2005","4","40.3911","-80.0394","","11","0","0","0","0","0","0","0","0","","0","0","0","","","1","","0","","40 23:27.960","","0","80 02:21.840","3","0","0","0","2422","0","0","0","N","0","0","0","2","02422","0","","1.0","","1","N","N","","0","","1","0","0","","0","","","2","1","1","0","0","0","0","2","0","2","","","","N","","","","","","","","","",""
"2005201994","","1","0","0","0","0","0","0","0","0","4","0","","02","3","2005","5","40.383","-79.8575","","11","0","0","0","0","0","0","0","0","","0","0","0","","","1","","1","","40 22:58.800","","0","79 51:27.000","4","0","0","1","2303","0","0","0","N","0","0","0","3","02303","1","","1.0","","1","N","N","","0","","0","0","0","","2","","","2","1","0","0","0","0","0","2","0","2","","","","N","","","","","","","","","",""
"2005201995","","2","0","0","0","0","0","0","0","0","1","0","","02","3","2005","5","40.3694","-79.8426","","11","0","0","0","0","0","0","0","0","","0","0","0","","","1","","2","","40 22:09.840","","0","79 50:33.360","4","0","0","0","2303","0","0","0","N","0","0","0","5","02303","1","","1.0","","1","N","N","","0","","0","0","0","","3","","","2","1","0","0","0","0","0","2","0","2","","","","N","","","","","","","","","",""
"2005201996","","0","0","0","0","0","0","0","0","0","7","0","","02","3","2005","4","40.3588","-79.8491","","11","0","0","0","0","0","0","0","0","","0","0","0","","","2","","0","","40 21:31.680","","2","79 50:56.760","2","0","2","1","2303","0","0","0","N","0","0","0","2","02303","0","","1.0","","1","N","N","","0","","0","2","0","","0","","","1","2","0","0","0","0","0","2","0","1","","","","N","","","","","","","","","",""
"2005201997","","1","0","0","0","0","0","0","0","0","1","0","","02","3","2005","6","40.3827","-79.8573","","11","0","0","0","0","0","0","0","0","","0","0","0","","","0","","0","","40 22:57.720","","0","79 51:26.280","0","0","0","0","2303","0","0","0","N","0","0","0","2","02303","0","","1.0","","1","N","N","","0","","0","0","0","","0","","","2","0","0","0","0","0","0","2","1","2","","","","N","","","","","","","","","",""
"2005201998","","2","0","0","0","0","0","0","0","0","1","0","","02","3","2005","6","40.3829","-79.8573","","11","0","0","0","0","0","0","1","0","","0","0","0","","","1","","0","","40 22:58.440","","7","79 51:26.280","4","0","0","0","2303","0","0","0","N","0","0","0","2","02303","1","","1.0","","9","N","N","","0","","0","0","0","","2","","","2","1","0","0","0","0","0","2","0","2","","","","N","","","","","","","","","",""
"2005201999","","1","0","0","0","0","0","0","0","0","7","0","","02","3","2005","5","40.3842","-79.8606","","11","0","0","0","0","0","0","0","0","","0","0","0","","","1","","0","","40 23:03.120","","3","79 51:38.160","9","0","0","0","2303","0","0","0","N","0","0","0","1","02303","0","","1.0","","1","N","N","","0","","0","0","0","","0","","","1","0","0","0","0","0","1","2","0","1","","","","N","","","","","","","","","",""
"2005202000","","0","0","0","0","0","0","0","0","0","7","0","","02","2","2005","5","40.436714","-79.816987","","11","0","0","0","0","0","1","0","0","","0","0","0","","","0","","2","","40 26:12.170","","0","79 49:01.153","0","0","0","0","2124","0","0","0","N","0","0","0","2","02124","0","","5.0","","7","N","N","","0","","0","0","0","","3","","","1","0","0","0","0","0","0","2","1","1","","","","N","","","","","","","","","",""
"2005202001","","2","0","0","0","0","0","0","0","0","4","0","","02","2","2005","2","","","","11","0","0","0","0","0","1","1","0","","0","0","0","","","1","","0","","","","7","","4","0","0","0","2124","0","0","0","N","0","0","0","2","02124","1","","1.0","","1","N","N","","0","","0","0","0","","0","","","2","1","0","0","0","0","0","1","0","2","","","","N","","","","","","","","","",""
"2005202002","","1","0","0","0","0","0","0","0","0","7","0","","02","2","2005","4","","","","11","0","0","0","0","0","0","0","1","","0","0","0","","","1","","0","","","","0","","4","0","0","0","2124","0","0","0","N","0","0","0","1","02124","1","","2.0","","9","N","N","","0","","0","0","0","","0","","","1","1","0","0","0","0","0","1","0","1","","","","N","","","","","","","","","",""
"2005202003","","1","0","0","0","0","0","0","0","0","7","0","","02","3","2005","6","40.4316","-79.8167","","11","0","0","0","0","0","0","0","0","","0","0","0","","","0","","0","","40 25:53.760","","0","79 49:00.120","0","0","0","0","2124","0","0","0","N","0","0","0","1","02124","0","","2.0","","1","N","N","","0","","0","0","0","","0","","","1","0","0","0","0","0","0","2","0","1","","","","N","","","","","","","","","",""
"2005202004","","0","0","0","0","0","0","0","0","0","7","0","","02","3","2005","6","","","","11","0","0","0","0","0","0","0","0","","0","0","0","","","1","","0","","","","0","","3","0","0","0","2124","0","0","0","N","0","0","0","1","02124","0","","5.0","","1","N","N","","0","","1","0","0","","0","","","1","1","1","0","0","0","0","1","1","1","","","","N","","","","","","","","","",""
"2005202006","","2","0","0","0","0","0","0","0","0","1","0","","02","3","2005","3","","","","11","0","0","0","0","0","1","0","0","","0","0","0","","","1","","0","","","","0","","4","0","0","0","2115","0","0","0","N","0","0","0","2","02115","1","","1.0","","1","N","N","","0","","0","0","0","","0","","","2","1","0","0","0","0","0","1","0","2","","","","N","","","","","","","","","",""
"2005202065","","1","0","0","0","0","0","0","0","0","8","0","","02","3","2005","6","","","","11","0","0","0","1","0","0","0","0","","0","0","0","","","1","","0","","","","0","","9","0","0","0","2481","1","0","0","N","1","0","0","2","02481","0","","1.0","","1","N","N","","0","","0","0","0","","0","","","2","0","0","0","0","0","1","1","0","1","","","","N","","","","","","","","","",""
"2005202115","","1","0","0","0","0","0","0","0","0","7","0","","02","3","2005","6","","","","11","0","0","0","0","0","0","0","0","","0","0","0","","","1","","0","","","","0","","3","0","0","0","2115","0","0","0","N","0","0","0","1","02115","0","","5.0","","1","N","N","","0","","1","0","0","","0","","","1","1","0","0","0","0","0","1","0","1","","","","N","","","","","","","","","",""
"2005202116","","0","0","0","0","0","0","0","0","0","4","0","","02","3","2005","2","","","","11","0","0","0","0","0","1","0","0","","0","0","0","","","1","","0","","","","7","","3","0","0","0","2115","0","0","0","N","0","0","0","3","02115","0","","1.0","","9","N","N","","1","","1","0","0","","0","","","2","1","1","0","0","0","0","1","1","2","","","","N","","","","","","","","","",""
"2005202123","","2","0","0","0","0","0","0","0","0","1","0","","02","3","2005","6","","","","11","0","0","0","1","0","1","0","0","","0","0","0","","","0","","0","","","","0","","0","0","0","0","2115","0","0","0","N","0","0","0","2","02115","0","","1.0","","1","N","N","","0","","0","0","0","","0","","","2","0","0","0","0","0","0","1","0","2","","","","N","","","","","","","","","",""
"2005202133","","0","0","0","0","0","0","0","0","0","4","0","","02","3","2005","2","40.5528","-80.1056","","11","0","0","0","0","0","2","0","0","","0","0","0","","","1","","0","","40 33:10.080","","7","80 06:20.160","9","0","0","0","2215","0","0","0","N","0","0","0","4","02215","0","","1.0","","1","N","N","","1","","0","0","1","","0","","","2","0","1","0","0","0","1","2","0","2","","","","N","","","","","","","","","",""
"2005202134","","2","0","0","0","0","0","0","0","0","4","0","","02","3","2005","2","40.545","-80.1935","","11","0","0","0","0","0","0","0","0","","0","0","0","","","0","","0","","40 32:42.000","","7","80 11:36.600","0","0","0","0","2427","0","0","0","N","0","0","0","2","02427","0","","1.0","","1","N","N","","0","","0","0","0","","0","","","2","0","0","0","0","0","0","2","0","2","","","","N","","","","","","","","","",""
"2005202139","","1","0","0","0","0","0","0","0","0","5","1","","02","4","2005","6","40.4729","-79.9724","","11","0","0","0","0","0","1","0","0","","0","1","0","","","0","","0","","40 28:22.440","","0","79 58:20.640","0","0","0","0","2445","0","0","0","N","0","0","0","2","02445","0","","1.0","","1","N","N","","0","","0","0","0","","0","","","2","0","0","0","0","0","0","2","0","2","","","","N","","","","","","","","","",""
"2005202178","","1","0","0","0","0","0","0","0","0","7","0","","02","3","2005","4","","","","11","0","0","0","0","0","0","0","0","","0","0","0","","","1","","0","","","","0","","9","0","0","0","2481","0","0","0","N","0","0","0","1","02481","0","","5.0","","7","N","N","","0","","0","0","0","","0","","","1","0","0","0","0","0","1","1","0","1","","","","N","","","","","","","","","",""
"2005202179","","1","0","0","0","0","0","0","0","0","7","0","","02","3","2005","3","","","","11","0","0","0","0","0","0","0","0","","0","0","0","","","0","","0","","","","0","","0","0","0","0","2477","0","0","0","N","0","0","0","2","02477","0","","5.0","","1","N","N","","0","","0","0","0","","0","","","1","0","0","0","0","0","0","1","0","1","","","","N","","","","","","","","","",""
"2005202180","","1","0","0","0","0","0","0","0","0","1","0","","02","3","2005","5","40.3508","-79.8205","","11","0","0","0","0","0","1","0","0","","0","0","0","","","1","","0","","40 21:02.880","","0","79 49:13.800","4","0","0","0","2477","0","0","0","N","0","0","0","2","02477","1","","1.0","","1","N","N","","1","","0","0","0","","0","","","2","1","0","0","0","0","0","2","0","2","","","","N","","","","","","","","","",""
"2005202181","","1","0","0","0","0","0","0","0","0","7","0","","02","3","2005","6","40.3371","-79.8084","","11","0","0","0","0","0","0","0","1","","0","0","0","","","0","","0","","40 20:13.560","","0","79 48:30.240","0","0","0","0","2477","0","0","0","N","0","0","0","1","02477","0","","5.0","","9","N","N","","0","","0","0","0","","0","","","1","0","0","0","0","0","0","2","0","1","","","","N","","","","","","","","","",""
"2005202182","","2","0","0","0","0","0","0","0","0","4","0","","02","3","2005","2","","","","11","0","0","0","0","0","1","0","0","","0","0","0","","","2","","0","","","","7","","4","0","0","0","2416","0","0","0","N","0","0","0","2","02416","2","","1.0","","1","N","N","","0","","0","0","0","","0","","","2","2","0","0","0","0","0","1","0","2","","","","N","","","","","","","","","",""
"2005202183","","1","0","0","0","0","0","0","0","0","99","0","","02","3","2005","6","","","","11","0","0","0","0","0","0","0","0","","0","0","0","","","0","","0","","","","0","","0","0","0","0","2215","0","0","0","N","0","0","0","1","02215","0","","1.0","","1","N","N","","0","","0","0","0","","0","","","4","0","0","0","0","0","0","1","0","4","","","","N","","","","","","","","","",""
"2005202199","","1","0","0","0","0","0","0","0","0","99","0","","02","1","2005","2","","","","11","0","0","0","0","0","0","0","0","","0","0","0","","","0","","0","","","","0","","0","0","0","0","2445","0","0","0","N","0","0","0","1","02445","0","","1.0","","1","N","N","","0","","0","0","0","","0","","","2","0","1","0","0","0","0","1","0","2","","","","N","","","","","","","","","",""
"2005202200","","1","0","0","0","0","0","0","0","0","7","0","","02","2","2005","4","40.49","-79.9719","","11","0","0","0","0","0","0","0","0","","0","0","0","","","0","","0","","40 29:24.000","","0","79 58:18.840","0","0","0","0","2445","0","0","0","N","0","0","0","2","02445","0","","1.0","","9","N","N","","0","","0","0","0","","0","","","1","0","0","0","0","0","0","2","0","1","","","","N","","","","","","","","","",""
"2005202201","","1","0","0","0","0","0","0","0","0","4","0","","02","3","2005","6","40.478732","-79.970977","","11","0","0","0","0","0","1","0","0","","0","0","0","","","0","","1","","40 28:43.435","","0","79 58:15.517","0","0","0","0","2445","0","0","0","N","0","0","0","2","02445","0","","1.0","","1","N","N","","0","","0","0","0","","3","","","2","0","0","0","0","0","0","2","1","2","","","","N","","","","","","","","","",""
"2005202202","","2","0","0","0","0","0","0","0","0","1","0","","02","3","2005","6","40.4785","-79.9674","","11","0","0","0","0","0","0","0","0","","0","0","0","","","0","","3","","40 28:42.600","","2","79 58:02.640","0","0","0","0","2445","0","0","0","N","0","0","0","2","02445","0","","1.0","","1","N","N","","0","","0","0","0","","4","","","2","0","0","0","0","0","0","2","0","2","","","","N","","","","","","","","","",""
"2005202219","","2","0","0","0","0","0","0","0","0","1","0","","02","3","2005","6","40.3693","-80.0303","","11","0","0","0","0","1","0","0","0","","0","0","0","","","2","","0","","40 22:09.480","","7","80 01:49.080","3","0","0","0","2416","0","0","0","N","0","0","0","2","02416","0","","1.0","","1","N","N","","0","","1","0","0","","0","","","2","1","0","0","0","0","1","2","0","2","","","","N","","","","","","","","","",""
"2005202268","","1","0","0","0","0","0","0","0","0","4","0","","02","3","2005","5","40.449","-80.1231","","11","0","0","0","0","0","0","1","0","","0","0","0","","","0","","0","","40 26:56.400","","7","80 07:23.160","0","0","0","0","2115","0","0","0","N","0","0","0","2","02115","0","","1.0","","9","N","N","","1","","0","0","0","","0","","","2","0","0","0","0","0","0","2","0","2","","","","N","","","","","","","","","",""
"2005202269","","1","0","0","0","0","0","0","0","0","7","0","","02","2","2005","5","40.367141","-79.92757","","11","0","0","0","0","0","0","0","0","","0","0","0","","","0","","1","","40 22:01.707","","0","79 55:39.252","0","0","0","0","2473","0","0","0","N","0","0","0","1","02473","0","","5.0","","7","N","N","","0","","0","0","0","","3","","","1","0","0","0","0","0","0","2","0","1","","","","N","","","","","","","","","",""
"2005202270","","2","0","0","0","0","0","0","0","0","1","0","","02","2","2005","7","40.3829","-79.878","","11","0","0","0","0","1","0","0","1","","0","0","0","","","1","","1","","40 22:58.440","","0","79 52:40.800","3","0","0","0","2473","0","0","0","N","0","0","0","2","02473","0","","1.0","","1","N","N","","0","","1","0","0","","3","","","2","1","0","0","0","0","0","2","0","2","","","","N","","","","","","","","","",""
"2005202271","","1","0","0","0","0","0","0","0","0","4","0","","02","2","2005","2","40.3391","-79.9133","","11","0","0","0","0","0","0","0","0","","0","0","0","","","0","","2","","40 20:20.760","","0","79 54:47.880","0","0","0","0","2473","0","0","0","N","0","0","0","2","02473","0","","1.0","","9","N","N","","0","","0","0","1","","3","","","2","0","0","0","0","0","0","2","0","2","","","","N","","","","","","","","","",""
"2005202272","","1","0","0","0","0","0","0","0","0","7","0","","02","3","2005","3","","","","11","0","0","0","1","0","0","0","0","","0","0","0","","","0","","0","","","","0","","0","0","0","0","2473","0","0","0","N","0","0","0","1","02473","0","","5.0","","9","N","N","","0","","0","0","0","","0","","","1","0","0","0","0","0","0","1","0","1","","","","N","","","","","","","","","",""
"2005202273","","3","0","0","0","0","0","0","0","0","1","0","","02","3","2005","3","40.3617","-79.8679","","11","0","0","0","0","1","0","0","0","","0","0","0","","","0","","0","","40 21:42.120","","0","79 52:04.440","0","0","0","0","2473","0","0","0","N","0","0","0","3","02473","0","","1.0","","7","N","N","","0","","0","0","0","","0","","","3","0","0","0","0","0","0","2","0","3","","","","N","","","","","","","","","",""
"2005202274","","0","0","0","0","0","0","0","0","0","7","0","","02","3","2005","6","","","","11","0","0","0","1","0","0","0","0","","0","0","0","","","0","","0","","","","0","","0","0","0","0","2473","0","0","0","N","0","0","0","1","02473","0","","5.0","","1","N","N","","0","","0","0","1","","0","","","1","0","0","0","0","0","0","1","0","1","","","","N","","","","","","","","","",""
"2005202276","","2","0","0","0","0","0","0","0","0","1","0","","02","3","2005","2","","","","11","0","0","0","0","0","1","0","0","","0","0","0","","","3","","0","","","","0","","3","0","0","0","2473","0","0","0","N","0","0","0","3","02473","1","","1.0","","1","N","N","","0","","2","0","0","","0","","","2","3","0","0","0","0","0","1","0","2","","","","N","","","","","","","","","",""
"2005202278","","2","0","0","0","0","0","0","0","0","1","0","","02","3","2005","3","40.3266","-79.9112","","11","0","0","0","0","0","0","1","1","","0","0","0","","","0","","2","","40 19:35.760","","0","79 54:40.320","0","0","0","0","2473","0","0","0","N","0","0","0","3","02473","0","","1.0","","1","N","N","","0","","0","0","0","","0","","","2","0","0","0","0","0","0","2","0","2","","","","N","","","","","","","","","",""
"2005202279","","1","0","0","0","0","0","0","0","0","7","0","","02","3","2005","3","40.3605","-79.9077","","11","0","0","0","0","0","0","0","0","","0","0","0","","","0","","0","","40 21:37.800","","0","79 54:27.720","0","0","0","0","2473","0","0","0","N","0","0","0","1","02473","0","","5.0","","9","N","N","","0","","0","0","0","","0","","","1","0","0","0","0","0","0","2","0","1","","","","N","","","","","","","","","",""
"2005202280","","1","0","0","0","0","0","0","0","0","7","0","","02","3","2005","4","","","","11","0","0","0","0","0","0","0","0","","0","0","0","","","1","","0","","","","0","","9","0","0","0","2473","0","0","0","N","0","0","0","1","02473","0","","5.0","","1","N","N","","0","","0","0","0","","0","","","1","0","1","0","0","0","1","1","0","1","","","","N","","","","","","","","","",""