"CRN","ARRIVAL_TM","AUTOMOBILE_COUNT","BELTED_DEATH_COUNT","BELTED_SUSP_SERIOUS_INJ_COUNT","BICYCLE_COUNT","BICYCLE_DEATH_COUNT","BICYCLE_SUSP_SERIOUS_INJ_COUNT","BUS_COUNT","CHLDPAS_DEATH_COUNT","CHLDPAS_SUSP_SERIOUS_INJ_COUNT","COLLISION_TYPE","COMM_VEH_COUNT","CONS_ZONE_SPD_LIM","COUNTY","CRASH_MONTH","CRASH_YEAR","DAY_OF_WEEK","DEC_LATITUDE","DEC_LONGITUDE","DISPATCH_TM","DISTRICT","DRIVER_COUNT_16YR","DRIVER_COUNT_17YR","DRIVER_COUNT_18YR","DRIVER_COUNT_19YR","DRIVER_COUNT_20YR","DRIVER_COUNT_50_64YR","DRIVER_COUNT_65_74YR","DRIVER_COUNT_75PLUS","EST_HRS_CLOSED","FATAL_COUNT","HEAVY_TRUCK_COUNT","HORSE_BUGGY_COUNT","HOUR_OF_DAY","ILLUMINATION","INJURY_COUNT","INTERSECTION_RELATED","INTERSECT_TYPE","LANE_CLOSED","LATITUDE","LN_CLOSE_DIR","LOCATION_TYPE","LONGITUDE","MAX_SEVERITY_LEVEL","MCYCLE_DEATH_COUNT","MCYCLE_SUSP_SERIOUS_INJ_COUNT","MOTORCYCLE_COUNT","MUNICIPALITY","NONMOTR_COUNT","NONMOTR_DEATH_COUNT","NONMOTR_SUSP_SERIOUS_INJ_COUNT","NTFY_HIWY_MAINT","PED_COUNT","PED_DEATH_COUNT","PED_SUSP_SERIOUS_INJ_COUNT","PERSON_COUNT","POLICE_AGCY","POSSIBLE_INJ_COUNT","RDWY_SURF_TYPE_CD","RELATION_TO_ROAD","ROADWAY_CLEARED","ROAD_CONDITION","SCH_BUS_IND","SCH_ZONE_IND","SECONDARY_CRASH","SMALL_TRUCK_COUNT","SPEC_JURIS_CD","SUSP_MINOR_INJ_COUNT","SUSP_SERIOUS_INJ_COUNT","SUV_COUNT","TCD_FUNC_CD","TCD_TYPE","TFC_DETOUR_IND","TIME_OF_DAY","TOTAL_UNITS","TOT_INJ_COUNT","UNBELTED_OCC_COUNT","UNB_DEATH_COUNT","UNB_SUSP_SERIOUS_INJ_COUNT","UNK_INJ_DEG_COUNT","UNK_INJ_PER_COUNT","URBAN_RURAL","VAN_COUNT","VEHICLE_COUNT","WEATHER1","WEATHER2","WORKERS_PRES","WORK_ZONE_IND","WORK_ZONE_LOC","WORK_ZONE_TYPE","WZ_CLOSE_DETOUR","WZ_FLAGGER","WZ_LAW_OFFCR_IND","WZ_LN_CLOSURE","WZ_MOVING","WZ_OTHER","WZ_SHLDER_MDN","WZ_WORKERS_INJ_KILLED"
"2005205195","","2","0","0","0","0","0","0","0","0","4","0","","02","4","2005","6","40.432","-80.145","","11","0","0","0","0","0","0","1","0","","0","0","0","","","0","","1","","40 25:55.200","","0","80 08:42.000","0","0","0","0","2102","0","0","0","N","0","0","0","3","02102","0","","1.0","","1","N","N","","0","","0","0","0","","3","","","2","0","1","0","0","0","0","2","0","2","","","","N","","","","","","","","","",""
"2005205197","","0","0","0","0","0","0","0","0","0","1","0","","02","4","2005","3","40.5466","-80.219","","11","0","0","0","0","0","1","0","0","","0","0","0","","","0","","1","","40 32:47.760","","0","80 13:08.400","0","0","0","0","2103","0","0","0","N","0","0","0","3","02103","0","","1.0","","1","N","N","","3","","0","0","0","","0","","","3","0","0","0","0","0","0","2","0","3","","","","N","","","","","","","","","",""
"2005205241","","1","0","0","0","0","0","0","0","0","99","0","","02","4","2005","1","40.3908","-80.0397","","11","0","0","0","0","0","1","0","0","","0","0","0","","","0","","0","","40 23:26.880","","0","80 02:22.920","0","0","0","0","2422","0","0","0","N","0","0","0","1","02422","0","","1.0","","1","N","N","","0","","0","0","0","","0","","","2","0","0","0","0","0","0","2","0","2","","","","N","","","","","","","","","",""
"2005205248","","2","0","0","0","0","0","0","0","0","1","0","","02","4","2005","2","","","","11","0","0","0","0","0","0","0","0","","0","0","0","","","1","","0","","","","0","","9","0","0","0","2481","0","0","0","N","0","0","0","2","02481","0","","1.0","","1","N","N","","0","","0","0","0","","0","","","2","0","0","0","0","0","1","1","0","2","","","","N","","","","","","","","","",""
"2005205249","","1","0","0","0","0","0","0","0","0","1","0","","02","5","2005","3","40.3464","-79.8161","","11","0","0","0","0","0","0","1","0","","0","0","0","","","0","","0","","40 20:47.040","","7","79 48:57.960","0","0","0","0","2477","0","0","0","N","0","0","0","2","02477","0","","1.0","","1","N","N","","0","","0","0","1","","0","","","2","0","0","0","0","0","0","2","0","2","","","","N","","","","","","","","","",""
"2005205250","","1","0","0","0","0","0","0","0","0","7","0","","02","5","2005","7","40.3338","-79.8034","","11","0","0","0","0","0","0","0","1","","0","0","0","","","1","","0","","40 20:01.680","","0","79 48:12.240","3","0","0","0","2477","0","0","0","N","0","0","0","1","02477","0","","5.0","","1","N","N","","0","","1","0","0","","0","","","1","1","0","0","0","0","0","2","0","1","","","","N","","","","","","","","","",""
"2005205267","","0","0","0","0","0","0","0","0","0","7","0","","02","5","2005","7","40.457491","-80.143747","","11","0","0","0","0","0","0","0","0","","0","0","0","","","1","","2","","40 27:26.969","","0","80 08:37.488","4","0","0","0","2115","0","0","0","N","0","0","0","2","02115","1","","5.0","","9","N","N","","0","","0","0","0","","0","","","1","1","0","0","0","0","0","2","1","1","","","","N","","","","","","","","","",""
"2005205268","","1","0","0","0","0","0","0","0","0","7","0","","02","5","2005","1","","","","11","0","0","0","0","0","0","0","0","","0","0","0","","","1","","0","","","","0","","9","0","0","0","2115","0","0","0","N","0","0","0","1","02115","0","","2.0","","1","N","N","","0","","0","0","0","","0","","","1","0","0","0","0","0","1","1","0","1","","","","N","","","","","","","","","",""
"2005205271","","1","0","0","0","0","0","0","0","0","7","0","","02","5","2005","3","40.4931","-79.9749","","11","0","0","0","0","0","1","0","0","","0","0","0","","","0","","0","","40 29:35.160","","0","79 58:29.640","0","0","0","0","2445","0","0","0","N","0","0","0","1","02445","0","","5.0","","1","N","N","","0","","0","0","0","","0","","","1","0","0","0","0","0","0","2","0","1","","","","N","","","","","","","","","",""
"2005205272","","0","0","0","0","0","0","0","0","0","7","0","","02","3","2005","4","40.4797","-79.966","","11","0","0","0","0","0","0","0","0","","0","0","0","","","1","","7","","40 28:46.920","","2","79 57:57.600","9","0","0","0","2445","0","0","0","N","0","0","0","1","02445","0","","5.0","","9","N","N","","1","","0","0","0","","0","","","1","0","1","0","0","0","1","2","0","1","","","","N","","","","","","","","","",""
"2005205279","","2","0","0","0","0","0","0","0","0","5","0","","02","4","2005","6","40.359","-79.9083","","11","0","0","0","0","0","0","0","0","","0","0","0","","","3","","2","","40 21:32.400","","0","79 54:29.880","3","0","0","0","2473","0","0","0","N","0","0","0","3","02473","1","","1.0","","1","N","N","","0","","2","0","0","","2","","","2","3","2","0","0","0","0","2","0","2","","","","N","","","","","","","","","",""
"2005205280","","1","0","0","0","0","0","0","0","0","7","0","","02","5","2005","5","40.3919","-79.8697","","11","0","0","0","0","0","0","0","0","","0","0","0","","","0","","0","","40 23:30.840","","0","79 52:10.920","0","0","0","0","2473","0","0","0","N","0","0","0","1","02473","0","","5.0","","9","N","N","","0","","0","0","0","","0","","","1","0","1","0","0","0","0","2","0","1","","","","N","","","","","","","","","",""
"2005205281","","2","0","0","0","0","0","0","0","0","1","0","","02","5","2005","3","40.3399","-79.9383","","11","0","0","0","0","0","2","0","1","","0","0","0","","","2","","0","","40 20:23.640","","0","79 56:17.880","4","0","0","0","2473","0","0","0","N","0","0","0","3","02473","2","","1.0","","1","N","N","","0","","0","0","1","","0","","","3","2","0","0","0","0","0","2","0","3","","","","N","","","","","","","","","",""
"2005205282","","1","0","0","0","0","0","0","0","0","4","0","","02","5","2005","7","40.3484","-79.9448","","11","0","0","0","0","0","1","0","0","","0","0","0","","","0","","2","","40 20:54.240","","0","79 56:41.280","0","0","0","0","2473","0","0","0","N","0","0","0","2","02473","0","","1.0","","1","N","N","","0","","0","0","1","","2","","","2","0","0","0","0","0","0","2","0","2","","","","N","","","","","","","","","",""
"2005205283","","2","0","0","0","0","0","0","0","0","1","0","","02","5","2005","4","40.3699","-79.9283","","11","0","0","0","1","0","0","0","0","","0","0","0","","","1","","0","","40 22:11.640","","0","79 55:41.880","3","0","0","0","2473","0","0","0","N","0","0","0","5","02473","0","","1.0","","1","N","N","","0","","1","0","0","","0","","","2","1","3","0","0","0","0","2","0","2","","","","N","","","","","","","","","",""
"2005205284","","2","0","0","0","0","0","0","0","0","4","0","","02","5","2005","3","40.353","-79.9172","","11","0","0","0","0","0","1","0","0","","0","0","0","","","0","","2","","40 21:10.800","","0","79 55:01.920","0","0","0","0","2473","0","0","0","N","0","0","0","2","02473","0","","1.0","","1","N","N","","0","","0","0","0","","2","","","2","0","0","0","0","0","0","2","0","2","","","","N","","","","","","","","","",""
"2005205285","","2","0","0","0","0","0","0","0","0","4","0","","02","4","2005","5","","","","11","0","0","0","0","0","0","0","0","","0","0","0","","","1","","2","","","","0","","4","0","0","0","2473","0","0","0","N","0","0","0","3","02473","1","","1.0","","1","N","N","","0","","0","0","0","","3","","","2","1","0","0","0","0","0","1","0","2","","","","N","","","","","","","","","",""
"2005205286","","0","0","0","0","0","0","0","0","0","7","0","","02","5","2005","7","","","","11","0","0","1","0","0","0","0","0","","0","0","0","","","1","","0","","","","0","","4","0","0","0","2473","0","0","0","N","0","0","0","1","02473","1","","5.0","","1","N","N","","1","","0","0","0","","0","","","1","1","0","0","0","0","0","1","0","1","","","","N","","","","","","","","","",""
"2005205287","","1","0","0","0","0","0","0","0","0","2","0","","02","5","2005","3","","","","11","0","0","0","1","0","1","0","0","","0","0","0","","","0","","0","","","","0","","0","0","0","0","2473","0","0","0","N","0","0","0","2","02473","0","","1.0","","1","N","N","","0","","0","0","0","","0","","","2","0","0","0","0","0","0","1","1","2","","","","N","","","","","","","","","",""
"2005205288","","1","0","0","0","0","0","0","0","0","4","0","","02","5","2005","6","40.3484","-79.9448","","11","0","0","0","0","0","0","0","0","","0","0","0","","","3","","2","","40 20:54.240","","0","79 56:41.280","4","0","0","0","2473","0","0","0","N","0","0","0","3","02473","2","","1.0","","1","N","N","","1","","0","0","0","","2","","","2","2","0","0","0","0","1","2","0","2","","","","N","","","","","","","","","",""
"2005205289","","2","0","0","0","0","0","0","0","0","1","0","","02","5","2005","6","40.3419","-79.9166","","11","0","0","0","0","1","0","0","0","","0","0","0","","","1","","2","","40 20:30.840","","0","79 54:59.760","9","0","0","0","2413","0","0","0","N","0","0","0","2","02473","0","","1.0","","1","N","N","","0","","0","0","0","","0","","","2","0","0","0","0","0","1","2","0","2","","","","N","","","","","","","","","",""
"2005205290","","1","0","0","0","0","0","0","0","0","7","0","","02","4","2005","7","40.4778","-79.9677","","11","0","0","0","1","0","0","0","0","","0","0","0","","","1","","0","","40 28:40.080","","2","79 58:03.720","4","0","0","0","2445","0","0","0","N","0","0","0","1","02445","1","","2.0","","9","N","N","","0","","0","0","0","","0","","","1","1","1","0","0","0","0","2","0","1","","","","N","","","","","","","","","",""
"2005205292","","2","0","0","0","0","0","0","0","0","1","0","99","02","5","2005","4","40.4766","-79.9696","","11","0","0","0","0","0","0","0","0","","0","0","0","","","0","","0","","40 28:35.760","","0","79 58:10.560","0","0","0","0","2445","0","0","0","N","0","0","0","2","02445","0","","1.0","","1","N","N","","0","","0","0","0","","0","","","2","0","0","0","0","0","0","2","0","2","","","U","Y","8","1","","","U","","","","",""
"2005205293","","1","0","0","0","0","0","0","0","0","1","0","","02","4","2005","6","40.4732","-79.9722","","11","0","0","0","0","0","1","0","0","","0","0","0","","","0","","1","","40 28:23.520","","0","79 58:19.920","0","0","0","0","2445","0","0","0","N","0","0","0","2","02445","0","","1.0","","1","N","N","","1","","0","0","0","","2","","","2","0","0","0","0","0","0","2","0","2","","","","N","","","","","","","","","",""
"2005205297","","1","0","0","0","0","0","0","0","0","1","0","","02","5","2005","1","","","","11","0","0","0","1","0","0","0","0","","0","0","0","","","0","","0","","","","0","","0","0","0","0","2481","0","0","0","N","0","0","0","2","02481","0","","1.0","","1","N","N","","1","","0","0","0","","0","","","2","0","0","0","0","0","0","1","0","2","","","","N","","","","","","","","","",""
"2005205305","","2","0","0","0","0","0","0","0","0","4","0","","02","6","2005","1","40.383","-79.8774","","11","1","0","0","0","0","0","0","0","","0","0","0","","","0","","2","","40 22:58.800","","0","79 52:38.640","0","0","0","0","2473","0","0","0","N","0","0","0","2","02473","0","","1.0","","1","N","N","","0","","0","0","0","","3","","","2","0","0","0","0","0","0","2","0","2","","","","N","","","","","","","","","",""
"2005205306","","3","0","0","0","0","0","0","0","0","1","0","","02","6","2005","7","40.355","-79.9131","","11","1","0","0","0","0","0","1","0","","0","0","0","","","4","","0","","40 21:18.000","","0","79 54:47.160","3","0","0","0","2473","0","0","0","N","0","0","0","7","02473","3","","1.0","","1","N","N","","0","","1","0","0","","0","","","3","4","1","0","0","0","0","2","0","3","","","","N","","","","","","","","","",""
"2005205307","","2","0","0","0","0","0","0","0","0","4","0","","02","6","2005","7","","","","11","0","0","1","0","0","0","0","1","","0","0","0","","","0","","0","","","","7","","0","0","0","0","2473","0","0","0","N","0","0","0","2","02473","0","","1.0","","1","N","N","","0","","0","0","0","","0","","","2","0","0","0","0","0","0","1","0","2","","","","N","","","","","","","","","",""
"2005205316","","2","0","0","0","0","0","0","0","0","1","0","","02","6","2005","7","40.326","-79.7935","","11","1","0","0","0","0","0","0","0","","0","0","0","","","3","","2","","40 19:33.600","","0","79 47:36.600","4","0","0","0","2477","0","0","0","N","0","0","0","6","02477","3","","1.0","","1","N","N","","0","","0","0","0","","3","","","2","3","0","0","0","0","0","2","0","2","","","","N","","","","","","","","","",""
"2005205317","","2","0","0","0","0","0","0","0","0","4","0","","02","6","2005","7","","","","11","0","0","1","0","0","0","0","0","","0","0","0","","","1","","2","","","","0","","4","0","0","0","2477","0","0","0","N","0","0","0","2","02477","1","","1.0","","1","N","N","","0","","0","0","0","","3","","","2","1","0","0","0","0","0","1","0","2","","","","N","","","","","","","","","",""
"2005205318","","2","0","0","0","0","0","0","0","0","4","0","","02","6","2005","1","","","","11","0","1","0","0","0","0","0","0","","0","0","0","","","2","","2","","","","0","","4","0","0","0","2477","0","0","0","N","0","0","0","5","02477","2","","1.0","","1","N","N","","0","","0","0","0","","3","","","2","2","0","0","0","0","0","1","0","2","","","","N","","","","","","","","","",""
"2005205322","","2","0","0","0","0","0","0","0","0","4","0","","02","6","2005","6","","","","11","0","0","1","0","0","0","0","0","","0","0","0","","","0","","2","","","","0","","0","0","0","0","2473","0","0","0","N","0","0","0","7","02473","0","","1.0","","1","N","N","","0","","0","0","0","","3","","","2","0","1","0","0","0","0","1","0","2","","","","N","","","","","","","","","",""
"2005205350","","2","0","0","0","0","0","0","0","0","4","0","","02","5","2005","4","40.3222","-80.0567","","11","0","0","0","0","1","0","0","0","","0","0","0","","","1","","1","","40 19:19.920","","0","80 03:24.120","4","0","0","0","2407","0","0","0","N","0","0","0","2","02407","1","","1.0","","1","N","N","","0","","0","0","0","","3","","","2","1","0","0","0","0","0","2","0","2","","","","N","","","","","","","","","",""
"2005205351","","1","0","0","0","0","0","0","0","0","7","0","","02","5","2005","7","40.3278","-80.0352","","11","0","0","0","0","0","0","0","0","","0","0","0","","","0","","0","","40 19:40.080","","0","80 02:06.720","0","0","0","0","2407","0","0","0","N","0","0","0","1","02407","0","","5.0","","1","N","N","","0","","0","0","0","","0","","","1","0","1","0","0","0","0","2","0","1","","","","N","","","","","","","","","",""
"2005205352","","1","0","0","0","0","0","0","0","0","7","0","","02","5","2005","1","","","","11","0","0","0","0","0","0","0","0","","0","0","0","","","0","","0","","","","0","","0","0","0","0","2407","0","0","0","N","0","0","0","1","02407","0","","5.0","","1","N","N","","0","","0","0","0","","0","","","1","0","1","0","0","0","0","1","0","1","","","","N","","","","","","","","","",""
"2005205353","","2","0","0","0","0","0","0","0","0","4","0","","02","4","2005","6","40.3119","-80.0661","","11","0","0","0","0","1","0","0","0","","0","0","0","","","0","","0","","40 18:42.840","","7","80 03:57.960","0","0","0","0","2407","0","0","0","N","0","0","0","3","02407","0","","1.0","","9","N","N","","0","","0","0","0","","0","","","2","0","0","0","0","0","0","2","0","2","","","","N","","","","","","","","","",""
"2005205354","","1","0","0","0","0","0","0","0","0","7","0","","02","4","2005","2","40.35","-80.0161","","11","0","0","0","0","1","0","0","0","","0","0","0","","","0","","2","","40 21:00.000","","0","80 00:57.960","0","0","0","0","2407","0","0","0","N","0","0","0","2","02407","0","","5.0","","9","N","N","","0","","0","0","0","","0","","","1","0","1","0","0","0","0","2","0","1","","","","N","","","","","","","","","",""
"2005205356","","1","0","0","0","0","0","0","0","0","4","0","","02","4","2005","1","40.3081","-80.0328","","11","0","0","0","0","0","0","0","0","","0","0","0","","","0","","1","","40 18:29.160","","0","80 01:58.080","0","0","0","0","2407","0","0","0","N","0","0","0","4","02407","0","","1.0","","1","N","N","","1","","0","0","0","","2","","","2","0","0","0","0","0","0","2","0","2","","","","N","","","","","","","","","",""
"2005205358","","2","0","0","0","0","0","0","0","0","4","0","","02","4","2005","7","","","","11","0","0","0","0","0","0","0","1","","0","0","0","","","1","","0","","","","7","","4","0","0","0","2407","0","0","0","N","0","0","0","2","02407","1","","1.0","","1","N","N","","0","","0","0","0","","0","","","2","1","0","0","0","0","0","1","0","2","","","","N","","","","","","","","","",""
"2005205359","","3","0","0","0","0","0","0","0","0","1","0","","02","4","2005","4","40.3435","-80.0251","","11","0","0","0","0","0","2","1","0","","0","0","0","","","1","","2","","40 20:36.600","","0","80 01:30.360","4","0","0","0","2407","0","0","0","N","0","0","0","3","02407","1","","1.0","","1","N","N","","0","","0","0","0","","0","","","3","1","1","0","0","0","0","2","0","3","","","","N","","","","","","","","","",""
"2005205360","","2","0","0","0","0","0","0","0","0","4","0","","02","4","2005","1","40.3259","-80.0493","","11","0","0","0","0","0","0","0","0","","0","0","0","","","0","","1","","40 19:33.240","","0","80 02:57.480","0","0","0","0","2407","0","0","0","N","0","0","0","4","02407","0","","1.0","","1","N","N","","0","","0","0","0","","2","","","2","0","0","0","0","0","0","2","0","2","","","","N","","","","","","","","","",""
"2005205361","","1","0","0","0","0","0","0","0","0","2","0","","02","4","2005","4","40.3219","-80.057","","11","0","0","0","0","1","0","0","0","","0","0","0","","","2","","0","","40 19:18.840","","0","80 03:25.200","3","0","0","0","2407","0","0","0","N","0","0","0","2","02407","1","","1.0","","1","N","N","","0","","1","0","1","","0","","","2","2","0","0","0","0","0","2","0","2","","","","N","","","","","","","","","",""
"2005205362","","1","0","0","0","0","0","0","0","0","1","0","","02","5","2005","5","40.3111","-80.0615","","11","0","0","0","0","0","1","0","0","","0","0","0","","","1","","0","","40 18:39.960","","7","80 03:41.400","4","0","0","1","2407","0","0","0","N","0","0","0","2","02407","1","","1.0","","1","N","N","","0","","0","0","0","","0","","","2","1","0","0","0","0","0","2","0","2","","","","N","","","","","","","","","",""
"2005205363","","2","0","0","0","0","0","0","0","0","4","0","","02","6","2005","7","40.621709","-79.727558","","11","0","0","0","0","0","0","0","2","","0","0","0","","","0","","2","","40 37:18.151","","0","79 43:39.207","0","0","0","0","2106","0","0","0","N","0","0","0","3","02106","0","","1.0","","1","N","N","","1","","0","0","0","","3","","","3","0","0","0","0","0","0","2","0","3","","","","N","","","","","","","","","",""
"2005205364","","2","0","0","0","0","0","0","0","0","4","0","","02","5","2005","4","40.3286","-80.0291","","11","0","0","0","1","0","0","0","0","","0","0","0","","","1","","1","","40 19:42.960","","0","80 01:44.760","4","0","0","0","2407","0","0","0","N","0","0","0","3","02407","1","","1.0","","1","N","N","","0","","0","0","0","","0","","","2","1","1","0","0","0","0","2","0","2","","","","N","","","","","","","","","",""
"2005205365","","2","0","0","0","0","0","0","0","0","1","0","","02","5","2005","2","40.3275","-80.0413","","11","0","0","0","0","0","3","0","0","","0","0","0","","","1","","0","","40 19:39.000","","0","80 02:28.680","4","0","0","0","2407","0","0","0","N","0","0","0","3","02407","1","","1.0","","1","N","N","","1","","0","0","0","","0","","","3","1","0","0","0","0","0","2","0","3","","","","N","","","","","","","","","",""
"2005205366","","0","0","0","0","0","0","0","0","0","7","0","","02","5","2005","6","","","","11","0","0","0","0","0","0","0","0","","0","0","0","","","1","","0","","","","0","","2","0","1","1","2407","0","0","0","N","0","0","0","1","02407","0","","2.0","","1","N","N","","0","","0","1","0","","0","","","1","1","0","0","0","0","0","1","0","1","","","","N","","","","","","","","","",""
"2005205368","","1","0","0","0","0","0","0","0","0","4","0","","02","5","2005","4","40.3367","-80.0247","","11","0","0","0","0","0","0","0","0","","0","0","0","","","1","","2","","40 20:12.120","","7","80 01:28.920","4","0","0","0","2407","0","0","0","N","0","0","0","2","02407","1","","1.0","","1","N","N","","1","","0","0","0","","0","","","2","1","0","0","0","0","0","2","0","2","","","","N","","","","","","","","","",""
"2005205369","","0","0","0","0","0","0","0","0","0","2","0","","02","5","2005","4","40.3023","-80.0709","","11","0","0","0","0","0","1","0","0","","0","0","0","","","2","","0","","40 18:08.280","","0","80 04:15.240","3","0","0","0","2407","0","0","0","N","0","0","0","2","02407","0","","1.0","","1","N","N","","2","","1","0","0","","0","","","2","1","0","0","0","0","1","2","0","2","","","","N","","","","","","","","","",""
"2005205371","","1","0","0","0","0","0","0","0","0","4","0","","02","6","2005","1","40.3297","-80.0515","","11","0","0","0","0","0","0","0","0","","0","0","0","","","0","","1","","40 19:46.920","","0","80 03:05.400","0","0","0","0","2407","0","0","0","N","0","0","0","5","02407","0","","1.0","","1","N","N","","1","","0","0","0","","3","","","2","0","0","0","0","0","0","2","0","2","","","","N","","","","","","","","","",""
"2005205372","","2","0","0","0","0","0","0","0","0","1","0","","02","6","2005","6","","","","11","0","0","0","1","0","0","1","0","","0","0","0","","","1","","0","","","","7","","4","0","0","0","2407","0","0","0","N","0","0","0","5","02407","1","","1.0","","1","N","N","","0","","0","0","0","","0","","","2","1","0","0","0","0","0","1","0","2","","","","N","","","","","","","","","",""
"2005205373","","1","0","0","0","0","0","0","0","0","1","0","","02","5","2005","3","40.3379","-80.0159","","11","0","0","0","0","0","0","1","0","","0","0","0","","","0","","0","","40 20:16.440","","0","80 00:57.240","0","0","0","0","2407","0","0","0","N","0","0","0","2","02407","0","","1.0","","1","N","N","","0","","0","0","0","","0","","","2","0","0","0","0","0","0","2","1","2","","","","N","","","","","","","","","",""
"2005205402","","1","0","0","0","0","0","0","0","0","4","0","","02","4","2005","1","40.4744","-79.9716","","11","0","0","0","0","0","0","0","0","","0","0","0","","","0","","2","","40 28:27.840","","0","79 58:17.760","0","0","0","0","2445","0","0","0","N","0","0","0","2","02445","0","","1.0","","9","N","N","","1","","0","0","0","","2","","","2","0","0","0","0","0","0","2","0","2","","","","N","","","","","","","","","",""
"2005205406","","2","0","0","0","0","0","0","0","0","5","0","","02","6","2005","4","","","","11","0","1","0","0","0","0","0","0","","0","0","0","","","0","","0","","","","0","","0","0","0","0","2473","0","0","0","N","0","0","0","4","02473","0","","1.0","","9","N","N","","0","","0","0","0","","0","","","2","0","1","0","0","0","0","1","0","2","","","","N","","","","","","","","","",""
"2005205407","","1","0","0","0","0","0","0","0","0","4","0","","02","7","2005","4","40.428994","-80.097517","","11","0","0","1","0","0","0","0","0","","0","0","0","","","0","","1","","40 25:44.378","","0","80 05:51.061","0","0","0","0","2115","0","0","0","N","0","0","0","3","02115","0","","1.0","","1","N","N","","1","","0","0","0","","3","","","2","0","0","0","0","0","0","2","0","2","","","","N","","","","","","","","","",""
"2005205437","","2","0","0","0","0","0","0","0","0","4","0","","02","6","2005","6","","","","11","0","0","1","0","0","0","0","0","","0","0","0","","","1","","0","","","","7","","4","0","0","0","2473","0","0","0","N","0","0","0","2","02473","1","","1.0","","1","N","N","","0","","0","0","0","","0","","","2","1","0","0","0","0","0","1","0","2","","","","N","","","","","","","","","",""
"2005205438","","2","0","0","0","0","0","0","0","0","4","0","","02","6","2005","2","40.550072","-80.085726","","11","0","1","0","0","0","0","0","0","","0","0","0","","","0","","2","","40 33:00.259","","0","80 05:08.612","0","0","0","0","2215","0","0","0","N","0","0","0","2","02215","0","","1.0","","1","N","N","","0","","0","0","0","","2","","","2","0","0","0","0","0","0","2","0","2","","","","N","","","","","","","","","",""
"2005205445","","2","0","0","0","0","0","0","0","0","1","0","","02","6","2005","5","40.383","-79.8575","","11","0","1","0","0","0","0","1","0","","0","0","0","","","1","","2","","40 22:58.800","","0","79 51:27.000","3","0","0","0","2303","0","0","0","N","0","0","0","2","02303","0","","1.0","","1","N","N","","0","","1","0","0","","2","","","2","1","1","0","0","0","0","2","0","2","","","","N","","","","","","","","","",""
"2005205463","","1","0","0","0","0","0","0","0","0","1","0","","02","6","2005","4","","","","11","0","0","0","0","0","2","0","0","","0","0","0","","","0","","0","","","","0","","0","0","0","0","2453","0","0","0","N","0","0","0","2","02453","0","","1.0","","1","N","N","","1","","0","0","0","","0","","","2","0","0","0","0","0","0","1","0","2","","","","N","","","","","","","","","",""
"2005205474","","2","0","0","0","0","0","0","0","0","4","0","","02","6","2005","3","40.3368","-79.9491","","11","0","0","0","0","0","0","2","0","","0","0","0","","","3","","0","","40 20:12.480","","7","79 56:56.760","3","0","0","0","2473","0","0","0","N","0","0","0","4","02473","2","","1.0","","1","N","N","","0","","1","0","0","","2","","","2","3","0","0","0","0","0","2","0","2","","","","N","","","","","","","","","",""
"2005205475","","1","0","1","0","0","0","0","0","0","4","0","","02","6","2005","2","40.382926","-79.877904","","11","0","0","0","0","0","0","0","1","","0","0","0","","","1","","2","","40 22:58.535","","0","79 52:40.456","2","0","0","0","2473","0","0","0","N","0","0","0","2","02473","0","","1.0","","1","N","N","","1","","0","1","0","","2","","","2","1","0","0","0","0","0","2","0","2","","","","N","","","","","","","","","",""
"2005205483","","1","0","0","0","0","0","0","0","0","4","0","","02","7","2005","5","","","","11","0","0","0","0","0","1","0","0","","0","0","0","","","0","","0","","","","7","","0","0","0","0","2115","0","0","0","N","0","0","0","2","02115","0","","1.0","","1","N","N","","1","","0","0","0","","0","","","2","0","0","0","0","0","0","1","0","2","","","","N","","","","","","","","","",""
"2005205494","","1","0","0","0","0","0","0","0","0","1","0","","02","7","2005","4","40.4934","-79.9755","","11","0","0","0","0","0","2","0","1","","0","0","0","","","1","","1","","40 29:36.240","","0","79 58:31.800","4","0","0","0","2445","0","0","0","N","0","0","0","4","02445","1","","1.0","","1","N","N","","1","","0","0","0","","2","","","3","1","0","0","0","0","0","2","1","3","","","","N","","","","","","","","","",""
"2005205495","","0","0","0","0","0","0","0","0","0","4","0","","02","7","2005","6","40.479865","-79.973045","","11","0","0","0","0","0","0","0","0","","0","0","0","","","2","","1","","40 28:47.514","","0","79 58:22.962","3","0","0","2","2445","0","0","0","N","0","0","0","2","02445","0","","1.0","","1","N","N","","0","","2","0","0","","3","","","2","2","0","0","0","0","0","2","0","2","","","","N","","","","","","","","","",""
"2005205573","","2","0","0","0","0","0","0","0","0","1","0","","02","7","2005","1","40.3738","-80.0064","","11","0","0","0","0","0","1","1","0","","0","0","0","","","2","","2","","40 22:25.680","","0","80 00:23.040","4","0","0","0","2416","0","0","0","N","0","0","0","3","02416","2","","1.0","","1","N","N","","0","","0","0","0","","2","","","2","2","0","0","0","0","0","2","0","2","","","","N","","","","","","","","","",""
"2005205599","","0","0","0","0","0","0","0","0","0","8","0","","02","6","2005","3","","","","11","0","0","0","0","0","0","0","0","","0","0","0","","","1","","0","","","","0","","9","0","0","0","2453","1","0","0","N","1","0","0","2","02453","0","","1.0","","1","N","N","","0","","0","0","0","","0","","","2","0","0","0","0","0","1","1","0","1","","","","N","","","","","","","","","",""