"CRN","ARRIVAL_TM","AUTOMOBILE_COUNT","BELTED_DEATH_COUNT","BELTED_SUSP_SERIOUS_INJ_COUNT","BICYCLE_COUNT","BICYCLE_DEATH_COUNT","BICYCLE_SUSP_SERIOUS_INJ_COUNT","BUS_COUNT","CHLDPAS_DEATH_COUNT","CHLDPAS_SUSP_SERIOUS_INJ_COUNT","COLLISION_TYPE","COMM_VEH_COUNT","CONS_ZONE_SPD_LIM","COUNTY","CRASH_MONTH","CRASH_YEAR","DAY_OF_WEEK","DEC_LATITUDE","DEC_LONGITUDE","DISPATCH_TM","DISTRICT","DRIVER_COUNT_16YR","DRIVER_COUNT_17YR","DRIVER_COUNT_18YR","DRIVER_COUNT_19YR","DRIVER_COUNT_20YR","DRIVER_COUNT_50_64YR","DRIVER_COUNT_65_74YR","DRIVER_COUNT_75PLUS","EST_HRS_CLOSED","FATAL_COUNT","HEAVY_TRUCK_COUNT","HORSE_BUGGY_COUNT","HOUR_OF_DAY","ILLUMINATION","INJURY_COUNT","INTERSECTION_RELATED","INTERSECT_TYPE","LANE_CLOSED","LATITUDE","LN_CLOSE_DIR","LOCATION_TYPE","LONGITUDE","MAX_SEVERITY_LEVEL","MCYCLE_DEATH_COUNT","MCYCLE_SUSP_SERIOUS_INJ_COUNT","MOTORCYCLE_COUNT","MUNICIPALITY","NONMOTR_COUNT","NONMOTR_DEATH_COUNT","NONMOTR_SUSP_SERIOUS_INJ_COUNT","NTFY_HIWY_MAINT","PED_COUNT","PED_DEATH_COUNT","PED_SUSP_SERIOUS_INJ_COUNT","PERSON_COUNT","POLICE_AGCY","POSSIBLE_INJ_COUNT","RDWY_SURF_TYPE_CD","RELATION_TO_ROAD","ROADWAY_CLEARED","ROAD_CONDITION","SCH_BUS_IND","SCH_ZONE_IND","SECONDARY_CRASH","SMALL_TRUCK_COUNT","SPEC_JURIS_CD","SUSP_MINOR_INJ_COUNT","SUSP_SERIOUS_INJ_COUNT","SUV_COUNT","TCD_FUNC_CD","TCD_TYPE","TFC_DETOUR_IND","TIME_OF_DAY","TOTAL_UNITS","TOT_INJ_COUNT","UNBELTED_OCC_COUNT","UNB_DEATH_COUNT","UNB_SUSP_SERIOUS_INJ_COUNT","UNK_INJ_DEG_COUNT","UNK_INJ_PER_COUNT","URBAN_RURAL","VAN_COUNT","VEHICLE_COUNT","WEATHER1","WEATHER2","WORKERS_PRES","WORK_ZONE_IND","WORK_ZONE_LOC","WORK_ZONE_TYPE","WZ_CLOSE_DETOUR","WZ_FLAGGER","WZ_LAW_OFFCR_IND","WZ_LN_CLOSURE","WZ_MOVING","WZ_OTHER","WZ_SHLDER_MDN","WZ_WORKERS_INJ_KILLED"
"2005205607","","2","0","0","0","0","0","0","0","0","1","0","","02","7","2005","5","40.530783","-80.069676","","11","0","0","0","0","0","0","2","0","","0","0","0","","","0","","2","","40 31:50.817","","0","80 04:10.835","0","0","0","0","2215","0","0","0","N","0","0","0","2","02215","0","","1.0","","1","N","N","","0","","0","0","0","","2","","","2","0","0","0","0","0","0","2","0","2","","","","N","","","","","","","","","",""
"2005205608","","1","0","0","0","0","0","0","0","0","7","0","","02","7","2005","3","","","","11","0","0","0","1","0","0","0","0","","0","0","0","","","2","","0","","","","0","","4","0","0","0","2215","0","0","0","N","0","0","0","2","02215","2","","2.0","","9","N","N","","0","","0","0","0","","0","","","1","2","0","0","0","0","0","1","0","1","","","","N","","","","","","","","","",""
"2005205614","","2","0","0","0","0","0","0","0","0","4","0","","02","7","2005","7","40.3645","-80.0219","","11","0","0","0","0","0","0","0","0","","0","0","0","","","0","","0","","40 21:52.200","","7","80 01:18.840","0","0","0","0","2416","0","0","0","N","0","0","0","2","02416","0","","1.0","","1","N","N","","0","","0","0","0","","0","","","2","0","0","0","0","0","0","2","0","2","","","","N","","","","","","","","","",""
"2005205624","","1","0","0","0","0","0","0","0","0","8","0","","02","6","2005","5","40.4021","-79.7759","","11","0","0","0","0","0","0","0","0","","0","0","0","","","1","","2","","40 24:07.560","","0","79 46:33.240","4","0","0","0","2453","1","0","0","N","1","0","0","2","02453","1","","1.0","","1","N","N","","0","","0","0","0","","3","","","2","1","0","0","0","0","0","2","0","1","","","","N","","","","","","","","","",""
"2005205713","","1","0","0","0","0","0","0","0","0","1","0","","02","6","2005","6","40.3448","-79.9611","","11","0","0","0","0","0","1","0","0","","0","0","0","","","2","","1","","40 20:41.280","","0","79 57:39.960","3","0","0","0","2473","0","0","0","N","0","0","0","3","02473","0","","1.0","","1","N","N","","0","","1","0","1","","3","","","3","1","0","0","0","0","1","2","0","3","","","","N","","","","","","","","","",""
"2005205714","","1","0","0","0","0","0","0","0","0","1","0","","02","6","2005","5","40.3621","-79.9322","","11","0","0","0","0","0","0","0","0","","0","0","0","","","1","","1","","40 21:43.560","","0","79 55:55.920","4","0","0","0","2473","0","0","0","N","0","0","0","6","02473","1","","1.0","","1","N","N","","1","","0","0","0","","2","","","2","1","0","0","0","0","0","2","0","2","","","","N","","","","","","","","","",""
"2005205715","","2","0","0","0","0","0","0","0","0","4","0","","02","6","2005","7","40.3482","-79.9473","","11","0","0","0","0","0","1","0","0","","0","0","0","","","2","","1","","40 20:53.520","","0","79 56:50.280","4","0","0","0","2473","0","0","0","N","0","0","0","2","02473","2","","1.0","","1","N","N","","0","","0","0","0","","2","","","2","2","0","0","0","0","0","2","0","2","","","","N","","","","","","","","","",""
"2005205716","","1","0","0","0","0","0","0","0","0","7","0","","02","6","2005","7","40.3995","-79.878","","11","0","0","0","0","0","0","0","0","","0","0","0","","","0","","0","","40 23:58.200","","0","79 52:40.800","0","0","0","0","2473","0","0","0","N","0","0","0","2","02473","0","","5.0","","1","N","N","","0","","0","0","0","","0","","","1","0","2","0","0","0","0","2","0","1","","","","N","","","","","","","","","",""
"2005205719","","2","0","0","0","0","0","0","0","0","1","0","","02","5","2005","2","40.3853","-79.8636","","11","0","0","0","0","0","1","0","0","","0","0","0","","","2","","0","","40 23:07.080","","0","79 51:48.960","3","0","0","0","2473","0","0","0","N","0","0","0","4","02473","1","","1.0","","1","N","N","","0","","1","0","0","","0","","","2","2","0","0","0","0","0","2","0","2","","","","N","","","","","","","","","",""
"2005205720","","0","0","0","0","0","0","0","0","0","7","0","","02","5","2005","2","40.3391","-79.9103","","11","0","0","0","0","1","0","0","0","","0","0","0","","","1","","0","","40 20:20.760","","0","79 54:37.080","4","0","0","0","2473","0","0","0","N","0","0","0","1","02473","1","","5.0","","1","N","N","","0","","0","0","1","","0","","","1","1","0","0","0","0","0","2","0","1","","","","N","","","","","","","","","",""
"2005205721","","2","0","0","0","0","0","0","0","0","4","0","","02","5","2005","1","","","","11","0","0","0","0","0","0","0","0","","0","0","0","","","0","","0","","","","7","","0","0","0","0","2473","0","0","0","N","0","0","0","2","02473","0","","1.0","","1","N","N","","0","","0","0","0","","0","","","2","0","0","0","0","0","0","1","0","2","","","","N","","","","","","","","","",""
"2005205722","","1","0","0","0","0","0","0","0","0","99","0","","02","5","2005","4","","","","11","0","0","0","1","0","0","0","0","","0","0","0","","","1","","0","","","","0","","4","0","0","0","2473","0","0","0","N","0","0","0","1","02473","1","","5.0","","1","N","N","","0","","0","0","0","","0","","","2","1","1","0","0","0","0","1","0","2","","","","N","","","","","","","","","",""
"2005205723","","2","0","0","0","0","0","0","0","0","4","0","","02","5","2005","3","40.3407","-79.9152","","11","0","0","0","0","1","0","0","1","","0","0","0","","","0","","1","","40 20:26.520","","0","79 54:54.720","0","0","0","0","2473","0","0","0","N","0","0","0","2","02473","0","","1.0","","1","N","N","","0","","0","0","0","","3","","","2","0","0","0","0","0","0","2","0","2","","","","N","","","","","","","","","",""
"2005205725","","1","0","0","0","0","0","0","0","0","4","0","","02","5","2005","5","40.347641","-79.951881","","11","0","0","0","0","0","0","0","0","","0","0","0","","","0","","2","","40 20:51.507","","7","79 57:06.772","0","0","0","0","2473","0","0","0","N","0","0","0","3","02473","0","","1.0","","1","N","N","","0","","0","0","0","","2","","","2","0","0","0","0","0","0","2","1","2","","","","N","","","","","","","","","",""
"2005205731","","0","0","0","0","0","0","0","0","0","99","0","","02","6","2005","5","","","","11","0","0","0","0","0","0","0","0","","0","1","0","","","0","","0","","","","0","","0","0","0","0","2107","0","0","0","N","0","0","0","1","02107","0","","5.0","","1","N","N","","0","","0","0","0","","0","","","3","0","0","0","0","0","0","1","0","3","","","","N","","","","","","","","","",""
"2005205733","","1","0","0","0","0","0","0","0","0","4","0","","02","6","2005","3","40.4459","-80.1512","","11","0","0","0","0","0","1","0","0","","0","0","0","","","1","","2","","40 26:45.240","","0","80 09:04.320","4","0","0","0","2115","0","0","0","N","0","0","0","3","02115","1","","1.0","","9","N","N","","0","","0","0","0","","3","","","2","1","0","0","0","0","0","2","1","2","","","","N","","","","","","","","","",""
"2005205734","","2","0","0","0","0","0","0","0","0","4","0","","02","6","2005","1","40.3375","-79.8088","","11","0","0","0","0","0","0","0","0","","0","0","0","","","1","","1","","40 20:15.000","","0","79 48:31.680","9","0","0","0","2477","0","0","0","N","0","0","0","2","02477","0","","1.0","","1","N","N","","0","","0","0","0","","2","","","2","0","0","0","0","0","1","2","0","2","","","","N","","","","","","","","","",""
"2005205735","","2","0","0","0","0","0","0","0","0","4","0","","02","6","2005","4","40.3404","-79.8117","","11","0","0","0","0","0","1","0","0","","0","0","0","","","2","","0","","40 20:25.440","","7","79 48:42.120","3","0","0","0","2477","0","0","0","N","0","0","0","3","02477","0","","1.0","","1","N","N","","0","","2","0","0","","0","","","2","2","0","0","0","0","0","2","0","2","","","","N","","","","","","","","","",""
"2005205736","","1","0","0","0","0","0","0","0","0","1","0","","02","6","2005","7","40.3353","-79.8051","","11","0","0","0","1","0","0","0","0","","0","0","0","","","0","","0","","40 20:07.080","","0","79 48:18.360","0","0","0","0","2477","0","0","0","N","0","0","0","4","02477","0","","1.0","","1","N","N","","1","","0","0","0","","0","","","2","0","0","0","0","0","0","2","0","2","","","","N","","","","","","","","","",""
"2005205737","","1","0","0","0","0","0","0","0","0","2","0","","02","6","2005","4","40.3435","-79.814","","11","0","0","0","0","2","0","0","0","","0","0","0","","","0","","0","","40 20:36.600","","0","79 48:50.400","0","0","0","0","2477","0","0","0","N","0","0","0","2","02477","0","","1.0","","1","N","N","","1","","0","0","0","","0","","","2","0","0","0","0","0","0","2","0","2","","","","N","","","","","","","","","",""
"2005205738","","1","0","0","0","0","0","0","0","0","7","0","","02","6","2005","1","","","","11","0","0","0","0","0","0","0","0","","0","0","0","","","1","","0","","","","0","","4","0","0","0","2477","0","0","0","N","0","0","0","1","02477","1","","5.0","","1","N","N","","0","","0","0","0","","0","","","1","1","0","0","0","0","0","1","0","1","","","","N","","","","","","","","","",""
"2005205739","","2","0","0","0","0","0","0","0","0","4","0","","02","6","2005","7","40.358241","-79.831798","","11","0","0","0","0","0","0","0","0","","0","0","0","","","1","","2","","40 21:29.668","","0","79 49:54.472","9","0","0","0","2477","0","0","0","N","0","0","0","3","02477","0","","1.0","","1","N","N","","0","","0","0","0","","0","","","2","0","0","0","0","0","1","2","0","2","","","","N","","","","","","","","","",""
"2005205802","","1","0","0","1","0","0","0","0","0","8","0","","02","6","2005","4","","","","11","0","0","0","0","0","0","0","0","","0","0","0","","","1","","1","","","","0","","9","0","0","0","2303","1","0","0","N","0","0","0","5","02303","0","","1.0","","1","N","N","","0","","0","0","0","","3","","","2","0","0","0","0","0","1","1","0","1","","","","N","","","","","","","","","",""
"2005205803","","1","0","0","0","0","0","0","0","0","7","0","","02","6","2005","6","","","","11","0","0","0","0","0","0","0","0","","0","0","0","","","1","","0","","","","0","","3","0","0","0","2303","0","0","0","N","0","0","0","1","02303","0","","5.0","","1","N","N","","0","","1","0","0","","0","","","1","1","1","0","0","0","0","1","0","1","","","","N","","","","","","","","","",""
"2005205804","","2","0","0","0","0","0","0","0","0","5","0","","02","6","2005","4","40.3716","-79.8435","","11","0","0","0","0","0","0","0","0","","0","0","0","","","3","","0","","40 22:17.760","","0","79 50:36.600","3","0","0","0","2303","0","0","0","N","0","0","0","4","02303","1","","1.0","","1","N","N","","0","","2","0","0","","0","","","2","3","0","0","0","0","0","2","0","2","","","","N","","","","","","","","","",""
"2005205805","","1","0","0","0","0","0","0","0","0","1","0","","02","6","2005","6","40.3819","-79.8563","","11","0","0","0","0","0","0","0","0","","0","0","0","","","0","","0","","40 22:54.840","","7","79 51:22.680","0","0","0","0","2303","0","0","0","N","0","0","0","2","02303","0","","1.0","","1","N","N","","0","","0","0","0","","0","","","2","0","0","0","0","0","0","2","0","2","","","","N","","","","","","","","","",""
"2005205806","","2","0","0","0","0","0","0","0","0","4","0","","02","6","2005","6","40.3719","-79.8436","","11","0","0","0","0","0","0","0","0","","0","0","0","","","1","","1","","40 22:18.840","","0","79 50:36.960","4","0","0","0","2303","0","0","0","N","0","0","0","2","02303","1","","1.0","","1","N","N","","0","","0","0","0","","2","","","2","1","0","0","0","0","0","2","0","2","","","","N","","","","","","","","","",""
"2005205807","","1","0","0","0","0","0","0","0","0","1","0","","02","6","2005","3","40.385","-79.8628","","11","0","0","0","0","0","2","0","0","","0","0","0","","","2","","2","","40 23:06.000","","7","79 51:46.080","9","0","0","0","2303","0","0","0","N","0","0","0","3","02303","0","","1.0","","1","N","N","","0","","0","0","0","","2","","","2","0","0","0","0","0","2","2","1","2","","","","N","","","","","","","","","",""
"2005205808","","2","0","0","0","0","0","0","0","0","4","0","","02","6","2005","4","40.3842","-79.8603","","11","0","0","0","0","1","1","0","0","","0","0","0","","","0","","1","","40 23:03.120","","0","79 51:37.080","0","0","0","0","2303","0","0","0","N","0","0","0","4","02303","0","","1.0","","1","N","N","","0","","0","0","0","","0","","","2","0","0","0","0","0","0","2","0","2","","","","N","","","","","","","","","",""
"2005205809","","2","0","0","0","0","0","0","0","0","1","0","","02","6","2005","6","40.3721","-79.8437","","11","0","0","0","0","0","1","0","0","","0","0","0","","","0","","0","","40 22:19.560","","0","79 50:37.320","0","0","0","0","2303","0","0","0","N","0","0","0","2","02303","0","","1.0","","9","N","N","","0","","0","0","0","","0","","","2","0","0","0","0","0","0","2","0","2","","","","N","","","","","","","","","",""
"2005205810","","2","0","0","0","0","0","0","0","0","4","0","","02","6","2005","5","40.3738","-79.8448","","11","0","0","0","0","0","1","0","0","","0","0","0","","","1","","1","","40 22:25.680","","0","79 50:41.280","4","0","0","0","2303","0","0","0","N","0","0","0","2","02303","1","","1.0","","1","N","N","","0","","0","0","0","","0","","","2","1","0","0","0","0","0","2","0","2","","","","N","","","","","","","","","",""
"2005205812","","2","0","0","0","0","0","0","0","0","4","0","","02","7","2005","6","40.465982","-80.137681","","11","0","0","0","1","0","1","0","0","","0","0","0","","","4","","1","","40 27:57.535","","0","80 08:15.651","3","0","0","0","2115","0","0","0","N","0","0","0","6","02115","3","","1.0","","1","N","N","","0","","1","0","0","","2","","","2","4","0","0","0","0","0","2","0","2","","","","N","","","","","","","","","",""
"2005205815","","2","0","0","0","0","0","0","0","0","1","0","","02","4","2005","5","40.6165","-79.7364","","11","0","0","0","0","0","0","0","0","","0","0","0","","","1","","1","","40 36:59.400","","0","79 44:11.040","4","0","0","0","2106","0","0","0","N","0","0","0","2","02106","1","","1.0","","1","N","N","","0","","0","0","0","","2","","","2","1","0","0","0","0","0","2","0","2","","","","N","","","","","","","","","",""
"2005205816","","2","0","0","0","0","0","0","0","0","4","0","","02","5","2005","2","40.6227","-79.7262","","11","0","0","0","0","0","1","1","0","","0","0","0","","","1","","1","","40 37:21.720","","0","79 43:34.320","3","0","0","0","2106","0","0","0","N","0","0","0","2","02106","0","","1.0","","1","N","N","","0","","1","0","0","","3","","","2","1","0","0","0","0","0","2","0","2","","","","N","","","","","","","","","",""
"2005205818","","2","0","0","0","0","0","0","0","0","4","0","","02","5","2005","4","40.622579","-79.726277","","11","0","0","0","1","0","1","0","0","","0","0","0","","","2","","2","","40 37:21.285","","0","79 43:34.597","3","0","0","0","2106","0","0","0","N","0","0","0","4","02106","0","","1.0","","1","N","N","","0","","1","0","0","","0","","","2","1","1","0","0","0","1","2","0","2","","","","N","","","","","","","","","",""
"2005205819","","1","0","0","0","0","0","0","0","0","7","0","","02","5","2005","7","","","","11","0","0","0","0","0","0","0","0","","0","0","0","","","1","","0","","","","0","","3","0","0","0","2106","0","0","0","N","0","0","0","2","02106","0","","1.0","","9","N","N","","0","","1","0","0","","0","","","1","1","0","0","0","0","0","1","0","1","","","","N","","","","","","","","","",""
"2005205820","","2","0","0","0","0","0","0","0","0","1","0","","02","5","2005","2","40.6227","-79.7263","","11","0","0","1","0","0","0","0","0","","0","0","0","","","1","","1","","40 37:21.720","","0","79 43:34.680","4","0","0","0","2106","0","0","0","N","0","0","0","2","02106","1","","1.0","","1","N","N","","0","","0","0","0","","3","","","2","1","0","0","0","0","0","2","0","2","","","","N","","","","","","","","","",""
"2005205821","","1","0","0","0","0","0","0","0","0","4","0","","02","5","2005","5","40.628","-79.7194","","11","0","1","0","0","0","1","0","0","","0","0","0","","","2","","0","","40 37:40.800","","7","79 43:09.840","9","0","0","0","2106","0","0","0","N","0","0","0","6","02106","0","","1.0","","1","N","N","","2","","0","0","0","","0","","","3","0","0","0","0","0","2","2","0","3","","","","N","","","","","","","","","",""
"2005205822","","2","0","0","0","0","0","0","0","0","1","0","","02","5","2005","6","40.6325","-79.7151","","11","0","0","0","0","0","0","0","0","","0","0","0","","","0","","2","","40 37:57.000","","0","79 42:54.360","0","0","0","0","2106","0","0","0","N","0","0","0","2","02106","0","","1.0","","1","N","N","","0","","0","0","0","","0","","","2","0","0","0","0","0","0","2","0","2","","","","N","","","","","","","","","",""
"2005205823","","2","0","0","0","0","0","0","0","0","5","0","","02","5","2005","6","40.6286","-79.7188","","11","0","0","0","0","0","1","0","0","","0","0","0","","","0","","0","","40 37:42.960","","0","79 43:07.680","0","0","0","0","2106","0","0","0","N","0","0","0","3","02106","0","","1.0","","1","N","N","","0","","0","0","0","","0","","","2","0","0","0","0","0","0","2","0","2","","","","N","","","","","","","","","",""
"2005205824","","2","0","0","0","0","0","0","0","0","4","0","","02","5","2005","7","40.6196","-79.7303","","11","0","0","0","0","0","0","0","2","","0","0","0","","","4","","1","","40 37:10.560","","0","79 43:49.080","3","0","0","0","2106","0","0","0","N","0","0","0","4","02106","1","","1.0","","1","N","N","","0","","3","0","0","","3","","","2","4","0","0","0","0","0","2","0","2","","","","N","","","","","","","","","",""
"2005205825","","3","0","0","0","0","0","0","0","0","1","0","","02","6","2005","4","40.6509","-79.7084","","11","0","0","1","0","0","0","0","0","","0","0","0","","","2","","1","","40 39:03.240","","0","79 42:30.240","3","0","0","0","2106","0","0","0","N","0","0","0","3","02106","1","","1.0","","1","N","N","","0","","1","0","0","","2","","","3","2","0","0","0","0","0","2","0","3","","","","N","","","","","","","","","",""
"2005205826","","1","0","0","0","0","0","0","0","0","4","0","","02","6","2005","5","","","","11","0","0","1","0","0","0","0","0","","0","0","0","","","0","","1","","","","0","","0","0","0","0","2106","0","0","0","N","0","0","0","3","02106","0","","1.0","","1","N","N","","0","","0","0","0","","3","","","2","0","0","0","0","0","0","1","1","2","","","","N","","","","","","","","","",""
"2005205827","","1","0","0","0","0","0","0","0","0","4","0","","02","6","2005","6","40.6509","-79.7084","","11","0","0","0","0","0","1","1","0","","0","0","0","","","1","","1","","40 39:03.240","","0","79 42:30.240","4","0","0","0","2106","0","0","0","N","0","0","0","2","02106","1","","1.0","","1","N","N","","1","","0","0","0","","2","","","2","1","0","0","0","0","0","2","0","2","","","","N","","","","","","","","","",""
"2005205828","","2","0","0","0","0","0","0","0","0","1","0","","02","6","2005","6","40.636","-79.7125","","11","0","0","0","0","0","0","1","0","","0","0","0","","","0","","2","","40 38:09.600","","7","79 42:45.000","0","0","0","0","2106","0","0","0","N","0","0","0","2","02106","0","","1.0","","9","N","N","","0","","0","0","0","","2","","","2","0","0","0","0","0","0","2","0","2","","","","N","","","","","","","","","",""
"2005205829","","2","0","0","0","0","0","0","0","0","4","0","","02","6","2005","2","40.628","-79.7194","","11","0","0","0","0","0","1","0","0","","0","0","0","","","3","","1","","40 37:40.800","","0","79 43:09.840","4","0","0","0","2106","0","0","0","N","0","0","0","5","02106","3","","1.0","","1","N","N","","0","","0","0","0","","3","","","2","3","0","0","0","0","0","2","0","2","","","","N","","","","","","","","","",""
"2005205830","","1","0","0","0","0","0","0","0","0","4","0","","02","6","2005","3","","","","11","0","0","0","0","0","1","0","0","","0","0","0","","","0","","1","","","","0","","0","0","0","0","2106","0","0","0","N","0","0","0","2","02106","0","","1.0","","1","N","N","","0","","0","0","1","","0","","","2","0","0","0","0","0","0","1","0","2","","","","N","","","","","","","","","",""
"2005205831","","2","0","0","0","0","0","0","0","0","1","0","","02","6","2005","5","40.636","-79.7125","","11","0","0","0","0","0","1","1","0","","0","0","0","","","2","","1","","40 38:09.600","","0","79 42:45.000","4","0","0","0","2106","0","0","0","N","0","0","0","3","02106","2","","1.0","","1","N","N","","0","","0","0","0","","2","","","2","2","0","0","0","0","0","2","0","2","","","","N","","","","","","","","","",""
"2005205832","","0","0","0","0","0","0","0","0","0","99","0","","02","6","2005","4","","","","11","0","0","0","0","0","0","0","0","","0","0","0","","","0","","0","","","","0","","0","0","0","0","2106","0","0","0","N","0","0","0","1","02106","0","","1.0","","1","N","N","","0","","0","0","0","","0","","","2","0","0","0","0","0","0","1","0","2","","","","N","","","","","","","","","",""
"2005205877","","1","0","0","0","0","0","0","0","0","7","0","","02","7","2005","7","","","","11","0","0","0","1","0","0","0","0","","0","0","0","","","0","","2","","","","0","","0","0","0","0","2422","0","0","0","N","0","0","0","1","02422","0","","1.0","","1","N","N","","0","","0","0","0","","3","","","1","0","0","0","0","0","0","1","0","1","","","","N","","","","","","","","","",""
"2005205878","","1","0","0","0","0","0","0","0","0","7","0","","02","7","2005","1","","","","11","0","0","0","0","1","0","0","0","","0","0","0","","","1","","0","","","","0","","4","0","0","0","2115","0","0","0","N","0","0","0","2","02115","1","","5.0","","1","N","N","","0","","0","0","0","","0","","","1","1","0","0","0","0","0","1","0","1","","","","N","","","","","","","","","",""
"2005205879","","3","0","0","0","0","0","0","0","0","1","0","","02","7","2005","7","","","","11","0","0","0","0","0","1","1","0","","0","0","0","","","0","","0","","","","7","","0","0","0","0","2115","0","0","0","N","0","0","0","3","02115","0","","1.0","","1","N","N","","0","","0","0","0","","0","","","3","0","0","0","0","0","0","1","0","3","","","","N","","","","","","","","","",""
"2005205887","","1","0","0","0","0","0","0","0","0","1","0","","02","7","2005","6","40.4479","-80.1549","","11","0","0","0","0","0","1","0","0","","0","0","0","","","0","","0","","40 26:52.440","","7","80 09:17.640","0","0","0","0","2115","0","0","0","N","0","0","0","2","02115","0","","1.0","","1","N","N","","0","","0","0","0","","0","","","2","0","0","0","0","0","0","2","1","2","","","","N","","","","","","","","","",""
"2005205888","","0","0","0","0","0","0","0","0","0","7","0","","02","7","2005","3","40.461713","-80.152061","","11","0","0","0","0","0","0","0","0","","0","0","0","","","0","","2","","40 27:42.166","","0","80 09:07.420","0","0","0","0","2115","0","0","0","N","0","0","0","2","02115","0","","1.0","","9","N","N","","1","","0","0","0","","3","","","1","0","0","0","0","0","0","2","0","1","","","","N","","","","","","","","","",""
"2005205889","","0","0","0","0","0","0","0","0","0","4","0","","02","6","2005","2","40.451962","-80.114741","","11","0","0","0","0","0","0","0","0","","0","0","0","","","2","","2","","40 27:07.063","","0","80 06:53.067","4","0","0","1","2115","0","0","0","N","0","0","0","4","02115","1","","1.0","","1","N","N","","1","","0","0","0","","3","","","2","1","0","0","0","0","1","2","0","2","","","","N","","","","","","","","","",""
"2005205890","","1","0","0","0","0","0","0","0","0","7","0","","02","7","2005","4","40.4463","-80.1517","","11","0","0","0","0","0","0","0","0","","0","0","0","","","0","","0","","40 26:46.680","","7","80 09:06.120","0","0","0","0","2115","0","0","0","N","0","0","0","1","02115","0","","1.0","","1","N","N","","0","","0","0","0","","0","","","1","0","0","0","0","0","0","2","0","1","","","","N","","","","","","","","","",""
"2005205891","","2","0","0","0","0","0","0","0","0","4","0","","02","6","2005","2","40.3661","-80.1069","","11","0","0","0","0","0","1","0","1","","0","0","0","","","1","","1","","40 21:57.960","","0","80 06:24.840","4","0","0","0","2102","0","0","0","N","0","0","0","3","02102","1","","1.0","","1","N","N","","0","","0","0","0","","2","","","2","1","0","0","0","0","0","2","0","2","","","","N","","","","","","","","","",""
"2005206009","","1","0","0","0","0","0","0","0","0","5","0","","02","6","2005","4","40.4501","-80.1121","","11","0","0","0","0","0","0","0","0","","0","0","0","","","0","","6","","40 27:00.360","","2","80 06:43.560","0","0","0","0","2115","0","0","0","N","0","0","0","2","02115","0","","1.0","","1","N","N","","0","","0","0","1","","4","","","2","0","0","0","0","0","0","2","0","2","","","","N","","","","","","","","","",""
"2005206010","","0","0","0","0","0","0","0","0","0","7","0","","02","6","2005","4","","","","11","0","0","0","0","0","0","0","0","","0","0","0","","","1","","0","","","","0","","9","0","0","0","2115","0","0","0","N","0","0","0","1","02115","0","","5.0","","1","N","N","","1","","0","0","0","","0","","","1","0","0","0","0","0","1","1","0","1","","","","N","","","","","","","","","",""
"2005206015","","1","0","0","0","0","0","0","0","0","1","0","","02","6","2005","4","40.3656","-80.0167","","11","0","0","0","0","0","2","0","0","","0","0","0","","","1","","0","","40 21:56.160","","7","80 01:00.120","4","0","0","0","2416","0","0","0","N","0","0","0","3","02416","1","","1.0","","1","N","N","","2","","0","0","0","","0","","","3","1","0","0","0","0","0","2","0","3","","","","N","","","","","","","","","",""
"2005206016","","2","0","0","0","0","0","0","0","0","4","0","","02","6","2005","6","","","","11","0","0","0","0","1","0","0","0","","0","0","0","","","0","","1","","","","0","","0","0","0","0","2422","0","0","0","N","0","0","0","2","02422","0","","1.0","","1","N","N","","0","","0","0","0","","3","","","2","0","0","0","0","0","0","1","0","2","","","","N","","","","","","","","","",""
"2005206034","","1","0","0","0","0","0","0","0","0","7","0","","02","6","2005","5","","","","11","0","0","0","0","0","0","0","0","","0","0","0","","","0","","0","","","","0","","0","0","0","0","2115","0","0","0","N","0","0","0","1","02115","0","","2.0","","1","N","N","","0","","0","0","0","","0","","","1","0","0","0","0","0","0","1","0","1","","","","N","","","","","","","","","",""
"2005206035","","1","0","0","0","0","0","0","0","0","1","0","","02","6","2005","4","40.4534","-80.1727","","11","0","0","0","0","0","1","0","0","","0","0","0","","","2","","2","","40 27:12.240","","2","80 10:21.720","4","0","0","0","2115","0","0","0","N","0","0","0","3","02115","2","","1.0","","1","N","N","","0","","0","0","0","","2","","","2","2","1","0","0","0","0","2","1","2","","","","N","","","","","","","","","",""
"2005206036","","2","0","0","0","0","0","0","0","0","4","0","","02","6","2005","4","40.4527","-80.1341","","11","0","0","0","0","0","0","0","0","","0","0","0","","","0","","0","","40 27:09.720","","7","80 08:02.760","0","0","0","0","2115","0","0","0","N","0","0","0","2","02115","0","","1.0","","1","N","N","","0","","0","0","0","","0","","","2","0","0","0","0","0","0","2","0","2","","","","N","","","","","","","","","",""
"2005206051","","2","0","0","0","0","0","0","0","0","4","0","","02","6","2005","6","","","","11","0","0","0","0","1","1","0","0","","0","0","0","","","2","","0","","","","7","","4","0","0","0","2115","0","0","0","N","0","0","0","2","02115","1","","1.0","","1","N","N","","0","","0","0","0","","0","","","2","1","0","0","0","0","1","1","0","2","","","","N","","","","","","","","","",""
"2005206054","","2","0","0","0","0","0","0","0","0","4","0","","02","6","2005","7","40.3971","-80.0297","","11","0","0","0","0","0","1","0","0","","0","0","0","","","0","","2","","40 23:49.560","","0","80 01:46.920","0","0","0","0","2422","0","0","0","N","0","0","0","2","02422","0","","1.0","","1","N","N","","0","","0","0","0","","3","","","2","0","0","0","0","0","0","2","0","2","","","","N","","","","","","","","","",""