"CRN","ARRIVAL_TM","AUTOMOBILE_COUNT","BELTED_DEATH_COUNT","BELTED_SUSP_SERIOUS_INJ_COUNT","BICYCLE_COUNT","BICYCLE_DEATH_COUNT","BICYCLE_SUSP_SERIOUS_INJ_COUNT","BUS_COUNT","CHLDPAS_DEATH_COUNT","CHLDPAS_SUSP_SERIOUS_INJ_COUNT","COLLISION_TYPE","COMM_VEH_COUNT","CONS_ZONE_SPD_LIM","COUNTY","CRASH_MONTH","CRASH_YEAR","DAY_OF_WEEK","DEC_LATITUDE","DEC_LONGITUDE","DISPATCH_TM","DISTRICT","DRIVER_COUNT_16YR","DRIVER_COUNT_17YR","DRIVER_COUNT_18YR","DRIVER_COUNT_19YR","DRIVER_COUNT_20YR","DRIVER_COUNT_50_64YR","DRIVER_COUNT_65_74YR","DRIVER_COUNT_75PLUS","EST_HRS_CLOSED","FATAL_COUNT","HEAVY_TRUCK_COUNT","HORSE_BUGGY_COUNT","HOUR_OF_DAY","ILLUMINATION","INJURY_COUNT","INTERSECTION_RELATED","INTERSECT_TYPE","LANE_CLOSED","LATITUDE","LN_CLOSE_DIR","LOCATION_TYPE","LONGITUDE","MAX_SEVERITY_LEVEL","MCYCLE_DEATH_COUNT","MCYCLE_SUSP_SERIOUS_INJ_COUNT","MOTORCYCLE_COUNT","MUNICIPALITY","NONMOTR_COUNT","NONMOTR_DEATH_COUNT","NONMOTR_SUSP_SERIOUS_INJ_COUNT","NTFY_HIWY_MAINT","PED_COUNT","PED_DEATH_COUNT","PED_SUSP_SERIOUS_INJ_COUNT","PERSON_COUNT","POLICE_AGCY","POSSIBLE_INJ_COUNT","RDWY_SURF_TYPE_CD","RELATION_TO_ROAD","ROADWAY_CLEARED","ROAD_CONDITION","SCH_BUS_IND","SCH_ZONE_IND","SECONDARY_CRASH","SMALL_TRUCK_COUNT","SPEC_JURIS_CD","SUSP_MINOR_INJ_COUNT","SUSP_SERIOUS_INJ_COUNT","SUV_COUNT","TCD_FUNC_CD","TCD_TYPE","TFC_DETOUR_IND","TIME_OF_DAY","TOTAL_UNITS","TOT_INJ_COUNT","UNBELTED_OCC_COUNT","UNB_DEATH_COUNT","UNB_SUSP_SERIOUS_INJ_COUNT","UNK_INJ_DEG_COUNT","UNK_INJ_PER_COUNT","URBAN_RURAL","VAN_COUNT","VEHICLE_COUNT","WEATHER1","WEATHER2","WORKERS_PRES","WORK_ZONE_IND","WORK_ZONE_LOC","WORK_ZONE_TYPE","WZ_CLOSE_DETOUR","WZ_FLAGGER","WZ_LAW_OFFCR_IND","WZ_LN_CLOSURE","WZ_MOVING","WZ_OTHER","WZ_SHLDER_MDN","WZ_WORKERS_INJ_KILLED"
"2005206538","","2","0","0","0","0","0","0","0","0","2","0","","02","1","2005","6","40.5503","-80.0562","","11","0","0","0","0","0","1","0","0","","0","0","0","","","1","","0","","40 33:01.080","","0","80 03:22.320","4","0","0","0","2116","0","0","0","N","0","0","0","4","02116","1","","1.0","","2","N","N","","0","","0","0","0","","0","","","2","1","1","0","0","0","0","2","0","2","","","","N","","","","","","","","","",""
"2005206539","","1","0","0","0","0","0","0","0","0","4","0","","02","1","2005","5","40.5459","-80.0167","","11","0","0","0","0","0","0","0","0","","0","0","0","","","1","","1","","40 32:45.240","","0","80 01:00.120","9","0","0","0","2116","0","0","0","N","0","0","0","2","02116","0","","1.0","","9","N","N","","0","","0","0","0","","2","","","2","0","1","0","0","0","1","2","1","2","","","","N","","","","","","","","","",""
"2005206540","","1","0","0","0","0","0","0","0","0","7","0","","02","1","2005","3","","","","11","0","0","0","0","0","0","0","0","","0","0","0","","","1","","0","","","","0","","4","0","0","0","2116","0","0","0","N","0","0","0","1","02116","1","","5.0","","1","N","N","","0","","0","0","0","","0","","","1","1","0","0","0","0","0","1","0","1","","","","N","","","","","","","","","",""
"2005206584","","3","0","0","0","0","0","0","0","0","1","0","","02","1","2005","1","40.5068","-80.0068","","11","0","0","0","0","0","1","0","0","","0","0","0","","","0","","1","","40 30:24.480","","0","80 00:24.480","0","0","0","0","2116","0","0","0","N","0","0","0","3","02116","0","","1.0","","9","N","N","","0","","0","0","0","","2","","","3","0","0","0","0","0","0","2","0","3","","","","N","","","","","","","","","",""
"2005206585","","1","0","0","0","0","0","0","0","0","4","0","","02","1","2005","4","40.5307","-80.01","","11","0","0","0","0","0","0","0","0","","0","0","0","","","0","","1","","40 31:50.520","","0","80 00:36.000","0","0","0","0","2116","0","0","0","N","0","0","0","3","02116","0","","1.0","","7","N","N","","0","","0","0","1","","2","","","3","0","0","0","0","0","0","2","1","3","","","","N","","","","","","","","","",""
"2005206586","","1","0","0","0","0","0","0","0","0","7","0","","02","1","2005","2","","","","11","0","0","0","0","0","1","0","0","","0","0","0","","","0","","0","","","","0","","0","0","0","0","2116","0","0","0","N","0","0","0","1","02116","0","","5.0","","7","N","N","","0","","0","0","0","","0","","","1","0","0","0","0","0","0","1","0","1","","","","N","","","","","","","","","",""
"2005206587","","0","0","0","0","0","0","0","0","0","7","0","","02","1","2005","2","","","","11","0","0","0","0","0","0","0","0","","0","0","0","","","1","","0","","","","0","","4","0","0","0","2116","0","0","0","N","0","0","0","1","02116","1","","5.0","","1","N","N","","1","","0","0","0","","0","","","1","1","0","0","0","0","0","1","0","1","","","","N","","","","","","","","","",""
"2005206588","","3","0","0","0","0","0","0","0","0","1","0","","02","1","2005","4","40.5063","-80.0075","","11","0","0","0","0","0","1","1","0","","0","0","0","","","0","","0","","40 30:22.680","","0","80 00:27.000","0","0","0","0","2116","0","0","0","N","0","0","0","3","02116","0","","1.0","","9","N","N","","0","","0","0","0","","0","","","3","0","0","0","0","0","0","2","0","3","","","","N","","","","","","","","","",""
"2005206589","","2","0","0","0","0","0","0","0","0","4","0","","02","1","2005","3","40.4981","-80.0202","","11","0","0","0","0","0","2","0","0","","0","0","0","","","0","","2","","40 29:53.160","","0","80 01:12.720","0","0","0","0","2116","0","0","0","N","0","0","0","2","02116","0","","1.0","","1","N","N","","0","","0","0","0","","2","","","2","0","0","0","0","0","0","2","0","2","","","","N","","","","","","","","","",""
"2005206590","","2","0","0","0","0","0","0","0","0","4","0","","02","1","2005","5","40.5419","-80.0128","","11","0","0","0","0","0","1","0","1","","0","0","0","","","0","","0","","40 32:30.840","","0","80 00:46.080","0","0","0","0","2116","0","0","0","N","0","0","0","3","02116","0","","1.0","","1","N","N","","0","","0","0","1","","0","","","3","0","0","0","0","0","0","2","0","3","","","","N","","","","","","","","","",""
"2005206591","","2","0","0","0","0","0","0","0","0","1","0","","02","1","2005","3","40.5059","-80.008","","11","0","0","0","0","0","0","0","0","","0","0","0","","","2","","0","","40 30:21.240","","0","80 00:28.800","4","0","0","0","2116","0","0","0","N","0","0","0","2","02116","2","","1.0","","1","N","N","","0","","0","0","0","","0","","","2","2","0","0","0","0","0","2","0","2","","","","N","","","","","","","","","",""
"2005206592","","1","0","0","0","0","0","0","0","0","7","0","","02","1","2005","6","40.5075","-80.006","","11","0","0","0","0","1","0","0","0","","0","0","0","","","1","","0","","40 30:27.000","","0","80 00:21.600","4","0","0","0","2116","0","0","0","N","0","0","0","1","02116","1","","3.0","","1","N","N","","0","","0","0","0","","0","","","1","1","0","0","0","0","0","2","0","1","","","","N","","","","","","","","","",""
"2005206597","","2","0","0","0","0","0","0","0","0","4","0","","02","5","2005","1","","","","11","0","0","0","0","0","0","0","1","","0","0","0","","","0","","2","","","","0","","0","0","0","0","2116","0","0","0","N","0","0","0","3","02116","0","","1.0","","1","N","N","","0","","0","0","0","","3","","","2","0","0","0","0","0","0","1","0","2","","","","N","","","","","","","","","",""
"2005206598","","2","0","0","0","0","0","0","0","0","4","0","","02","5","2005","3","40.4939","-80.011","","11","0","0","0","0","0","2","0","0","","0","0","0","","","0","","0","","40 29:38.040","","7","80 00:39.600","0","0","0","0","2116","0","0","0","N","0","0","0","2","02116","0","","1.0","","1","N","N","","0","","0","0","0","","0","","","2","0","0","0","0","0","0","2","0","2","","","","N","","","","","","","","","",""
"2005206599","","1","0","0","0","0","0","0","0","0","7","0","","02","5","2005","7","40.5079","-80.0055","","11","0","0","0","0","1","0","0","0","","0","0","0","","","0","","0","","40 30:28.440","","0","80 00:19.800","0","0","0","0","2116","0","0","0","N","0","0","0","1","02116","0","","1.0","","1","N","N","","0","","0","0","0","","0","","","1","0","0","0","0","0","0","2","0","1","","","","N","","","","","","","","","",""
"2005206600","","1","0","0","0","0","0","0","0","0","7","0","","02","5","2005","5","","","","11","0","0","0","0","0","0","0","0","","0","0","0","","","0","","0","","","","0","","0","0","0","0","2116","0","0","0","N","0","0","0","1","02116","0","","5.0","","1","N","N","","0","","0","0","0","","0","","","1","0","0","0","0","0","0","1","0","1","","","","N","","","","","","","","","",""
"2005206601","","2","0","0","0","0","0","0","0","0","4","0","","02","5","2005","4","40.5304","-80.0176","","11","0","0","0","0","0","0","0","1","","0","0","0","","","0","","1","","40 31:49.440","","0","80 01:03.360","0","0","0","0","2116","0","0","0","N","0","0","0","2","02116","0","","1.0","","1","N","N","","0","","0","0","0","","3","","","2","0","0","0","0","0","0","2","0","2","","","","N","","","","","","","","","",""
"2005206602","","1","0","0","0","0","0","0","0","0","99","0","","02","5","2005","1","","","","11","0","0","0","0","0","1","0","0","","0","0","0","","","1","","0","","","","0","","9","0","0","0","2116","0","0","0","N","0","0","0","1","02116","0","","1.0","","1","N","N","","0","","0","0","0","","0","","","2","0","0","0","0","0","1","1","0","2","","","","N","","","","","","","","","",""
"2005206604","","1","0","0","0","0","0","0","0","0","1","0","","02","5","2005","2","40.5419","-80.0359","","11","0","0","0","0","0","0","0","0","","0","0","0","","","0","","0","","40 32:30.840","","0","80 02:09.240","0","0","0","0","2116","0","0","0","N","0","0","0","2","02116","0","","1.0","","1","N","N","","1","","0","0","0","","0","","","2","0","0","0","0","0","0","2","0","2","","","","N","","","","","","","","","",""
"2005206605","","1","0","0","0","0","0","0","0","0","99","0","","02","4","2005","7","","","","11","0","0","0","0","0","0","0","0","","0","0","0","","","0","","0","","","","0","","0","0","0","0","2116","0","0","0","N","0","0","0","2","02116","0","","1.0","","1","N","N","","0","","0","0","0","","0","","","2","0","0","0","0","0","0","1","0","2","","","","N","","","","","","","","","",""
"2005206606","","2","0","0","0","0","0","0","0","0","4","0","","02","5","2005","2","","","","11","0","0","0","0","0","0","0","0","","0","0","0","","","3","","0","","","","7","","9","0","0","0","2116","0","0","0","N","0","0","0","3","02116","0","","1.0","","1","N","N","","0","","0","0","0","","0","","","2","0","0","0","0","0","3","1","0","2","","","","N","","","","","","","","","",""
"2005206607","","1","0","0","0","0","0","0","0","0","4","0","","02","5","2005","2","40.550084","-79.997842","","11","0","0","0","0","0","0","0","0","","0","0","0","","","1","","2","","40 33:00.302","","0","79 59:52.231","4","0","0","0","2116","0","0","0","N","0","0","0","2","02116","1","","1.0","","9","N","N","","1","","0","0","0","","3","","","2","1","0","0","0","0","0","2","0","2","","","","N","","","","","","","","","",""
"2005206608","","2","0","0","0","0","0","0","0","0","4","0","","02","5","2005","1","","","","11","0","0","0","0","0","0","0","0","","0","0","0","","","0","","0","","","","7","","0","0","0","0","2116","0","0","0","N","0","0","0","4","02116","0","","1.0","","1","N","N","","0","","0","0","0","","0","","","2","0","0","0","0","0","0","1","0","2","","","","N","","","","","","","","","",""
"2005206609","","2","0","0","0","0","0","0","0","0","4","0","","02","5","2005","3","40.548498","-80.028104","","11","0","0","0","0","1","1","0","0","","0","0","0","","","0","","1","","40 32:54.592","","0","80 01:41.174","0","0","0","0","2116","0","0","0","N","0","0","0","2","02116","0","","1.0","","1","N","N","","0","","0","0","0","","3","","","2","0","1","0","0","0","0","2","0","2","","","","N","","","","","","","","","",""
"2005206610","","2","0","0","0","0","0","0","0","0","4","0","","02","5","2005","7","40.5487","-80.0368","","11","0","0","0","0","0","0","0","0","","0","0","0","","","1","","1","","40 32:55.320","","0","80 02:12.480","4","0","0","0","2116","0","0","0","N","0","0","0","2","02116","1","","1.0","","9","N","N","","0","","0","0","0","","2","","","2","1","0","0","0","0","0","2","0","2","","","","N","","","","","","","","","",""
"2005206611","","1","0","0","0","0","0","0","0","0","7","0","","02","5","2005","6","40.5057","-79.9949","","11","0","0","0","0","0","0","0","0","","0","0","0","","","1","","0","","40 30:20.520","","0","79 59:41.640","4","0","0","0","2116","0","0","0","N","0","0","0","1","02116","1","","5.0","","9","N","N","","0","","0","0","0","","0","","","1","1","0","0","0","0","0","2","0","1","","","","N","","","","","","","","","",""
"2005206612","","1","0","0","0","0","0","0","0","0","4","0","","02","6","2005","4","40.526932","-79.988275","","11","0","0","0","0","0","1","0","0","","0","0","0","","","0","","2","","40 31:36.955","","0","79 59:17.790","0","0","0","0","2116","0","0","0","N","0","0","0","2","02116","0","","1.0","","1","N","N","","0","","0","0","0","","3","","","2","0","0","0","0","0","0","2","1","2","","","","N","","","","","","","","","",""
"2005206613","","1","0","0","0","0","0","0","0","0","4","0","","02","5","2005","1","40.551068","-80.024502","","11","0","0","0","0","0","1","0","0","","0","0","0","","","0","","2","","40 33:03.844","","0","80 01:28.207","0","0","0","0","2116","0","0","0","N","0","0","0","2","02116","0","","1.0","","1","N","N","","0","","0","0","1","","2","","","2","0","0","0","0","0","0","2","0","2","","","","N","","","","","","","","","",""
"2005206614","","0","0","0","0","0","0","0","0","0","7","0","","02","5","2005","6","40.507939","-79.989966","","11","0","0","0","0","0","0","0","0","","0","0","0","","","0","","2","","40 30:28.581","","0","79 59:23.879","0","0","0","0","2116","0","0","0","N","0","0","0","1","02116","0","","5.0","","1","N","N","","0","","0","0","1","","3","","","1","0","0","0","0","0","0","2","0","1","","","","N","","","","","","","","","",""
"2005206649","","1","0","0","0","0","0","0","0","0","7","0","","02","4","2005","6","","","","11","0","0","0","0","0","0","0","0","","0","0","0","","","0","","0","","","","0","","0","0","0","0","2116","0","0","0","N","0","0","0","1","02116","0","","2.0","","9","N","N","","0","","0","0","0","","0","","","1","0","0","0","0","0","0","1","0","1","","","","N","","","","","","","","","",""
"2005206650","","2","0","0","0","0","0","0","0","0","1","0","","02","4","2005","2","40.5073","-80.0063","","11","0","0","1","0","0","0","0","0","","0","0","0","","","0","","0","","40 30:26.280","","0","80 00:22.680","0","0","0","0","2116","0","0","0","N","0","0","0","4","02116","0","","1.0","","1","N","N","","0","","0","0","0","","0","","","3","0","0","0","0","0","0","2","1","3","","","","N","","","","","","","","","",""
"2005206651","","1","0","0","0","0","0","0","0","0","7","0","","02","4","2005","4","40.542","-80.036","","11","0","0","0","0","0","0","0","0","","0","0","0","","","0","","0","","40 32:31.200","","0","80 02:09.600","0","0","0","0","2116","0","0","0","N","0","0","0","1","02116","0","","5.0","","9","N","N","","0","","0","0","0","","0","","","1","0","0","0","0","0","0","2","0","1","","","","N","","","","","","","","","",""
"2005206652","","2","0","0","0","0","0","0","0","0","4","0","","02","4","2005","7","","","","11","0","0","0","0","0","0","0","0","","0","0","0","","","1","","0","","","","7","","4","0","0","0","2116","0","0","0","N","0","0","0","2","02116","1","","1.0","","9","N","N","","0","","0","0","0","","0","","","2","1","0","0","0","0","0","1","0","2","","","","N","","","","","","","","","",""
"2005206653","","1","0","0","0","0","0","0","0","0","1","0","","02","4","2005","1","40.5212","-80.0051","","11","0","0","0","0","0","1","0","0","","0","0","0","","","0","","0","","40 31:16.320","","7","80 00:18.360","0","0","0","0","2116","0","0","0","N","0","0","0","3","02116","0","","1.0","","1","N","N","","0","","0","0","0","","0","","","2","0","0","0","0","0","0","2","1","2","","","","N","","","","","","","","","",""
"2005206654","","2","0","0","0","0","0","0","0","0","4","0","","02","4","2005","1","40.5061","-79.9905","","11","0","0","0","1","0","1","0","0","","0","0","0","","","1","","3","","40 30:21.960","","0","79 59:25.800","4","0","0","0","2116","0","0","0","N","0","0","0","5","02116","1","","1.0","","1","N","N","","0","","0","0","0","","3","","","2","1","0","0","0","0","0","2","0","2","","","","N","","","","","","","","","",""
"2005206655","","2","0","0","0","0","0","0","0","0","4","0","","02","4","2005","7","40.5459","-80.0167","","11","0","0","0","0","0","0","0","0","","0","0","0","","","0","","1","","40 32:45.240","","0","80 01:00.120","0","0","0","0","2116","0","0","0","N","0","0","0","2","02116","0","","1.0","","9","N","N","","0","","0","0","0","","2","","","2","0","0","0","0","0","0","2","0","2","","","","N","","","","","","","","","",""
"2005206656","","3","0","0","0","0","0","0","0","0","1","0","","02","4","2005","7","40.5447","-80.0153","","11","0","0","0","1","0","0","1","0","","0","0","0","","","0","","0","","40 32:40.920","","7","80 00:55.080","0","0","0","0","2116","0","0","0","N","0","0","0","4","02116","0","","1.0","","9","N","N","","0","","0","0","0","","0","","","3","0","0","0","0","0","0","2","0","3","","","","N","","","","","","","","","",""
"2005206657","","2","0","1","0","0","0","0","0","0","4","0","","02","4","2005","5","40.5459","-80.0167","","11","0","0","0","0","0","1","0","0","","0","0","0","","","2","","2","","40 32:45.240","","0","80 01:00.120","2","0","0","0","2116","0","0","0","N","0","0","0","3","02116","0","","1.0","","1","N","N","","0","","0","1","1","","2","","","3","1","1","0","0","0","1","2","0","3","","","","N","","","","","","","","","",""
"2005206658","","0","0","0","0","0","0","0","0","0","4","0","","02","4","2005","6","40.5421","-80.013","","11","0","0","0","0","0","0","0","0","","0","0","0","","","0","","2","","40 32:31.560","","7","80 00:46.800","0","0","0","0","2116","0","0","0","N","0","0","0","2","02116","0","","1.0","","1","N","N","","1","","0","0","0","","2","","","2","0","0","0","0","0","0","2","1","2","","","","N","","","","","","","","","",""
"2005206659","","1","0","0","0","0","0","0","0","0","1","0","","02","4","2005","2","40.522","-80.0053","","11","0","0","0","0","0","0","0","0","","0","0","0","","","1","","1","","40 31:19.200","","0","80 00:19.080","4","0","0","0","2116","0","0","0","N","0","0","0","2","02116","1","","1.0","","1","N","N","","0","","0","0","0","","2","","","2","1","0","0","0","0","0","2","1","2","","","","N","","","","","","","","","",""
"2005206660","","1","0","0","0","0","0","0","0","0","1","0","","02","4","2005","2","40.5459","-80.0167","","11","0","0","0","0","1","2","0","0","","0","0","0","","","2","","1","","40 32:45.240","","0","80 01:00.120","9","0","0","0","2116","0","0","0","N","0","0","0","3","02116","0","","1.0","","1","N","N","","2","","0","0","0","","2","","","3","0","0","0","0","0","2","2","0","3","","","","N","","","","","","","","","",""
"2005206661","","1","0","0","0","0","0","0","0","0","4","1","","02","4","2005","2","40.5048","-80.0092","","11","0","0","0","0","0","0","0","0","","0","1","0","","","0","","0","","40 30:17.280","","7","80 00:33.120","0","0","0","0","2116","0","0","0","N","0","0","0","3","02116","0","","1.0","","1","N","N","","0","","0","0","0","","0","","","2","0","0","0","0","0","0","2","0","2","","","","N","","","","","","","","","",""
"2005206662","","2","0","0","0","0","0","0","0","0","4","0","","02","4","2005","6","","","","11","0","0","0","0","0","0","1","0","","0","0","0","","","0","","0","","","","7","","0","0","0","0","2116","0","0","0","N","0","0","0","4","02116","0","","1.0","","1","N","N","","0","","0","0","0","","0","","","2","0","0","0","0","0","0","1","0","2","","","","N","","","","","","","","","",""
"2005206663","","1","0","0","0","0","0","0","0","0","7","0","","02","4","2005","3","40.5392","-80.0548","","11","0","0","0","1","0","0","0","0","","0","0","0","","","1","","0","","40 32:21.120","","0","80 03:17.280","4","0","0","0","2116","0","0","0","N","0","0","0","1","02116","1","","5.0","","1","N","N","","0","","0","0","0","","0","","","1","1","0","0","0","0","0","2","0","1","","","","N","","","","","","","","","",""
"2005206664","","2","0","0","0","0","0","0","0","0","7","0","","02","4","2005","6","40.5344","-80.0536","","11","0","0","0","0","0","1","0","0","","0","0","0","","","2","","0","","40 32:03.840","","0","80 03:12.960","4","0","0","0","2116","0","0","0","N","0","0","0","4","02116","1","","5.0","","1","N","N","","0","","0","0","1","","0","","","3","1","0","0","0","0","1","2","0","3","","","","N","","","","","","","","","",""
"2005206665","","2","0","0","0","0","0","0","0","0","1","0","","02","3","2005","4","40.5176","-80.0047","","11","0","0","0","0","0","1","0","0","","0","0","0","","","1","","0","","40 31:03.360","","7","80 00:16.920","4","0","0","0","2116","0","0","0","N","0","0","0","4","02116","1","","1.0","","1","N","N","","1","","0","0","0","","0","","","3","1","0","0","0","0","0","2","0","3","","","","N","","","","","","","","","",""
"2005206666","","1","0","0","0","0","0","0","0","0","7","0","","02","4","2005","2","","","","11","0","0","0","0","0","0","0","0","","0","0","0","","","1","","0","","","","0","","9","0","0","0","2116","0","0","0","N","0","0","0","1","02116","0","","5.0","","2","N","N","","0","","0","0","0","","0","","","1","0","0","0","0","0","1","1","0","1","","","","N","","","","","","","","","",""
"2005206667","","4","0","0","0","0","0","0","0","0","1","0","","02","5","2005","2","40.5158","-80.0095","","11","0","0","0","0","0","0","1","0","","0","0","0","","","2","","2","","40 30:56.880","","0","80 00:34.200","4","0","0","0","2116","0","0","0","N","0","0","0","6","02116","2","","1.0","","1","N","N","","0","","0","0","0","","0","","","4","2","1","0","0","0","0","2","0","4","","","","N","","","","","","","","","",""
"2005206738","","2","0","0","0","0","0","0","0","0","4","0","","02","7","2005","1","40.3484","-79.9448","","11","0","0","0","0","0","0","0","1","","0","0","0","","","3","","2","","40 20:54.240","","7","79 56:41.280","3","0","0","0","2473","0","0","0","N","0","0","0","6","02473","1","","1.0","","1","N","N","","0","","1","0","0","","2","","","2","2","0","0","0","0","1","2","0","2","","","","N","","","","","","","","","",""
"2005206739","","0","0","0","0","0","0","0","0","0","7","0","","02","7","2005","5","40.3663","-79.8909","","11","0","0","0","0","0","0","0","0","","0","0","0","","","0","","0","","40 21:58.680","","0","79 53:27.240","0","0","0","0","2473","0","0","0","N","0","0","0","1","02473","0","","5.0","","1","N","N","","1","","0","0","0","","0","","","1","0","0","0","0","0","0","2","0","1","","","","N","","","","","","","","","",""
"2005206740","","1","0","0","0","0","0","0","0","0","4","0","","02","6","2005","4","40.3484","-79.9448","","11","0","0","0","0","0","0","0","0","","0","0","0","","","2","","2","","40 20:54.240","","0","79 56:41.280","4","0","0","0","2473","0","0","0","N","0","0","0","2","02473","2","","1.0","","9","N","N","","1","","0","0","0","","2","","","2","2","0","0","0","0","0","2","0","2","","","","N","","","","","","","","","",""
"2005206741","","1","0","0","0","0","0","0","0","0","7","0","","02","6","2005","4","","","","11","0","0","0","0","0","0","0","0","","0","0","0","","","0","","0","","","","0","","0","0","0","0","2473","0","0","0","N","0","0","0","1","02473","0","","5.0","","1","N","N","","0","","0","0","0","","0","","","1","0","0","0","0","0","0","1","0","1","","","","N","","","","","","","","","",""
"2005206742","","1","0","1","0","0","0","0","0","0","7","0","","02","6","2005","2","40.3796","-79.8853","","11","0","0","0","1","0","0","0","0","","0","0","0","","","1","","0","","40 22:46.560","","0","79 53:07.080","2","0","0","0","2473","0","0","0","N","0","0","0","2","02473","0","","5.0","","1","N","N","","0","","0","1","0","","0","","","1","1","0","0","0","0","0","2","0","1","","","","N","","","","","","","","","",""
"2005206743","","1","0","0","0","0","0","0","0","0","7","0","","02","6","2005","6","","","","11","0","0","0","0","0","0","0","0","","0","0","0","","","0","","0","","","","0","","0","0","0","0","2473","0","0","0","N","0","0","0","1","02473","0","","5.0","","1","N","N","","0","","0","0","0","","0","","","1","0","0","0","0","0","0","1","0","1","","","","N","","","","","","","","","",""
"2005206744","","1","0","0","0","0","0","0","0","0","7","0","","02","6","2005","4","","","","11","0","0","0","0","0","0","0","0","","0","0","0","","","1","","0","","","","0","","4","0","0","0","2473","0","0","0","N","0","0","0","1","02473","1","","5.0","","1","N","N","","0","","0","0","0","","0","","","1","1","1","0","0","0","0","1","0","1","","","","N","","","","","","","","","",""
"2005206850","","1","0","0","0","0","0","0","0","0","1","0","","02","7","2005","5","40.3482","-79.9484","","11","1","0","0","0","0","1","0","0","","0","0","0","","","0","","0","","40 20:53.520","","0","79 56:54.240","0","0","0","0","2473","0","0","0","N","0","0","0","3","02473","0","","1.0","","1","N","N","","1","","0","0","0","","0","","","2","0","0","0","0","0","0","2","0","2","","","","N","","","","","","","","","",""
"2005206851","","1","0","0","0","0","0","0","0","0","7","0","","02","7","2005","5","","","","11","0","0","0","0","0","0","1","0","","0","0","0","","","1","","0","","","","0","","4","0","0","0","2473","0","0","0","N","0","0","0","1","02473","1","","5.0","","1","N","N","","0","","0","0","0","","0","","","1","1","0","0","0","0","0","1","0","1","","","","N","","","","","","","","","",""
"2005206862","","2","0","0","0","0","0","0","0","0","1","0","","02","7","2005","3","40.5098","-79.9918","","11","0","0","0","0","0","1","0","0","","0","0","0","","","0","","2","","40 30:35.280","","0","79 59:30.480","0","0","0","0","2116","0","0","0","N","0","0","0","3","02116","0","","1.0","","9","N","N","","1","","0","0","0","","3","","","3","0","0","0","0","0","0","2","0","3","","","","N","","","","","","","","","",""
"2005206863","","2","0","0","0","0","0","0","0","0","4","0","","02","7","2005","5","40.5453","-80.036","","11","0","0","1","0","0","1","0","0","","0","0","0","","","0","","1","","40 32:43.080","","0","80 02:09.600","0","0","0","0","2116","0","0","0","N","0","0","0","2","02116","0","","1.0","","1","N","N","","0","","0","0","0","","2","","","2","0","0","0","0","0","0","2","0","2","","","","N","","","","","","","","","",""
"2005206864","","3","0","0","0","0","0","0","0","0","1","0","99","02","7","2005","4","40.506119","-79.990498","","11","0","0","0","0","0","0","2","0","","0","0","0","","","0","","2","","40 30:22.028","","0","79 59:25.791","0","0","0","0","2116","0","0","0","N","0","0","0","3","02116","0","","1.0","","1","N","N","","0","","0","0","0","","4","","","3","0","0","0","0","0","0","2","0","3","","","U","Y","8","1","","","U","","","","",""
"2005206865","","1","0","0","0","0","0","0","0","0","7","0","","02","6","2005","7","40.508","-80.0297","","11","0","0","0","0","0","1","0","0","","0","0","0","","","1","","2","","40 30:28.800","","0","80 01:46.920","4","0","0","0","2116","0","0","0","N","0","0","0","1","02116","1","","1.0","","1","N","N","","0","","0","0","0","","2","","","1","1","0","0","0","0","0","2","0","1","","","","N","","","","","","","","","",""
"2005206866","","1","0","0","0","0","0","0","0","0","7","0","","02","7","2005","1","40.5111","-79.9947","","11","0","0","0","0","0","0","0","0","","0","0","0","","","0","","0","","40 30:39.960","","0","79 59:40.920","0","0","0","0","2116","0","0","0","N","0","0","0","1","02116","0","","1.0","","1","N","N","","0","","0","0","0","","0","","","1","0","0","0","0","0","0","2","0","1","","","","N","","","","","","","","","",""
"2005206867","","1","0","0","0","0","0","0","0","0","4","0","","02","7","2005","6","40.5387","-80.0502","","11","0","0","0","0","1","0","0","0","","0","0","0","","","1","","1","","40 32:19.320","","0","80 03:00.720","3","0","0","0","2116","0","0","0","N","0","0","0","4","02116","0","","1.0","","9","N","N","","1","","1","0","0","","2","","","2","1","2","0","0","0","0","2","0","2","","","","N","","","","","","","","","",""
"2005206868","","1","0","0","0","0","0","0","0","0","7","0","","02","7","2005","1","40.502564","-79.985878","","11","0","0","0","0","0","0","1","0","","0","0","0","","","1","","0","","40 30:09.232","","0","79 59:09.160","4","0","0","0","2116","0","0","0","N","0","0","0","1","02116","1","","5.0","","1","N","N","","0","","0","0","0","","9","","","1","1","0","0","0","0","0","2","0","1","","","","N","","","","","","","","","",""
"2005206869","","2","0","0","0","0","0","0","0","0","4","0","","02","7","2005","7","40.548861","-80.037401","","11","0","0","1","0","0","0","0","0","","0","0","0","","","1","","2","","40 32:55.899","","0","80 02:14.643","4","0","0","0","2116","0","0","0","N","0","0","0","2","02116","1","","1.0","","1","N","N","","0","","0","0","0","","3","","","2","1","0","0","0","0","0","2","0","2","","","","N","","","","","","","","","",""