"CRN","ARRIVAL_TM","AUTOMOBILE_COUNT","BELTED_DEATH_COUNT","BELTED_SUSP_SERIOUS_INJ_COUNT","BICYCLE_COUNT","BICYCLE_DEATH_COUNT","BICYCLE_SUSP_SERIOUS_INJ_COUNT","BUS_COUNT","CHLDPAS_DEATH_COUNT","CHLDPAS_SUSP_SERIOUS_INJ_COUNT","COLLISION_TYPE","COMM_VEH_COUNT","CONS_ZONE_SPD_LIM","COUNTY","CRASH_MONTH","CRASH_YEAR","DAY_OF_WEEK","DEC_LATITUDE","DEC_LONGITUDE","DISPATCH_TM","DISTRICT","DRIVER_COUNT_16YR","DRIVER_COUNT_17YR","DRIVER_COUNT_18YR","DRIVER_COUNT_19YR","DRIVER_COUNT_20YR","DRIVER_COUNT_50_64YR","DRIVER_COUNT_65_74YR","DRIVER_COUNT_75PLUS","EST_HRS_CLOSED","FATAL_COUNT","HEAVY_TRUCK_COUNT","HORSE_BUGGY_COUNT","HOUR_OF_DAY","ILLUMINATION","INJURY_COUNT","INTERSECTION_RELATED","INTERSECT_TYPE","LANE_CLOSED","LATITUDE","LN_CLOSE_DIR","LOCATION_TYPE","LONGITUDE","MAX_SEVERITY_LEVEL","MCYCLE_DEATH_COUNT","MCYCLE_SUSP_SERIOUS_INJ_COUNT","MOTORCYCLE_COUNT","MUNICIPALITY","NONMOTR_COUNT","NONMOTR_DEATH_COUNT","NONMOTR_SUSP_SERIOUS_INJ_COUNT","NTFY_HIWY_MAINT","PED_COUNT","PED_DEATH_COUNT","PED_SUSP_SERIOUS_INJ_COUNT","PERSON_COUNT","POLICE_AGCY","POSSIBLE_INJ_COUNT","RDWY_SURF_TYPE_CD","RELATION_TO_ROAD","ROADWAY_CLEARED","ROAD_CONDITION","SCH_BUS_IND","SCH_ZONE_IND","SECONDARY_CRASH","SMALL_TRUCK_COUNT","SPEC_JURIS_CD","SUSP_MINOR_INJ_COUNT","SUSP_SERIOUS_INJ_COUNT","SUV_COUNT","TCD_FUNC_CD","TCD_TYPE","TFC_DETOUR_IND","TIME_OF_DAY","TOTAL_UNITS","TOT_INJ_COUNT","UNBELTED_OCC_COUNT","UNB_DEATH_COUNT","UNB_SUSP_SERIOUS_INJ_COUNT","UNK_INJ_DEG_COUNT","UNK_INJ_PER_COUNT","URBAN_RURAL","VAN_COUNT","VEHICLE_COUNT","WEATHER1","WEATHER2","WORKERS_PRES","WORK_ZONE_IND","WORK_ZONE_LOC","WORK_ZONE_TYPE","WZ_CLOSE_DETOUR","WZ_FLAGGER","WZ_LAW_OFFCR_IND","WZ_LN_CLOSURE","WZ_MOVING","WZ_OTHER","WZ_SHLDER_MDN","WZ_WORKERS_INJ_KILLED"
"2005211016","","1","0","0","0","0","0","0","0","0","7","0","","02","9","2005","5","40.5088","-80.0294","","11","0","0","0","0","0","0","0","0","","0","0","0","","","1","","0","","40 30:31.680","","0","80 01:45.840","9","0","0","0","2116","0","0","0","N","0","0","0","2","02116","0","","2.0","","1","N","N","","0","","0","0","0","","0","","","1","0","0","0","0","0","1","2","0","1","","","","N","","","","","","","","","",""
"2005211017","","3","0","0","0","0","0","0","0","0","1","0","","02","10","2005","2","40.5218","-80.0341","","11","0","0","0","0","0","0","1","2","","0","0","0","","","0","","0","","40 31:18.480","","0","80 02:02.760","0","0","0","0","2116","0","0","0","N","0","0","0","3","02116","0","","1.0","","1","N","N","","0","","0","0","0","","0","","","3","0","0","0","0","0","0","2","0","3","","","","N","","","","","","","","","",""
"2005211018","","1","0","0","0","0","0","0","0","0","7","0","","02","10","2005","1","40.5014","-80.0033","","11","0","0","0","0","0","1","0","0","","0","0","0","","","1","","0","","40 30:05.040","","0","80 00:11.880","3","0","0","0","2116","0","0","0","N","0","0","0","1","02116","0","","5.0","","1","N","N","","0","","1","0","0","","0","","","1","1","0","0","0","0","0","2","0","1","","","","N","","","","","","","","","",""
"2005211019","","2","0","0","0","0","0","0","0","0","4","0","","02","10","2005","4","40.5135","-80.0005","","11","0","0","0","0","0","0","0","0","","0","0","0","","","2","","0","","40 30:48.600","","7","80 00:01.800","4","0","0","0","2116","0","0","0","N","0","0","0","2","02116","2","","1.0","","1","N","N","","0","","0","0","0","","0","","","2","2","0","0","0","0","0","2","0","2","","","","N","","","","","","","","","",""
"2005211020","","1","0","0","0","0","0","0","0","0","1","0","","02","10","2005","2","40.54665","-79.996586","","11","0","0","0","0","0","0","0","0","","0","0","0","","","0","","2","","40 32:47.940","","0","79 59:47.709","0","0","0","0","2116","0","0","0","N","0","0","0","3","02116","0","","1.0","","9","N","N","","1","","0","0","0","","3","","","2","0","0","0","0","0","0","2","0","2","","","","N","","","","","","","","","",""
"2005211021","","1","0","0","0","0","0","0","0","0","4","0","","02","10","2005","3","40.5398","-80.0363","","11","0","0","0","0","0","0","0","0","","0","0","0","","","2","","2","","40 32:23.280","","0","80 02:10.680","9","0","0","0","2116","0","0","0","N","0","0","0","3","02116","0","","1.0","","9","N","N","","1","","0","0","0","","0","","","2","0","0","0","0","0","2","2","0","2","","","","N","","","","","","","","","",""
"2005211022","","1","0","0","0","0","0","0","0","0","7","0","","02","10","2005","2","40.531","-80.0148","","11","0","0","0","0","0","0","1","0","","0","0","0","","","1","","0","","40 31:51.600","","0","80 00:53.280","3","0","0","0","2116","0","0","0","N","0","0","0","1","02116","0","","5.0","","9","N","N","","0","","1","0","0","","0","","","1","1","0","0","0","0","0","2","0","1","","","","N","","","","","","","","","",""
"2005211023","","2","0","0","0","0","0","0","0","0","1","0","","02","10","2005","5","40.5098","-79.9918","","11","0","0","0","0","0","1","0","0","","0","0","0","","","1","","2","","40 30:35.280","","0","79 59:30.480","9","0","0","0","2116","0","0","0","N","0","0","0","2","02116","0","","1.0","","1","N","N","","0","","0","0","0","","3","","","2","0","0","0","0","0","1","2","0","2","","","","N","","","","","","","","","",""
"2005211024","","1","0","0","0","0","0","0","0","0","7","0","","02","10","2005","7","40.5057","-79.9961","","11","0","0","0","0","0","0","0","0","","0","0","0","","","0","","0","","40 30:20.520","","0","79 59:45.960","0","0","0","0","2116","0","0","0","N","0","0","0","1","02116","0","","1.0","","9","N","N","","0","","0","0","0","","0","","","1","0","0","0","0","0","0","2","0","1","","","","N","","","","","","","","","",""
"2005211025","","1","0","0","0","0","0","0","0","0","7","0","","02","9","2005","2","40.525539","-80.015711","","11","0","0","0","0","0","0","0","0","","0","0","0","","","1","","2","","40 31:31.940","","0","80 00:56.559","3","0","0","0","2116","0","0","0","N","0","0","0","1","02116","0","","5.0","","1","N","N","","0","","1","0","0","","0","","","1","1","0","0","0","0","0","2","0","1","","","","N","","","","","","","","","",""
"2005211026","","1","0","0","0","0","0","0","0","0","1","0","","02","10","2005","3","40.5068","-80.0068","","11","0","0","0","0","0","0","0","0","","0","0","0","","","0","","1","","40 30:24.480","","0","80 00:24.480","0","0","0","0","2116","0","0","0","N","0","0","0","2","02116","0","","1.0","","1","N","N","","1","","0","0","0","","2","","","2","0","0","0","0","0","0","2","0","2","","","","N","","","","","","","","","",""
"2005211027","","1","0","0","0","0","0","0","0","0","4","0","","02","10","2005","5","40.5296","-80.0088","","11","0","0","0","0","0","0","0","1","","0","0","0","","","0","","0","","40 31:46.560","","7","80 00:31.680","0","0","0","0","2116","0","0","0","N","0","0","0","3","02116","0","","1.0","","1","N","N","","0","","0","0","0","","0","","","2","0","0","0","0","0","0","2","1","2","","","","N","","","","","","","","","",""
"2005211028","","1","0","0","0","0","0","0","0","0","0","0","","02","10","2005","6","40.5295","-80.0084","","11","0","0","0","0","0","0","0","0","","0","0","0","","","0","","0","","40 31:46.200","","0","80 00:30.240","0","0","0","0","2116","0","0","0","N","0","0","0","1","02116","0","","1.0","","1","N","N","","0","","0","0","0","","0","","","1","0","0","0","0","0","0","2","0","1","","","","N","","","","","","","","","",""
"2005211029","","1","0","0","0","0","0","0","0","0","4","0","","02","10","2005","6","40.4981","-80.0202","","11","0","0","0","0","0","0","1","0","","0","0","0","","","0","","2","","40 29:53.160","","0","80 01:12.720","0","0","0","0","2116","0","0","0","N","0","0","0","2","02116","0","","1.0","","1","N","N","","1","","0","0","0","","2","","","2","0","0","0","0","0","0","2","0","2","","","","N","","","","","","","","","",""
"2005211030","","2","0","0","0","0","0","0","0","0","1","0","","02","10","2005","5","40.542","-80.0359","","11","0","0","1","0","0","0","0","0","","0","0","0","","","0","","2","","40 32:31.200","","0","80 02:09.240","0","0","0","0","2116","0","0","0","N","0","0","0","2","02116","0","","1.0","","1","N","N","","0","","0","0","0","","0","","","2","0","0","0","0","0","0","2","0","2","","","","N","","","","","","","","","",""
"2005211031","","0","0","0","0","0","0","0","0","0","7","0","","02","10","2005","5","","","","11","0","0","0","0","0","1","0","0","","0","0","0","","","0","","0","","","","0","","0","0","0","0","2116","0","0","0","N","0","0","0","1","02116","0","","5.0","","1","N","N","","1","","0","0","0","","0","","","1","0","0","0","0","0","0","1","0","1","","","","N","","","","","","","","","",""
"2005211032","","2","0","0","0","0","0","0","0","0","4","0","","02","9","2005","4","40.5159","-80.0097","","11","0","0","0","0","0","0","0","0","","0","0","0","","","0","","2","","40 30:57.240","","0","80 00:34.920","0","0","0","0","2116","0","0","0","N","0","0","0","3","02116","0","","1.0","","1","N","N","","0","","0","0","0","","2","","","2","0","0","0","0","0","0","2","0","2","","","","N","","","","","","","","","",""
"2005211033","","2","0","0","0","0","0","0","0","0","4","0","","02","10","2005","3","40.5283","-80.0071","","11","0","0","0","0","0","0","0","0","","0","0","0","","","0","","0","","40 31:41.880","","7","80 00:25.560","0","0","0","0","2116","0","0","0","N","0","0","0","2","02116","0","","1.0","","1","N","N","","0","","0","0","0","","0","","","2","0","0","0","0","0","0","2","0","2","","","","N","","","","","","","","","",""
"2005211034","","2","0","0","0","0","0","0","0","0","6","0","","02","9","2005","3","40.5077","-79.9896","","11","0","0","0","0","0","2","0","0","","0","0","0","","","0","","0","","40 30:27.720","","0","79 59:22.560","0","0","0","0","2116","0","0","0","N","0","0","0","2","02116","0","","1.0","","1","N","N","","0","","0","0","0","","0","","","2","0","0","0","0","0","0","2","0","2","","","","N","","","","","","","","","",""
"2005211035","","1","0","0","0","0","0","0","0","0","4","0","","02","9","2005","5","40.522","-80.0053","","11","0","0","0","0","0","0","0","1","","0","0","0","","","0","","2","","40 31:19.200","","7","80 00:19.080","0","0","0","0","2116","0","0","0","N","0","0","0","3","02116","0","","1.0","","1","N","N","","0","","0","0","0","","2","","","2","0","1","0","0","0","0","2","1","2","","","","N","","","","","","","","","",""
"2005211036","","1","0","0","0","0","0","0","0","0","4","0","","02","9","2005","6","40.5453","-80.036","","11","0","0","0","0","0","1","0","0","","0","0","0","","","0","","1","","40 32:43.080","","0","80 02:09.600","0","0","0","0","2116","0","0","0","N","0","0","0","2","02116","0","","1.0","","1","N","N","","0","","0","0","0","","2","","","2","0","0","0","0","0","0","2","1","2","","","","N","","","","","","","","","",""
"2005211037","","1","0","0","0","0","0","0","0","0","7","0","","02","9","2005","4","40.5293","-79.9944","","11","0","0","0","0","1","0","0","0","","0","0","0","","","0","","1","","40 31:45.480","","0","79 59:39.840","0","0","0","0","2116","0","0","0","N","0","0","0","2","02116","0","","5.0","","1","N","N","","0","","0","0","0","","3","","","1","0","0","0","0","0","0","2","0","1","","","","N","","","","","","","","","",""
"2005211038","","2","0","0","0","0","0","0","0","0","1","0","","02","9","2005","4","40.5087","-80.0046","","11","0","0","0","0","0","0","0","0","","0","0","0","","","1","","0","","40 30:31.320","","0","80 00:16.560","4","0","0","0","2116","0","0","0","N","0","0","0","2","02116","1","","1.0","","1","N","N","","0","","0","0","0","","0","","","2","1","0","0","0","0","0","2","0","2","","","","N","","","","","","","","","",""
"2005211039","","1","0","0","0","0","0","0","0","0","4","0","","02","9","2005","5","","","","11","0","0","0","0","0","1","0","0","","0","0","0","","","0","","0","","","","7","","0","0","0","0","2116","0","0","0","N","0","0","0","3","02116","0","","1.0","","1","N","N","","0","","0","0","0","","0","","","2","0","0","0","0","0","0","1","1","2","","","","N","","","","","","","","","",""
"2005211040","","1","0","0","0","0","0","0","0","0","1","0","","02","9","2005","6","","","","11","0","0","0","0","1","0","0","0","","0","0","0","","","0","","2","","","","0","","0","0","0","0","2116","0","0","0","N","0","0","0","5","02116","0","","1.0","","1","N","N","","0","","0","0","0","","9","","","2","0","0","0","0","0","0","1","1","2","","","","N","","","","","","","","","",""
"2005211041","","2","0","1","0","0","0","0","0","0","4","0","","02","10","2005","2","40.5091","-80.0294","","11","0","0","0","0","0","0","0","1","","0","0","0","","","2","","2","","40 30:32.760","","0","80 01:45.840","2","0","0","0","2116","0","0","0","N","0","0","0","2","02116","0","","1.0","","1","N","N","","0","","1","1","0","","3","","","2","2","0","0","0","0","0","2","0","2","","","","N","","","","","","","","","",""
"2005211042","","3","0","0","0","0","0","0","0","0","1","0","","02","10","2005","7","","","","11","0","0","0","0","0","0","0","0","","0","0","0","","","1","","2","","","","0","","4","0","0","0","2116","0","0","0","N","0","0","0","6","02116","1","","1.0","","1","N","N","","0","","0","0","0","","9","","","3","1","0","0","0","0","0","1","0","3","","","","N","","","","","","","","","",""
"2005211043","","2","0","0","0","0","0","0","0","0","1","0","","02","9","2005","7","40.5505","-80.0192","","11","0","0","0","0","0","0","0","0","","0","0","0","","","0","","1","","40 33:01.800","","0","80 01:09.120","0","0","0","0","2116","0","0","0","N","0","0","0","3","02116","0","","1.0","","1","N","N","","0","","0","0","1","","2","","","3","0","0","0","0","0","0","2","0","3","","","","N","","","","","","","","","",""
"2005211044","","1","0","0","0","0","0","0","0","0","1","0","","02","9","2005","7","40.5078","-80.0056","","11","0","0","0","0","0","0","1","0","","0","0","0","","","1","","0","","40 30:28.080","","0","80 00:20.160","9","0","0","0","2116","0","0","0","N","0","0","0","2","02116","0","","1.0","","1","N","N","","0","","0","0","1","","0","","","2","0","1","0","0","0","1","2","0","2","","","","N","","","","","","","","","",""
"2005211045","","2","0","0","0","0","0","0","0","0","2","0","99","02","9","2005","6","40.5429","-80.0137","","11","0","0","0","1","0","1","0","0","","0","0","0","","","2","","0","","40 32:34.440","","0","80 00:49.320","4","0","0","0","2116","0","0","0","N","0","0","0","2","02116","2","","1.0","","1","N","N","","0","","0","0","0","","0","","","2","2","0","0","0","0","0","2","0","2","","","U","Y","8","8","","","U","","","","",""
"2005211068","","2","0","0","0","0","0","0","0","0","5","0","","02","10","2005","2","40.5213","-80.0052","","11","0","0","0","0","0","0","0","0","","0","0","0","","","0","","0","","40 31:16.680","","0","80 00:18.720","0","0","0","0","2116","0","0","0","N","0","0","0","5","02116","0","","1.0","","1","N","N","","1","","0","0","0","","0","","","4","0","0","0","0","0","0","2","0","4","","","","N","","","","","","","","","",""
"2005211070","","2","0","0","0","0","0","0","0","0","4","0","","02","9","2005","3","40.5143","-80.0058","","11","0","0","0","0","0","0","0","0","","0","0","0","","","0","","0","","40 30:51.480","","7","80 00:20.880","0","0","0","0","2116","0","0","0","N","0","0","0","6","02116","0","","1.0","","1","N","N","","0","","0","0","0","","0","","","2","0","0","0","0","0","0","2","0","2","","","","N","","","","","","","","","",""
"2005211091","","1","0","0","0","0","0","0","0","0","4","0","","02","11","2005","3","","","","11","0","0","0","0","0","0","0","0","","0","0","0","","","2","","0","","","","7","","4","0","0","0","2115","0","0","0","N","0","0","0","3","02115","1","","1.0","","1","N","N","","0","","0","0","0","","2","","","2","1","0","0","0","0","1","1","0","2","","","","N","","","","","","","","","",""
"2005211100","","1","0","0","0","0","0","0","0","0","4","0","","02","11","2005","3","40.4525","-80.1339","","11","0","0","0","0","0","0","0","0","","0","0","0","","","0","","0","","40 27:09.000","","7","80 08:02.040","0","0","0","0","2115","0","0","0","N","0","0","0","3","02115","0","","1.0","","1","N","N","","1","","0","0","0","","0","","","3","0","0","0","0","0","0","2","1","3","","","","N","","","","","","","","","",""
"2005211132","","2","0","0","0","0","0","0","0","0","1","0","","02","10","2005","5","40.550832","-80.010363","","11","0","1","0","0","0","0","0","0","","0","0","0","","","2","","3","","40 33:02.995","","0","80 00:37.306","4","0","0","0","2116","0","0","0","N","0","0","0","3","02116","2","","1.0","","9","N","N","","0","","0","0","0","","4","","","2","2","0","0","0","0","0","2","0","2","","","","N","","","","","","","","","",""
"2005211133","","2","0","0","0","0","0","0","0","0","1","0","","02","10","2005","3","40.5094","-80.0041","","11","0","1","0","0","0","0","0","0","","0","0","0","","","1","","2","","40 30:33.840","","0","80 00:14.760","9","0","0","0","2116","0","0","0","N","0","0","0","4","02116","0","","1.0","","9","N","N","","0","","0","0","1","","3","","","3","0","0","0","0","0","1","2","0","3","","","","N","","","","","","","","","",""
"2005211134","","0","0","0","0","0","0","0","0","0","1","0","","02","10","2005","3","","","","11","0","0","0","0","0","0","0","0","","0","0","0","","","0","","2","","","","0","","0","0","0","0","2116","0","0","0","N","0","0","0","4","02116","0","","1.0","","1","N","N","","2","","0","0","0","","3","","","2","0","0","0","0","0","0","1","0","2","","","","N","","","","","","","","","",""
"2005211146","","0","0","0","0","0","0","0","0","0","8","0","","02","9","2005","4","40.546","-80.0169","","11","0","0","0","0","0","0","0","0","","0","0","0","","","1","","1","","40 32:45.600","","0","80 01:00.840","4","0","0","0","2116","1","0","0","N","1","0","0","2","02116","1","","1.0","","1","N","N","","0","","0","0","1","","2","","","2","1","0","0","0","0","0","2","0","1","","","","N","","","","","","","","","",""
"2005211168","","2","0","0","0","0","0","0","0","0","4","0","","02","10","2005","4","40.6651","-79.7037","","11","0","0","0","0","1","0","0","0","","0","0","0","","","1","","2","","40 39:54.360","","0","79 42:13.320","3","0","0","0","2106","0","0","0","N","0","0","0","2","02106","0","","1.0","","1","N","N","","0","","1","0","0","","1","","","2","1","0","0","0","0","0","1","0","2","","","","N","","","","","","","","","",""
"2005211170","","1","0","0","0","0","0","0","0","0","7","0","","02","10","2005","5","40.3636","-79.8432","","11","0","0","0","0","0","1","0","0","","0","0","0","","","1","","0","","40 21:48.960","","0","79 50:35.520","4","0","0","0","2303","0","0","0","N","0","0","0","1","02303","1","","2.0","","1","N","N","","0","","0","0","0","","0","","","1","1","0","0","0","0","0","2","0","1","","","","N","","","","","","","","","",""
"2005211225","","1","0","0","0","0","0","0","0","0","99","0","","02","11","2005","6","","","","11","0","0","0","0","1","0","0","0","","0","0","0","","","0","","0","","","","0","","0","0","0","0","2115","0","0","0","N","0","0","0","3","02115","0","","1.0","","1","N","N","","0","","0","0","0","","0","","","1","0","0","0","0","0","0","1","0","1","","","","N","","","","","","","","","",""
"2005211239","","2","0","0","0","0","0","0","0","0","1","0","","02","11","2005","2","40.447665","-80.154792","","11","0","0","0","0","0","0","0","1","","0","0","0","","","0","","2","","40 26:51.593","","0","80 09:17.250","0","0","0","0","2115","0","0","0","N","0","0","0","2","02115","0","","1.0","","1","N","N","","0","","0","0","0","","2","","","2","0","0","0","0","0","0","2","0","2","","","","N","","","","","","","","","",""
"2005211240","","2","0","0","0","0","0","0","0","0","4","0","","02","11","2005","2","40.449","-80.1231","","11","0","0","0","0","0","0","0","0","","0","0","0","","","0","","0","","40 26:56.400","","7","80 07:23.160","0","0","0","0","2115","0","0","0","N","0","0","0","2","02115","0","","1.0","","9","N","N","","0","","0","0","0","","0","","","2","0","0","0","0","0","0","2","0","2","","","","N","","","","","","","","","",""
"2005211347","","0","0","0","0","0","0","0","0","0","1","0","","02","10","2005","2","40.3389","-79.8045","","11","0","0","0","0","0","2","0","0","","0","0","0","","","0","","0","","40 20:20.040","","0","79 48:16.200","0","0","0","0","2477","0","0","0","N","0","0","0","3","02477","0","","1.0","","1","N","N","","1","","0","0","1","","0","","","3","0","0","0","0","0","0","2","1","3","","","","N","","","","","","","","","",""
"2005211380","","3","0","0","0","0","0","0","0","0","1","0","","02","11","2005","3","40.3412","-79.8018","","11","0","0","0","0","1","0","0","1","","0","0","0","","","3","","0","","40 20:28.320","","7","79 48:06.480","3","0","0","0","2477","0","0","0","N","0","0","0","5","02477","1","","1.0","","1","N","N","","0","","2","0","0","","0","","","3","3","2","0","0","0","0","2","0","3","","","","N","","","","","","","","","",""
"2005211381","","1","0","0","0","0","0","0","0","0","2","0","","02","10","2005","4","40.3238","-79.8382","","11","0","0","0","0","0","1","0","0","","0","1","0","","","2","","0","","40 19:25.680","","0","79 50:17.520","2","0","0","0","2477","0","0","0","N","0","0","0","3","02477","0","","1.0","","9","N","N","","1","","1","1","0","","0","","","3","2","0","0","0","0","0","2","0","3","","","","N","","","","","","","","","",""
"2005211382","","1","0","0","0","0","0","0","0","0","4","0","","02","11","2005","3","","","","11","0","0","0","0","0","0","0","1","","0","0","0","","","1","","0","","","","7","","4","0","0","0","2115","0","0","0","N","0","0","0","2","02115","1","","1.0","","1","N","N","","0","","0","0","1","","2","","","2","1","0","0","0","0","0","1","0","2","","","","N","","","","","","","","","",""
"2005211423","","1","0","0","0","0","0","0","0","0","4","0","","02","11","2005","3","40.4664","-80.1568","","11","0","0","0","0","0","0","0","0","","0","0","0","","","1","","2","","40 27:59.040","","0","80 09:24.480","4","0","0","0","2115","0","0","0","N","0","0","0","3","02115","1","","1.0","","1","N","N","","1","","0","0","0","","2","","","2","1","0","0","0","0","0","2","0","2","","","","N","","","","","","","","","",""
"2005211607","","3","0","0","0","0","0","0","0","0","4","0","","02","11","2005","4","40.424052","-80.103422","","11","0","0","0","0","1","1","0","0","","0","0","0","","","1","","2","","40 25:26.587","","0","80 06:12.319","9","0","0","0","2115","0","0","0","N","0","0","0","3","02115","0","","1.0","","9","N","N","","0","","0","0","0","","3","","","3","0","0","0","0","0","1","2","0","3","","","","N","","","","","","","","","",""
"2005211608","","0","0","0","0","0","0","0","0","0","7","0","","02","11","2005","1","","","","11","0","0","0","0","0","0","0","0","","0","0","0","","","0","","0","","","","0","","0","0","0","0","2115","0","0","0","N","0","0","0","1","02115","0","","5.0","","1","N","N","","0","","0","0","0","","0","","","1","0","0","0","0","0","0","1","1","1","","","","N","","","","","","","","","",""
"2005211609","","1","0","0","0","0","0","0","0","0","1","0","","02","11","2005","7","40.4484","-80.1561","","11","0","0","0","0","0","2","0","0","","0","0","0","","","1","","0","","40 26:54.240","","0","80 09:21.960","4","0","0","0","2115","0","0","0","N","0","0","0","4","02115","1","","1.0","","1","N","N","","0","","0","0","1","","0","","","2","1","0","0","0","0","0","2","0","2","","","","N","","","","","","","","","",""
"2005211613","","1","0","0","0","0","0","0","0","0","7","0","","02","11","2005","6","","","","11","0","0","0","0","0","0","0","0","","0","0","0","","","2","","0","","","","0","","4","0","0","0","2115","0","0","0","N","0","0","0","2","02115","1","","5.0","","1","N","N","","0","","0","0","0","","0","","","1","1","0","0","0","0","1","1","0","1","","","","N","","","","","","","","","",""
"2005211614","","1","0","0","0","0","0","0","0","0","5","0","","02","11","2005","7","","","","11","0","0","0","1","0","0","0","0","","0","0","0","","","0","","0","","","","0","","0","0","0","0","2115","0","0","0","N","0","0","0","2","02115","0","","1.0","","1","N","N","","1","","0","0","0","","0","","","2","0","0","0","0","0","0","1","0","2","","","","N","","","","","","","","","",""
"2005211641","","1","0","0","0","0","0","0","0","0","1","0","","02","11","2005","6","40.4771","-79.9686","","11","0","0","1","0","0","0","0","0","","0","0","0","","","1","","0","","40 28:37.560","","7","79 58:06.960","4","0","0","0","2445","0","0","0","N","0","0","0","2","02445","1","","1.0","","1","N","N","","0","","0","0","0","","0","","","2","1","0","0","0","0","0","2","1","2","","","","N","","","","","","","","","",""
"2005211642","","1","0","0","0","0","0","0","0","0","8","0","","02","11","2005","5","","","","11","0","0","0","0","0","0","0","0","","0","0","0","","","1","","0","","","","0","","2","0","0","0","2445","1","0","1","N","1","0","1","2","02445","0","","1.0","","1","N","N","","0","","0","1","0","","0","","","2","1","0","0","0","0","0","1","0","1","","","","N","","","","","","","","","",""
"2005211643","","2","0","0","0","0","0","0","0","0","4","0","","02","11","2005","3","","","","11","0","0","0","0","0","0","0","0","","0","0","0","","","0","","1","","","","0","","0","0","0","0","2445","0","0","0","N","0","0","0","2","02445","0","","1.0","","9","N","N","","0","","0","0","0","","3","","","2","0","0","0","0","0","0","1","0","2","","","","N","","","","","","","","","",""
"2005211651","","1","0","0","0","0","0","0","0","0","7","0","","02","11","2005","5","","","","11","0","0","0","0","0","0","0","0","","0","0","0","","","0","","0","","","","0","","0","0","0","0","2215","0","0","0","N","0","0","0","1","02215","0","","2.0","","2","N","N","","0","","0","0","0","","0","","","1","0","1","0","0","0","0","1","0","1","","","","N","","","","","","","","","",""
"2005211684","","3","0","0","0","0","0","0","0","0","1","0","","02","10","2005","4","40.3561","-79.8172","","11","1","0","0","0","0","0","0","0","","0","0","0","","","1","","2","","40 21:21.960","","0","79 49:01.920","4","0","0","0","2477","0","0","0","N","0","0","0","4","02477","1","","1.0","","9","N","N","","0","","0","0","0","","2","","","3","1","0","0","0","0","0","2","0","3","","","","N","","","","","","","","","",""
"2005211717","","1","0","0","0","0","0","0","0","0","7","0","","02","10","2005","3","40.3305","-79.9371","","11","0","0","0","1","0","0","0","0","","0","0","0","","","4","","0","","40 19:49.800","","0","79 56:13.560","3","0","0","0","2473","0","0","0","N","0","0","0","4","02473","0","","5.0","","1","N","N","","0","","4","0","0","","0","","","1","4","3","0","0","0","0","2","0","1","","","","N","","","","","","","","","",""
"2005211718","","2","0","0","0","0","0","0","0","0","4","0","","02","10","2005","2","","","","11","0","0","0","0","0","1","0","0","","0","0","0","","","0","","1","","","","0","","0","0","0","0","2473","0","0","0","N","0","0","0","3","02473","0","","1.0","","1","N","N","","0","","0","0","0","","2","","","2","0","0","0","0","0","0","1","0","2","","","","N","","","","","","","","","",""
"2005211719","","1","0","0","0","0","0","0","0","0","1","0","","02","11","2005","4","","","","11","0","0","0","0","0","0","0","0","","0","0","0","","","1","","0","","","","0","","4","0","0","0","2473","0","0","0","N","0","0","0","5","02473","1","","1.0","","1","N","N","","0","","0","0","0","","0","","","2","1","0","0","0","0","0","1","0","2","","","","N","","","","","","","","","",""
"2005211720","","1","0","0","0","0","0","0","0","0","4","0","","02","11","2005","5","","","","11","0","0","0","0","0","0","0","0","","0","0","0","","","1","","0","","","","7","","4","0","0","0","2473","0","0","0","N","0","0","0","3","02473","1","","1.0","","1","N","N","","0","","0","0","1","","0","","","2","1","0","0","0","0","0","1","0","2","","","","N","","","","","","","","","",""
"2005211721","","1","0","0","0","0","0","0","0","0","7","0","","02","11","2005","5","","","","11","0","0","0","0","0","0","0","0","","0","0","0","","","0","","0","","","","0","","0","0","0","0","2473","0","0","0","N","0","0","0","1","02473","0","","5.0","","1","N","N","","0","","0","0","0","","0","","","1","0","0","0","0","0","0","1","0","1","","","","N","","","","","","","","","",""
"2005211723","","1","0","0","0","0","0","0","0","0","99","0","","02","11","2005","7","40.3629","-79.8615","","11","0","0","0","0","0","0","0","0","","0","0","0","","","0","","0","","40 21:46.440","","0","79 51:41.400","0","0","0","0","2473","0","0","0","N","0","0","0","2","02473","0","","5.0","","1","N","N","","0","","0","0","0","","0","","","2","0","0","0","0","0","0","2","0","2","","","","N","","","","","","","","","",""
"2005211724","","2","0","0","0","0","0","0","0","0","4","0","","02","11","2005","1","","","","11","0","0","0","0","1","0","0","0","","0","0","0","","","0","","0","","","","7","","0","0","0","0","2473","0","0","0","N","0","0","0","4","02473","0","","1.0","","9","N","N","","0","","0","0","0","","0","","","2","0","0","0","0","0","0","1","0","2","","","","N","","","","","","","","","",""
"2005211725","","2","0","0","0","0","0","0","0","0","1","0","","02","11","2005","1","","","","11","0","0","0","0","0","0","0","0","","0","0","0","","","2","","0","","","","7","","9","0","0","0","2473","0","0","0","N","0","0","0","5","02473","0","","1.0","","1","N","N","","0","","0","0","0","","2","","","2","0","0","0","0","0","2","1","0","2","","","","N","","","","","","","","","",""