"CRN","ARRIVAL_TM","AUTOMOBILE_COUNT","BELTED_DEATH_COUNT","BELTED_SUSP_SERIOUS_INJ_COUNT","BICYCLE_COUNT","BICYCLE_DEATH_COUNT","BICYCLE_SUSP_SERIOUS_INJ_COUNT","BUS_COUNT","CHLDPAS_DEATH_COUNT","CHLDPAS_SUSP_SERIOUS_INJ_COUNT","COLLISION_TYPE","COMM_VEH_COUNT","CONS_ZONE_SPD_LIM","COUNTY","CRASH_MONTH","CRASH_YEAR","DAY_OF_WEEK","DEC_LATITUDE","DEC_LONGITUDE","DISPATCH_TM","DISTRICT","DRIVER_COUNT_16YR","DRIVER_COUNT_17YR","DRIVER_COUNT_18YR","DRIVER_COUNT_19YR","DRIVER_COUNT_20YR","DRIVER_COUNT_50_64YR","DRIVER_COUNT_65_74YR","DRIVER_COUNT_75PLUS","EST_HRS_CLOSED","FATAL_COUNT","HEAVY_TRUCK_COUNT","HORSE_BUGGY_COUNT","HOUR_OF_DAY","ILLUMINATION","INJURY_COUNT","INTERSECTION_RELATED","INTERSECT_TYPE","LANE_CLOSED","LATITUDE","LN_CLOSE_DIR","LOCATION_TYPE","LONGITUDE","MAX_SEVERITY_LEVEL","MCYCLE_DEATH_COUNT","MCYCLE_SUSP_SERIOUS_INJ_COUNT","MOTORCYCLE_COUNT","MUNICIPALITY","NONMOTR_COUNT","NONMOTR_DEATH_COUNT","NONMOTR_SUSP_SERIOUS_INJ_COUNT","NTFY_HIWY_MAINT","PED_COUNT","PED_DEATH_COUNT","PED_SUSP_SERIOUS_INJ_COUNT","PERSON_COUNT","POLICE_AGCY","POSSIBLE_INJ_COUNT","RDWY_SURF_TYPE_CD","RELATION_TO_ROAD","ROADWAY_CLEARED","ROAD_CONDITION","SCH_BUS_IND","SCH_ZONE_IND","SECONDARY_CRASH","SMALL_TRUCK_COUNT","SPEC_JURIS_CD","SUSP_MINOR_INJ_COUNT","SUSP_SERIOUS_INJ_COUNT","SUV_COUNT","TCD_FUNC_CD","TCD_TYPE","TFC_DETOUR_IND","TIME_OF_DAY","TOTAL_UNITS","TOT_INJ_COUNT","UNBELTED_OCC_COUNT","UNB_DEATH_COUNT","UNB_SUSP_SERIOUS_INJ_COUNT","UNK_INJ_DEG_COUNT","UNK_INJ_PER_COUNT","URBAN_RURAL","VAN_COUNT","VEHICLE_COUNT","WEATHER1","WEATHER2","WORKERS_PRES","WORK_ZONE_IND","WORK_ZONE_LOC","WORK_ZONE_TYPE","WZ_CLOSE_DETOUR","WZ_FLAGGER","WZ_LAW_OFFCR_IND","WZ_LN_CLOSURE","WZ_MOVING","WZ_OTHER","WZ_SHLDER_MDN","WZ_WORKERS_INJ_KILLED"
"2005211726","","3","0","0","0","0","0","0","0","0","1","0","","02","11","2005","3","40.3621","-79.9322","","11","0","0","0","0","0","0","0","0","","0","0","0","","","3","","1","","40 21:43.560","","0","79 55:55.920","3","0","0","0","2473","0","0","0","N","0","0","0","5","02473","0","","1.0","","1","N","N","","0","","3","0","0","","2","","","3","3","0","0","0","0","0","2","0","3","","","","N","","","","","","","","","",""
"2005211727","","2","0","0","0","0","0","0","0","0","1","0","","02","11","2005","3","40.3621","-79.9322","","11","1","0","0","0","0","0","0","0","","0","0","0","","","0","","2","","40 21:43.560","","0","79 55:55.920","0","0","0","0","2473","0","0","0","N","0","0","0","3","02473","0","","1.0","","9","N","N","","0","","0","0","0","","2","","","3","0","0","0","0","0","0","2","1","3","","","","N","","","","","","","","","",""
"2005211728","","4","0","0","0","0","0","0","0","0","1","0","","02","11","2005","5","40.3108","-79.916","","11","0","0","0","0","0","1","0","0","","0","0","0","","","1","","0","","40 18:38.880","","7","79 54:57.600","4","0","0","0","2473","0","0","0","N","0","0","0","4","02473","1","","1.0","","1","N","N","","0","","0","0","0","","0","","","4","1","0","0","0","0","0","2","0","4","","","","N","","","","","","","","","",""
"2005211729","","1","0","0","0","0","0","0","0","0","1","0","","02","11","2005","6","40.3534","-79.9562","","11","0","0","0","0","0","1","0","0","","0","0","0","","","1","","0","","40 21:12.240","","0","79 57:22.320","3","0","0","0","2473","0","0","0","N","0","0","0","4","02473","0","","1.0","","1","N","N","","0","","1","0","0","","0","","","2","1","0","0","0","0","0","2","1","2","","","","N","","","","","","","","","",""
"2005211731","","1","0","0","0","0","0","0","0","0","7","0","","02","11","2005","3","","","","11","1","0","0","0","0","0","0","0","","0","0","0","","","1","","0","","","","0","","9","0","0","0","2473","0","0","0","N","0","0","0","1","02473","0","","5.0","","1","N","N","","0","","0","0","0","","0","","","1","0","0","0","0","0","1","1","0","1","","","","N","","","","","","","","","",""
"2005211732","","1","0","0","0","0","0","0","0","0","7","0","","02","11","2005","6","40.3919","-79.8697","","11","0","0","0","0","0","0","0","0","","0","0","0","","","0","","0","","40 23:30.840","","0","79 52:10.920","0","0","0","0","2473","0","0","0","N","0","0","0","1","02473","0","","1.0","","1","N","N","","0","","0","0","0","","0","","","1","0","0","0","0","0","0","2","0","1","","","","N","","","","","","","","","",""
"2005211733","","2","0","0","0","0","0","0","0","0","4","0","","02","11","2005","7","","","","11","0","0","0","0","0","0","0","0","","0","0","0","","","1","","0","","","","7","","4","0","0","0","2473","0","0","0","N","0","0","0","4","02473","1","","1.0","","1","N","N","","0","","0","0","0","","0","","","2","1","0","0","0","0","0","1","0","2","","","","N","","","","","","","","","",""
"2005211734","","1","0","0","0","0","0","0","0","0","4","0","","02","11","2005","6","","","","11","0","0","0","0","0","0","0","0","","0","0","0","","","1","","2","","","","0","","9","0","0","0","2473","0","0","0","N","0","0","0","5","02473","0","","1.0","","2","N","N","","1","","0","0","0","","3","","","2","0","0","0","0","0","1","1","0","2","","","","N","","","","","","","","","",""
"2005211740","","1","0","0","0","0","0","0","0","0","7","0","","02","11","2005","7","","","","11","0","0","0","0","0","0","0","0","","0","0","0","","","0","","0","","","","0","","0","0","0","0","2115","0","0","0","N","0","0","0","1","02115","0","","5.0","","1","N","N","","0","","0","0","0","","0","","","1","0","0","0","0","0","0","1","0","1","","","","N","","","","","","","","","",""
"2005211741","","1","0","0","0","0","0","0","0","0","7","0","","02","11","2005","7","40.4401","-80.0835","","11","0","0","0","0","0","0","0","0","","0","0","0","","","1","","0","","40 26:24.360","","0","80 05:00.600","3","0","0","0","2115","0","0","0","N","0","0","0","1","02115","0","","5.0","","1","N","N","","0","","1","0","0","","0","","","1","1","0","0","0","0","0","2","0","1","","","","N","","","","","","","","","",""
"2005211743","","2","0","0","0","0","0","0","0","0","2","0","","02","11","2005","6","","","","11","0","0","0","0","0","1","0","0","","0","0","0","","","1","","0","","","","0","","4","0","0","0","2101","0","0","0","N","0","0","0","2","02101","1","","1.0","","1","N","N","","0","","0","0","0","","0","","","2","1","0","0","0","0","0","1","0","2","","","","N","","","","","","","","","",""
"2005211898","","1","0","0","0","0","0","0","0","0","2","0","","02","10","2005","3","40.5111","-80.0998","","11","0","0","0","0","0","0","0","0","","0","0","0","","","0","","2","","40 30:39.960","","0","80 05:59.280","0","0","0","0","2429","0","0","0","N","0","0","0","2","02215","0","","1.0","","1","N","N","","1","","0","0","0","","3","","","2","0","0","0","0","0","0","2","0","2","","","","N","","","","","","","","","",""
"2005211899","","1","0","0","0","0","0","0","0","0","1","0","","02","11","2005","7","","","","11","0","0","0","0","0","0","0","1","","0","1","0","","","1","","0","","","","0","","3","0","0","0","2429","0","0","0","N","0","0","0","3","02215","0","","1.0","","1","N","N","","0","","1","0","0","","0","","","2","1","2","0","0","0","0","1","0","2","","","","N","","","","","","","","","",""
"2005211900","","1","0","0","0","0","0","0","0","0","4","0","","02","11","2005","5","","","","11","0","0","0","0","0","0","1","0","","0","0","0","","","2","","2","","","","0","","4","0","0","0","2115","0","0","0","N","0","0","0","6","02115","2","","1.0","","1","N","N","","0","","0","0","1","","2","","","2","2","0","0","0","0","0","1","0","2","","","","N","","","","","","","","","",""
"2005211903","","2","0","0","0","0","0","0","0","0","1","0","","02","11","2005","4","40.3738","-79.8448","","11","0","0","0","0","0","0","0","0","","0","0","0","","","1","","1","","40 22:25.680","","0","79 50:41.280","4","0","0","0","2303","0","0","0","N","0","0","0","3","02303","1","","1.0","","9","N","N","","0","","0","0","0","","0","","","2","1","0","0","0","0","0","2","0","2","","","","N","","","","","","","","","",""
"2005211904","","1","0","0","0","0","0","0","0","0","8","0","","02","11","2005","2","40.3719","-79.8436","","11","0","0","0","0","0","0","1","0","","0","0","0","","","1","","2","","40 22:18.840","","0","79 50:36.960","9","0","0","0","2303","1","0","0","N","1","0","0","2","02303","0","","1.0","","9","N","N","","0","","0","0","0","","3","","","2","0","0","0","0","0","1","2","0","1","","","","N","","","","","","","","","",""
"2005211905","","1","0","0","0","0","0","0","0","0","7","0","","02","11","2005","7","","","","11","0","0","0","0","0","0","0","0","","0","0","0","","","1","","2","","","","0","","3","0","0","0","2303","0","0","0","N","0","0","0","1","02303","0","","5.0","","1","N","N","","0","","1","0","0","","0","","","1","1","1","0","0","0","0","1","0","1","","","","N","","","","","","","","","",""
"2005211908","","1","0","0","0","0","0","0","0","0","7","0","","02","11","2005","7","40.3719","-79.8436","","11","0","0","0","0","0","0","0","0","","0","0","0","","","1","","2","","40 22:18.840","","0","79 50:36.960","9","0","0","0","2303","0","0","0","N","0","0","0","1","02303","0","","1.0","","1","N","N","","0","","0","0","0","","0","","","1","0","0","0","0","0","1","2","0","1","","","","N","","","","","","","","","",""
"2005211909","","1","0","0","0","0","0","0","0","0","99","0","","02","11","2005","6","40.3713","-79.8433","","11","0","0","0","0","0","0","0","0","","0","0","0","","","0","","0","","40 22:16.680","","0","79 50:35.880","0","0","0","0","2303","0","0","0","N","0","0","0","1","02303","0","","1.0","","1","N","N","","0","","0","0","0","","0","","","2","0","0","0","0","0","0","2","0","2","","","","N","","","","","","","","","",""
"2005211910","","1","0","0","0","0","0","0","0","0","99","0","","02","11","2005","6","","","","11","0","0","0","0","0","0","0","0","","0","0","0","","","1","","0","","","","0","","9","0","0","0","2303","0","0","0","N","0","0","0","1","02303","0","","1.0","","1","N","N","","0","","0","0","0","","0","","","2","0","0","0","0","0","1","1","0","2","","","","N","","","","","","","","","",""
"2005211911","","2","0","0","0","0","0","0","0","0","1","0","","02","11","2005","2","40.3648","-79.8425","","11","0","0","0","0","0","0","1","0","","0","0","0","","","1","","0","","40 21:53.280","","0","79 50:33.000","4","0","0","0","2303","0","0","0","N","0","0","0","2","02303","1","","1.0","","1","N","N","","0","","0","0","0","","0","","","2","1","0","0","0","0","0","2","0","2","","","","N","","","","","","","","","",""
"2005211912","","2","0","0","0","0","0","0","0","0","1","0","","02","11","2005","3","40.3639","-79.843","","11","0","0","0","0","1","1","0","0","","0","0","0","","","1","","0","","40 21:50.040","","0","79 50:34.800","3","0","0","0","2303","0","0","0","N","0","0","0","3","02303","0","","1.0","","9","N","N","","1","","1","0","0","","0","","","3","1","0","0","0","0","0","2","0","3","","","","N","","","","","","","","","",""
"2005211917","","1","0","0","0","0","0","0","0","0","99","0","","02","11","2005","4","40.3794","-79.8535","","11","0","0","0","0","0","0","0","0","","0","0","0","","","0","","2","","40 22:45.840","","0","79 51:12.600","0","0","0","0","2303","0","0","0","N","0","0","0","2","02303","0","","1.0","","1","N","N","","0","","0","0","0","","2","","","3","0","0","0","0","0","0","2","0","3","","","","N","","","","","","","","","",""
"2005211957","","2","0","0","0","0","0","0","0","0","1","0","","02","11","2005","6","40.4487","-80.1578","","11","0","0","0","0","0","0","0","0","","0","0","0","","","0","","2","","40 26:55.320","","0","80 09:28.080","0","0","0","0","2115","0","0","0","N","0","0","0","3","02115","0","","1.0","","1","N","N","","0","","0","0","1","","2","","","3","0","0","0","0","0","0","2","0","3","","","","N","","","","","","","","","",""
"2005211958","","1","0","0","0","0","0","0","0","0","7","0","","02","11","2005","7","","","","11","0","0","0","0","0","0","0","0","","0","0","0","","","1","","0","","","","0","","4","0","0","0","2215","0","0","0","N","0","0","0","1","02215","1","","5.0","","1","N","N","","0","","0","0","0","","0","","","1","1","0","0","0","0","0","1","0","1","","","","N","","","","","","","","","",""
"2005211985","","2","0","0","0","0","0","0","0","0","4","0","","02","11","2005","2","40.6509","-79.7084","","11","0","0","0","0","0","0","0","1","","0","0","0","","","0","","1","","40 39:03.240","","0","79 42:30.240","0","0","0","0","2106","0","0","0","N","0","0","0","2","02106","0","","1.0","","1","N","N","","0","","0","0","0","","2","","","2","0","0","0","0","0","0","2","0","2","","","","N","","","","","","","","","",""
"2005211986","","1","0","0","0","0","0","0","0","0","99","0","","02","10","2005","1","","","","11","0","0","0","0","0","0","0","0","","0","0","0","","","0","","0","","","","0","","0","0","0","0","2106","0","0","0","N","0","0","0","1","02106","0","","1.0","","1","N","N","","0","","0","0","0","","0","","","2","0","0","0","0","0","0","1","0","2","","","","N","","","","","","","","","",""
"2005211987","","2","0","0","0","0","0","0","0","0","6","0","","02","11","2005","4","","","","11","0","0","0","0","0","0","0","0","","0","0","0","","","2","","0","","","","0","","3","0","0","0","2106","0","0","0","N","0","0","0","3","02106","0","","1.0","","1","N","N","","0","","2","0","0","","0","","","2","2","0","0","0","0","0","1","0","2","","","","N","","","","","","","","","",""
"2005211988","","2","0","0","0","0","0","0","0","0","4","0","","02","11","2005","1","","","","11","0","0","0","0","1","0","0","0","","0","0","0","","","0","","0","","","","7","","0","0","0","0","2106","0","0","0","N","0","0","0","3","02106","0","","1.0","","9","N","N","","0","","0","0","0","","0","","","2","0","0","0","0","0","0","1","0","2","","","","N","","","","","","","","","",""
"2005211989","","2","0","0","0","0","0","0","0","0","1","0","","02","11","2005","3","40.6558","-79.7074","","11","0","0","0","0","0","0","0","0","","0","0","0","","","0","","0","","40 39:20.880","","7","79 42:26.640","0","0","0","0","2106","0","0","0","N","0","0","0","2","02106","0","","1.0","","1","N","N","","0","","0","0","0","","0","","","2","0","0","0","0","0","0","1","0","2","","","","N","","","","","","","","","",""
"2005211990","","1","0","0","0","0","0","0","0","0","4","0","","02","11","2005","2","40.6239","-79.7244","","11","0","0","0","0","0","0","1","1","","0","0","0","","","0","","1","","40 37:26.040","","0","79 43:27.840","0","0","0","0","2106","0","0","0","N","0","0","0","4","02106","0","","1.0","","1","N","N","","1","","0","0","0","","2","","","2","0","0","0","0","0","0","2","0","2","","","","N","","","","","","","","","",""
"2005211991","","2","0","0","0","0","0","0","0","0","4","0","","02","11","2005","1","40.636","-79.7125","","11","0","0","0","0","0","0","1","0","","0","0","0","","","1","","2","","40 38:09.600","","7","79 42:45.000","4","0","0","0","2106","0","0","0","N","0","0","0","3","02106","1","","1.0","","1","N","N","","0","","0","0","0","","2","","","2","1","1","0","0","0","0","2","0","2","","","","N","","","","","","","","","",""
"2005211992","","2","0","0","0","0","0","0","0","0","4","0","","02","11","2005","5","40.625959","-79.726528","","11","0","0","0","0","0","1","1","0","","0","0","0","","","3","","1","","40 37:33.452","","0","79 43:35.500","2","0","0","0","2106","0","0","0","N","0","0","0","3","02106","0","","1.0","","1","N","N","","0","","2","1","0","","3","","","2","3","0","0","0","0","0","2","0","2","","","","N","","","","","","","","","",""
"2005211993","","2","0","0","0","0","0","0","0","0","1","0","","02","11","2005","5","40.636","-79.7125","","11","0","0","0","0","0","0","0","1","","0","0","0","","","1","","1","","40 38:09.600","","0","79 42:45.000","4","0","0","0","2106","0","0","0","N","0","0","0","2","02106","1","","1.0","","1","N","N","","0","","0","0","0","","2","","","2","1","0","0","0","0","0","2","0","2","","","","N","","","","","","","","","",""
"2005212004","","1","0","0","0","0","0","0","0","0","1","0","","02","12","2005","1","40.45","-80.1099","","11","0","0","0","0","0","1","0","0","","0","0","0","","","0","","1","","40 27:00.000","","2","80 06:35.640","0","0","0","0","2115","0","0","0","N","0","0","0","4","02115","0","","1.0","","9","N","N","","1","","0","0","0","","2","","","2","0","0","0","0","0","0","2","0","2","","","","N","","","","","","","","","",""
"2005212005","","1","0","0","0","0","0","0","0","0","4","0","","02","12","2005","7","","","","11","0","0","0","0","0","0","0","0","","0","0","0","","","1","","2","","","","0","","4","0","0","0","2115","0","0","0","N","0","0","0","5","02115","1","","1.0","","1","N","N","","0","","0","0","1","","2","","","2","1","0","0","0","0","0","1","0","2","","","","N","","","","","","","","","",""
"2005212007","","1","0","0","0","0","0","0","0","0","99","0","","02","11","2005","4","","","","11","0","0","0","0","0","0","0","1","","0","0","0","","","0","","0","","","","0","","0","0","0","0","2101","0","0","0","N","0","0","0","1","02101","0","","1.0","","1","N","N","","0","","0","0","0","","0","","","2","0","1","0","0","0","0","1","0","2","","","","N","","","","","","","","","",""
"2005212019","","1","0","0","0","0","0","0","0","0","4","0","","02","10","2005","5","","","","11","0","0","0","0","0","0","0","0","","0","0","0","","","1","","1","","","","0","","4","0","0","0","2460","0","0","0","N","0","0","0","2","02215","1","","1.0","","1","N","N","","0","","0","0","0","","2","","","2","1","1","0","0","0","0","1","1","2","","","","N","","","","","","","","","",""
"2005212020","","2","0","0","0","0","0","0","0","0","4","0","","02","11","2005","3","","","","11","0","0","0","0","0","0","0","0","","0","0","0","","","1","","0","","","","7","","4","0","0","0","2460","0","0","0","N","0","0","0","3","02215","1","","1.0","","1","N","N","","0","","0","0","0","","0","","","2","1","0","0","0","0","0","1","0","2","","","","N","","","","","","","","","",""
"2005212095","","2","0","0","0","0","0","0","0","0","1","0","","02","11","2005","4","40.534777","-79.990405","","11","0","0","0","0","0","2","0","1","","0","0","0","","","2","","2","","40 32:05.197","","0","79 59:25.458","4","0","0","0","2116","0","0","0","N","0","0","0","3","02116","2","","1.0","","9","N","N","","1","","0","0","0","","3","","","3","2","0","0","0","0","0","2","0","3","","","","N","","","","","","","","","",""
"2005212096","","1","0","0","0","0","0","0","0","0","7","0","","02","11","2005","3","","","","11","0","0","0","0","0","0","0","0","","0","0","0","","","0","","1","","","","0","","0","0","0","0","2116","0","0","0","N","0","0","0","1","02116","0","","2.0","","9","N","N","","0","","0","0","0","","3","","","1","0","0","0","0","0","0","1","0","1","","","","N","","","","","","","","","",""
"2005212097","","1","0","0","0","0","0","0","0","0","7","0","","02","11","2005","5","40.5342","-80.05","","11","0","0","0","1","0","0","0","0","","0","0","0","","","1","","2","","40 32:03.120","","0","80 03:00.000","4","0","0","0","2116","0","0","0","N","0","0","0","4","02116","1","","2.0","","1","N","N","","0","","0","0","0","","3","","","1","1","0","0","0","0","0","2","0","1","","","","N","","","","","","","","","",""
"2005212098","","1","0","0","0","0","0","0","0","0","7","0","","02","10","2005","7","","","","11","0","0","0","0","0","0","0","0","","0","0","0","","","0","","0","","","","0","","0","0","0","0","2116","0","0","0","N","0","0","0","1","02116","0","","2.0","","1","N","N","","0","","0","0","0","","0","","","1","0","0","0","0","0","0","1","0","1","","","","N","","","","","","","","","",""
"2005212099","","2","0","0","0","0","0","0","0","0","1","0","","02","10","2005","1","40.5187","-80.0048","","11","0","0","0","0","0","0","0","0","","0","0","0","","","1","","0","","40 31:07.320","","7","80 00:17.280","9","0","0","0","2116","0","0","0","N","0","0","0","2","02116","0","","1.0","","1","N","N","","0","","0","0","0","","2","","","2","0","0","0","0","0","1","2","0","2","","","","N","","","","","","","","","",""
"2005212100","","1","0","0","0","0","0","0","0","0","1","0","","02","11","2005","6","","","","11","0","0","0","0","0","0","1","0","","0","1","0","","","1","","0","","","","0","","4","0","0","0","2116","0","0","0","N","0","0","0","2","02116","1","","1.0","","1","N","N","","0","","0","0","0","","0","","","2","1","0","0","0","0","0","1","0","2","","","","N","","","","","","","","","",""
"2005212101","","1","0","0","0","0","0","0","0","0","7","0","","02","11","2005","6","","","","11","1","0","0","0","0","0","0","0","","0","0","0","","","0","","0","","","","0","","0","0","0","0","2116","0","0","0","N","0","0","0","1","02116","0","","5.0","","1","N","N","","0","","0","0","0","","0","","","1","0","0","0","0","0","0","1","0","1","","","","N","","","","","","","","","",""
"2005212102","","1","0","0","0","0","0","0","0","0","0","0","","02","11","2005","6","40.5091","-80.0043","","11","0","0","0","0","0","0","0","0","","0","0","0","","","0","","0","","40 30:32.760","","0","80 00:15.480","0","0","0","0","2116","0","0","0","N","0","0","0","1","02116","0","","1.0","","1","N","N","","0","","0","0","0","","0","","","1","0","0","0","0","0","0","2","0","1","","","","N","","","","","","","","","",""
"2005212103","","1","0","0","0","0","0","0","0","0","7","0","","02","11","2005","5","40.5121","-80.0039","","11","0","0","0","0","1","0","0","0","","0","0","0","","","0","","0","","40 30:43.560","","0","80 00:14.040","0","0","0","0","2116","0","0","0","N","0","0","0","1","02116","0","","5.0","","1","N","N","","0","","0","0","0","","0","","","1","0","0","0","0","0","0","2","0","1","","","","N","","","","","","","","","",""
"2005212104","","1","0","0","0","0","0","0","0","0","1","0","","02","11","2005","4","40.5376","-80.0362","","11","0","0","0","0","0","0","0","1","","0","0","0","","","0","","2","","40 32:15.360","","0","80 02:10.320","0","0","0","0","2116","0","0","0","N","0","0","0","2","02116","0","","1.0","","1","N","N","","1","","0","0","0","","9","","","2","0","0","0","0","0","0","2","0","2","","","","N","","","","","","","","","",""
"2005212105","","1","0","0","0","0","0","0","0","0","99","0","","02","11","2005","1","","","","11","0","0","0","0","0","0","0","0","","0","0","0","","","1","","0","","","","0","","4","0","0","0","2116","0","0","0","N","0","0","0","1","02116","1","","1.0","","1","N","N","","0","","0","0","0","","0","","","2","1","0","0","0","0","0","1","0","2","","","","N","","","","","","","","","",""
"2005212106","","1","0","0","0","0","0","0","0","0","4","0","","02","11","2005","6","40.5527","-80.0379","","11","1","0","0","0","0","1","0","0","","0","0","0","","","1","","1","","40 33:09.720","","0","80 02:16.440","3","0","0","0","2116","0","0","0","N","0","0","0","3","02116","0","","1.0","","1","N","N","","1","","1","0","0","","2","","","2","1","0","0","0","0","0","2","0","2","","","","N","","","","","","","","","",""
"2005212107","","2","0","0","0","0","0","0","0","0","4","0","99","02","11","2005","3","","","","11","0","0","0","0","0","0","0","1","","0","0","0","","","2","","0","","","","7","","2","0","0","0","2116","0","0","0","N","0","0","0","2","02116","0","","1.0","","9","N","N","","0","","1","1","0","","0","","","2","2","1","0","1","0","0","1","0","2","","","U","Y","8","1","","","U","","","","",""
"2005212108","","0","0","0","0","0","0","0","0","0","7","0","","02","11","2005","5","40.5285","-80.0073","","11","0","0","0","0","0","0","1","0","","0","0","0","","","0","","0","","40 31:42.600","","7","80 00:26.280","0","0","0","0","2116","0","0","0","N","0","0","0","1","02116","0","","5.0","","1","N","N","","1","","0","0","0","","0","","","1","0","0","0","0","0","0","2","0","1","","","","N","","","","","","","","","",""
"2005212109","","1","0","0","0","0","0","0","0","0","7","0","","02","11","2005","1","","","","11","0","0","0","0","0","1","0","0","","0","0","0","","","1","","0","","","","0","","3","0","0","0","2116","0","0","0","N","0","0","0","1","02116","0","","5.0","","1","N","N","","0","","1","0","0","","0","","","1","1","1","0","0","0","0","1","0","1","","","","N","","","","","","","","","",""
"2005212110","","3","0","0","0","0","0","0","0","0","1","0","","02","11","2005","5","40.4979","-80.0201","","11","0","0","0","0","0","1","0","0","","0","0","0","","","1","","0","","40 29:52.440","","0","80 01:12.360","4","0","0","0","2116","0","0","0","N","0","0","0","3","02116","1","","1.0","","2","N","N","","0","","0","0","0","","0","","","3","1","0","0","0","0","0","2","0","3","","","","N","","","","","","","","","",""
"2005212111","","1","0","0","0","0","0","0","0","0","99","0","","02","10","2005","2","","","","11","0","0","0","0","0","0","0","0","","0","0","0","","","0","","0","","","","0","","0","0","0","0","2116","0","0","0","N","0","0","0","1","02116","0","","1.0","","1","N","N","","0","","0","0","0","","0","","","2","0","0","0","0","0","0","1","0","2","","","","N","","","","","","","","","",""
"2005212112","","2","0","0","0","0","0","0","0","0","4","0","","02","10","2005","5","40.4981","-80.0202","","11","0","0","1","0","0","0","0","0","","0","0","0","","","0","","2","","40 29:53.160","","0","80 01:12.720","0","0","0","0","2116","0","0","0","N","0","0","0","2","02116","0","","1.0","","1","N","N","","0","","0","0","0","","2","","","2","0","0","0","0","0","0","2","0","2","","","","N","","","","","","","","","",""
"2005212113","","2","0","0","0","0","0","0","0","0","4","0","","02","11","2005","6","40.5117","-80.0038","","11","1","0","0","1","0","0","0","0","","0","0","0","","","0","","0","","40 30:42.120","","0","80 00:13.680","0","0","0","0","2116","0","0","0","N","0","0","0","4","02116","0","","1.0","","1","N","N","","0","","0","0","0","","0","","","2","0","0","0","0","0","0","2","0","2","","","","N","","","","","","","","","",""
"2005212114","","1","0","0","0","0","0","0","0","0","7","0","","02","11","2005","5","","","","11","0","0","1","0","0","0","0","0","","0","0","0","","","1","","0","","","","0","","4","0","0","0","2116","0","0","0","N","0","0","0","4","02116","1","","2.0","","2","N","N","","1","","0","0","0","","0","","","2","1","0","0","0","0","0","1","0","2","","","","N","","","","","","","","","",""
"2005212115","","2","0","0","0","0","0","0","0","0","0","0","","02","11","2005","6","","","","11","0","0","0","0","0","0","0","0","","0","0","0","","","0","","0","","","","0","","0","0","0","0","2116","0","0","0","N","0","0","0","3","02116","0","","1.0","","1","N","N","","0","","0","0","0","","0","","","2","0","0","0","0","0","0","1","0","2","","","","N","","","","","","","","","",""
"2005212116","","1","0","0","0","0","0","0","0","0","1","1","","02","11","2005","3","40.4987","-80.0073","","11","0","0","0","1","0","0","0","0","","0","1","0","","","0","","0","","40 29:55.320","","0","80 00:26.280","0","0","0","0","2116","0","0","0","N","0","0","0","3","02116","0","","1.0","","9","N","N","","0","","0","0","0","","0","","","2","0","0","0","0","0","0","2","0","2","","","","N","","","","","","","","","",""
"2005212117","","1","0","0","0","0","0","0","0","0","7","0","","02","11","2005","7","40.5192","-80.0519","","11","0","0","0","0","0","0","1","0","","0","0","0","","","0","","0","","40 31:09.120","","0","80 03:06.840","0","0","0","0","2116","0","0","0","N","0","0","0","1","02116","0","","5.0","","1","N","N","","0","","0","0","0","","0","","","1","0","0","0","0","0","0","2","0","1","","","","N","","","","","","","","","",""
"2005212184","","3","0","0","0","0","0","0","0","0","1","0","","02","11","2005","2","40.3914","-79.9341","","11","0","0","0","0","0","2","0","0","","0","0","0","","","2","","0","","40 23:29.040","","0","79 56:02.760","4","0","0","0","2473","0","0","0","N","0","0","0","4","02473","2","","1.0","","1","N","N","","0","","0","0","0","","0","","","3","2","0","0","0","0","0","2","0","3","","","","N","","","","","","","","","",""
"2005212186","","0","0","0","0","0","0","0","0","0","7","0","","02","11","2005","5","40.33798","-79.894971","","11","0","0","0","1","0","0","0","0","","0","0","0","","","1","","2","","40 20:16.728","","0","79 53:41.897","9","0","0","0","2473","0","0","0","N","0","0","0","1","02473","0","","5.0","","1","N","N","","1","","0","0","0","","0","","","1","0","0","0","0","0","1","2","0","1","","","","N","","","","","","","","","",""
"2005212187","","1","0","0","0","0","0","0","0","0","7","0","","02","11","2005","7","","","","11","0","0","0","0","0","1","0","0","","0","0","0","","","1","","1","","","","0","","4","0","0","0","2473","0","0","0","N","0","0","0","1","02473","1","","1.0","","1","N","N","","0","","0","0","0","","2","","","1","1","1","0","0","0","0","1","0","1","","","","N","","","","","","","","","",""
"2005212188","","1","0","0","0","0","0","0","0","0","7","0","","02","11","2005","1","40.3484","-79.9437","","11","0","0","1","0","0","0","0","0","","0","0","0","","","0","","0","","40 20:54.240","","0","79 56:37.320","0","0","0","0","2473","0","0","0","N","0","0","0","1","02473","0","","5.0","","1","N","N","","0","","0","0","0","","0","","","1","0","0","0","0","0","0","2","0","1","","","","N","","","","","","","","","",""