"CRN","ARRIVAL_TM","AUTOMOBILE_COUNT","BELTED_DEATH_COUNT","BELTED_SUSP_SERIOUS_INJ_COUNT","BICYCLE_COUNT","BICYCLE_DEATH_COUNT","BICYCLE_SUSP_SERIOUS_INJ_COUNT","BUS_COUNT","CHLDPAS_DEATH_COUNT","CHLDPAS_SUSP_SERIOUS_INJ_COUNT","COLLISION_TYPE","COMM_VEH_COUNT","CONS_ZONE_SPD_LIM","COUNTY","CRASH_MONTH","CRASH_YEAR","DAY_OF_WEEK","DEC_LATITUDE","DEC_LONGITUDE","DISPATCH_TM","DISTRICT","DRIVER_COUNT_16YR","DRIVER_COUNT_17YR","DRIVER_COUNT_18YR","DRIVER_COUNT_19YR","DRIVER_COUNT_20YR","DRIVER_COUNT_50_64YR","DRIVER_COUNT_65_74YR","DRIVER_COUNT_75PLUS","EST_HRS_CLOSED","FATAL_COUNT","HEAVY_TRUCK_COUNT","HORSE_BUGGY_COUNT","HOUR_OF_DAY","ILLUMINATION","INJURY_COUNT","INTERSECTION_RELATED","INTERSECT_TYPE","LANE_CLOSED","LATITUDE","LN_CLOSE_DIR","LOCATION_TYPE","LONGITUDE","MAX_SEVERITY_LEVEL","MCYCLE_DEATH_COUNT","MCYCLE_SUSP_SERIOUS_INJ_COUNT","MOTORCYCLE_COUNT","MUNICIPALITY","NONMOTR_COUNT","NONMOTR_DEATH_COUNT","NONMOTR_SUSP_SERIOUS_INJ_COUNT","NTFY_HIWY_MAINT","PED_COUNT","PED_DEATH_COUNT","PED_SUSP_SERIOUS_INJ_COUNT","PERSON_COUNT","POLICE_AGCY","POSSIBLE_INJ_COUNT","RDWY_SURF_TYPE_CD","RELATION_TO_ROAD","ROADWAY_CLEARED","ROAD_CONDITION","SCH_BUS_IND","SCH_ZONE_IND","SECONDARY_CRASH","SMALL_TRUCK_COUNT","SPEC_JURIS_CD","SUSP_MINOR_INJ_COUNT","SUSP_SERIOUS_INJ_COUNT","SUV_COUNT","TCD_FUNC_CD","TCD_TYPE","TFC_DETOUR_IND","TIME_OF_DAY","TOTAL_UNITS","TOT_INJ_COUNT","UNBELTED_OCC_COUNT","UNB_DEATH_COUNT","UNB_SUSP_SERIOUS_INJ_COUNT","UNK_INJ_DEG_COUNT","UNK_INJ_PER_COUNT","URBAN_RURAL","VAN_COUNT","VEHICLE_COUNT","WEATHER1","WEATHER2","WORKERS_PRES","WORK_ZONE_IND","WORK_ZONE_LOC","WORK_ZONE_TYPE","WZ_CLOSE_DETOUR","WZ_FLAGGER","WZ_LAW_OFFCR_IND","WZ_LN_CLOSURE","WZ_MOVING","WZ_OTHER","WZ_SHLDER_MDN","WZ_WORKERS_INJ_KILLED"
"2005213096","","1","0","0","0","0","0","0","0","0","4","0","","02","12","2005","1","40.5103","-80.0946","","11","0","0","0","0","0","0","0","0","","0","0","0","","","0","","1","","40 30:37.080","","0","80 05:40.560","0","0","0","0","2429","0","0","0","N","0","0","0","4","02215","0","","1.0","","9","N","N","","0","","0","0","0","","2","","","2","0","0","0","0","0","0","2","1","2","","05","","N","","","","","","","","","",""
"2005213097","","1","0","0","0","0","0","0","0","0","1","0","","02","12","2005","7","40.5105","-80.0971","","11","0","0","0","0","0","1","0","0","","0","0","0","","","0","","2","","40 30:37.800","","0","80 05:49.560","0","0","0","0","2429","0","0","0","N","0","0","0","5","02215","0","","1.0","","9","N","N","","0","","0","0","0","","0","","","2","0","0","0","0","0","0","2","1","2","","","","N","","","","","","","","","",""
"2005213127","","1","0","0","0","0","0","0","0","0","7","0","","02","12","2005","6","40.3583","-79.8318","","11","0","0","0","0","0","1","0","0","","0","0","0","","","0","","2","","40 21:29.880","","0","79 49:54.480","0","0","0","0","2477","0","0","0","N","0","0","0","1","02477","0","","5.0","","1","N","N","","0","","0","0","0","","0","","","1","0","0","0","0","0","0","2","0","1","","","","N","","","","","","","","","",""
"2005213128","","3","0","0","0","0","0","0","0","0","1","0","","02","12","2005","6","40.3528","-79.8215","","11","0","0","1","0","0","0","1","0","","0","0","0","","","1","","1","","40 21:10.080","","0","79 49:17.400","4","0","0","0","2477","0","0","0","N","0","0","0","7","02477","1","","1.0","","1","N","N","","0","","0","0","0","","2","","","3","1","4","0","0","0","0","2","0","3","","","","N","","","","","","","","","",""
"2005213130","","3","0","0","0","0","0","0","0","0","1","0","","02","12","2005","4","40.3453","-79.7944","","11","0","0","0","1","0","0","0","0","","0","0","0","","","0","","0","","40 20:43.080","","0","79 47:39.840","0","0","0","0","2477","0","0","0","N","0","0","0","3","02477","0","","1.0","","1","N","N","","0","","0","0","0","","0","","","3","0","1","0","0","0","0","2","0","3","","","","N","","","","","","","","","",""
"2005213134","","2","0","0","0","0","0","0","0","0","4","0","","02","12","2005","6","","","","11","0","0","0","0","0","2","0","0","","0","0","0","","","1","","2","","40 27:07.56","","2","80 10:24.24","4","0","0","0","2115","0","0","0","N","0","0","0","2","02115","1","","1.0","","1","N","N","","0","","0","0","0","","2","","","2","1","0","0","0","0","0","2","0","2","","","","N","","","","","","","","","",""
"2005213137","","2","0","0","0","0","0","0","0","0","2","0","","02","12","2005","7","40.3646","-79.8425","","11","0","0","0","0","0","1","0","0","","0","0","0","","","0","","0","","40 21:52.560","","0","79 50:33.000","0","0","0","0","2473","0","0","0","N","0","0","0","3","02473","0","","1.0","","1","N","N","","0","","0","0","0","","0","","","2","0","2","0","0","0","0","2","0","2","","","","N","","","","","","","","","",""
"2005213138","","2","0","0","0","0","0","0","0","0","4","0","","02","12","2005","3","40.3482","-79.9473","","11","0","0","0","1","0","0","0","0","","0","0","0","","","1","","1","","40 20:53.520","","0","79 56:50.280","4","0","0","0","2473","0","0","0","N","0","0","0","5","02473","1","","1.0","","9","N","N","","0","","0","0","0","","2","","","2","1","1","0","0","0","0","2","0","2","","","","N","","","","","","","","","",""
"2005213148","","1","0","0","0","0","0","0","0","0","7","0","","02","12","2005","4","40.3776","-79.8886","","11","0","0","0","0","0","0","0","0","","0","0","0","","","1","","0","","40 22:39.360","","0","79 53:18.960","4","0","0","0","2473","0","0","0","N","0","0","0","1","02473","1","","5.0","","1","N","N","","0","","0","0","0","","0","","","1","1","1","0","0","0","0","2","0","1","","","","N","","","","","","","","","",""
"2005213149","","1","0","0","0","0","0","0","0","0","4","0","","02","12","2005","4","40.382924","-79.877954","","11","0","0","0","0","1","0","0","0","","0","0","0","","","2","","1","","40 22:58.526","","0","79 52:40.636","4","0","0","0","2473","0","0","0","N","0","0","0","2","02473","1","","1.0","","2","N","N","","1","","0","0","0","","2","","","2","1","1","0","0","0","1","2","0","2","","","","N","","","","","","","","","",""
"2005213150","","1","0","0","0","0","0","0","0","0","99","0","","02","12","2005","7","","","","11","0","0","1","0","0","0","0","0","","0","0","0","","","1","","0","","","","0","","3","0","0","0","2473","0","0","0","N","0","0","0","1","02473","0","","1.0","","2","N","N","","0","","1","0","0","","0","","","2","1","1","0","0","0","0","1","0","2","","","","N","","","","","","","","","",""
"2005213151","","1","0","0","0","0","0","0","0","0","99","0","","02","12","2005","7","","","","11","0","0","1","0","0","0","0","0","","0","0","0","","","0","","0","","","","0","","0","0","0","0","2473","0","0","0","N","0","0","0","1","02473","0","","1.0","","1","N","N","","0","","0","0","0","","0","","","2","0","0","0","0","0","0","1","0","2","","","","N","","","","","","","","","",""
"2005213152","","1","0","0","0","0","0","0","0","0","4","0","","02","12","2005","7","40.385742","-79.881171","","11","0","0","0","0","0","0","1","0","","0","0","0","","","1","","1","","40 23:08.671","","0","79 52:52.215","4","0","0","0","2473","0","0","0","N","0","0","0","2","02473","1","","1.0","","1","N","N","","1","","0","0","0","","3","","","2","1","1","0","0","0","0","2","0","2","","","","N","","","","","","","","","",""
"2005213153","","1","0","0","0","0","0","0","0","0","99","0","","02","12","2005","1","","","","11","0","0","0","0","0","1","0","0","","0","0","0","","","0","","0","","","","0","","0","0","0","0","2473","0","0","0","N","0","0","0","1","02473","0","","1.0","","1","N","N","","0","","0","0","0","","0","","","2","0","0","0","0","0","0","1","0","2","","","","N","","","","","","","","","",""
"2005213154","","1","0","0","0","0","0","0","0","0","1","0","","02","12","2005","2","40.3477","-79.9516","","11","0","0","0","0","0","0","0","0","","0","0","0","","","2","","2","","40 20:51.720","","0","79 57:05.760","2","0","0","0","2473","0","0","0","N","0","0","0","3","02473","0","","1.0","","1","N","N","","0","","1","1","0","","2","","","2","2","1","0","1","0","0","2","1","2","","","","N","","","","","","","","","",""
"2005213155","","2","0","0","0","0","0","0","0","0","4","0","","02","12","2005","2","","","","11","0","0","0","1","0","1","0","0","","0","0","0","","","1","","0","","","","7","","4","0","0","0","2473","0","0","0","N","0","0","0","4","02473","1","","1.0","","1","N","N","","0","","0","0","0","","0","","","2","1","2","0","0","0","0","1","0","2","","","","N","","","","","","","","","",""
"2005213156","","2","0","0","0","0","0","0","0","0","1","0","","02","12","2005","7","40.3483","-79.9452","","11","0","0","0","0","0","1","0","0","","0","0","0","","","1","","0","","40 20:53.880","","7","79 56:42.720","9","0","0","0","2473","0","0","0","N","0","0","0","2","02473","0","","1.0","","1","N","N","","0","","0","0","0","","0","","","2","0","1","0","0","0","1","2","0","2","","","","N","","","","","","","","","",""
"2005213158","","1","0","0","0","0","0","0","0","0","4","0","","02","12","2005","5","40.347643","-79.947298","","11","0","0","0","0","0","0","0","0","","0","0","0","","","0","","1","","40 20:51.514","","0","79 56:50.272","0","0","0","0","2473","0","0","0","N","0","0","0","2","02473","0","","1.0","","9","N","N","","1","","0","0","0","","3","","","2","0","0","0","0","0","0","2","0","2","","","","N","","","","","","","","","",""
"2005213177","","2","0","0","0","0","0","0","0","0","1","0","","02","12","2005","5","40.6148","-79.7404","","11","0","0","0","0","0","0","0","0","","0","0","0","","","0","","2","","40 36:53.280","","0","79 44:25.440","0","0","0","0","2409","0","0","0","N","0","0","0","4","02409","0","","1.0","","1","N","N","","0","","0","0","0","","0","","","2","0","0","0","0","0","0","2","0","2","","","","N","","","","","","","","","",""
"2005213178","","2","0","0","0","0","0","0","0","0","1","0","","02","12","2005","3","","","","11","0","0","0","0","0","0","0","0","","0","0","0","","","1","","1","","","","0","","4","0","0","0","2409","0","0","0","N","0","0","0","3","02409","1","","1.0","","9","N","N","","0","","0","0","0","","3","","","2","1","0","0","0","0","0","1","0","2","","","","N","","","","","","","","","",""
"2005213306","","0","0","0","0","0","0","1","0","0","7","1","","02","10","2005","5","","","","11","0","0","0","0","0","0","0","0","","0","0","0","","","1","","0","","","","0","","4","0","0","0","2445","1","0","0","N","1","0","0","2","02445","1","","5.0","","1","Y","N","","0","","0","0","0","","0","","","2","1","0","0","0","0","0","1","0","1","","","","N","","","","","","","","","",""
"2005213307","","1","0","0","0","0","0","0","0","0","99","0","","02","12","2005","3","40.481","-79.9712","","11","0","0","0","0","0","0","0","0","","0","0","0","","","0","","0","","40 28:51.600","","0","79 58:16.320","0","0","0","0","2445","0","0","0","N","0","0","0","1","02445","0","","1.0","","9","N","N","","0","","0","0","0","","0","","","2","0","0","0","0","0","0","2","0","2","","","","N","","","","","","","","","",""
"2005213308","","1","0","0","0","0","0","0","0","0","4","0","","02","12","2005","6","40.48169","-79.974368","","11","0","0","0","0","0","0","0","0","","0","0","0","","","1","","1","","40 28:54.084","","0","79 58:27.724","4","0","0","0","2445","0","0","0","N","0","0","0","3","02445","1","","1.0","","1","N","N","","0","","0","0","0","","2","","","2","1","0","0","0","0","0","2","1","2","","","","N","","","","","","","","","",""
"2005213309","","2","0","0","0","0","0","0","0","0","1","0","","02","12","2005","5","40.4766","-79.9696","","11","0","0","0","0","0","0","0","1","","0","0","0","","","1","","0","","40 28:35.760","","0","79 58:10.560","4","0","0","0","2445","0","0","0","N","0","0","0","2","02445","1","","1.0","","9","N","N","","0","","0","0","0","","0","","","2","1","0","0","0","0","0","2","0","2","","","","N","","","","","","","","","",""
"2005213335","","2","0","0","0","0","0","0","0","0","4","0","","02","11","2005","4","","","","11","0","0","0","0","0","0","1","0","","0","0","0","","","0","","0","","","","7","","0","0","0","0","2116","0","0","0","N","0","0","0","3","02116","0","","1.0","","1","N","N","","0","","0","0","0","","0","","","2","0","0","0","0","0","0","1","0","2","","","","N","","","","","","","","","",""
"2005213336","","2","0","0","0","0","0","0","0","0","1","0","","02","12","2005","7","40.5521","-80.0376","","11","0","0","0","0","0","0","0","0","","0","0","0","","","1","","1","","40 33:07.560","","0","80 02:15.360","9","0","0","0","2116","0","0","0","N","0","0","0","2","02116","0","","1.0","","1","N","N","","0","","0","0","0","","2","","","2","0","0","0","0","0","1","2","0","2","","","","N","","","","","","","","","",""
"2005213337","","2","0","0","0","0","0","0","0","0","4","0","","02","11","2005","6","40.5106","-79.9935","","11","0","0","0","0","0","0","1","0","","0","0","0","","","0","","0","","40 30:38.160","","7","79 59:36.600","0","0","0","0","2116","0","0","0","N","0","0","0","2","02116","0","","1.0","","9","N","N","","0","","0","0","0","","0","","","2","0","0","0","0","0","0","2","0","2","","","","N","","","","","","","","","",""
"2005213338","","3","0","0","0","0","0","0","0","0","1","0","","02","12","2005","7","40.5068","-80.0068","","11","0","0","0","0","0","0","0","0","","0","0","0","","","0","","1","","40 30:24.480","","0","80 00:24.480","0","0","0","0","2116","0","0","0","N","0","0","0","3","02116","0","","1.0","","1","N","N","","0","","0","0","0","","2","","","3","0","0","0","0","0","0","2","0","3","","","","N","","","","","","","","","",""
"2005213339","","2","0","0","0","0","0","0","0","0","4","0","","02","12","2005","3","40.5505","-80.0192","","11","0","0","0","0","0","0","0","1","","0","0","0","","","1","","2","","40 33:01.800","","7","80 01:09.120","9","0","0","0","2116","0","0","0","N","0","0","0","2","02116","0","","1.0","","1","N","N","","0","","0","0","0","","2","","","2","0","0","0","0","0","1","2","0","2","","","","N","","","","","","","","","",""
"2005213340","","2","0","0","0","0","0","0","0","0","4","0","","02","11","2005","5","","","","11","0","0","0","0","0","0","0","0","","0","0","0","","","0","","0","","","","7","","0","0","0","0","2116","0","0","0","N","0","0","0","4","02116","0","","1.0","","1","N","N","","0","","0","0","0","","0","","","2","0","0","0","0","0","0","1","0","2","","","","N","","","","","","","","","",""
"2005213341","","1","0","0","0","0","0","0","0","0","8","0","","02","12","2005","7","40.5459","-80.0167","","11","0","0","0","0","0","0","0","0","","0","0","0","","","1","","1","","40 32:45.240","","0","80 01:00.120","3","0","0","0","2116","1","0","0","N","1","0","0","3","02116","0","","1.0","","1","N","N","","0","","1","0","0","","2","","","2","1","0","0","0","0","0","2","0","1","","","","N","","","","","","","","","",""
"2005213342","","2","0","0","0","0","0","0","0","0","1","0","","02","12","2005","7","","","","11","0","1","0","0","0","0","0","0","","0","0","0","","","0","","0","","","","0","","0","0","0","0","2116","0","0","0","N","0","0","0","3","02116","0","","1.0","","1","N","N","","1","","0","0","0","","0","","","3","0","0","0","0","0","0","1","0","3","","","","N","","","","","","","","","",""
"2005213343","","1","0","0","0","0","0","0","0","0","1","0","","02","12","2005","6","40.545305","-80.030738","","11","0","0","0","0","0","1","0","0","","0","0","0","","","1","","2","","40 32:43.098","","0","80 01:50.656","3","0","0","0","2116","0","0","0","N","0","0","0","4","02116","0","","1.0","","1","N","N","","1","","1","0","0","","4","","","2","1","1","0","0","0","0","2","0","2","","","","N","","","","","","","","","",""
"2005213344","","1","0","0","0","0","0","0","0","0","7","0","","02","12","2005","1","","","","11","0","0","0","0","0","0","0","0","","0","0","0","","","0","","0","","","","0","","0","0","0","0","2116","0","0","0","N","0","0","0","1","02116","0","","5.0","","2","N","N","","0","","0","0","0","","0","","","1","0","0","0","0","0","0","1","0","1","","","","N","","","","","","","","","",""
"2005213345","","0","0","0","0","0","0","0","0","0","0","0","","02","12","2005","7","","","","11","0","0","0","0","0","0","0","0","","0","0","0","","","1","","0","","","","0","","9","0","0","1","2116","0","0","0","N","0","0","0","1","02116","0","","1.0","","1","N","N","","0","","0","0","0","","0","","","1","0","0","0","0","0","1","1","0","1","","","","N","","","","","","","","","",""
"2005213346","","1","0","0","0","0","0","0","0","0","7","0","","02","12","2005","6","40.5513","-80.0568","","11","0","0","0","0","0","0","0","0","","0","0","0","","","0","","0","","40 33:04.680","","0","80 03:24.480","0","0","0","0","2116","0","0","0","N","0","0","0","1","02116","0","","5.0","","2","N","N","","0","","0","0","0","","0","","","1","0","0","0","0","0","0","2","0","1","","","","N","","","","","","","","","",""
"2005213347","","1","0","0","0","0","0","0","0","0","7","0","","02","12","2005","1","","","","11","0","0","0","0","0","0","0","0","","0","0","0","","","0","","0","","","","0","","0","0","0","0","2116","0","0","0","N","0","0","0","1","02116","0","","2.0","","7","N","N","","0","","0","0","0","","0","","","1","0","0","0","0","0","0","1","0","1","","","","N","","","","","","","","","",""
"2005213348","","2","0","0","0","0","0","0","0","0","1","0","","02","12","2005","5","40.5362","-80.0108","","11","0","0","0","0","0","0","1","0","","0","0","0","","","0","","0","","40 32:10.320","","0","80 00:38.880","0","0","0","0","2116","0","0","0","N","0","0","0","3","02116","0","","1.0","","1","N","N","","0","","0","0","0","","0","","","2","0","0","0","0","0","0","2","0","2","","","","N","","","","","","","","","",""
"2005213349","","2","0","0","0","0","0","0","0","0","4","0","","02","12","2005","2","40.5068","-80.0068","","11","0","0","0","0","0","0","1","0","","0","0","0","","","0","","1","","40 30:24.480","","0","80 00:24.480","0","0","0","0","2116","0","0","0","N","0","0","0","2","02116","0","","1.0","","1","N","N","","0","","0","0","0","","2","","","2","0","0","0","0","0","0","2","0","2","","","","N","","","","","","","","","",""
"2005213351","","2","0","0","0","0","0","0","0","0","1","0","","02","12","2005","4","40.543329","-79.993566","","11","0","0","0","0","0","0","0","0","","0","0","0","","","1","","2","","40 32:35.983","","0","79 59:36.838","9","0","0","0","2116","0","0","0","N","0","0","0","3","02116","0","","1.0","","1","N","N","","0","","0","0","0","","3","","","2","0","0","0","0","0","1","2","0","2","","","","N","","","","","","","","","",""
"2005213352","","2","0","0","0","0","0","0","0","0","1","0","","02","12","2005","7","40.5177","-80.0125","","11","1","0","0","0","0","0","1","0","","0","0","0","","","0","","0","","40 31:03.720","","7","80 00:45.000","0","0","0","0","2116","0","0","0","N","0","0","0","5","02116","0","","1.0","","1","N","N","","0","","0","0","0","","0","","","2","0","0","0","0","0","0","2","0","2","","","","N","","","","","","","","","",""
"2005213353","","3","0","0","0","0","0","0","0","0","1","0","","02","11","2005","2","","","","11","0","0","0","0","0","0","1","0","","0","0","0","","","0","","0","","","","0","","0","0","0","0","2116","0","0","0","N","0","0","0","5","02116","0","","1.0","","1","N","N","","0","","0","0","0","","0","","","3","0","0","0","0","0","0","1","0","3","","","","N","","","","","","","","","",""
"2005213354","","3","0","0","0","0","0","0","0","0","5","0","","02","12","2005","2","40.5239","-80.0053","","11","0","0","0","0","0","1","0","0","","0","0","0","","","0","","0","","40 31:26.040","","0","80 00:19.080","0","0","0","0","2116","0","0","0","N","0","0","0","6","02116","0","","1.0","","1","N","N","","0","","0","0","0","","0","","","3","0","2","0","0","0","0","2","0","3","","","","N","","","","","","","","","",""
"2005213355","","2","0","0","0","0","0","0","0","0","1","0","","02","12","2005","7","40.5068","-80.0068","","11","0","0","0","0","0","0","0","0","","0","0","0","","","0","","1","","40 30:24.480","","0","80 00:24.480","0","0","0","0","2116","0","0","0","N","0","0","0","3","02116","0","","1.0","","2","N","N","","0","","0","0","0","","2","","","2","0","0","0","0","0","0","2","0","2","","","","N","","","","","","","","","",""
"2005213356","","1","0","0","0","0","0","0","0","0","1","0","","02","12","2005","2","","","","11","0","0","0","0","1","0","1","0","","0","0","0","","","1","","0","","","","0","","4","0","0","0","2116","0","0","0","N","0","0","0","2","02116","1","","1.0","","1","N","N","","1","","0","0","0","","0","","","2","1","0","0","0","0","0","1","0","2","","","","N","","","","","","","","","",""
"2005213357","","2","0","0","0","0","0","0","0","0","1","0","","02","12","2005","6","","","","11","0","1","0","0","0","0","0","0","","0","0","0","","","1","","0","","","","7","","4","0","0","0","2116","0","0","0","N","0","0","0","3","02116","1","","1.0","","1","N","N","","0","","0","0","0","","0","","","2","1","0","0","0","0","0","1","0","2","","","","N","","","","","","","","","",""
"2005213358","","1","0","0","0","0","0","0","0","0","7","0","","02","12","2005","2","","","","11","0","0","0","0","0","0","0","0","","0","0","0","","","0","","0","","","","0","","0","0","0","0","2116","0","0","0","N","0","0","0","1","02116","0","","2.0","","2","N","N","","0","","0","0","0","","0","","","1","0","0","0","0","0","0","1","0","1","","","","N","","","","","","","","","",""
"2005213359","","1","0","0","0","0","0","0","0","0","5","0","","02","12","2005","4","40.5486","-80.0184","","11","0","0","0","0","0","1","0","0","","0","0","0","","","0","","0","","40 32:54.960","","0","80 01:06.240","0","0","0","0","2116","0","0","0","N","0","0","0","2","02116","0","","1.0","","1","N","N","","0","","0","0","1","","0","","","2","0","0","0","0","0","0","2","0","2","","","","N","","","","","","","","","",""
"2005213360","","2","0","0","0","0","0","0","0","0","1","0","","02","12","2005","7","40.5307","-80.0099","","11","0","0","0","0","0","0","0","0","","0","0","0","","","0","","1","","40 31:50.520","","0","80 00:35.640","0","0","0","0","2116","0","0","0","N","0","0","0","2","02116","0","","1.0","","1","N","N","","0","","0","0","0","","2","","","2","0","0","0","0","0","0","2","0","2","","","","N","","","","","","","","","",""
"2005213361","","2","0","0","0","0","0","0","0","0","5","0","","02","12","2005","7","40.531","-80.0101","","11","0","0","0","0","0","1","0","0","","0","0","0","","","1","","0","","40 31:51.600","","0","80 00:36.360","4","0","0","0","2116","0","0","0","N","0","0","0","3","02116","1","","1.0","","1","N","N","","0","","0","0","0","","0","","","2","1","0","0","0","0","0","2","0","2","","","","N","","","","","","","","","",""
"2005213362","","1","0","0","0","0","0","0","0","0","99","0","","02","12","2005","2","40.5391","-80.0503","","11","0","0","1","0","0","0","0","0","","0","0","0","","","0","","0","","40 32:20.760","","0","80 03:01.080","0","0","0","0","2116","0","0","0","N","0","0","0","2","02116","0","","5.0","","9","N","N","","0","","0","0","0","","0","","","2","0","0","0","0","0","0","2","0","2","","","","N","","","","","","","","","",""
"2005213363","","1","0","0","0","0","0","0","0","0","1","0","","02","12","2005","3","40.5304","-80.0049","","11","0","0","0","1","0","0","0","0","","0","0","0","","","0","","0","","40 31:49.440","","7","80 00:17.640","0","0","0","0","2116","0","0","0","N","0","0","0","2","02116","0","","1.0","","9","N","N","","1","","0","0","0","","0","","","2","0","0","0","0","0","0","2","0","2","","","","N","","","","","","","","","",""
"2005213364","","2","0","0","0","0","0","0","0","0","1","0","","02","12","2005","6","","","","11","0","0","0","0","0","0","1","0","","0","0","0","","","0","","0","","","","0","","0","0","0","0","2116","0","0","0","N","0","0","0","3","02116","0","","1.0","","1","N","N","","0","","0","0","0","","0","","","2","0","0","0","0","0","0","1","0","2","","","","N","","","","","","","","","",""
"2005213365","","1","0","0","0","0","0","0","0","0","7","0","","02","12","2005","7","","","","11","0","0","0","0","0","0","0","0","","0","0","0","","","0","","0","","","","0","","0","0","0","0","2116","0","0","0","N","0","0","0","1","02116","0","","2.0","","7","N","N","","0","","0","0","0","","0","","","1","0","1","0","0","0","0","1","0","1","","","","N","","","","","","","","","",""
"2005213366","","2","0","0","0","0","0","0","0","0","4","0","","02","12","2005","2","","","","11","0","0","0","1","0","0","0","1","","0","0","0","","","0","","0","","","","0","","0","0","0","0","2116","0","0","0","N","0","0","0","3","02116","0","","1.0","","9","N","N","","0","","0","0","0","","0","","","2","0","2","0","0","0","0","1","0","2","","","","N","","","","","","","","","",""
"2005213367","","3","0","0","0","0","0","0","0","0","1","0","","02","12","2005","7","40.5217","-80.0052","","11","0","0","0","0","0","0","0","0","","0","0","0","","","1","","0","","40 31:18.120","","0","80 00:18.720","4","0","0","0","2116","0","0","0","N","0","0","0","5","02116","1","","1.0","","1","N","N","","0","","0","0","0","","0","","","3","1","0","0","0","0","0","2","0","3","","","","N","","","","","","","","","",""
"2005213368","","2","0","0","0","0","0","0","0","0","4","0","","02","12","2005","7","40.5412","-80.0361","","11","0","0","0","0","0","0","1","1","","0","0","0","","","0","","1","","40 32:28.320","","0","80 02:09.960","0","0","0","0","2116","0","0","0","N","0","0","0","2","02116","0","","1.0","","1","N","N","","0","","0","0","0","","2","","","2","0","0","0","0","0","0","2","0","2","","","","N","","","","","","","","","",""
"2005213369","","2","0","0","0","0","0","0","0","0","1","0","","02","12","2005","5","","","","11","0","0","0","0","0","0","0","1","","0","0","0","","","2","","0","","","","7","","4","0","0","0","2116","0","0","0","N","0","0","0","3","02116","2","","1.0","","9","N","N","","0","","0","0","0","","0","","","2","2","0","0","0","0","0","1","0","2","","","","N","","","","","","","","","",""
"2005213370","","1","0","0","0","0","0","0","0","0","4","0","","02","12","2005","2","","","","11","0","0","0","1","0","0","0","0","","0","0","0","","","0","","2","","","","7","","0","0","0","0","2116","0","0","0","N","0","0","0","3","02116","0","","1.0","","1","N","N","","0","","0","0","0","","1","","","2","0","0","0","0","0","0","1","1","2","","","","N","","","","","","","","","",""
"2005213420","","0","0","0","0","0","0","0","0","0","1","0","","02","12","2005","1","","","","11","0","0","0","0","0","0","0","0","","0","1","0","","","0","","0","","","","0","","0","0","0","0","2473","0","0","0","N","0","0","0","2","02473","0","","1.0","","2","N","N","","1","","0","0","0","","0","","","2","0","0","0","0","0","0","1","0","2","","","","N","","","","","","","","","",""
"2005213422","","1","0","0","0","0","0","0","0","0","7","0","","02","12","2005","5","40.3503","-79.927","","11","0","0","0","0","0","0","0","0","","0","0","0","","","1","","2","","40 21:01.080","","0","79 55:37.200","4","0","0","0","2473","0","0","0","N","0","0","0","1","02473","1","","1.0","","9","N","N","","0","","0","0","0","","2","","","1","1","1","0","0","0","0","2","0","1","","","","N","","","","","","","","","",""
"2005213532","","2","0","0","0","0","0","0","0","0","4","0","","02","11","2005","4","40.4309","-79.805","","11","0","0","0","0","0","0","1","0","","0","0","0","","","0","","0","","40 25:51.240","","7","79 48:18.000","0","0","0","0","2124","0","0","0","N","0","0","0","2","02124","0","","1.0","","9","N","N","","0","","0","0","0","","2","","","2","0","0","0","0","0","0","2","0","2","","","","N","","","","","","","","","",""
"2005213533","","2","0","0","0","0","0","0","0","0","4","0","","02","11","2005","5","40.426","-79.8349","","11","0","0","0","0","0","0","1","1","","0","0","0","","","1","","2","","40 25:33.600","","0","79 50:05.640","4","0","0","0","2124","0","0","0","N","0","0","0","2","02124","1","","1.0","","1","N","N","","0","","0","0","0","","2","","","2","1","0","0","0","0","0","2","0","2","","","","N","","","","","","","","","",""
"2005213534","","2","0","0","0","0","0","0","0","0","4","0","","02","11","2005","3","40.4306","-80.264","","11","0","0","0","0","1","1","0","0","","0","0","0","","","1","","0","","40 25:50.160","","7","80 15:50.400","4","0","0","0","2124","0","0","0","N","0","0","0","5","02124","1","","1.0","","1","N","N","","0","","0","0","0","","2","","","2","1","1","0","0","0","0","1","0","2","","","","N","","","","","","","","","",""
"2005213535","","2","0","0","0","0","0","0","0","0","4","0","","02","11","2005","4","","","","11","0","0","0","2","0","0","0","0","","0","0","0","","","0","","2","","","","0","","0","0","0","0","2124","0","0","0","N","0","0","0","3","02124","0","","1.0","","9","N","N","","0","","0","0","0","","3","","","2","0","0","0","0","0","0","1","0","2","","","","N","","","","","","","","","",""
"2005213536","","1","0","0","0","0","0","0","0","0","7","0","","02","12","2005","2","","","","11","0","1","0","0","0","0","0","0","","0","0","0","","","0","","0","","","","0","","0","0","0","0","2124","0","0","0","N","0","0","0","1","02124","0","","1.0","","2","N","N","","0","","0","0","0","","0","","","1","0","0","0","0","0","0","1","0","1","","","","N","","","","","","","","","",""