"CRN","ARRIVAL_TM","AUTOMOBILE_COUNT","BELTED_DEATH_COUNT","BELTED_SUSP_SERIOUS_INJ_COUNT","BICYCLE_COUNT","BICYCLE_DEATH_COUNT","BICYCLE_SUSP_SERIOUS_INJ_COUNT","BUS_COUNT","CHLDPAS_DEATH_COUNT","CHLDPAS_SUSP_SERIOUS_INJ_COUNT","COLLISION_TYPE","COMM_VEH_COUNT","CONS_ZONE_SPD_LIM","COUNTY","CRASH_MONTH","CRASH_YEAR","DAY_OF_WEEK","DEC_LATITUDE","DEC_LONGITUDE","DISPATCH_TM","DISTRICT","DRIVER_COUNT_16YR","DRIVER_COUNT_17YR","DRIVER_COUNT_18YR","DRIVER_COUNT_19YR","DRIVER_COUNT_20YR","DRIVER_COUNT_50_64YR","DRIVER_COUNT_65_74YR","DRIVER_COUNT_75PLUS","EST_HRS_CLOSED","FATAL_COUNT","HEAVY_TRUCK_COUNT","HORSE_BUGGY_COUNT","HOUR_OF_DAY","ILLUMINATION","INJURY_COUNT","INTERSECTION_RELATED","INTERSECT_TYPE","LANE_CLOSED","LATITUDE","LN_CLOSE_DIR","LOCATION_TYPE","LONGITUDE","MAX_SEVERITY_LEVEL","MCYCLE_DEATH_COUNT","MCYCLE_SUSP_SERIOUS_INJ_COUNT","MOTORCYCLE_COUNT","MUNICIPALITY","NONMOTR_COUNT","NONMOTR_DEATH_COUNT","NONMOTR_SUSP_SERIOUS_INJ_COUNT","NTFY_HIWY_MAINT","PED_COUNT","PED_DEATH_COUNT","PED_SUSP_SERIOUS_INJ_COUNT","PERSON_COUNT","POLICE_AGCY","POSSIBLE_INJ_COUNT","RDWY_SURF_TYPE_CD","RELATION_TO_ROAD","ROADWAY_CLEARED","ROAD_CONDITION","SCH_BUS_IND","SCH_ZONE_IND","SECONDARY_CRASH","SMALL_TRUCK_COUNT","SPEC_JURIS_CD","SUSP_MINOR_INJ_COUNT","SUSP_SERIOUS_INJ_COUNT","SUV_COUNT","TCD_FUNC_CD","TCD_TYPE","TFC_DETOUR_IND","TIME_OF_DAY","TOTAL_UNITS","TOT_INJ_COUNT","UNBELTED_OCC_COUNT","UNB_DEATH_COUNT","UNB_SUSP_SERIOUS_INJ_COUNT","UNK_INJ_DEG_COUNT","UNK_INJ_PER_COUNT","URBAN_RURAL","VAN_COUNT","VEHICLE_COUNT","WEATHER1","WEATHER2","WORKERS_PRES","WORK_ZONE_IND","WORK_ZONE_LOC","WORK_ZONE_TYPE","WZ_CLOSE_DETOUR","WZ_FLAGGER","WZ_LAW_OFFCR_IND","WZ_LN_CLOSURE","WZ_MOVING","WZ_OTHER","WZ_SHLDER_MDN","WZ_WORKERS_INJ_KILLED"
"2005401092","","2","0","0","0","0","0","0","0","0","4","0","","02","10","2005","1","40.463745","-79.923774","","11","0","0","0","0","0","0","0","0","1","0","0","0","","","1","","1","","40 27:49.482","1","0","79 55:25.586","3","0","0","0","2301","0","0","0","N","0","0","0","4","02301","0","","1.0","","1","N","N","","0","","1","0","0","","1","N","","2","1","3","0","0","0","0","2","0","2","","","","N","","","","","","","","","",""
"2005401093","","2","0","0","0","0","0","0","0","0","2","0","","02","10","2005","1","40.458506","-79.901136","","11","0","0","0","0","0","1","0","0","","0","0","0","","","0","","1","","40 27:30.621","","0","79 54:04.089","0","0","0","0","2301","0","0","0","N","0","0","0","3","02301","0","","1.0","","1","N","N","","0","","0","0","0","","2","","","2","0","0","0","0","0","0","2","0","2","","","","N","","","","","","","","","",""
"2005401094","","0","0","0","0","0","0","0","0","0","1","0","","02","10","2005","2","40.447127","-79.988754","","11","0","0","0","0","0","1","0","0","","0","0","0","","","0","","0","","40 26:49.657","","0","79 59:19.514","0","0","0","0","2301","0","0","0","N","0","0","0","2","02301","0","","1.0","","1","N","N","","0","","0","0","2","","2","","","2","0","0","0","0","0","0","2","0","2","","","","N","","","","","","","","","",""
"2005401095","","2","0","0","0","0","0","0","0","0","1","0","","02","10","2005","2","40.447127","-79.988754","","11","0","0","0","0","0","0","0","1","","0","0","0","","","0","","0","","40 26:49.657","","0","79 59:19.514","0","0","0","0","2301","0","0","0","N","0","0","0","2","02301","0","","1.0","","1","N","N","","0","","0","0","0","","0","","","2","0","0","0","0","0","0","2","0","2","","","","N","","","","","","","","","",""
"2005401096","","2","0","0","0","0","0","0","0","0","4","0","","02","10","2005","6","","","","11","0","0","0","0","0","1","0","0","","0","0","0","","","0","","1","","","","0","","0","0","0","0","2301","0","0","0","N","0","0","0","6","02301","0","","1.0","","9","N","N","","0","","0","0","0","","2","","","2","0","0","0","0","0","0","1","0","2","","","","N","","","","","","","","","",""
"2005401097","","1","0","0","0","0","0","0","0","0","7","0","","02","10","2005","6","","","","11","0","0","0","0","0","0","0","0","","0","0","0","","","1","","0","","","","0","","3","0","0","0","2301","0","0","0","N","0","0","0","1","02301","0","","2.0","","9","N","N","","0","","1","0","0","","0","","","1","1","1","0","0","0","0","1","0","1","","","","N","","","","","","","","","",""
"2005401098","","1","0","0","0","0","0","0","0","0","4","0","","02","10","2005","7","40.401944","-80.000707","","11","0","0","0","0","1","0","0","0","","0","0","0","","","0","","1","","40 24:07.000","","0","80 00:02.544","0","0","0","0","2301","0","0","0","N","0","0","0","2","02301","0","","1.0","","1","N","N","","1","","0","0","0","","2","","","2","0","0","0","0","0","0","2","0","2","","","","N","","","","","","","","","",""
"2005401099","","1","0","0","0","0","0","0","0","0","7","0","","02","10","2005","7","40.425556","-80.019846","","11","1","0","0","0","0","0","0","0","","0","0","0","","","0","","2","","40 25:32.000","","0","80 01:11.445","0","0","0","0","2301","0","0","0","N","0","0","0","2","02301","0","","5.0","","1","N","N","","0","","0","0","0","","2","","","1","0","0","0","0","0","0","2","0","1","","","","N","","","","","","","","","",""
"2005401100","","3","0","0","0","0","0","0","0","0","5","0","","02","10","2005","7","40.412849","-79.98916","","11","0","0","0","0","0","0","0","0","2","0","0","0","","","0","","0","","40 24:46.256","2","0","79 59:20.976","0","0","0","0","2301","0","0","0","N","0","0","0","1","02301","0","","6.0","","1","N","N","","0","","0","0","0","","0","N","","4","0","0","0","0","0","0","2","1","4","","","","N","","","","","","","","","",""
"2005401101","","0","0","0","1","0","0","0","0","0","8","0","","02","10","2005","1","40.448364","-80.003737","","11","0","0","0","0","0","0","0","0","1","0","0","0","","","1","","1","","40 26:54.110","3","0","80 00:13.453","4","0","0","0","2301","1","0","0","N","0","0","0","2","02301","1","","1.0","","1","N","N","","1","","0","0","0","","0","N","","2","1","0","0","0","0","1","2","0","1","","","","N","","","","","","","","","",""
"2005401102","","2","0","0","0","0","0","0","0","0","4","0","","02","10","2005","3","40.440784","-79.948241","","11","0","0","0","0","0","0","0","0","","0","0","0","","","0","","2","","40 26:26.822","","0","79 56:53.667","0","0","0","0","2301","0","0","0","N","0","0","0","2","02301","0","","1.0","","1","N","N","","1","","0","0","0","","0","","","3","0","0","0","0","0","0","2","0","3","","","","N","","","","","","","","","",""
"2005401103","","1","0","0","0","0","0","0","0","0","1","0","","02","10","2005","3","40.457246","-79.997838","","11","0","0","0","0","0","1","0","0","2","0","0","0","","","0","","1","","40 27:26.085","4","0","79 59:52.216","9","0","0","0","2301","0","0","0","N","0","0","0","2","02301","0","","1.0","","1","N","N","","0","","0","0","0","","2","N","","2","0","0","0","0","0","1","2","0","2","","","","N","","","","","","","","","",""
"2005401104","","1","0","0","0","0","0","0","0","0","7","0","","02","10","2005","7","40.4441","-80.0295","","11","0","0","0","0","0","0","0","0","","0","0","0","","","0","","10","","40 26:38.760","","0","80 01:46.200","0","0","0","0","2301","0","0","0","N","0","0","0","1","02301","0","","1.0","","9","N","N","","0","","0","0","0","","2","","","1","0","0","0","0","0","0","2","0","1","","","","N","","","","","","","","","",""
"2005401105","","1","0","0","0","0","0","0","0","0","7","0","","02","10","2005","1","","","","11","0","0","0","0","0","0","0","0","","0","0","0","","","0","","2","","","","0","","0","0","0","0","2301","0","0","0","N","0","0","0","1","02301","0","","4.0","","1","N","N","","0","","0","0","0","","0","","","1","0","0","0","0","0","0","1","0","1","","","","N","","","","","","","","","",""
"2005401106","","1","0","0","0","0","0","0","0","0","4","0","","02","10","2005","6","40.464673","-79.923313","","11","0","0","0","0","0","1","0","0","1","0","0","0","","","2","","1","","40 27:52.822","5","0","79 55:23.926","8","0","0","0","2301","0","0","0","N","0","0","0","2","02301","0","","1.0","","9","N","N","","0","","0","0","0","","0","N","","2","2","0","0","0","2","0","2","1","2","","","","N","","","","","","","","","",""
"2005401107","","1","0","0","0","0","0","0","0","0","4","0","","02","10","2005","7","40.461539","-79.922185","","11","0","0","0","0","0","2","0","0","2","0","0","0","","","3","","1","","40 27:41.539","5","0","79 55:19.866","4","0","0","0","2301","0","0","0","N","0","0","0","4","02301","3","","1.0","","9","N","N","","0","","0","0","1","","2","N","","2","3","0","0","0","0","0","2","0","2","","","","N","","","","","","","","","",""
"2005401108","","0","0","0","0","0","0","0","0","0","7","0","","02","10","2005","2","40.4864","-79.9131","","11","0","0","0","0","0","1","0","0","","0","0","0","","","0","","0","","40 29:11.040","","0","79 54:47.160","9","0","0","0","2301","0","0","0","N","0","0","0","1","02301","0","","2.0","","1","N","N","","0","","0","0","0","","0","","","1","0","0","0","0","0","1","2","1","1","","","","N","","","","","","","","","",""
"2005401109","","1","0","0","0","0","0","0","0","0","7","0","","02","10","2005","7","40.379722","-79.994029","","11","0","0","0","0","0","1","0","0","","0","0","0","","","0","","1","","40 22:47.000","","0","79 59:38.506","0","0","0","0","2301","0","0","0","Y","0","0","0","1","02301","0","","4.0","","9","N","N","","0","","0","0","0","","0","","","1","0","0","0","0","0","0","2","0","1","","","","N","","","","","","","","","",""
"2005401110","","1","0","0","0","0","0","0","0","0","7","0","","02","10","2005","3","40.447065","-80.046894","","11","0","0","0","0","1","0","0","0","","0","0","0","","","0","","0","","40 26:49.434","","0","80 02:48.818","0","0","0","0","2301","0","0","0","N","0","0","0","1","02301","0","","5.0","","1","N","N","","0","","0","0","0","","0","","","1","0","0","0","0","0","0","2","0","1","","","","N","","","","","","","","","",""
"2005401111","","1","0","0","0","0","0","0","0","0","3","0","","02","10","2005","6","40.430556","-80.000386","","11","0","0","0","0","0","0","0","0","","0","0","0","","","0","","2","","40 25:50.000","","0","80 00:01.388","0","0","0","0","2301","0","0","0","N","0","0","0","2","02301","0","","1.0","","1","N","N","","1","","0","0","0","","2","","","2","0","1","0","0","0","0","2","0","2","","","","N","","","","","","","","","",""
"2005401112","","1","0","0","0","0","0","0","0","0","8","0","","02","10","2005","6","40.451596","-80.06943","","11","0","0","0","0","0","0","0","0","1","0","0","0","","","1","","1","","40 27:05.745","1","0","80 04:09.948","4","0","0","0","2301","1","0","0","N","1","0","0","2","02301","1","","1.0","","1","N","N","","0","","0","0","0","","3","Y","","2","1","0","0","0","0","0","2","0","1","","","","N","","","","","","","","","",""
"2005401113","","1","0","0","0","0","0","0","0","0","1","0","","02","10","2005","6","","","","11","0","0","0","0","0","0","0","0","1","0","0","0","","","2","","2","","","3","0","","8","0","0","0","2301","0","0","0","N","0","0","0","6","02301","0","","1.0","","1","N","N","","0","","0","0","1","","0","Y","","2","2","0","0","0","2","0","1","0","2","","","","N","","","","","","","","","",""
"2005401114","","1","0","0","0","0","0","0","0","0","7","0","","02","10","2005","1","40.378326","-79.993442","","11","0","0","0","1","0","0","0","0","","0","0","0","","","1","","0","","40 22:41.973","","0","79 59:36.391","4","0","0","0","2301","0","0","0","N","0","0","0","2","02301","1","","2.0","","1","N","N","","0","","0","0","0","","0","","","2","1","0","0","0","0","0","2","0","1","","","","N","","","","","","","","","",""
"2005401115","","1","0","0","0","0","0","0","0","0","7","0","","02","10","2005","2","40.429354","-80.047527","","11","0","0","0","0","0","0","0","0","","0","0","0","","","0","","0","","40 25:45.674","","0","80 02:51.097","9","0","0","0","2301","0","0","0","N","0","0","0","1","02301","0","","4.0","","1","N","N","","0","","0","0","0","","0","","","1","0","0","0","0","0","1","2","0","1","","","","N","","","","","","","","","",""
"2005401116","","2","0","0","0","0","0","0","0","0","4","0","","02","10","2005","6","40.396195","-80.023707","","11","0","0","0","0","0","0","0","0","","0","0","0","","","0","","1","","40 23:46.302","","0","80 01:25.345","0","0","0","0","2301","0","0","0","N","0","0","0","2","02301","0","","1.0","","9","N","N","","0","","0","0","0","","2","","","2","0","0","0","0","0","0","2","0","2","","","","N","","","","","","","","","",""
"2005401117","","0","0","0","0","0","0","0","0","0","7","0","","02","10","2005","7","40.416481","-79.995733","","11","0","0","0","0","0","0","0","0","3","0","0","0","","","1","","0","","40 24:59.331","6","0","79 59:44.638","3","0","0","0","2301","0","0","0","N","0","0","0","1","02301","0","","5.0","","9","N","","","0","","1","0","1","","0","Y","","1","1","1","0","0","0","0","2","0","1","","","","N","","","","","","","","","",""
"2005401118","","1","0","0","0","0","0","0","0","0","4","0","","02","10","2005","2","40.463333","-80.056871","","11","0","0","0","0","0","1","0","1","1","0","0","0","","","0","","2","","40 27:48.000","2","0","80 03:24.736","0","0","0","0","2301","0","0","0","N","0","0","0","3","02301","0","","1.0","","9","N","N","","1","","0","0","0","","3","N","","2","0","0","0","0","0","0","2","0","2","","","","N","","","","","","","","","",""
"2005401119","","2","0","0","0","0","0","0","0","0","4","0","","02","10","2005","1","40.4345","-80.0081","","11","0","0","0","0","0","0","0","0","","0","0","0","","","0","","0","","40 26:04.200","","7","80 00:29.160","0","0","0","0","2301","0","0","0","N","0","0","0","3","02301","0","","1.0","","9","N","N","","0","","0","0","0","","2","","","2","0","0","0","0","0","0","2","0","2","","","","N","","","","","","","","","",""
"2005401120","","3","0","0","0","0","0","0","0","0","1","0","","02","10","2005","2","40.415833","-80.029888","","11","0","0","0","0","0","0","0","0","1","0","0","0","","","1","","1","","40 24:57.000","1","0","80 01:47.595","4","0","0","0","2301","0","0","0","N","0","0","0","2","02301","1","","5.0","","9","N","N","","0","","0","0","0","","2","N","","3","1","1","0","0","0","1","2","0","3","","","","N","","","","","","","","","",""
"2005401121","","2","0","0","0","0","0","0","0","0","4","0","","02","10","2005","1","40.426344","-80.007562","","11","0","0","0","0","0","0","0","0","2","0","0","0","","","1","","2","","40 25:34.838","5","0","80 00:27.223","4","0","0","0","2301","0","0","0","N","0","0","0","2","02301","1","","1.0","","1","N","N","","0","","0","0","0","","3","Y","","2","1","0","0","0","0","0","2","0","2","","","","N","","","","","","","","","",""
"2005401122","","1","0","0","0","0","0","0","0","0","7","0","","02","10","2005","1","40.462422","-80.051589","","11","0","0","0","0","0","0","0","0","3","0","0","0","","","0","","0","","40 27:44.718","2","0","80 03:05.722","0","0","0","0","2301","0","0","0","N","0","0","0","2","02501","0","","5.0","","1","N","N","","0","","0","0","0","","0","N","","1","0","0","0","0","0","0","2","0","1","","","","N","","","","","","","","","",""
"2005401123","","1","0","0","0","0","0","0","0","0","6","0","","02","10","2005","6","40.419258","-79.989276","","11","0","0","0","0","0","0","0","0","","0","0","0","","","0","","1","","40 25:09.328","","0","79 59:21.393","9","0","0","0","2301","0","0","0","N","0","0","0","3","02301","0","","1.0","","9","N","N","","0","","0","0","0","","3","","","2","0","0","0","0","0","1","2","1","2","","","","N","","","","","","","","","",""
"2005401124","","1","0","0","0","0","0","0","0","0","4","0","","02","10","2005","7","40.393166","-79.999423","","11","0","0","0","0","0","0","1","0","2","0","0","0","","","1","","0","","40 23:35.397","5","0","79 59:57.922","8","0","0","0","2301","0","0","0","N","0","0","0","1","02301","0","","6.0","","9","N","N","","1","","0","0","0","","0","Y","","2","1","0","0","0","1","0","2","0","2","","","","N","","","","","","","","","",""
"2005401125","","2","0","0","0","0","0","0","0","0","2","0","","02","10","2005","1","40.4334","-80.055718","","11","0","0","0","0","0","1","0","0","","0","0","0","","","0","","0","","40 26:00.240","","0","80 03:20.584","0","0","0","0","2301","0","0","0","N","0","0","0","1","02301","0","","1.0","","1","N","N","","0","","0","0","0","","0","","","2","0","0","0","0","0","0","2","0","2","","","","N","","","","","","","","","",""
"2005401126","","0","0","0","0","0","0","0","0","0","7","0","","02","10","2005","2","","","","11","0","0","0","0","0","0","0","0","1","0","0","0","","","0","","2","","","1","0","","9","0","0","0","2301","0","0","0","N","0","0","0","1","02301","0","","2.0","","9","N","N","","1","","0","0","0","","2","N","","1","0","0","0","0","0","1","1","0","1","","","","N","","","","","","","","","",""
"2005401127","","1","0","0","0","0","0","0","0","0","5","0","","02","10","2005","7","","","","11","0","0","0","0","0","0","1","1","","0","0","0","","","1","","0","","","","0","","4","0","0","0","2301","0","0","0","N","0","0","0","3","02301","1","","1.0","","9","N","N","","1","","0","0","0","","0","","","2","1","0","0","0","0","0","1","0","2","","","","N","","","","","","","","","",""
"2005401128","","1","0","0","0","0","0","0","0","0","1","0","","02","10","2005","1","40.478889","-80.043068","","11","0","0","0","0","0","1","0","0","","0","0","0","","","0","","1","","40 28:44.000","","0","80 02:35.043","0","0","0","0","2301","0","0","0","N","0","0","0","6","02301","0","","1.0","","1","N","N","","1","","0","0","0","","4","","","2","0","0","0","0","0","0","2","0","2","","","","N","","","","","","","","","",""
"2005401129","","1","0","0","0","0","0","0","0","0","7","0","","02","10","2005","2","40.4358","-79.9946","","11","0","0","0","0","0","0","0","0","1","0","0","0","","","1","","7","","40 26:08.880","2","8","79 59:40.560","3","0","0","0","2301","0","0","0","N","0","0","0","1","02301","0","","5.0","","1","N","N","","0","","1","0","0","","4","Y","","1","1","1","0","0","0","0","2","0","1","","","","N","","","","","","","","","",""
"2005401130","","2","0","0","0","0","0","0","0","0","1","0","","02","10","2005","4","40.4354","-79.9949","","11","0","0","0","0","0","0","0","0","2","0","0","0","","","0","","0","","40 26:07.440","2","3","79 59:41.640","0","0","0","0","2301","0","0","0","N","0","0","0","3","02301","0","","1.0","","1","N","N","","0","","0","0","0","","0","Y","","2","0","0","0","0","0","0","2","0","2","","","","N","","","","","","","","","",""
"2005401131","","1","0","0","0","0","0","0","0","0","5","0","","02","10","2005","6","40.442435","-79.994769","","11","0","0","0","0","0","0","1","0","2","0","0","0","","","0","","0","","40 26:32.766","4","0","79 59:41.168","9","0","0","0","2301","0","0","0","N","0","0","0","2","02301","0","","1.0","","9","N","N","","1","","0","0","0","","0","Y","","2","0","0","0","0","0","1","2","0","2","","","","N","","","","","","","","","",""
"2005401132","","0","0","0","0","0","0","0","0","0","1","0","","02","10","2005","7","40.479167","-79.955123","","11","0","0","0","0","0","1","0","0","","0","0","0","","","2","","0","","40 28:45.000","","0","79 57:18.441","8","0","0","0","2301","0","0","0","N","0","0","0","3","02301","0","","1.0","","9","N","N","","2","","0","0","0","","0","","","2","2","0","0","0","2","0","2","0","2","","","","N","","","","","","","","","",""
"2005401133","","1","0","0","0","0","0","0","0","0","8","0","","02","10","2005","6","40.437778","-80.000195","","11","0","0","0","0","0","0","0","0","","0","0","0","","","1","","1","","40 26:16.000","","0","80 00:00.701","4","0","0","0","2301","1","0","0","N","1","0","0","2","02301","1","","1.0","","1","N","N","","0","","0","0","0","","2","","","2","1","0","0","0","0","0","2","0","1","","","","N","","","","","","","","","",""
"2005401134","","2","0","0","0","0","0","0","0","0","6","0","","02","10","2005","3","40.440126","-79.996436","","11","0","0","0","0","0","0","0","0","1","0","0","0","","","1","","2","","40 26:24.453","4","0","79 59:47.169","8","0","0","0","2301","0","0","0","N","0","0","0","2","02301","0","","1.0","","1","N","N","","0","","0","0","0","","2","Y","","2","1","0","0","0","1","0","2","0","2","","","","N","","","","","","","","","",""
"2005401142","","0","0","0","0","0","0","0","0","0","1","0","","02","10","2005","6","","","","11","0","0","0","0","0","0","0","0","","0","0","0","","","0","","0","","","","0","","0","0","0","0","2301","0","0","0","N","0","0","0","2","02301","0","","1.0","","9","N","N","","0","","0","0","2","","0","","","2","0","0","0","0","0","0","1","0","2","","","","N","","","","","","","","","",""
"2005401143","","1","0","0","0","0","0","0","0","0","0","0","","02","10","2005","7","","","","11","0","0","0","0","0","0","0","0","1","0","0","0","","","0","","0","","","1","0","","0","0","0","0","2301","0","0","0","N","0","0","0","2","02301","0","","1.0","","1","N","N","","0","","0","0","0","","0","Y","","1","0","0","0","0","0","0","1","0","1","","","","N","","","","","","","","","",""
"2005401144","","3","0","0","0","0","0","0","0","0","1","0","","02","10","2005","7","","","","11","0","0","0","1","0","0","0","0","","0","0","0","","","0","","0","","","","0","","0","0","0","0","2301","0","0","0","N","0","0","0","3","02301","0","","1.0","","9","N","N","","0","","0","0","0","","2","","","3","0","0","0","0","0","0","1","0","3","","","","N","","","","","","","","","",""
"2005401145","","2","0","0","0","0","0","0","0","0","4","0","","02","10","2005","4","","","","11","0","0","0","0","1","0","0","0","","0","0","0","","","0","","1","","","","0","","0","0","0","0","2301","0","0","0","N","0","0","0","3","02301","0","","1.0","","1","N","N","","0","","0","0","0","","2","","","2","0","0","0","0","0","0","1","0","2","","","","N","","","","","","","","","",""
"2005401146","","2","0","0","0","0","0","0","0","0","4","0","","02","10","2005","1","40.45041","-79.948748","","11","0","0","0","0","0","0","0","1","","0","0","0","","","0","","1","","40 27:01.476","","0","79 56:55.492","0","0","0","0","2301","0","0","0","N","0","0","0","3","02301","0","","1.0","","1","N","N","","0","","0","0","0","","2","","","2","0","0","0","0","0","0","2","0","2","","","","N","","","","","","","","","",""
"2005401156","","2","0","0","0","0","0","0","0","0","4","0","","02","10","2005","5","","","","11","0","0","0","0","1","0","0","0","1","0","0","0","","","1","","2","","","3","0","","4","0","0","0","2301","0","0","0","N","0","0","0","4","02301","1","","1.0","","1","N","N","","0","","0","0","0","","2","N","","2","1","0","0","0","0","0","1","0","2","","","","N","","","","","","","","","",""
"2005401157","","1","0","0","0","0","0","0","0","0","7","0","","02","10","2005","1","40.447126","-79.967499","","11","0","0","0","0","0","0","0","0","2","0","0","0","","","0","","2","","40 26:49.653","1","0","79 58:02.996","0","0","0","0","2301","0","0","0","N","0","0","0","1","02301","0","","5.0","","9","N","N","","0","","0","0","0","","0","Y","","1","0","1","0","0","0","0","2","0","1","","","","N","","","","","","","","","",""
"2005401158","","1","0","0","0","0","0","0","0","0","7","0","","02","10","2005","1","40.4437","-80.0058","","11","0","0","0","0","0","0","0","0","2","0","0","0","","","1","","7","","40 26:37.320","4","2","80 00:20.880","8","0","0","0","2301","0","0","0","Y","0","0","0","1","02301","0","","7.0","","1","N","N","","0","","0","0","0","","0","Y","","1","1","0","0","0","1","0","2","0","1","","","","N","","","","","","","","","",""
"2005401159","","3","0","0","0","0","0","0","0","0","1","0","","02","10","2005","6","","","","11","0","0","0","0","0","0","0","1","","0","0","0","","","0","","2","","","","0","","0","0","0","0","2301","0","0","0","N","0","0","0","1","02301","0","","1.0","","9","N","N","","0","","0","0","0","","0","","","3","0","0","0","0","0","0","1","0","3","","","","N","","","","","","","","","",""
"2005401191","","1","0","0","0","0","0","0","0","0","4","0","","02","10","2005","6","40.4601","-79.8235","","11","0","0","0","0","0","1","0","1","","0","0","0","","","1","","0","","40 27:36.360","","0","79 49:24.600","8","0","0","0","2113","0","0","0","N","0","0","0","2","02113","0","","1.0","","1","N","N","","1","","0","0","0","","0","","","2","1","0","0","0","1","0","2","0","2","","","","N","","","","","","","","","",""
"2005401192","","2","0","0","0","0","0","0","0","0","4","0","","02","10","2005","6","40.471111","-79.828172","","11","0","0","1","0","0","0","0","0","","0","0","0","","","1","","2","","40 28:16.000","","0","79 49:41.419","4","0","0","0","2113","0","0","0","N","0","0","0","3","02113","1","","1.0","","1","N","N","","0","","0","0","0","","3","","","2","1","0","0","0","0","0","2","0","2","","","","N","","","","","","","","","",""
"2005401193","","1","0","0","0","0","0","0","0","0","8","0","","02","10","2005","4","40.4468","-79.7983","","11","0","0","0","0","0","1","0","0","","0","0","0","","","1","","0","","40 26:48.480","","0","79 47:53.880","8","0","0","0","2113","1","0","0","N","1","0","0","3","02113","0","","1.0","","1","N","N","","0","","0","0","0","","0","","","2","1","0","0","0","1","0","2","0","1","","","","N","","","","","","","","","",""
"2005401194","","1","0","0","0","0","0","0","0","0","7","0","","02","10","2005","7","40.4507","-79.8438","","11","0","0","0","0","0","0","0","0","1","0","0","0","","","1","","0","","40 27:02.520","5","0","79 50:37.680","3","0","0","0","2113","0","0","0","N","0","0","0","1","02113","0","","5.0","","9","N","N","","0","","1","0","0","","0","N","","1","1","0","0","0","0","0","2","0","1","","","","N","","","","","","","","","",""
"2005401195","","2","0","0","0","0","0","0","0","0","0","0","","02","10","2005","7","40.461389","-79.863211","","11","0","0","0","0","0","1","1","0","2","0","0","0","","","4","","1","","40 27:41.000","6","0","79 51:47.561","4","0","0","0","2113","0","0","0","N","0","0","0","4","02113","4","","1.0","","1","N","N","","0","","0","0","0","","2","N","","2","4","0","0","0","0","0","2","0","2","","","","N","","","","","","","","","",""
"2005401196","","2","0","0","0","0","0","0","0","0","0","0","","02","10","2005","7","40.481389","-79.876219","","11","0","0","0","0","0","0","0","0","","0","0","0","","","0","","2","","40 28:53.000","","0","79 52:34.389","0","0","0","0","2113","0","0","0","N","0","0","0","2","02113","0","","1.0","","1","N","N","","0","","0","0","0","","2","","","2","0","1","0","0","0","0","2","0","2","","","","N","","","","","","","","","",""
"2005401197","","2","0","0","0","0","0","0","0","0","2","0","","02","10","2005","3","40.473449","-79.861681","","11","0","0","0","0","0","0","1","0","","0","0","0","","","2","","2","","40 28:24.417","","0","79 51:42.053","3","0","0","0","2113","0","0","0","N","0","0","0","3","02113","1","","1.0","","1","N","N","","0","","1","0","0","","0","","","2","2","0","0","0","0","1","2","0","2","","","","N","","","","","","","","","",""
"2005401228","","1","0","0","0","0","0","0","0","0","0","0","","02","9","2005","1","","","","11","0","1","0","0","0","0","0","0","1","0","0","0","","","2","","0","","40 28:06.24","2","0","80 00:07.92","8","0","0","0","2301","0","0","0","N","0","0","0","2","68B03","0","","3.0","","1","N","N","","0","","0","0","0","","0","N","","1","2","0","0","0","2","0","2","0","1","","","","N","","","","","","","","","",""
"2005401238","","1","0","0","0","0","0","0","0","0","0","0","","02","10","2005","6","","","","11","0","0","0","0","0","0","0","0","2","0","0","0","","","0","","0","","","2","0","","0","0","0","0","2119","0","0","0","N","0","0","0","1","02119","0","","1.0","","9","N","N","","0","","0","0","0","","0","N","","1","0","0","0","0","0","0","1","0","1","","","","N","","","","","","","","","",""
"2005401300","","2","0","0","0","0","0","0","0","0","2","0","","02","11","2005","5","40.428174","-80.07558","","11","0","0","0","0","0","0","0","0","","0","0","0","","","0","","0","","40 25:41.427","","0","80 04:32.088","0","0","0","0","2421","0","0","0","N","0","0","0","1","02421","0","","6.0","","1","N","N","","0","","0","0","1","","0","","","3","0","0","0","0","0","0","2","0","3","","","","N","","","","","","","","","",""
"2005401333","","1","0","0","0","0","0","0","0","0","7","0","","02","10","2005","1","","","","11","0","0","0","0","0","0","0","0","2","0","0","0","","","0","","0","","","4","0","","0","0","0","0","2304","0","0","0","N","0","0","0","1","02304","0","","2.0","","1","N","N","","0","","0","0","0","","0","N","","1","0","1","0","0","0","0","1","0","1","","","","N","","","","","","","","","",""
"2005401463","","0","0","0","0","0","0","0","0","0","7","0","","02","9","2005","4","40.614167","-80.095127","","11","0","0","0","0","0","0","0","0","","0","0","0","","","0","","0","","40 36:51.000","","0","80 05:42.458","0","0","0","0","2212","0","0","0","N","0","0","0","1","68B03","0","","2.0","","1","N","N","","1","","0","0","0","","0","","","1","0","0","0","0","0","0","2","0","1","","","","N","","","","","","","","","",""
"2005401464","","2","0","0","0","0","0","0","0","0","1","0","","02","10","2005","7","40.4021","-80.1888","","11","0","0","0","0","0","0","0","0","","0","0","0","","","0","","2","","40 24:07.560","","0","80 11:19.680","0","0","0","0","2450","0","0","0","N","0","0","0","4","02450","0","","1.0","","9","N","N","","0","","0","0","1","","0","","","3","0","0","0","0","0","0","2","0","3","","","","N","","","","","","","","","",""