"CRN","ARRIVAL_TM","AUTOMOBILE_COUNT","BELTED_DEATH_COUNT","BELTED_SUSP_SERIOUS_INJ_COUNT","BICYCLE_COUNT","BICYCLE_DEATH_COUNT","BICYCLE_SUSP_SERIOUS_INJ_COUNT","BUS_COUNT","CHLDPAS_DEATH_COUNT","CHLDPAS_SUSP_SERIOUS_INJ_COUNT","COLLISION_TYPE","COMM_VEH_COUNT","CONS_ZONE_SPD_LIM","COUNTY","CRASH_MONTH","CRASH_YEAR","DAY_OF_WEEK","DEC_LATITUDE","DEC_LONGITUDE","DISPATCH_TM","DISTRICT","DRIVER_COUNT_16YR","DRIVER_COUNT_17YR","DRIVER_COUNT_18YR","DRIVER_COUNT_19YR","DRIVER_COUNT_20YR","DRIVER_COUNT_50_64YR","DRIVER_COUNT_65_74YR","DRIVER_COUNT_75PLUS","EST_HRS_CLOSED","FATAL_COUNT","HEAVY_TRUCK_COUNT","HORSE_BUGGY_COUNT","HOUR_OF_DAY","ILLUMINATION","INJURY_COUNT","INTERSECTION_RELATED","INTERSECT_TYPE","LANE_CLOSED","LATITUDE","LN_CLOSE_DIR","LOCATION_TYPE","LONGITUDE","MAX_SEVERITY_LEVEL","MCYCLE_DEATH_COUNT","MCYCLE_SUSP_SERIOUS_INJ_COUNT","MOTORCYCLE_COUNT","MUNICIPALITY","NONMOTR_COUNT","NONMOTR_DEATH_COUNT","NONMOTR_SUSP_SERIOUS_INJ_COUNT","NTFY_HIWY_MAINT","PED_COUNT","PED_DEATH_COUNT","PED_SUSP_SERIOUS_INJ_COUNT","PERSON_COUNT","POLICE_AGCY","POSSIBLE_INJ_COUNT","RDWY_SURF_TYPE_CD","RELATION_TO_ROAD","ROADWAY_CLEARED","ROAD_CONDITION","SCH_BUS_IND","SCH_ZONE_IND","SECONDARY_CRASH","SMALL_TRUCK_COUNT","SPEC_JURIS_CD","SUSP_MINOR_INJ_COUNT","SUSP_SERIOUS_INJ_COUNT","SUV_COUNT","TCD_FUNC_CD","TCD_TYPE","TFC_DETOUR_IND","TIME_OF_DAY","TOTAL_UNITS","TOT_INJ_COUNT","UNBELTED_OCC_COUNT","UNB_DEATH_COUNT","UNB_SUSP_SERIOUS_INJ_COUNT","UNK_INJ_DEG_COUNT","UNK_INJ_PER_COUNT","URBAN_RURAL","VAN_COUNT","VEHICLE_COUNT","WEATHER1","WEATHER2","WORKERS_PRES","WORK_ZONE_IND","WORK_ZONE_LOC","WORK_ZONE_TYPE","WZ_CLOSE_DETOUR","WZ_FLAGGER","WZ_LAW_OFFCR_IND","WZ_LN_CLOSURE","WZ_MOVING","WZ_OTHER","WZ_SHLDER_MDN","WZ_WORKERS_INJ_KILLED"
"2005402007","","0","0","0","0","0","0","0","0","0","4","0","","02","10","2005","2","40.466121","-79.942647","","11","0","0","0","0","0","0","0","0","","0","0","0","","","1","","1","","40 27:58.035","","0","79 56:33.529","2","0","1","1","2301","0","0","0","N","0","0","0","2","02301","0","","1.0","","1","N","N","","0","","0","1","0","","0","","","2","1","0","0","0","0","0","2","0","2","","","","N","","","","","","","","","",""
"2005402008","","1","0","0","0","0","0","0","0","0","1","0","","02","10","2005","4","40.455055","-79.941418","","11","0","0","0","0","0","1","1","0","","0","0","0","","","0","","0","","40 27:18.198","","0","79 56:29.104","0","0","0","0","2301","0","0","0","N","0","0","0","3","02301","0","","1.0","","1","N","N","","0","","0","0","1","","2","","","2","0","0","0","0","0","0","2","0","2","","","","N","","","","","","","","","",""
"2005402009","","2","0","0","0","0","0","0","0","0","4","0","","02","10","2005","5","40.458613","-79.908014","","11","0","0","0","0","0","1","0","0","","0","0","0","","","0","","1","","40 27:31.005","","0","79 54:28.849","9","0","0","0","2301","0","0","0","N","0","0","0","3","02301","0","","1.0","","1","N","N","","0","","0","0","0","","2","","","2","0","0","0","0","0","1","2","0","2","","","","N","","","","","","","","","",""
"2005402010","","2","0","0","0","0","0","0","0","0","1","0","","02","10","2005","3","40.462611","-79.944473","","11","0","0","0","0","0","0","0","1","","0","0","0","","","1","","1","","40 27:45.399","","0","79 56:40.102","4","0","0","0","2301","0","0","0","N","0","0","0","3","02301","1","","1.0","","1","N","N","","1","","0","0","0","","2","","","3","1","0","0","0","0","0","2","0","3","","","","N","","","","","","","","","",""
"2005402011","","4","0","0","0","0","0","0","0","0","1","0","","02","10","2005","4","40.458613","-79.908014","","11","0","0","0","0","0","3","0","0","9","0","0","0","","","4","","1","","40 27:31.005","2","0","79 54:28.849","2","0","0","0","2301","0","0","0","N","0","0","0","6","02301","1","","1.0","","1","N","N","","0","","1","2","0","","0","N","","4","4","2","0","1","0","0","2","0","4","","","","N","","","","","","","","","",""
"2005402012","","1","0","0","0","0","0","0","0","0","7","0","","02","10","2005","1","40.454379","-79.947605","","11","0","0","0","0","0","0","0","0","3","0","0","0","","","0","","0","","40 27:15.766","1","0","79 56:51.379","0","0","0","0","2301","0","0","0","N","0","0","0","1","02301","0","","4.0","","1","N","N","","0","","0","0","0","","2","Y","","1","0","0","0","0","0","0","2","0","1","","","","N","","","","","","","","","",""
"2005402013","","1","0","0","0","0","0","0","0","0","8","0","","02","10","2005","2","40.452864","-79.95417","","11","0","0","1","0","0","0","0","0","","0","0","0","","","1","","2","","40 27:10.310","","0","79 57:15.012","8","0","0","0","2301","1","0","0","N","1","0","0","2","02301","0","","1.0","","9","N","N","","0","","0","0","0","","3","","","2","1","0","0","0","1","0","2","0","1","","","","N","","","","","","","","","",""
"2005402014","","1","0","0","0","0","0","0","0","0","7","0","","02","10","2005","5","","","","11","0","0","0","0","0","1","0","0","","0","0","0","","","0","","0","","","","0","","0","0","0","0","2301","0","0","0","N","0","0","0","1","02301","0","","4.0","","1","N","N","","0","","0","0","0","","4","","","1","0","0","0","0","0","0","1","0","1","","","","N","","","","","","","","","",""
"2005402015","","2","0","0","0","0","0","0","0","0","4","0","","02","10","2005","5","40.396195","-80.023707","","11","0","0","0","0","0","0","0","1","","0","0","0","","","1","","1","","40 23:46.302","","0","80 01:25.345","4","0","0","0","2301","0","0","0","N","0","0","0","2","02301","1","","1.0","","1","N","N","","0","","0","0","0","","2","","","2","1","0","0","0","0","0","2","0","2","","","","N","","","","","","","","","",""
"2005402016","","5","0","0","0","0","0","0","0","0","1","0","","02","10","2005","5","40.396954","-80.020638","","11","0","0","0","0","0","0","0","0","2","0","0","0","","","0","","0","","40 23:49.034","7","0","80 01:14.296","9","0","0","0","2301","0","0","0","N","0","0","0","2","02301","0","","6.0","","1","N","N","","0","","0","0","0","","3","Y","","5","0","0","0","0","0","2","2","0","5","","","","N","","","","","","","","","",""
"2005402017","","2","0","0","0","0","0","0","0","0","1","0","","02","10","2005","5","40.421341","-79.992136","","11","0","0","0","0","0","1","0","0","","0","0","0","","","1","","1","","40 25:16.827","","0","79 59:31.689","8","0","0","0","2301","0","0","0","N","0","0","0","3","02301","0","","1.0","","1","N","N","","0","","0","0","0","","3","","","2","1","0","0","0","1","0","2","0","2","","","","N","","","","","","","","","",""
"2005402018","","2","0","0","0","0","0","0","0","0","4","0","","02","10","2005","6","40.430833","-80.001563","","11","0","0","0","0","1","0","0","0","","0","0","0","","","0","","2","","40 25:51.000","","7","80 00:05.628","0","0","0","0","2301","0","0","0","N","0","0","0","3","02301","0","","1.0","","1","N","N","","0","","0","0","0","","2","","","2","0","0","0","0","0","0","2","0","2","","","","N","","","","","","","","","",""
"2005402019","","1","0","0","0","0","0","0","0","0","6","0","","02","10","2005","6","40.454341","-80.058454","","11","0","0","0","0","0","0","0","0","","0","0","0","","","0","","0","","40 27:15.627","","0","80 03:30.434","9","0","0","0","2301","0","0","0","N","0","0","0","2","02301","0","","1.0","","1","N","N","","1","","0","0","0","","0","","","2","0","0","0","0","0","1","2","0","2","","","","N","","","","","","","","","",""
"2005402021","","2","0","0","0","0","0","0","0","0","4","0","","02","10","2005","2","40.457441","-79.91741","","11","0","0","0","0","0","0","0","0","","0","0","0","","","0","","2","","40 27:26.788","","0","79 55:02.676","0","0","0","0","2301","0","0","0","N","0","0","0","2","02301","0","","1.0","","1","N","Y","","0","","0","0","0","","2","","","2","0","0","0","0","0","0","2","0","2","","","","N","","","","","","","","","",""
"2005402022","","2","0","0","0","0","0","0","0","0","4","0","","02","10","2005","6","40.478112","-79.941131","","11","0","0","0","0","0","0","0","1","","0","0","0","","","1","","1","","40 28:41.203","","0","79 56:28.071","4","0","0","0","2301","0","0","0","N","0","0","0","2","02301","1","","1.0","","9","N","N","","0","","0","0","0","","3","","","2","1","1","0","0","0","0","2","0","2","","","","N","","","","","","","","","",""
"2005402023","","2","0","0","0","0","0","0","0","0","5","0","","02","10","2005","7","40.4346","-79.9955","","11","0","0","0","0","0","1","0","0","1","0","0","0","","","0","","0","","40 26:04.560","6","0","79 59:43.800","0","0","0","0","2301","0","0","0","N","0","0","0","4","02301","0","","1.0","","9","N","N","","0","","0","0","0","","8","N","","2","0","0","0","0","0","0","2","0","2","","","","N","","","","","","","","","",""
"2005402024","","1","0","0","0","0","0","0","0","0","7","0","","02","10","2005","1","","","","11","0","0","0","0","0","0","0","0","2","0","0","0","","","0","","0","","","4","0","","9","0","0","0","2301","0","0","0","N","0","0","0","1","02301","0","","5.0","","1","N","N","","0","","0","0","0","","0","N","","1","0","0","0","0","0","1","1","0","1","","","","N","","","","","","","","","",""
"2005402025","","1","0","0","0","0","0","0","0","0","4","0","","02","11","2005","4","40.470393","-79.9231","","11","0","0","0","0","1","0","0","0","","0","0","0","","","0","","2","","40 28:13.414","","0","79 55:23.160","0","0","0","0","2301","0","0","0","N","0","0","0","3","02301","0","","1.0","","1","N","N","","0","","0","0","0","","3","","","2","0","0","0","0","0","0","2","1","2","","","","N","","","","","","","","","",""
"2005402026","","2","0","0","0","0","0","0","0","0","4","0","","02","10","2005","2","40.395859","-79.98851","","11","0","0","0","0","0","0","0","0","","0","0","0","","","0","","1","","40 23:45.092","","0","79 59:18.636","0","0","0","0","2301","0","0","0","N","0","0","0","3","02301","0","","1.0","","1","N","N","","0","","0","0","0","","3","","","2","0","0","0","0","0","0","2","0","2","","","","N","","","","","","","","","",""
"2005402027","","1","0","0","0","0","0","1","0","0","4","1","","02","10","2005","4","40.401868","-80.001881","","11","0","0","0","0","0","0","0","0","","0","0","0","","","1","","2","","40 24:06.724","","0","80 00:06.771","8","0","0","0","2301","0","0","0","N","0","0","0","13","02301","0","","1.0","","1","Y","N","","0","","0","0","0","","3","","","2","1","0","0","0","1","0","2","0","2","","","","N","","","","","","","","","",""
"2005402028","","1","0","0","0","0","0","0","0","0","7","0","","02","10","2005","6","40.447127","-79.988754","","11","0","0","0","0","0","0","0","0","1","0","0","0","","","1","","0","","40 26:49.657","1","0","79 59:19.514","8","0","0","0","2301","0","0","0","N","0","0","0","1","02301","0","","5.0","","9","N","N","","0","","0","0","0","","0","Y","","1","1","1","0","0","1","0","2","0","1","","","","N","","","","","","","","","",""
"2005402029","","2","0","0","0","0","0","0","0","0","1","0","","02","10","2005","6","40.378889","-79.993426","","11","0","0","0","1","0","1","0","0","","0","0","0","","","0","","0","","40 22:44.000","","0","79 59:36.332","0","0","0","0","2301","0","0","0","N","0","0","0","3","02301","0","","1.0","","9","N","N","","0","","0","0","0","","2","","","2","0","1","0","0","0","0","2","0","2","","","","N","","","","","","","","","",""
"2005402030","","1","0","0","0","0","0","0","0","0","1","0","","02","10","2005","6","40.44139","-80.040458","","11","0","0","0","0","0","1","0","0","","0","0","0","","","2","","2","","40 26:29.004","","0","80 02:25.648","4","0","0","0","2301","0","0","0","N","0","0","0","3","02301","2","","1.0","","1","N","N","","0","","0","0","1","","0","","","2","2","0","0","0","0","0","2","0","2","","","","N","","","","","","","","","",""
"2005402031","","0","0","0","0","0","0","0","0","0","4","0","","02","10","2005","6","40.430833","-80.001543","","11","0","0","0","0","0","0","0","0","1","0","0","0","","","0","","2","","40 25:51.000","3","0","80 00:05.555","0","0","0","0","2301","0","0","0","N","0","0","0","2","02301","0","","1.0","","9","N","N","","0","","0","0","1","","2","N","","2","0","0","0","0","0","0","2","1","2","","","","N","","","","","","","","","",""
"2005402032","","1","0","0","0","0","0","0","0","0","7","0","","02","10","2005","7","40.408056","-79.954427","","11","0","0","0","0","0","0","0","0","","0","0","0","","","0","","0","","40 24:29.000","","0","79 57:15.937","0","0","0","0","2301","0","0","0","N","0","0","0","2","02301","0","","4.0","","9","N","N","","0","","0","0","0","","0","","","1","0","2","0","0","0","0","2","0","1","","","","N","","","","","","","","","",""
"2005402033","","1","0","0","0","0","0","0","0","0","4","0","","02","10","2005","7","40.414436","-79.989153","","11","0","0","0","0","0","0","0","0","","0","0","0","","","1","","2","","40 24:51.969","","0","79 59:20.950","4","0","0","0","2301","0","0","0","N","0","0","0","2","02301","1","","1.0","","9","N","N","","0","","0","0","1","","3","","","2","1","0","0","0","0","0","2","0","2","","","","N","","","","","","","","","",""
"2005402034","","1","0","0","0","0","0","0","0","0","4","0","","02","10","2005","1","40.4107","-79.9554","","11","0","0","0","0","0","0","0","0","","0","0","0","","","0","","0","","40 24:38.520","","0","79 57:19.440","0","0","0","0","2301","0","0","0","N","0","0","0","2","02301","0","","1.0","","9","N","N","","0","","0","0","0","","2","","","2","0","0","0","0","0","0","2","0","2","","","","N","","","","","","","","","",""
"2005402035","","1","0","0","0","0","0","0","0","0","7","0","","02","10","2005","2","40.4425","-80.0309","","11","0","0","0","0","0","0","0","0","9","0","0","0","","","1","","0","","40 26:33.000","1","0","80 01:51.240","4","0","0","0","2301","0","0","0","N","0","0","0","1","02301","1","","5.0","","1","N","N","","0","","0","0","0","","0","N","","1","1","0","0","0","0","0","2","0","1","","","","N","","","","","","","","","",""
"2005402036","","2","0","0","0","0","0","0","0","0","1","0","","02","10","2005","2","40.395453","-80.024181","","11","0","0","1","0","0","1","0","0","","0","0","0","","","1","","0","","40 23:43.632","","0","80 01:27.051","8","0","0","0","2301","0","0","0","N","0","0","0","3","02301","0","","1.0","","1","N","Y","","0","","0","0","0","","8","","","2","1","0","0","0","1","0","2","0","2","","","","N","","","","","","","","","",""
"2005402037","","1","0","0","0","0","0","0","0","0","4","0","","02","10","2005","2","40.420866","-80.004897","","11","0","0","0","0","0","0","0","0","2","0","0","0","","","0","","2","","40 25:15.119","3","0","80 00:17.628","0","0","0","0","2301","0","0","0","N","0","0","0","2","02301","0","","1.0","","1","N","N","","1","","0","0","0","","0","N","","2","0","0","0","0","0","0","2","0","2","","","","N","","","","","","","","","",""
"2005402038","","1","0","0","0","0","0","0","0","0","7","0","","02","10","2005","3","40.388075","-79.994645","","11","0","0","0","0","0","0","0","0","","0","0","0","","","0","","2","","40 23:17.070","","0","79 59:40.722","0","0","0","0","2301","0","0","0","N","0","0","0","1","02301","0","","5.0","","1","N","N","","0","","0","0","0","","3","","","1","0","0","0","0","0","0","2","0","1","","","","N","","","","","","","","","",""
"2005402039","","1","0","0","0","0","0","0","0","0","5","0","","02","10","2005","3","40.405071","-80.029985","","11","0","0","0","0","0","0","0","0","","0","0","0","","","0","","2","","40 24:18.255","","0","80 01:47.946","0","0","0","0","2301","0","0","0","N","0","0","0","1","02301","0","","1.0","","1","N","N","","0","","0","0","2","","0","","","3","0","0","0","0","0","0","2","0","3","","","","N","","","","","","","","","",""
"2005402040","","1","0","0","0","0","0","0","0","0","7","0","","02","10","2005","3","40.435","-80.050378","","11","0","0","0","0","0","0","0","0","1","0","0","0","","","0","","10","","40 26:06.000","4","0","80 03:01.360","0","0","0","0","2301","0","0","0","N","0","0","0","1","02301","0","","5.0","","1","N","N","","0","","0","0","0","","0","N","","1","0","0","0","0","0","0","2","0","1","","","","N","","","","","","","","","",""
"2005402041","","1","0","0","0","0","0","0","0","0","7","0","","02","10","2005","5","","","","11","0","0","0","0","0","0","0","0","2","0","0","0","","","1","","0","","","6","0","","4","0","0","0","2301","0","0","0","N","0","0","0","1","02301","1","","4.0","","1","N","N","","0","","0","0","0","","0","Y","","1","1","0","0","0","0","0","1","0","1","","","","N","","","","","","","","","",""
"2005402042","","2","0","0","0","0","0","0","0","0","4","0","","02","10","2005","7","40.426667","-79.966852","","11","0","0","0","0","0","1","0","0","","0","0","0","","","0","","1","","40 25:36.000","","0","79 58:00.667","0","0","0","0","2301","0","0","0","N","0","0","0","3","02301","0","","1.0","","9","N","N","","0","","0","0","0","","2","","","2","0","1","0","0","0","0","2","0","2","","","","N","","","","","","","","","",""
"2005402043","","1","0","0","0","0","0","0","0","0","4","0","","02","10","2005","4","","","","11","0","0","0","0","0","0","0","0","","0","0","0","","","0","","1","","","","0","","9","0","0","0","2301","0","0","0","N","0","0","0","3","02301","0","","1.0","","1","N","N","","0","","0","0","0","","3","","","2","0","2","0","0","0","1","1","1","2","","","","N","","","","","","","","","",""
"2005402044","","4","0","0","0","0","0","0","0","0","1","0","","02","10","2005","5","","","","11","0","0","0","1","0","0","0","0","2","0","0","0","","","2","","1","","","4","0","","3","0","0","0","2301","0","0","0","N","0","0","0","6","02301","0","","1.0","","1","N","N","","0","","2","0","0","","2","Y","","4","2","0","0","0","0","1","1","0","4","","","","N","","","","","","","","","",""
"2005402045","","1","0","0","0","0","0","0","0","0","7","0","","02","10","2005","7","40.4587","-79.9576","","11","0","0","0","0","1","0","0","0","1","0","0","0","","","0","","0","","40 27:31.320","3","0","79 57:27.360","0","0","0","0","2301","0","0","0","N","0","0","0","1","02301","0","","4.0","","1","N","N","","0","","0","0","0","","0","N","","1","0","0","0","0","0","0","2","0","1","","","","N","","","","","","","","","",""
"2005402046","","1","0","0","0","0","0","0","0","0","4","0","","02","10","2005","1","","","","11","0","0","0","0","0","0","0","0","","0","0","0","","","1","","2","","","","0","","8","0","0","0","2301","0","0","0","N","0","0","0","2","02301","0","","1.0","","1","N","N","","0","","0","0","1","","0","","","2","1","0","0","0","1","0","1","0","2","","","","N","","","","","","","","","",""
"2005402047","","1","0","0","0","0","0","0","0","0","7","0","","02","10","2005","2","40.440139","-79.996402","","11","0","0","0","0","0","1","0","0","","0","0","0","","","0","","0","","40 26:24.500","","0","79 59:47.047","0","0","0","0","2301","0","0","0","N","0","0","0","2","02301","0","","5.0","","1","N","N","","0","","0","0","0","","0","","","1","0","0","0","0","0","0","2","0","1","","","","N","","","","","","","","","",""
"2005402048","","2","0","0","0","0","0","0","0","0","4","0","","02","10","2005","2","","","","11","0","0","0","0","0","0","0","0","","0","0","0","","","1","","1","","","","0","","8","0","0","0","2301","0","0","0","N","0","0","0","3","02301","0","","1.0","","1","N","N","","0","","0","0","0","","3","","","2","1","0","0","0","1","0","1","0","2","","","","N","","","","","","","","","",""
"2005402061","","2","0","0","0","0","0","0","0","0","4","0","","02","10","2005","5","","","","11","0","0","0","1","0","0","0","0","1","0","0","0","","","0","","1","","","2","0","","0","0","0","0","2301","0","0","0","N","0","0","0","2","02301","0","","1.0","","1","N","N","","0","","0","0","0","","2","N","","2","0","0","0","0","0","0","1","0","2","","","","N","","","","","","","","","",""
"2005402062","","2","0","0","0","0","0","0","0","0","4","0","","02","10","2005","6","","","","11","0","0","0","0","0","1","0","0","","0","0","0","","","0","","0","","","","0","","0","0","0","0","2301","0","0","0","N","0","0","0","2","02301","0","","1.0","","1","N","N","","0","","0","0","0","","0","","","2","0","0","0","0","0","0","1","0","2","","","","N","","","","","","","","","",""
"2005402063","","1","0","0","0","0","0","0","0","0","1","0","","02","10","2005","2","40.452222","-79.910209","","11","0","0","0","0","0","1","0","0","","0","0","0","","","1","","0","","40 27:08.000","","0","79 54:36.751","4","0","0","0","2301","0","0","0","N","0","0","0","2","02301","1","","1.0","","1","N","N","","1","","0","0","0","","0","","","2","1","0","0","0","0","0","2","0","2","","","","N","","","","","","","","","",""
"2005402064","","1","0","0","0","0","0","0","0","0","1","0","","02","10","2005","2","","","","11","0","0","0","0","0","0","0","0","","0","0","0","","","0","","0","","","","0","","0","0","0","0","2301","0","0","0","N","0","0","0","2","02301","0","","1.0","","1","N","N","","1","","0","0","0","","0","","","2","0","0","0","0","0","0","1","0","2","","","","N","","","","","","","","","",""
"2005402070","","1","0","0","0","0","0","0","0","0","7","0","","02","10","2005","7","40.464804","-79.965703","","11","0","0","1","0","0","0","0","0","","0","0","0","","","0","","0","","40 27:53.295","","0","79 57:56.532","0","0","0","0","2301","0","0","0","N","0","0","0","1","02301","0","","5.0","","1","N","N","","0","","0","0","0","","0","","","1","0","0","0","0","0","0","2","0","1","","","","N","","","","","","","","","",""
"2005402071","","2","0","0","0","0","0","0","0","0","4","0","","02","10","2005","2","","","","11","0","0","0","0","0","1","0","0","","0","0","0","","","0","","1","","","","0","","0","0","0","0","2301","0","0","0","N","0","0","0","3","02301","0","","1.0","","1","N","N","","0","","0","0","0","","0","","","2","0","0","0","0","0","0","1","0","2","","","","N","","","","","","","","","",""
"2005402072","","2","0","0","0","0","0","0","0","0","4","0","","02","10","2005","3","40.43","-79.957809","","11","0","0","0","0","0","0","0","0","1","0","0","0","","","1","","2","","40 25:48.000","2","3","79 57:28.114","3","0","0","0","2301","0","0","0","N","0","0","0","2","02301","0","","1.0","","1","N","N","","0","","1","0","0","","2","N","","2","1","1","0","0","0","0","2","0","2","","","","N","","","","","","","","","",""
"2005402108","","2","0","0","0","0","0","0","0","0","1","0","","02","9","2005","1","","","","11","0","0","0","0","0","2","0","0","","0","0","0","","","1","","0","","40 25:06.24","","0","80 05:18.24","4","0","0","0","2117","0","0","0","N","0","0","0","5","68B03","1","","1.0","","1","N","N","","0","","0","0","1","","0","","","3","1","0","0","0","0","0","2","0","3","","","","N","","","","","","","","","",""
"2005402109","","0","0","0","0","0","0","0","0","0","7","0","","02","10","2005","1","40.659167","-80.092159","","11","0","0","0","0","0","0","0","0","","0","0","0","","","2","","0","","40 39:33.000","","3","80 05:31.773","4","0","0","0","2212","0","0","0","Y","0","0","0","2","68B03","2","","4.0","","1","N","N","","0","","0","0","1","","0","","","1","2","0","0","0","0","0","2","0","1","","","","N","","","","","","","","","",""
"2005402170","","1","0","0","0","0","0","0","0","0","1","0","","02","11","2005","6","40.4216","-80.0464","","11","0","0","0","0","0","2","0","0","2","0","0","0","","","0","","2","","40 25:17.760","2","2","80 02:47.040","0","0","0","0","2435","0","0","0","N","0","0","0","2","02435","0","","1.0","","1","N","N","","0","","0","0","1","","3","N","","2","0","0","0","0","0","0","2","0","2","","","","N","","","","","","","","","",""
"2005402221","","1","0","0","0","0","0","0","0","0","7","0","","02","11","2005","7","","","","11","0","0","0","0","0","0","0","0","","0","0","0","","","0","","0","","","","0","","0","0","0","0","2448","0","0","0","N","0","0","0","1","02448","0","","4.0","","1","N","N","","0","","0","0","0","","0","","","1","0","0","0","0","0","0","1","0","1","","","","N","","","","","","","","","",""
"2005402272","","2","0","0","0","0","0","0","0","0","1","0","","02","9","2005","5","40.4296","-79.8638","","11","0","0","0","0","1","0","0","0","","0","0","0","","","1","","2","","40 25:46.560","","0","79 51:49.680","4","0","0","0","2431","0","0","0","N","0","0","0","2","02431","1","","1.0","","1","N","N","","0","","0","0","0","","0","","","2","1","0","0","0","0","0","2","0","2","","","","N","","","","","","","","","",""
"2005402273","","1","0","0","0","0","0","0","0","0","1","0","","02","9","2005","5","40.429768","-79.848203","","11","0","0","0","1","0","0","0","0","1","0","0","0","","","2","","0","","40 25:47.164","6","0","79 50:53.530","4","0","0","0","2431","0","0","0","N","0","0","0","2","02431","2","","1.0","","1","N","N","","0","","0","0","0","","0","N","","2","2","0","0","0","0","0","2","1","2","","","","N","","","","","","","","","",""
"2005402274","","1","0","0","0","0","0","0","0","0","4","0","","02","9","2005","6","40.421944","-79.854556","","11","0","0","0","0","0","1","0","0","","0","0","0","","","0","","1","","40 25:19.000","","0","79 51:16.403","0","0","0","0","2431","0","0","0","N","0","0","0","2","02431","0","","1.0","","1","N","N","","1","","0","0","0","","0","","","2","0","0","0","0","0","0","2","0","2","","","","N","","","","","","","","","",""
"2005402275","","2","0","0","0","0","0","0","0","0","4","0","","02","10","2005","3","40.425836","-79.850612","","11","0","0","0","0","0","0","1","0","2","0","0","0","","","1","","0","","40 25:33.009","5","0","79 51:02.203","3","0","0","0","2431","0","0","0","N","0","0","0","1","02431","0","","1.0","","1","N","N","","0","","1","0","0","","0","Y","","2","1","0","0","0","0","0","2","0","2","","","","N","","","","","","","","","",""
"2005402276","","1","0","0","0","0","0","0","0","0","7","0","","02","10","2005","6","40.430278","-79.863962","","11","0","0","0","0","0","0","0","0","3","1","0","0","","","0","","0","","40 25:49.000","4","0","79 51:50.263","1","0","0","0","2431","0","0","0","N","0","0","0","1","02431","0","2","3.0","","1","N","N","","0","0","0","0","0","","0","N","","1","0","1","1","0","0","0","2","0","1","","","","N","","","","","","","","","",""
"2005402277","","2","0","0","0","0","0","0","0","0","4","0","","02","10","2005","4","40.3875","-80.090981","","11","0","0","0","0","0","2","0","0","9","0","0","0","","","0","","2","","40 23:15.000","3","0","80 05:27.531","0","0","0","0","2437","0","0","0","N","0","0","0","2","02437","0","","1.0","","1","N","N","","0","","0","0","0","","2","N","","2","0","0","0","0","0","0","2","0","2","","","","N","","","","","","","","","",""
"2005402278","","0","0","0","0","0","0","1","0","0","2","1","","02","10","2005","2","","","","11","0","0","0","1","0","0","0","0","2","0","0","0","","","1","","0","","","5","4","","8","0","0","0","2122","0","0","0","N","0","0","0","2","02122","0","","1.0","","1","Y","N","","1","","0","0","0","","0","Y","","2","1","0","0","0","1","0","1","0","2","","","","N","","","","","","","","","",""
"2005402279","","1","0","0","0","0","0","0","0","0","1","0","","02","10","2005","1","40.330718","-79.987342","","11","0","0","0","0","0","0","0","0","9","0","0","0","","","0","","0","","40 19:50.584","4","7","79 59:14.431","0","0","0","0","2219","0","0","0","N","0","0","0","5","02219","0","","1.0","","1","N","N","","0","","0","0","1","","2","N","","2","0","0","0","0","0","0","2","0","2","","","","N","","","","","","","","","",""
"2005402280","","1","0","0","0","0","0","0","0","0","7","0","","02","10","2005","4","40.318892","-79.996017","","11","0","0","0","0","1","0","0","0","9","0","0","0","","","0","","0","","40 19:08.011","1","0","79 59:45.661","0","0","0","0","2219","0","0","0","N","0","0","0","1","02219","0","","2.0","","1","N","N","","0","","0","0","0","","0","N","","1","0","0","0","0","0","0","2","0","1","","","","N","","","","","","","","","",""
"2005402293","","1","0","0","0","0","0","0","0","0","4","0","","02","9","2005","2","","","","11","0","0","0","0","0","0","0","0","1","0","0","0","","","1","","0","","40 25:35.40","2","0","80 01:51.24","4","0","0","0","2301","0","0","0","N","0","0","0","2","68B03","1","","1.0","","9","N","N","","0","","0","0","1","","0","N","","2","1","0","0","0","0","0","2","0","2","","","","N","","","","","","","","","",""
"2005402294","","1","0","0","0","0","0","0","0","0","7","0","","02","9","2005","1","","","","11","0","0","0","0","0","0","0","0","","0","0","0","","","0","","0","","40 25:32.52","","0","79 54:40.32","0","0","0","0","2301","0","0","0","Y","0","0","0","2","68B03","0","","2.0","","1","N","N","","0","","0","0","0","","0","","","2","0","0","0","0","0","0","2","0","1","","","","N","","","","","","","","","",""
"2005402295","","1","0","0","0","0","0","0","0","0","1","0","","02","9","2005","1","","","","11","0","0","0","0","0","1","0","0","","0","0","0","","","0","","0","","40 32:58.56","","0","80 05:11.04","0","0","0","0","2215","0","0","0","N","0","0","0","6","68B03","0","","1.0","","1","N","N","","1","","0","0","1","","0","","","3","0","0","0","0","0","0","2","0","3","","","","N","","","","","","","","","",""
"2005402326","","1","0","0","0","0","0","0","0","0","99","0","","02","9","2005","2","40.659167","-79.721769","","11","0","0","0","0","0","1","0","0","","0","0","0","","","0","","0","","40 39:33.000","","0","79 43:18.368","0","0","0","0","2106","0","0","0","N","0","0","0","2","68D02","0","","1.0","","9","N","N","","0","","0","0","0","","0","","","1","0","0","0","0","0","0","2","0","1","","","","N","","","","","","","","","",""