"CRN","ARRIVAL_TM","AUTOMOBILE_COUNT","BELTED_DEATH_COUNT","BELTED_SUSP_SERIOUS_INJ_COUNT","BICYCLE_COUNT","BICYCLE_DEATH_COUNT","BICYCLE_SUSP_SERIOUS_INJ_COUNT","BUS_COUNT","CHLDPAS_DEATH_COUNT","CHLDPAS_SUSP_SERIOUS_INJ_COUNT","COLLISION_TYPE","COMM_VEH_COUNT","CONS_ZONE_SPD_LIM","COUNTY","CRASH_MONTH","CRASH_YEAR","DAY_OF_WEEK","DEC_LATITUDE","DEC_LONGITUDE","DISPATCH_TM","DISTRICT","DRIVER_COUNT_16YR","DRIVER_COUNT_17YR","DRIVER_COUNT_18YR","DRIVER_COUNT_19YR","DRIVER_COUNT_20YR","DRIVER_COUNT_50_64YR","DRIVER_COUNT_65_74YR","DRIVER_COUNT_75PLUS","EST_HRS_CLOSED","FATAL_COUNT","HEAVY_TRUCK_COUNT","HORSE_BUGGY_COUNT","HOUR_OF_DAY","ILLUMINATION","INJURY_COUNT","INTERSECTION_RELATED","INTERSECT_TYPE","LANE_CLOSED","LATITUDE","LN_CLOSE_DIR","LOCATION_TYPE","LONGITUDE","MAX_SEVERITY_LEVEL","MCYCLE_DEATH_COUNT","MCYCLE_SUSP_SERIOUS_INJ_COUNT","MOTORCYCLE_COUNT","MUNICIPALITY","NONMOTR_COUNT","NONMOTR_DEATH_COUNT","NONMOTR_SUSP_SERIOUS_INJ_COUNT","NTFY_HIWY_MAINT","PED_COUNT","PED_DEATH_COUNT","PED_SUSP_SERIOUS_INJ_COUNT","PERSON_COUNT","POLICE_AGCY","POSSIBLE_INJ_COUNT","RDWY_SURF_TYPE_CD","RELATION_TO_ROAD","ROADWAY_CLEARED","ROAD_CONDITION","SCH_BUS_IND","SCH_ZONE_IND","SECONDARY_CRASH","SMALL_TRUCK_COUNT","SPEC_JURIS_CD","SUSP_MINOR_INJ_COUNT","SUSP_SERIOUS_INJ_COUNT","SUV_COUNT","TCD_FUNC_CD","TCD_TYPE","TFC_DETOUR_IND","TIME_OF_DAY","TOTAL_UNITS","TOT_INJ_COUNT","UNBELTED_OCC_COUNT","UNB_DEATH_COUNT","UNB_SUSP_SERIOUS_INJ_COUNT","UNK_INJ_DEG_COUNT","UNK_INJ_PER_COUNT","URBAN_RURAL","VAN_COUNT","VEHICLE_COUNT","WEATHER1","WEATHER2","WORKERS_PRES","WORK_ZONE_IND","WORK_ZONE_LOC","WORK_ZONE_TYPE","WZ_CLOSE_DETOUR","WZ_FLAGGER","WZ_LAW_OFFCR_IND","WZ_LN_CLOSURE","WZ_MOVING","WZ_OTHER","WZ_SHLDER_MDN","WZ_WORKERS_INJ_KILLED"
"2005402371","","1","0","0","0","0","0","0","0","0","1","0","55","02","9","2005","6","40.4992","-79.7852","","11","0","2","0","0","0","0","0","0","","0","0","0","","","0","","0","","40 29:57.120","","0","79 47:06.720","0","0","0","0","2466","0","0","0","N","0","0","0","6","68T02","0","","1.0","","1","N","N","","0","","0","0","1","","8","","","2","0","0","0","0","0","0","2","0","2","","","Y","Y","1","2","","","Y","Y","","","",""
"2005402482","","1","0","0","0","0","0","0","0","0","7","0","","02","11","2005","7","","","","11","0","0","0","0","0","0","0","0","","0","0","0","","","0","","0","","","","0","","0","0","0","0","2440","0","0","0","N","0","0","0","1","02440","0","","5.0","","1","N","N","","0","","0","0","0","","0","","","1","0","0","0","0","0","0","1","0","1","","","","N","","","","","","","","","",""
"2005402823","","2","0","0","0","0","0","0","0","0","4","0","","02","11","2005","6","40.559722","-79.969636","","11","0","0","0","0","0","0","0","0","","0","0","0","","","1","","2","","40 33:35.000","","0","79 58:10.688","4","0","0","0","2207","0","0","0","N","0","0","0","2","02207","1","","1.0","","1","N","N","","0","","0","0","0","","3","","","2","1","0","0","0","0","0","2","0","2","","","","N","","","","","","","","","",""
"2005402829","","1","0","0","0","0","0","0","0","0","1","0","","02","10","2005","2","40.6225","-80.096607","","11","0","0","0","0","1","0","1","0","1","0","0","0","","","0","","0","","40 37:21.000","2","0","80 05:47.785","0","0","0","0","2481","0","0","0","N","0","0","0","2","68B03","0","","1.0","","1","N","N","","1","","0","0","0","","0","N","","2","0","0","0","0","0","0","2","0","2","","","","N","","","","","","","","","",""
"2005402837","","0","0","0","0","0","0","0","0","0","7","0","","02","9","2005","4","40.3981","-80.1067","","11","0","0","0","0","0","0","0","0","","0","0","0","","","1","","0","","40 23:53.160","","2","80 06:24.120","4","0","0","0","2102","0","0","0","N","0","0","0","1","68B03","1","","2.0","","1","N","N","","0","","0","0","1","","3","","","1","1","0","0","0","0","0","2","0","1","","","","N","","","","","","","","","",""
"2005402839","","2","0","0","0","0","0","0","0","0","1","0","","02","9","2005","2","","","","11","0","0","0","0","0","1","0","0","2","0","0","0","","","2","","0","","40 25:12.72","2","0","80 05:31.56","4","0","0","0","2457","0","0","0","N","0","0","0","2","68B03","2","","1.0","","1","N","N","","0","","0","0","0","","0","N","","2","2","1","0","0","0","0","2","0","2","","","","N","","","","","","","","","",""
"2005402867","","1","0","0","0","0","0","0","0","0","1","0","","02","11","2005","1","40.4349","-80.0639","","11","0","0","0","0","0","0","0","0","","0","0","0","","","1","","0","","40 26:05.640","","0","80 03:50.040","4","0","0","0","2421","0","0","0","Y","0","0","0","1","02421","1","","1.0","","1","N","N","","0","","0","0","0","","0","","","2","1","0","0","0","0","0","2","1","2","","","","N","","","","","","","","","",""
"2005403067","","1","0","0","0","0","0","0","0","0","4","0","","02","10","2005","6","40.3553","-80.1164","","11","0","0","0","0","0","1","0","0","2","0","0","0","","","1","","2","","40 21:19.080","3","2","80 06:59.040","8","0","0","0","2119","0","0","0","N","0","0","0","3","02119","0","","1.0","","1","N","N","","0","","0","0","1","","2","N","","2","1","0","0","0","1","0","2","0","2","","","","N","","","","","","","","","",""
"2005403068","","1","0","0","0","0","0","0","0","0","4","0","","02","10","2005","3","40.345278","-80.154732","","11","0","0","0","0","0","0","0","0","","0","0","0","","","0","","1","","40 20:43.000","","0","80 09:17.035","0","0","0","0","2119","0","0","0","N","0","0","0","2","02119","0","","1.0","","1","N","N","","0","","0","0","1","","3","","","2","0","0","0","0","0","0","2","0","2","","","","N","","","","","","","","","",""
"2005403129","","2","0","0","0","0","0","0","0","0","5","0","","02","10","2005","6","40.4388","-79.7527","","11","0","0","1","0","0","0","0","0","9","0","0","0","","","0","","0","","40 26:19.680","4","0","79 45:09.720","0","0","0","0","2446","0","0","0","N","0","0","0","4","02446","0","","1.0","","9","N","N","","0","","0","0","0","","0","N","","2","0","0","0","0","0","0","2","0","2","","","","N","","","","","","","","","",""
"2005403139","","4","0","0","0","0","0","0","0","0","6","0","","02","10","2005","5","40.550249","-80.190412","","11","0","0","0","1","0","2","0","0","","0","0","0","","","1","","1","","40 33:00.896","","0","80 11:25.483","4","0","0","0","2427","0","0","0","N","0","0","0","5","02427","1","","2.0","","1","N","N","","1","","0","0","0","","3","","","5","1","1","0","0","0","0","2","0","5","","","","N","","","","","","","","","",""
"2005403185","","3","0","0","0","0","0","0","0","0","1","0","","02","9","2005","5","","","","11","0","0","0","0","0","1","0","1","1","0","0","0","","","5","","0","","40 25:03.36","1","0","80 05:14.64","4","0","0","0","2435","0","0","0","N","0","0","0","5","68B03","5","","1.0","","1","N","N","","1","","0","0","0","","0","N","","4","5","0","0","0","0","0","2","0","4","","","","N","","","","","","","","","",""
"2005403186","","3","0","0","0","0","0","0","0","0","1","0","","02","9","2005","5","","","","11","0","0","0","0","0","3","0","0","1","0","0","0","","","2","","0","","40 25:54.48","1","4","80 01:28.20","4","0","0","0","2301","0","0","0","N","0","0","0","6","68B03","2","","1.0","","1","N","N","","0","","0","0","0","","0","N","","3","2","0","0","0","0","0","2","0","3","","","","N","","","","","","","","","",""
"2005403187","","1","0","0","0","0","0","0","0","0","1","0","","02","10","2005","7","40.437647","-80.20164","","11","0","0","0","0","0","0","0","0","","0","0","0","","","0","","0","","40 26:15.530","","0","80 12:05.905","0","0","0","0","2214","0","0","0","N","0","0","0","6","68B03","0","","1.0","","1","N","N","","0","","0","0","0","","0","","","2","0","0","0","0","0","0","2","1","2","","","","N","","","","","","","","","",""
"2005403188","","2","0","0","0","0","0","0","0","0","1","0","","02","8","2005","7","40.447718","-80.110646","","11","0","0","0","0","0","1","0","1","","0","0","0","","","1","","0","","40 26:51.783","","0","80 06:38.327","4","0","0","0","2115","0","0","0","N","0","0","0","2","68B03","1","","1.0","","1","N","N","","0","","0","0","0","","0","","","2","1","0","0","0","0","0","2","0","2","","","","N","","","","","","","","","",""
"2005403189","","3","0","0","0","0","0","0","0","0","1","0","","02","8","2005","7","40.4503","-80.1108","","11","0","0","0","0","0","1","0","0","1","0","0","0","","","1","","0","","40 27:01.080","1","0","80 06:38.880","4","0","0","0","2115","0","0","0","N","0","0","0","5","68B03","1","","1.0","","1","N","N","","0","","0","0","0","","0","N","","3","1","0","0","0","0","0","2","0","3","","","","N","","","","","","","","","",""
"2005403190","","1","0","0","0","0","0","0","0","0","1","0","","02","8","2005","3","40.430556","-79.958055","","11","0","0","0","0","0","0","0","0","2","0","0","0","","","1","","0","","40 25:50.000","3","2","79 57:28.997","4","0","0","0","2301","0","0","0","N","0","0","0","4","68B03","1","","1.0","","1","N","N","","0","","0","0","1","","4","N","","2","1","0","0","0","0","0","2","0","2","","","","N","","","","","","","","","",""
"2005403191","","2","0","0","0","0","0","0","0","0","1","0","","02","9","2005","7","","","","11","0","0","0","0","0","0","0","0","1","0","0","0","","","0","","0","","40 25:32.52","4","0","79 54:21.24","0","0","0","0","2301","0","0","0","N","0","0","0","6","68B03","0","","1.0","","1","N","N","","0","","0","0","1","","0","N","","3","0","0","0","0","0","0","2","0","3","","","","N","","","","","","","","","",""
"2005403192","","2","0","0","0","0","0","0","0","0","1","0","","02","10","2005","1","","","","11","0","0","0","0","0","1","0","0","","0","0","0","","","0","","6","","40 31:10.20","","2","80 03:22.68","0","0","0","0","2116","0","0","0","N","0","0","0","2","68B03","0","","1.0","","1","N","N","","0","","0","0","0","","4","","","2","0","0","0","0","0","0","2","0","2","","","","N","","","","","","","","","",""
"2005403193","","0","0","0","0","0","0","0","0","0","5","0","","02","9","2005","6","","","","11","0","0","0","0","0","0","0","0","","0","0","0","","","0","","0","","40 26:50.28","","0","80 09:56.52","0","0","0","0","2115","0","0","0","N","0","0","0","2","68B03","0","","1.0","","1","N","N","","1","","0","0","0","","0","","","2","0","1","0","0","0","0","2","1","2","","","","N","","","","","","","","","",""
"2005403194","","1","0","0","0","0","0","0","0","0","1","0","50","02","9","2005","2","40.4208","-80.1044","","11","0","0","0","0","0","1","0","0","","0","0","0","","","1","","6","","40 25:14.880","","2","80 06:15.840","8","0","0","0","2102","0","0","0","N","0","0","0","2","68B03","0","","1.0","","9","N","N","","0","","0","0","1","","3","","","2","1","0","0","0","1","0","2","0","2","","","U","Y","8","1","","","N","Y","","","Y",""
"2005403195","","2","0","0","0","0","0","0","0","0","1","0","","02","8","2005","1","40.445833","-80.173993","","11","0","0","0","0","0","0","0","0","","0","0","0","","","0","","0","","40 26:45.000","","2","80 10:26.376","0","0","0","0","2214","0","0","0","N","0","0","0","2","68B03","0","","1.0","","1","N","N","","0","","0","0","0","","0","","","2","0","0","0","0","0","0","2","0","2","","","","N","","","","","","","","","",""
"2005403199","","0","0","0","0","0","0","0","0","0","7","0","","02","9","2005","4","40.5093","-79.8554","","11","0","0","0","0","0","0","0","0","","0","0","0","","","1","","0","","40 30:33.480","","3","79 51:19.440","3","0","0","0","2106","0","0","0","N","0","0","0","1","68D02","0","","2.0","","1","N","N","","0","","1","0","1","","0","","","1","1","0","0","0","0","0","2","0","1","","","","N","","","","","","","","","",""
"2005403200","","1","0","0","0","0","0","0","0","0","0","0","","02","9","2005","6","40.5799","-79.7841","","11","0","0","0","0","0","0","0","0","","0","0","0","","","0","","0","","40 34:47.640","","0","79 47:02.760","0","0","0","0","2104","0","0","0","N","0","0","0","1","68D02","0","","2.0","","1","N","N","","0","","0","0","0","","0","","","1","0","0","0","0","0","0","2","0","1","","","","N","","","","","","","","","",""
"2005403202","","2","0","0","0","0","0","0","0","0","4","0","","02","9","2005","6","","","","11","0","0","0","0","0","0","0","0","","0","0","0","","","0","","0","","","","0","","0","0","0","0","2112","0","0","0","N","0","0","0","4","68D02","0","","1.0","","1","N","N","","1","","0","0","0","","0","","","3","0","0","0","0","0","0","1","0","3","","","","N","","","","","","","","","",""
"2005403220","","1","0","0","0","0","0","0","0","0","0","0","","02","9","2005","1","40.450158","-80.11182","","11","0","0","0","0","0","0","0","0","","0","0","0","","","1","","6","","40 27:00.570","","2","80 06:42.553","3","0","0","0","2115","0","0","0","N","0","0","0","1","68B03","0","","3.0","","1","N","N","","0","","1","0","0","","4","","","1","1","0","0","0","0","0","2","0","1","","","","N","","","","","","","","","",""
"2005403304","","0","0","0","0","0","0","0","0","0","7","0","","02","10","2005","7","40.318855","-79.996012","","11","0","0","0","0","0","0","0","0","9","0","0","0","","","0","","0","","40 19:07.878","1","0","79 59:45.643","0","0","0","0","2219","0","0","0","N","0","0","0","1","02219","0","","2.0","","1","N","N","","0","","0","0","0","","0","N","","1","0","0","0","0","0","0","2","1","1","","","","N","","","","","","","","","",""
"2005403324","","1","0","0","0","0","0","0","0","0","7","0","","02","11","2005","5","","","","11","0","0","0","0","0","0","0","0","2","0","0","0","","","0","","0","","","3","0","","0","0","0","0","2440","0","0","0","N","0","0","0","1","02440","0","","2.0","","1","N","N","","0","","0","0","0","","0","N","","1","0","0","0","0","0","0","1","0","1","","","","N","","","","","","","","","",""
"2005403341","","1","0","0","0","0","0","0","0","0","7","0","","02","9","2005","3","40.4969","-79.9177","","11","0","0","0","0","0","0","0","0","","0","0","0","","","0","","0","","40 29:48.840","","1","79 55:03.720","0","0","0","0","2112","0","0","0","","0","0","0","2","68D02","0","","2.0","","1","N","N","","0","","0","0","0","","0","","","1","0","0","0","0","0","0","2","0","1","","","","N","","","","","","","","","",""
"2005403350","","0","0","0","0","0","0","0","0","0","7","0","","02","8","2005","4","40.4945","-79.8699","","11","0","0","0","0","0","0","0","0","2","0","0","0","","","1","","0","","40 29:40.200","1","0","79 52:11.640","3","0","0","1","2112","0","0","0","N","0","0","0","1","68D02","0","","5.0","","1","N","N","","0","","1","0","0","","0","N","","1","1","0","0","0","0","0","2","0","1","","","","N","","","","","","","","","",""
"2005403358","","2","0","0","0","0","0","0","0","0","1","0","","02","10","2005","4","40.450232","-79.913967","","11","0","0","0","0","0","0","1","0","","0","0","0","","","0","","1","","40 27:00.835","","0","79 54:50.281","0","0","0","0","2301","0","0","0","N","0","0","0","2","02301","0","","1.0","","1","N","N","","0","","0","0","0","","3","","","3","0","0","0","0","0","0","2","1","3","","","","N","","","","","","","","","",""
"2005403359","","0","0","0","0","0","0","0","0","0","2","0","","02","10","2005","6","","","","11","0","0","0","0","0","1","0","0","","0","0","0","","","6","","0","","","","0","","4","0","0","0","2301","0","0","0","N","0","0","0","6","02301","1","","1.0","","1","N","N","","2","","0","0","0","","0","","","2","6","4","0","0","5","0","1","0","2","","","","N","","","","","","","","","",""
"2005403360","","2","0","0","0","0","0","0","0","0","5","0","","02","10","2005","7","40.447631","-79.953777","","11","0","0","0","0","0","0","0","0","","0","0","0","","","0","","1","","40 26:51.471","","0","79 57:13.597","0","0","0","0","2301","0","0","0","N","0","0","0","6","02301","0","","1.0","","9","N","N","","0","","0","0","0","","1","","","2","0","3","0","0","0","0","2","0","2","","","","N","","","","","","","","","",""
"2005403515","","2","0","0","0","0","0","0","0","0","4","0","","02","10","2005","6","","","","11","0","0","0","0","1","0","0","0","","0","0","0","","","0","","0","","","","0","","0","0","0","0","2446","0","0","0","N","0","0","0","3","02446","0","","1.0","","1","N","N","","0","","0","0","0","","0","","","2","0","0","0","0","0","0","1","0","2","","","","N","","","","","","","","","",""
"2005403536","","2","0","0","0","0","0","0","0","0","6","0","","02","11","2005","7","40.4072","-79.8896","","11","0","0","0","0","0","0","0","0","1","0","0","0","","","0","","0","","40 24:25.920","3","0","79 53:22.560","0","0","0","0","2448","0","0","0","N","0","0","0","3","02448","0","","1.0","","1","N","N","","0","","0","0","0","","0","N","","2","0","1","0","0","0","0","2","0","2","","","","N","","","","","","","","","",""
"2005403560","","2","0","0","0","0","0","0","0","0","1","0","","02","11","2005","2","40.5124","-79.9978","","11","0","0","0","0","0","0","0","1","","0","0","0","","","0","","0","","40 30:44.640","","0","79 59:52.080","0","0","0","0","2118","0","0","0","N","0","0","0","3","02118","0","","1.0","","1","N","N","","1","","0","0","0","","0","","","3","0","1","0","0","0","0","2","0","3","","","","N","","","","","","","","","",""
"2005403561","","2","0","0","0","0","0","0","0","0","6","0","","02","11","2005","7","","","","11","0","0","0","0","0","0","0","0","","0","0","0","","","3","","0","","","","0","","8","0","0","0","2415","0","0","0","N","0","0","0","4","02415","0","","1.0","","1","N","N","","0","","0","0","0","","0","","","2","3","0","0","0","3","0","1","0","2","","","","N","","","","","","","","","",""
"2005403577","","1","0","0","0","0","0","0","0","0","7","0","","02","11","2005","1","40.36055","-79.990791","","11","0","0","0","1","0","0","0","0","2","0","0","0","","","0","","0","","40 21:37.980","2","0","79 59:26.847","0","0","0","0","2476","0","0","0","N","0","0","0","1","02476","0","","2.0","","1","N","N","","0","","0","0","0","","0","Y","","1","0","0","0","0","0","0","2","0","1","","","","N","","","","","","","","","",""
"2005403579","","3","0","0","0","0","0","0","0","0","1","0","25","02","11","2005","7","40.5333","-79.9591","","11","0","0","1","0","0","0","0","0","","0","0","0","","","0","","0","","40 31:59.880","","0","79 57:32.760","0","0","0","0","2118","0","0","0","N","0","0","0","6","02118","0","","1.0","","1","N","N","","0","","0","0","0","","0","","","3","0","1","0","0","0","0","2","0","3","","","Y","Y","4","1","","","N","Y","","","",""
"2005403588","","2","0","0","0","0","0","0","0","0","4","0","","02","11","2005","5","40.321944","-80.056716","","11","0","1","1","0","0","0","0","1","1","0","0","0","","","1","","1","","40 19:19.000","3","0","80 03:24.176","4","0","0","0","2407","0","0","0","N","0","0","0","3","02407","1","","1.0","","1","N","N","","0","","0","0","0","","3","N","","3","1","0","0","0","0","0","2","1","3","","","","N","","","","","","","","","",""
"2005403589","","2","0","0","0","0","0","0","0","0","4","0","","02","11","2005","5","40.332231","-80.021213","","11","1","0","0","0","0","0","0","0","1","0","0","0","","","2","","0","","40 19:56.031","2","7","80 01:16.368","4","0","0","0","2407","0","0","0","N","0","0","0","2","02407","2","","1.0","","1","N","N","","0","","0","0","0","","0","N","","2","2","1","0","0","0","0","2","0","2","","","","N","","","","","","","","","",""
"2005403593","","0","0","0","0","0","0","0","0","0","1","0","","02","11","2005","1","40.526944","-79.816571","","11","0","0","0","0","0","0","0","0","","0","0","0","","","1","","2","","40 31:37.000","","0","79 48:59.654","4","0","0","0","2466","0","0","0","N","0","0","0","2","02466","1","","1.0","","1","N","N","","1","","0","0","1","","2","","","2","1","0","0","0","0","0","2","0","2","","","","N","","","","","","","","","",""
"2005403611","","3","0","0","0","0","0","0","0","0","4","0","","02","11","2005","2","","","","11","0","0","1","0","0","1","0","0","1","0","0","0","","","0","","2","","","2","0","","0","0","0","0","2424","0","0","0","N","0","0","0","6","02424","0","","1.0","","1","N","N","","0","","0","0","0","","0","N","","3","0","0","0","0","0","0","1","0","3","","","","N","","","","","","","","","",""
"2005403613","","3","0","0","0","0","0","0","0","0","1","0","","02","11","2005","2","40.336111","-79.972797","","11","0","0","0","0","0","0","0","0","1","0","0","0","","","1","","2","","40 20:10.000","4","0","79 58:22.069","3","0","0","0","2454","0","0","0","N","0","0","0","3","02454","0","","1.0","","1","N","N","","0","","1","0","0","","3","N","","3","1","1","0","0","0","0","2","0","3","","","","N","","","","","","","","","",""
"2005403633","","2","0","0","0","0","0","0","0","0","4","0","","02","11","2005","5","","","","11","0","0","0","0","1","0","1","0","1","0","0","0","","","1","","0","","","2","0","","4","0","0","0","2416","0","0","0","N","0","0","0","2","02416","1","","1.0","","1","N","N","","0","","0","0","0","","0","N","","2","1","0","0","0","0","0","1","0","2","","","","N","","","","","","","","","",""
"2005403653","","1","0","0","0","0","0","0","0","0","4","0","","02","10","2005","4","40.441883","-79.994348","","11","0","0","0","0","0","0","0","0","1","0","0","0","","","0","","5","","40 26:30.780","3","0","79 59:39.652","0","0","0","0","2301","0","0","0","N","0","0","0","3","02301","0","","1.0","","1","N","N","","0","","0","0","1","","0","N","","2","0","0","0","0","0","0","2","0","2","","","","N","","","","","","","","","",""
"2005403654","","1","0","0","0","0","0","0","0","0","4","0","","02","10","2005","7","40.454118","-79.890785","","11","0","0","0","0","0","0","0","0","1","0","0","0","","","1","","1","","40 27:14.824","7","0","79 53:26.826","3","0","0","1","2301","0","0","0","N","0","0","0","4","02301","0","","1.0","","1","N","N","","0","","1","0","0","","2","Y","","2","1","0","0","0","0","0","2","0","2","","","","N","","","","","","","","","",""
"2005403655","","2","0","0","0","0","0","0","0","0","4","0","","02","10","2005","2","","","","11","0","0","1","0","0","0","0","0","","0","0","0","","","0","","1","","","","0","","0","0","0","0","2301","0","0","0","N","0","0","0","2","02301","0","","1.0","","1","N","N","","0","","0","0","0","","2","","","2","0","0","0","0","0","0","1","0","2","","","","N","","","","","","","","","",""
"2005403756","","0","0","0","2","0","0","0","0","0","8","0","","02","10","2005","7","40.327415","-79.890188","","11","0","0","0","0","0","0","0","0","","0","0","0","","","0","","0","","40 19:38.694","","0","79 53:24.676","0","0","0","0","2433","2","0","0","N","0","0","0","4","02433","0","","1.0","","1","N","N","","1","","0","0","0","","0","","","3","0","1","0","0","0","0","2","0","1","","","","N","","","","","","","","","",""
"2005403775","","2","0","0","0","0","0","0","0","0","4","0","","02","5","2005","2","40.583611","-79.992025","","11","0","0","0","0","0","1","0","0","","0","0","0","","","0","","2","","40 35:01.000","","0","79 59:31.289","0","0","0","0","2108","0","0","0","N","0","0","0","3","02501","0","","1.0","","9","N","N","","0","","0","0","0","","3","","","2","0","0","0","0","0","0","1","0","2","","","","N","","","","","","","","","",""
"2005403811","","2","0","0","0","0","0","0","0","0","4","0","","02","7","2005","2","40.462463","-80.008257","","11","0","0","0","0","0","0","0","0","","0","0","0","","","2","","2","","40 27:44.866","","0","80 00:29.725","8","0","0","0","2301","0","0","0","N","0","0","0","3","02301","0","","1.0","","1","N","N","","0","","0","0","0","","3","","","2","2","2","0","0","2","0","2","0","2","","","","N","","","","","","","","","",""
"2005403814","","2","0","0","0","0","0","0","0","0","2","0","","02","10","2005","3","40.472347","-80.073253","","11","0","0","0","0","0","1","0","0","1","0","0","0","","","0","","2","","40 28:20.450","4","0","80 04:23.712","0","0","0","0","2122","0","0","0","N","0","0","0","2","02122","0","","1.0","","1","N","N","","0","","0","0","0","","2","Y","","2","0","0","0","0","0","0","2","0","2","","","","N","","","","","","","","","",""
"2005403817","","1","0","0","1","0","0","0","0","0","8","0","","02","6","2005","5","40.551753","-80.19238","","11","0","0","0","0","0","0","0","0","","0","0","0","","","1","","2","","40 33:06.310","","0","80 11:32.568","4","0","0","0","2427","1","0","0","N","0","0","0","2","02427","1","","1.0","","1","N","N","","0","","0","0","0","","3","","","2","1","0","0","0","0","0","2","0","1","","","","N","","","","","","","","","",""
"2005403820","","0","0","0","0","0","0","0","0","0","8","0","","02","10","2005","6","","","","11","0","0","0","0","0","0","0","0","","0","0","0","","","1","","2","","","","0","","8","0","0","0","2301","1","0","0","N","1","0","0","2","02301","0","","1.0","","9","N","Y","","0","","0","0","0","","2","","","2","1","0","0","0","1","0","1","1","1","","","","N","","","","","","","","","",""
"2005403821","","2","0","0","0","0","0","0","0","0","4","0","","02","10","2005","6","","","","11","0","0","0","0","0","1","0","0","","0","0","0","","","1","","1","","","","0","","8","0","0","0","2301","0","0","0","N","0","0","0","2","02301","0","","1.0","","1","N","N","","0","","0","0","0","","2","","","2","1","0","0","0","1","0","1","0","2","","","","N","","","","","","","","","",""
"2005403822","","1","0","0","0","0","0","0","0","0","4","0","","02","10","2005","6","","","","11","0","0","0","0","0","1","0","0","","0","0","0","","","0","","1","","","","0","","0","0","0","0","2301","0","0","0","N","0","0","0","2","02301","0","","1.0","","1","N","N","","0","","0","0","0","","2","","","2","0","0","0","0","0","0","1","1","2","","","","N","","","","","","","","","",""
"2005403823","","1","0","0","0","0","0","0","0","0","8","0","","02","10","2005","7","","","","11","0","0","0","0","0","0","0","0","","0","0","0","","","1","","1","","","","0","","4","0","0","0","2301","1","0","0","N","1","0","0","2","02301","1","","1.0","","1","N","N","","0","","0","0","0","","2","","","2","1","0","0","0","0","0","1","0","1","","","","N","","","","","","","","","",""
"2005403824","","2","0","0","0","0","0","0","0","0","1","0","","02","10","2005","7","","","","11","0","0","0","0","0","0","0","0","3","0","0","0","","","0","","0","","","4","0","","0","0","0","0","2301","0","0","0","N","0","0","0","2","02301","0","","6.0","","1","N","N","","0","","0","0","0","","0","Y","","2","0","0","0","0","0","0","1","0","2","","","","N","","","","","","","","","",""
"2005403825","","2","0","0","0","0","0","0","0","0","2","0","","02","10","2005","2","","","","11","0","0","0","0","0","1","0","0","","0","0","0","","","0","","2","","","","0","","0","0","0","0","2301","0","0","0","N","0","0","0","2","02301","0","","1.0","","1","N","N","","0","","0","0","0","","3","","","2","0","0","0","0","0","0","1","0","2","","","","N","","","","","","","","","",""
"2005403826","","1","0","0","0","0","0","0","0","0","5","1","","02","10","2005","2","","","","11","0","0","0","0","0","1","0","0","2","0","1","0","","","1","","0","","","4","0","","8","0","0","0","2301","0","0","0","N","0","0","0","3","02301","0","","1.0","","1","N","N","","0","","0","0","0","","0","N","","2","1","0","0","0","1","0","1","0","2","","","","N","","","","","","","","","",""
"2005403827","","3","0","0","0","0","0","0","0","0","4","0","","02","11","2005","4","40.43913","-79.965533","","11","0","0","0","0","0","0","0","0","","0","0","0","","","0","","0","","40 26:20.868","","0","79 57:55.918","0","0","0","0","2301","0","0","0","N","0","0","0","2","02301","0","","2.0","","1","N","Y","","1","","0","0","0","","0","","","4","0","2","0","0","0","0","2","0","4","","","","N","","","","","","","","","",""
"2005403829","","1","0","0","0","0","0","0","0","0","7","0","","02","10","2005","5","40.457759","-79.997119","","11","0","0","0","0","0","0","0","0","9","0","0","0","","","1","","0","","40 27:27.932","4","0","79 59:49.628","8","0","0","0","2301","0","0","0","N","0","0","0","1","02301","0","","5.0","","1","N","N","","0","","0","0","0","","0","Y","","1","1","0","0","0","1","0","2","0","1","","","","N","","","","","","","","","",""
"2005403830","","0","0","0","0","0","0","0","0","0","5","1","","02","10","2005","7","","","","11","0","0","0","0","0","1","0","0","1","0","1","0","","","0","","0","","","4","0","","0","0","0","0","2301","0","0","0","N","0","0","0","3","02301","0","","1.0","","9","N","N","","1","","0","0","0","","0","N","","2","0","0","0","0","0","0","1","0","2","","","","N","","","","","","","","","",""
"2005403831","","2","0","0","0","0","0","0","0","0","1","0","","02","10","2005","7","40.457246","-79.997838","","11","0","0","0","0","0","1","0","0","","0","0","0","","","2","","2","","40 27:26.085","","0","79 59:52.216","8","0","0","0","2301","0","0","0","N","0","0","0","5","02301","0","","1.0","","1","N","N","","0","","0","0","0","","2","","","2","2","0","0","0","2","0","2","0","2","","","","N","","","","","","","","","",""
"2005403832","","0","0","0","0","0","0","0","0","0","7","0","","02","10","2005","1","40.4764","-80.0412","","11","0","0","0","0","0","0","0","0","","0","0","0","","","1","","0","","40 28:35.040","","0","80 02:28.320","3","0","0","0","2301","0","0","0","N","0","0","0","1","02301","0","","5.0","","1","N","N","","0","","1","0","0","","0","","","1","1","0","0","0","0","0","2","1","1","","","","N","","","","","","","","","",""