"CRN","ARRIVAL_TM","AUTOMOBILE_COUNT","BELTED_DEATH_COUNT","BELTED_SUSP_SERIOUS_INJ_COUNT","BICYCLE_COUNT","BICYCLE_DEATH_COUNT","BICYCLE_SUSP_SERIOUS_INJ_COUNT","BUS_COUNT","CHLDPAS_DEATH_COUNT","CHLDPAS_SUSP_SERIOUS_INJ_COUNT","COLLISION_TYPE","COMM_VEH_COUNT","CONS_ZONE_SPD_LIM","COUNTY","CRASH_MONTH","CRASH_YEAR","DAY_OF_WEEK","DEC_LATITUDE","DEC_LONGITUDE","DISPATCH_TM","DISTRICT","DRIVER_COUNT_16YR","DRIVER_COUNT_17YR","DRIVER_COUNT_18YR","DRIVER_COUNT_19YR","DRIVER_COUNT_20YR","DRIVER_COUNT_50_64YR","DRIVER_COUNT_65_74YR","DRIVER_COUNT_75PLUS","EST_HRS_CLOSED","FATAL_COUNT","HEAVY_TRUCK_COUNT","HORSE_BUGGY_COUNT","HOUR_OF_DAY","ILLUMINATION","INJURY_COUNT","INTERSECTION_RELATED","INTERSECT_TYPE","LANE_CLOSED","LATITUDE","LN_CLOSE_DIR","LOCATION_TYPE","LONGITUDE","MAX_SEVERITY_LEVEL","MCYCLE_DEATH_COUNT","MCYCLE_SUSP_SERIOUS_INJ_COUNT","MOTORCYCLE_COUNT","MUNICIPALITY","NONMOTR_COUNT","NONMOTR_DEATH_COUNT","NONMOTR_SUSP_SERIOUS_INJ_COUNT","NTFY_HIWY_MAINT","PED_COUNT","PED_DEATH_COUNT","PED_SUSP_SERIOUS_INJ_COUNT","PERSON_COUNT","POLICE_AGCY","POSSIBLE_INJ_COUNT","RDWY_SURF_TYPE_CD","RELATION_TO_ROAD","ROADWAY_CLEARED","ROAD_CONDITION","SCH_BUS_IND","SCH_ZONE_IND","SECONDARY_CRASH","SMALL_TRUCK_COUNT","SPEC_JURIS_CD","SUSP_MINOR_INJ_COUNT","SUSP_SERIOUS_INJ_COUNT","SUV_COUNT","TCD_FUNC_CD","TCD_TYPE","TFC_DETOUR_IND","TIME_OF_DAY","TOTAL_UNITS","TOT_INJ_COUNT","UNBELTED_OCC_COUNT","UNB_DEATH_COUNT","UNB_SUSP_SERIOUS_INJ_COUNT","UNK_INJ_DEG_COUNT","UNK_INJ_PER_COUNT","URBAN_RURAL","VAN_COUNT","VEHICLE_COUNT","WEATHER1","WEATHER2","WORKERS_PRES","WORK_ZONE_IND","WORK_ZONE_LOC","WORK_ZONE_TYPE","WZ_CLOSE_DETOUR","WZ_FLAGGER","WZ_LAW_OFFCR_IND","WZ_LN_CLOSURE","WZ_MOVING","WZ_OTHER","WZ_SHLDER_MDN","WZ_WORKERS_INJ_KILLED"
"2005403910","","1","0","0","0","0","0","0","0","0","1","0","","02","10","2005","5","","","","11","0","0","0","0","0","0","1","0","1","0","0","0","","","1","","0","","","2","0","","4","0","0","0","2301","0","0","0","N","0","0","0","1","02301","1","","4.0","","1","N","N","","0","","0","0","1","","0","Y","","2","1","0","0","0","0","0","1","0","2","","","","N","","","","","","","","","",""
"2005403911","","1","0","0","0","0","0","0","0","0","4","0","","02","10","2005","2","40.411111","-79.944819","","11","0","0","0","0","0","0","0","0","","0","0","0","","","1","","1","","40 24:40.000","","0","79 56:41.348","4","0","0","0","2301","0","0","0","N","0","0","0","3","02301","1","","1.0","","1","N","N","","0","","0","0","1","","2","","","2","1","0","0","0","0","0","2","0","2","","","","N","","","","","","","","","",""
"2005403912","","2","0","0","0","0","0","0","0","0","4","0","","02","10","2005","3","","","","11","0","0","0","0","0","1","0","0","1","0","0","0","","","0","","1","","","4","0","","0","0","0","0","2301","0","0","0","N","0","0","0","2","02301","0","","1.0","","9","N","N","","0","","0","0","0","","2","N","","2","0","0","0","0","0","0","1","0","2","","","","N","","","","","","","","","",""
"2005403913","","2","0","0","0","0","0","0","0","0","2","0","","02","10","2005","4","40.466667","-79.964167","","11","0","0","0","0","1","0","0","0","1","0","0","0","","","0","","1","","40 28:00.000","5","0","79 57:51.000","0","0","0","0","2301","0","0","0","N","0","0","0","3","02301","0","","1.0","","1","N","N","","0","","0","0","0","","3","Y","","2","0","0","0","0","0","0","2","0","2","","","","N","","","","","","","","","",""
"2005403919","","0","0","0","0","0","0","0","0","0","99","1","","02","9","2005","3","40.5112","-79.7907","","11","0","0","0","0","0","0","0","0","","0","1","0","","","0","","0","","40 30:40.320","","0","79 47:26.520","0","0","0","0","2466","0","0","0","N","0","0","0","2","68T02","0","","1.0","","1","N","N","","0","","0","0","0","","0","","","2","0","0","0","0","0","0","2","1","2","","","","N","","","","","","","","","",""
"2005403947","","1","0","0","0","0","0","0","0","0","4","0","","02","11","2005","5","40.432642","-79.918305","","11","0","0","0","0","0","0","0","0","","0","0","0","","","0","","0","","40 25:57.511","","0","79 55:05.898","0","0","0","0","2301","0","0","0","N","0","0","0","1","02301","0","","1.0","","1","N","N","","0","","0","0","0","","0","","","2","0","0","0","0","0","0","2","1","2","","","","N","","","","","","","","","",""
"2005403948","","2","0","0","0","0","0","0","0","0","1","0","","02","10","2005","4","","","","11","0","0","0","0","0","0","0","0","","0","0","0","","","0","","1","","","","0","","0","0","0","0","2301","0","0","0","N","0","0","0","3","02301","0","","1.0","","1","N","N","","0","","0","0","0","","0","","","2","0","0","0","0","0","0","1","0","2","","","","N","","","","","","","","","",""
"2005403955","","1","0","0","0","0","0","0","0","0","6","0","","02","11","2005","7","40.490437","-79.78317","","11","0","0","0","0","0","0","0","0","","0","0","0","","","0","","2","","40 29:25.573","","0","79 46:59.412","0","0","0","0","2466","0","0","0","N","0","0","0","2","02466","0","","1.0","","1","N","N","","0","","0","0","1","","3","","","2","0","0","0","0","0","0","2","0","2","","","","N","","","","","","","","","",""
"2005403962","","2","0","0","0","0","0","0","0","0","5","0","","02","10","2005","5","40.481965","-80.04165","","11","0","0","0","0","0","1","0","0","9","0","0","0","","","0","","5","","40 28:55.074","1","0","80 02:29.940","0","0","0","0","2301","0","0","0","N","0","0","0","3","02301","0","","1.0","","9","N","N","","0","","0","0","0","","2","N","","2","0","2","0","0","0","0","2","0","2","","","","N","","","","","","","","","",""
"2005403963","","1","0","0","0","0","0","0","0","0","1","0","","02","10","2005","4","40.442581","-80.024212","","11","0","0","0","0","0","2","0","0","","0","0","0","","","0","","2","","40 26:33.290","","0","80 01:27.164","0","0","0","0","2301","0","0","0","N","0","0","0","3","02301","0","","1.0","","1","N","N","","0","","0","0","0","","0","","","3","0","0","0","0","0","0","2","2","3","","","","N","","","","","","","","","",""
"2005403964","","1","0","0","0","0","0","0","0","0","4","0","","02","10","2005","4","40.438333","-80.001909","","11","0","0","0","0","0","2","0","0","","0","0","0","","","1","","1","","40 26:18.000","","0","80 00:06.873","4","0","0","0","2301","0","0","0","N","0","0","0","2","02301","1","","1.0","","9","N","N","","1","","0","0","0","","2","","","2","1","0","0","0","0","0","2","0","2","","","","N","","","","","","","","","",""
"2005403991","","1","0","0","0","0","0","0","0","0","99","0","","02","9","2005","6","40.439167","-80.241154","","11","0","0","0","1","0","0","0","0","","0","0","0","","","0","","0","","40 26:21.000","","0","80 14:28.156","0","0","0","0","2214","0","0","0","N","0","0","0","2","68B03","0","","1.0","","1","N","N","","0","","0","0","0","","0","","","1","0","0","0","0","0","0","2","0","1","","","","N","","","","","","","","","",""
"2005404038","","1","0","0","0","0","0","0","0","0","99","0","","02","10","2005","2","40.543333","-79.84024","","11","0","0","0","0","0","1","0","0","","0","0","0","","","0","","0","","40 32:36.000","","0","79 50:24.863","0","0","0","0","2208","0","0","0","N","0","0","0","1","02208","0","","1.0","","1","N","N","","0","","0","0","0","","0","","","1","0","0","0","0","0","0","2","0","1","","","","N","","","","","","","","","",""
"2005404039","","2","0","0","0","0","0","0","0","0","1","0","","02","10","2005","6","40.556389","-79.815051","","11","0","0","0","0","0","0","0","0","","0","0","0","","","1","","2","","40 33:23.000","","0","79 48:54.183","8","0","0","0","2208","0","0","0","N","0","0","0","2","02208","0","","1.0","","9","N","N","","0","","0","0","0","","0","","","2","1","2","0","0","1","0","2","0","2","","","","N","","","","","","","","","",""
"2005404040","","0","0","0","0","0","0","0","0","0","4","0","","02","10","2005","3","40.538889","-79.840041","","11","0","0","0","1","0","1","0","0","1","0","0","0","","","0","","1","","40 32:20.000","3","2","79 50:24.147","0","0","0","0","2208","0","0","0","N","0","0","0","6","02208","0","","1.0","","1","N","N","","1","","0","0","1","","3","N","","2","0","0","0","0","0","0","2","0","2","","","","N","","","","","","","","","",""
"2005404041","","0","0","0","0","0","0","0","0","0","8","0","","02","10","2005","1","","","","11","0","0","0","0","0","0","0","0","1","0","0","0","","","1","","0","","","6","7","","2","0","0","0","2208","1","0","1","N","1","0","1","1","02208","0","","1.0","","1","N","N","","1","","0","1","0","","0","N","","2","1","0","0","0","0","0","1","0","1","","","","N","","","","","","","","","",""
"2005404076","","1","0","0","0","0","0","0","0","0","7","0","","02","9","2005","7","","","","11","0","0","0","0","0","0","0","0","","0","0","0","","","0","","0","","40 26:08.52","","0","79 59:59.28","0","0","0","0","2301","0","0","0","Y","0","0","0","2","68B03","0","","2.0","","1","N","N","","0","","0","0","0","","0","","","1","0","0","0","0","0","0","2","0","1","","","","N","","","","","","","","","",""
"2005404144","","1","0","0","0","0","0","0","0","0","2","0","","02","11","2005","2","40.383206","-80.125707","","11","0","0","0","0","0","1","0","0","1","0","0","0","","","0","","0","","40 22:59.541","6","0","80 07:32.545","0","0","0","0","2102","0","0","0","N","0","0","0","1","02102","0","","6.0","","1","N","N","","0","","0","0","1","","0","N","","2","0","0","0","0","0","0","2","0","2","","","","N","","","","","","","","","",""
"2005404242","","1","0","0","0","0","0","0","0","0","7","0","","02","10","2005","6","","","","11","0","1","0","0","0","0","0","0","","0","0","0","","","0","","0","","","","0","","0","0","0","0","2119","0","0","0","N","0","0","0","1","02119","0","","5.0","","9","N","N","","0","","0","0","0","","0","","","1","0","0","0","0","0","0","1","0","1","","","","N","","","","","","","","","",""
"2005404243","","2","0","0","0","0","0","0","0","0","1","0","","02","10","2005","5","40.2871","-80.024","","11","0","0","0","0","0","1","0","0","","0","0","0","","","0","","0","","40 17:13.560","","0","80 01:26.400","0","0","0","0","2219","0","0","0","N","0","0","0","2","02219","0","","1.0","","1","N","N","","0","","0","0","0","","0","","","2","0","1","0","0","0","0","2","0","2","","","","N","","","","","","","","","",""
"2005404244","","0","0","0","0","0","0","0","0","0","7","0","","02","10","2005","2","40.309722","-80.0154","","11","0","1","0","0","0","0","0","0","","0","0","0","","","1","","2","","40 18:35.000","","0","80 00:55.439","3","0","0","0","2219","0","0","0","N","0","0","0","1","02219","0","","5.0","","1","N","N","","0","","1","0","1","","3","","","1","1","0","0","0","0","0","2","0","1","","","","N","","","","","","","","","",""
"2005404257","","0","0","0","0","0","0","0","0","0","1","1","","02","10","2005","3","","","","11","0","0","0","0","0","0","0","0","","0","1","0","","","0","","0","","40 25:12.00","","0","80 03:02.52","0","0","0","0","2435","0","0","0","N","0","0","0","5","68B03","0","","1.0","","1","N","N","","0","","0","0","1","","0","","","2","0","0","0","0","0","0","2","0","2","","","","N","","","","","","","","","",""
"2005404258","","0","0","0","0","0","0","0","0","0","7","0","","02","9","2005","2","40.4358","-79.9995","","11","0","0","0","0","0","0","0","0","","0","0","0","","","1","","0","","40 26:08.880","","2","79 59:58.200","8","0","0","0","2301","0","0","0","N","0","0","0","1","68B03","0","","2.0","","9","Y","N","","0","","0","0","0","","0","","","1","1","0","0","0","1","0","2","1","1","","","","N","","","","","","","","","",""
"2005404353","","1","0","0","0","0","0","0","0","0","7","0","","02","11","2005","1","40.625278","-80.057734","","11","0","0","0","0","0","0","0","0","","0","0","0","","","0","","2","","40 37:31.000","","0","80 03:27.843","0","0","0","0","2216","0","0","0","N","0","0","0","1","02505","0","","5.0","","1","N","N","","0","","0","0","0","","3","","","1","0","0","0","0","0","0","2","0","1","","","","N","","","","","","","","","",""
"2005404370","","1","0","0","0","0","0","0","0","0","4","0","","02","10","2005","1","40.375556","-80.047424","","11","0","0","0","0","0","1","0","0","2","0","0","0","","","1","","2","","40 22:32.000","1","0","80 02:50.726","4","0","0","0","2109","0","0","0","N","0","0","0","5","02109","1","","1.0","","1","N","N","","0","","0","0","1","","2","N","","2","1","0","0","0","0","0","2","0","2","","","","N","","","","","","","","","",""
"2005404371","","0","0","0","0","0","0","0","0","0","99","0","","02","10","2005","6","40.570833","-80.216399","","11","0","0","0","0","0","0","0","0","","0","0","0","","","1","","0","","40 34:15.000","","0","80 12:59.037","4","0","0","0","2441","0","0","0","N","0","0","0","1","02441","1","","1.0","","9","N","N","","1","","0","0","0","","0","","","1","1","0","0","0","0","0","2","0","1","","","","N","","","","","","","","","",""
"2005404378","","1","0","0","0","0","0","0","0","0","4","0","","02","11","2005","1","","","","11","0","0","0","0","0","0","0","0","","0","0","0","","","0","","2","","","","0","","0","0","0","0","2207","0","0","0","Y","0","0","0","4","02207","0","","1.0","","1","N","N","","0","","0","0","1","","3","","","2","0","0","0","0","0","0","1","0","2","","","","N","","","","","","","","","",""
"2005404808","","3","0","0","0","0","0","0","0","0","1","0","","02","10","2005","3","","","","11","0","0","0","0","0","1","0","0","","0","0","0","","","3","","2","","","","0","","8","0","0","0","2304","0","0","0","N","0","0","0","3","02304","0","","1.0","","9","N","N","","0","","0","0","0","","0","","","3","3","1","0","0","3","0","1","0","3","","","","N","","","","","","","","","",""
"2005405121","","1","0","0","0","0","0","0","0","0","7","0","","02","11","2005","2","40.6137","-79.9523","","11","0","0","0","0","0","0","1","0","","0","0","0","","","1","","0","","40 36:49.320","","0","79 57:08.280","8","0","0","0","2207","0","0","0","N","0","0","0","1","02207","0","","5.0","","1","N","N","","0","","0","0","0","","0","","","1","1","0","0","0","1","0","2","0","1","","","","N","","","","","","","","","",""
"2005405234","","0","0","0","0","0","0","0","0","0","4","0","","02","10","2005","3","40.319167","-79.834328","","11","0","0","0","0","0","1","0","1","1","0","0","0","","","2","","1","","40 19:09.000","4","0","79 50:03.582","2","0","0","0","2469","0","0","0","N","0","0","0","2","02469","0","","1.0","","1","N","N","","2","","1","1","0","","3","Y","","2","2","1","0","0","0","0","2","0","2","","","","N","","","","","","","","","",""
"2005405362","","2","0","0","0","0","0","0","0","0","4","0","","02","10","2005","1","40.333333","-80.133401","","11","0","0","0","0","0","0","0","0","1","0","0","0","","","0","","2","","40 20:00.000","2","0","80 08:00.243","0","0","0","0","2119","0","0","0","N","0","0","0","2","02119","0","","1.0","","1","N","N","","0","","0","0","0","","3","N","","2","0","0","0","0","0","0","2","0","2","","","","N","","","","","","","","","",""
"2005405363","","1","0","0","0","0","0","0","0","0","7","0","","02","10","2005","1","","","","11","0","0","0","0","0","0","0","0","2","0","0","0","","","1","","0","","","3","0","","8","0","0","0","2119","0","0","0","N","0","0","0","1","02119","0","","4.0","","1","N","N","","0","","0","0","0","","0","N","","1","1","1","0","0","1","0","1","0","1","","","","N","","","","","","","","","",""
"2005405364","","2","0","0","0","0","0","0","0","0","1","0","","02","10","2005","1","40.3393","-80.1269","","11","0","0","0","0","0","0","0","0","","0","0","0","","","0","","0","","40 20:21.480","","0","80 07:36.840","0","0","0","0","2119","0","0","0","N","0","0","0","2","02119","0","","2.0","","1","N","N","","0","","0","0","0","","0","","","2","0","1","0","0","0","0","2","0","2","","","","N","","","","","","","","","",""
"2005405417","","2","0","0","0","0","0","0","0","0","4","0","","02","10","2005","2","40.444725","-80.066069","","11","0","0","0","1","0","1","0","0","","0","0","0","","","0","","3","","40 26:41.010","","0","80 03:57.848","0","0","0","0","2439","0","0","0","N","0","0","0","3","02439","0","","1.0","","1","N","N","","0","","0","0","0","3","2","","","2","0","0","0","0","0","0","2","0","2","","","","N","","","","","","","","","",""
"2005405449","","2","0","0","0","0","0","0","0","0","4","0","","02","10","2005","4","40.6047","-80.0507","","11","0","1","1","0","0","0","0","0","1","0","0","0","","","1","","0","","40 36:16.920","5","7","80 03:02.520","4","0","0","0","2108","0","0","0","N","0","0","0","2","02108","1","","1.0","","9","N","N","","0","","0","0","0","3","2","Y","","2","1","0","0","0","0","0","2","0","2","","","","N","","","","","","","","","",""
"2005405450","","2","0","0","0","0","0","0","0","0","4","0","","02","10","2005","4","40.554444","-80.038449","","11","1","0","0","0","0","0","0","0","","0","0","0","","","1","","2","","40 33:16.000","","0","80 02:18.416","8","0","0","0","2108","0","0","0","N","0","0","0","4","02108","0","","1.0","","9","N","N","","0","","0","0","0","3","3","","","2","1","1","0","0","1","0","2","0","2","","","","N","","","","","","","","","",""
"2005405451","","2","0","0","0","0","0","0","0","0","1","0","","02","10","2005","4","40.550278","-80.037226","","11","0","0","0","0","1","0","0","0","","0","0","0","","","1","","2","","40 33:01.000","","0","80 02:14.012","8","0","0","0","2108","0","0","0","N","0","0","0","3","02108","0","","1.0","","9","N","N","","0","","0","0","0","3","2","","","2","1","0","0","0","1","0","2","0","2","","","","N","","","","","","","","","",""
"2005405452","","3","0","0","0","0","0","0","0","0","4","0","","02","10","2005","4","40.596111","-80.047414","","11","1","0","0","0","0","0","0","0","","0","0","0","","","0","","0","","40 35:46.000","","0","80 02:50.689","0","0","0","0","2108","0","0","0","N","0","0","0","8","02108","0","","1.0","","9","N","N","","0","","0","0","0","0","0","","","3","0","0","0","0","0","0","2","0","3","","","","N","","","","","","","","","",""
"2005405453","","2","0","0","0","0","0","0","0","0","1","0","","02","10","2005","5","40.590833","-80.047257","","11","0","0","1","0","0","0","0","0","","0","0","0","","","0","","2","","40 35:27.000","","0","80 02:50.124","9","0","0","0","2108","0","0","0","N","0","0","0","2","02108","0","","1.0","","9","N","N","","0","","0","0","0","3","4","","","2","0","0","0","0","0","1","2","0","2","","","","N","","","","","","","","","",""
"2005405454","","2","0","0","0","0","0","0","0","0","6","0","","02","11","2005","4","40.576111","-80.014544","","11","0","0","0","0","0","1","0","0","","0","0","0","","","0","","3","","40 34:34.000","","0","80 00:52.357","0","0","0","0","2108","0","0","0","N","0","0","0","3","02108","0","","1.0","","1","N","N","","1","","0","0","0","0","0","","","3","0","0","0","0","0","0","2","0","3","","","","N","","","","","","","","","",""
"2005405456","","2","0","0","0","0","0","0","0","0","1","0","","02","10","2005","4","40.550556","-80.037163","","11","0","0","0","0","1","0","1","0","1","0","0","0","","","0","","3","","40 33:02.000","2","0","80 02:13.785","0","0","0","0","2108","0","0","0","N","0","0","0","2","02108","0","","1.0","","9","N","N","","0","","0","0","0","3","2","N","","2","0","1","0","0","0","0","2","0","2","","","","N","","","","","","","","","",""
"2005405509","","2","0","0","0","0","0","0","0","0","4","0","","02","10","2005","2","","","","11","0","0","0","0","0","0","0","0","1","0","0","0","","","1","","1","","","7","0","","8","0","0","0","2304","0","0","0","N","0","0","0","2","02304","0","","1.0","","1","N","N","","0","","0","0","0","3","2","Y","","2","1","0","0","0","1","0","1","0","2","","","","N","","","","","","","","","",""
"2005405510","","1","0","0","0","0","0","0","0","0","4","0","","02","10","2005","2","40.346726","-79.855913","","11","0","0","0","0","0","1","0","0","","0","0","0","","","0","","1","","40 20:48.213","","0","79 51:21.286","0","0","0","0","2304","0","0","0","N","0","0","0","3","02304","0","","1.0","","1","N","N","","0","","0","0","1","3","3","","","2","0","1","0","0","0","0","2","0","2","","","","N","","","","","","","","","",""
"2005405512","","1","0","0","0","0","0","0","0","0","0","0","","02","10","2005","7","","","","11","0","0","0","0","0","0","0","0","","0","0","0","","","0","","2","","","","0","","0","0","0","0","2214","0","0","0","N","0","0","0","1","02214","0","","5.0","","9","N","N","","0","","0","0","0","3","3","","","1","0","0","0","0","0","0","1","0","1","","","","N","","","","","","","","","",""
"2005405513","","1","0","0","0","0","0","0","0","0","5","0","","02","10","2005","6","40.443611","-80.175023","","11","0","0","0","0","0","0","0","0","","0","0","0","","","0","","3","","40 26:37.000","","0","80 10:30.084","0","0","0","0","2214","0","0","0","N","0","0","0","2","02214","0","","1.0","","1","N","N","","0","","0","0","1","3","3","","","2","0","0","0","0","0","0","1","0","2","","","","N","","","","","","","","","",""
"2005405514","","1","0","0","0","0","0","0","0","0","1","0","","02","10","2005","4","40.424722","-80.191794","","11","0","0","0","0","1","0","0","0","","0","0","0","","","1","","2","","40 25:29.000","","0","80 11:30.459","4","0","0","0","2214","0","0","0","N","0","0","0","2","02214","1","","1.0","","9","N","N","","1","","0","0","0","0","0","","","2","1","0","0","0","0","0","1","0","2","","","","N","","","","","","","","","",""
"2005405515","","2","0","0","0","0","0","0","0","0","4","0","","02","10","2005","2","40.440833","-80.207382","","11","0","0","0","0","0","0","0","0","2","0","0","0","","","2","","2","","40 26:27.000","6","0","80 12:26.576","3","0","0","0","2214","0","0","0","N","0","0","0","2","02214","1","","1.0","","1","N","N","","0","","1","0","0","0","0","Y","","2","2","0","0","0","0","0","2","0","2","","","","N","","","","","","","","","",""
"2005405525","","0","0","0","0","0","0","0","0","0","7","0","","02","10","2005","3","40.419504","-79.867536","","11","0","0","0","0","0","0","0","0","","0","0","0","","","0","","2","","40 25:10.214","","0","79 52:03.129","0","0","0","0","2411","0","0","0","N","0","0","0","3","02411","0","","4.0","","9","N","N","","0","","0","0","0","0","0","","","1","0","0","0","0","0","0","2","1","1","","","","N","","","","","","","","","",""
"2005405557","","0","0","0","0","0","0","0","0","0","8","1","55","02","9","2005","2","40.3975","-80.1039","","11","0","0","0","0","0","0","0","0","","0","1","0","","","1","","2","","40 23:51.000","","2","80 06:14.040","4","0","0","0","2102","1","0","0","N","1","0","0","2","68B03","1","","7.0","","1","N","N","","0","","0","0","0","3","3","","","2","1","0","0","0","0","0","2","0","1","","","Y","Y","4","1","","Y","N","","","","Y",""
"2005405558","","4","0","0","0","0","0","0","0","0","1","0","","02","10","2005","7","40.447222","-80.16585","","11","0","0","0","0","0","1","0","0","1","0","0","0","","","2","","0","","40 26:50.000","3","3","80 09:57.060","4","0","0","0","2115","0","0","0","N","0","0","0","6","68B03","2","","1.0","","1","N","N","","0","","0","0","0","0","0","N","","4","2","0","0","0","0","0","2","0","4","","","","N","","","","","","","","","",""
"2005405559","","1","0","0","0","0","0","0","0","0","7","0","","02","8","2005","3","40.651389","-80.093984","","11","0","0","0","0","0","0","0","0","","0","0","0","","","0","","0","","40 39:05.000","","0","80 05:38.341","0","0","0","0","2212","0","0","0","Y","0","0","0","1","68B03","0","","2.0","","9","N","N","","0","","0","0","0","0","0","","","1","0","0","0","0","0","0","2","0","1","","","","N","","","","","","","","","",""
"2005405560","","1","0","0","0","0","0","0","0","0","5","1","","02","8","2005","2","40.6149","-80.0956","","11","0","0","0","0","0","1","0","0","","0","0","0","","","0","","0","","40 36:53.640","","0","80 05:44.160","0","0","0","0","2481","0","0","0","N","0","0","0","2","68B03","0","","1.0","","1","N","N","","1","","0","0","0","0","0","","","2","0","0","0","0","0","0","2","0","2","","","","N","","","","","","","","","",""
"2005405561","","2","0","0","0","0","0","0","0","0","1","0","50","02","9","2005","7","","","","11","0","0","0","1","0","1","0","0","1","0","0","0","","","3","","0","","40 25:55.56","4","0","80 08:21.48","4","0","0","0","2115","0","0","0","N","0","0","0","6","68B03","3","","1.0","","1","N","N","","0","","0","0","1","0","0","N","","3","3","0","0","0","0","0","2","0","3","","","Y","Y","3","1","Y","","Y","","","","",""
"2005405562","","0","0","0","0","0","0","0","0","0","4","1","","02","10","2005","3","40.651389","-80.093984","","11","0","0","0","0","0","1","0","0","","0","1","0","","","1","","0","","40 39:05.000","","0","80 05:38.341","4","0","0","0","2212","0","0","0","N","0","0","0","2","68B03","1","","1.0","","1","N","N","","1","","0","0","0","0","0","","","2","1","0","0","0","0","0","2","0","2","","","","N","","","","","","","","","",""
"2005405563","","5","0","0","0","0","0","0","0","0","1","0","50","02","10","2005","3","40.4031","-80.1072","","11","0","1","0","0","0","0","0","0","2","0","0","0","","","4","","0","","40 24:11.160","2","0","80 06:25.920","4","0","0","0","2102","1","0","0","N","1","0","0","6","68B03","4","","1.0","","1","N","N","","0","","0","0","0","0","0","N","","6","4","0","0","0","0","0","2","0","5","","","Y","Y","4","1","","","U","Y","Y","","Y",""
"2005405564","","1","0","0","0","0","0","0","0","0","7","0","","02","10","2005","7","","","","11","0","1","0","0","0","0","0","0","2","0","0","0","","","0","","0","","40 30:06.48","1","0","80 01:29.28","0","0","0","0","2301","0","0","0","N","0","0","0","1","68B03","0","","4.0","","9","N","N","","0","","0","0","0","0","0","Y","","1","0","0","0","0","0","0","2","0","1","","","","N","","","","","","","","","",""
"2005405565","","1","0","1","0","0","0","0","0","0","7","0","","02","10","2005","3","","","","11","0","0","0","0","0","0","0","0","2","0","0","0","","","1","","0","","40 25:42.96","4","0","79 57:19.80","2","0","0","0","2446","0","0","0","N","0","0","0","1","68B03","0","","3.0","","1","N","N","","0","","0","1","0","0","0","Y","","1","1","0","0","0","0","0","2","0","1","","","","N","","","","","","","","","",""
"2005405566","","0","0","0","0","0","0","0","0","0","7","0","","02","9","2005","4","","","","11","0","0","0","0","0","0","1","0","1","0","0","0","","","2","","0","","40 30:26.28","5","0","80 02:32.28","8","0","0","0","2116","0","0","0","Y","0","0","0","2","68B05","0","","3.0","","1","N","N","","0","","0","0","0","0","0","N","","1","2","0","0","0","2","0","2","1","1","","","","N","","","","","","","","","",""
"2005405567","","1","0","0","0","0","0","0","0","0","0","0","","02","9","2005","2","","","","11","0","0","0","0","0","1","0","0","","0","0","0","","","1","","0","","40 25:20.28","","0","80 06:01.08","8","0","0","0","2115","0","0","0","N","0","0","0","1","68B03","0","","3.0","","1","N","N","","0","","0","0","0","0","0","","","1","1","1","0","0","1","0","2","0","1","","","","N","","","","","","","","","",""
"2005405568","","1","0","0","0","0","0","0","0","0","5","1","","02","10","2005","5","","","","11","0","0","0","0","0","0","0","0","","0","1","0","","","1","","0","","40 26:47.76","","0","80 09:55.80","8","0","0","0","2115","0","0","0","N","0","0","0","2","68B03","0","","1.0","","1","N","N","","0","","0","0","0","0","0","","","2","1","0","0","0","1","0","2","0","2","","","","N","","","","","","","","","",""
"2005405569","","0","0","0","0","0","0","0","0","0","7","0","","02","10","2005","6","","","","11","0","0","0","0","0","0","0","0","","0","0","0","","","1","","0","","40 26:43.44","","0","79 50:53.16","4","0","0","0","2419","0","0","0","N","0","0","0","3","68B03","1","","4.0","","9","N","N","","0","","0","0","0","0","0","","","1","1","1","0","0","0","0","2","1","1","","","","N","","","","","","","","","",""
"2005405591","","2","0","0","0","0","0","0","0","0","6","0","","02","10","2005","6","","","","11","0","0","0","0","0","0","0","0","","0","0","0","","","0","","0","","","","0","","0","0","0","0","2437","0","0","0","N","0","0","0","1","02437","0","","6.0","","9","N","N","","0","","0","0","0","0","0","","","2","0","0","0","0","0","0","1","0","2","","","","N","","","","","","","","","",""
"2005405856","","1","0","0","0","0","0","0","0","0","7","0","","02","10","2005","4","40.426025","-79.926712","","11","0","0","0","0","0","0","0","0","1","0","0","0","","","0","","0","","40 25:33.690","2","0","79 55:36.163","0","0","0","0","2301","0","0","0","N","0","0","0","1","02301","0","","5.0","","9","N","N","","0","","0","0","0","0","0","N","","1","0","0","0","0","0","0","2","0","1","","","","N","","","","","","","","","",""
"2005405857","","2","0","0","0","0","0","0","0","0","1","0","","02","10","2005","5","40.383056","-79.930485","","11","0","0","0","0","0","0","0","0","","0","0","0","","","3","","1","","40 22:59.000","","0","79 55:49.746","3","0","0","0","2301","0","0","0","N","0","0","0","4","02301","0","","1.0","","1","N","N","","0","","3","0","0","3","2","","","2","3","0","0","0","0","0","2","0","2","","","","N","","","","","","","","","",""
"2005405858","","2","0","0","0","0","0","0","0","0","4","0","","02","10","2005","5","40.438301","-79.897062","","11","0","0","0","0","0","0","0","0","1","0","0","0","","","1","","2","","40 26:17.883","1","0","79 53:49.423","4","0","0","0","2301","0","0","0","N","0","0","0","3","02301","1","","1.0","","1","N","N","","0","","0","0","0","0","0","N","","2","1","0","0","0","0","0","2","0","2","","","","N","","","","","","","","","",""