"CRN","ARRIVAL_TM","AUTOMOBILE_COUNT","BELTED_DEATH_COUNT","BELTED_SUSP_SERIOUS_INJ_COUNT","BICYCLE_COUNT","BICYCLE_DEATH_COUNT","BICYCLE_SUSP_SERIOUS_INJ_COUNT","BUS_COUNT","CHLDPAS_DEATH_COUNT","CHLDPAS_SUSP_SERIOUS_INJ_COUNT","COLLISION_TYPE","COMM_VEH_COUNT","CONS_ZONE_SPD_LIM","COUNTY","CRASH_MONTH","CRASH_YEAR","DAY_OF_WEEK","DEC_LATITUDE","DEC_LONGITUDE","DISPATCH_TM","DISTRICT","DRIVER_COUNT_16YR","DRIVER_COUNT_17YR","DRIVER_COUNT_18YR","DRIVER_COUNT_19YR","DRIVER_COUNT_20YR","DRIVER_COUNT_50_64YR","DRIVER_COUNT_65_74YR","DRIVER_COUNT_75PLUS","EST_HRS_CLOSED","FATAL_COUNT","HEAVY_TRUCK_COUNT","HORSE_BUGGY_COUNT","HOUR_OF_DAY","ILLUMINATION","INJURY_COUNT","INTERSECTION_RELATED","INTERSECT_TYPE","LANE_CLOSED","LATITUDE","LN_CLOSE_DIR","LOCATION_TYPE","LONGITUDE","MAX_SEVERITY_LEVEL","MCYCLE_DEATH_COUNT","MCYCLE_SUSP_SERIOUS_INJ_COUNT","MOTORCYCLE_COUNT","MUNICIPALITY","NONMOTR_COUNT","NONMOTR_DEATH_COUNT","NONMOTR_SUSP_SERIOUS_INJ_COUNT","NTFY_HIWY_MAINT","PED_COUNT","PED_DEATH_COUNT","PED_SUSP_SERIOUS_INJ_COUNT","PERSON_COUNT","POLICE_AGCY","POSSIBLE_INJ_COUNT","RDWY_SURF_TYPE_CD","RELATION_TO_ROAD","ROADWAY_CLEARED","ROAD_CONDITION","SCH_BUS_IND","SCH_ZONE_IND","SECONDARY_CRASH","SMALL_TRUCK_COUNT","SPEC_JURIS_CD","SUSP_MINOR_INJ_COUNT","SUSP_SERIOUS_INJ_COUNT","SUV_COUNT","TCD_FUNC_CD","TCD_TYPE","TFC_DETOUR_IND","TIME_OF_DAY","TOTAL_UNITS","TOT_INJ_COUNT","UNBELTED_OCC_COUNT","UNB_DEATH_COUNT","UNB_SUSP_SERIOUS_INJ_COUNT","UNK_INJ_DEG_COUNT","UNK_INJ_PER_COUNT","URBAN_RURAL","VAN_COUNT","VEHICLE_COUNT","WEATHER1","WEATHER2","WORKERS_PRES","WORK_ZONE_IND","WORK_ZONE_LOC","WORK_ZONE_TYPE","WZ_CLOSE_DETOUR","WZ_FLAGGER","WZ_LAW_OFFCR_IND","WZ_LN_CLOSURE","WZ_MOVING","WZ_OTHER","WZ_SHLDER_MDN","WZ_WORKERS_INJ_KILLED"
"2005408435","","1","0","0","0","0","0","0","0","0","4","0","","02","11","2005","6","40.408056","-79.893202","","11","0","0","0","0","0","1","0","0","","0","0","0","","","0","","2","","40 24:29.000","","0","79 53:35.527","0","0","0","0","2448","0","0","0","N","0","0","0","2","02448","0","","1.0","","1","N","N","","1","","0","0","0","3","2","","","2","0","0","0","0","0","0","2","0","2","","","","N","","","","","","","","","",""
"2005408440","","2","0","0","0","0","0","0","0","0","4","0","","02","11","2005","6","","","","11","0","0","0","1","0","0","0","0","1","0","0","0","","","0","","2","","","4","0","","0","0","0","0","2466","0","0","0","N","0","0","0","2","02466","0","","1.0","","1","N","N","","0","","0","0","0","3","3","N","","2","0","0","0","0","0","0","1","0","2","","","","N","","","","","","","","","",""
"2005408447","","1","0","0","0","0","0","0","0","0","7","0","","02","11","2005","5","40.6598","-80.0136","","11","0","0","0","0","0","0","0","0","","0","0","0","","","0","","0","","40 39:35.280","","7","80 00:48.960","0","0","0","0","2216","0","0","0","Y","0","0","0","1","02505","0","","4.0","","7","N","N","","0","","0","0","0","3","3","","","1","0","0","0","0","0","0","2","0","1","","","","N","","","","","","","","","",""
"2005408451","","1","0","0","0","0","0","0","0","0","5","0","","02","11","2005","5","40.489444","-79.707506","","11","0","0","0","0","0","0","0","0","1","0","0","0","","","1","","2","","40 29:22.000","6","0","79 42:27.020","4","0","0","0","2466","0","0","0","N","0","0","0","5","02466","1","","2.0","","2","N","N","","0","","0","0","1","0","0","N","","2","1","0","0","0","0","0","2","0","2","","","","N","","","","","","","","","",""
"2005408459","","1","0","0","0","0","0","0","0","0","7","0","","02","11","2005","5","40.272778","-79.928496","","11","0","0","0","0","0","0","0","0","","0","0","0","","","1","","0","","40 16:22.000","","0","79 55:42.587","3","0","0","0","2440","0","0","0","N","0","0","0","1","02440","0","","5.0","","2","N","N","","0","","1","0","0","0","0","","","1","1","1","0","0","0","0","2","0","1","","","","N","","","","","","","","","",""
"2005408491","","1","0","0","0","0","0","0","0","0","7","0","","02","11","2005","3","40.662","-79.7616","","11","0","1","0","0","0","0","0","0","2","0","0","0","","","1","","0","","40 39:43.200","3","0","79 45:41.760","3","0","0","0","2202","0","0","0","N","0","0","0","1","02202","0","","5.0","","2","N","N","","0","","1","0","0","0","0","N","","1","1","0","0","0","0","0","1","0","1","","","","N","","","","","","","","","",""
"2005408492","","1","0","0","0","0","0","0","0","0","6","0","","02","11","2005","7","40.4895","-79.7074","","11","0","0","0","0","0","0","0","0","2","0","0","0","","","1","","0","","40 29:22.200","3","0","79 42:26.640","4","0","0","0","2466","0","0","0","N","0","0","0","2","02466","1","","1.0","","1","N","N","","1","","0","0","0","0","0","N","","2","1","0","0","0","0","0","2","0","2","","","","N","","","","","","","","","",""
"2005408494","","1","0","0","0","0","0","0","0","0","8","0","","02","11","2005","5","40.310833","-80.032997","","11","0","0","0","0","0","1","0","0","2","0","0","0","","","0","","1","","40 18:39.000","3","0","80 01:58.788","0","0","0","0","2407","2","0","0","N","2","0","0","3","02503","0","","1.0","","2","N","N","","0","","0","0","0","3","6","N","","2","0","0","0","0","0","0","2","0","1","","","","N","","","","","","","","","",""
"2005408495","","1","0","0","0","0","0","0","0","0","7","0","","02","11","2005","7","40.534462","-79.882767","","11","0","0","0","1","0","0","0","0","","0","0","0","","","0","","0","","40 32:04.063","","0","79 52:57.961","0","0","0","0","2432","0","0","0","","0","0","0","1","02432","0","","2.0","","1","N","N","","0","","0","0","0","0","0","","","1","0","0","0","0","0","0","2","0","1","","","","N","","","","","","","","","",""
"2005408500","","2","0","0","0","0","0","0","0","0","1","0","","02","11","2005","1","40.4023","-80.0831","","11","0","0","0","0","0","0","0","0","","0","0","0","","","2","","1","","40 24:08.280","","0","80 04:59.160","8","0","0","0","2415","0","0","0","N","0","0","0","2","02415","0","","1.0","","1","N","N","","0","","0","0","0","0","0","","","2","2","0","0","0","2","0","2","0","2","","","","N","","","","","","","","","",""
"2005408502","","1","0","0","0","0","0","0","0","0","0","0","","02","11","2005","4","40.4949","-79.7802","","11","0","1","0","0","0","0","0","0","3","0","0","0","","","0","","0","","40 29:41.640","6","0","79 46:48.720","0","0","0","0","2466","0","0","0","N","0","0","0","1","02466","0","","1.0","","7","N","N","","0","","0","0","0","0","0","N","","1","0","0","0","0","0","0","2","0","1","","","","N","","","","","","","","","",""
"2005408503","","1","0","0","0","0","0","0","0","0","4","0","","02","11","2005","4","40.589532","-79.95589","","11","0","0","0","0","0","0","0","0","1","0","0","0","","","0","","0","","40 35:22.316","6","0","79 57:21.205","0","0","0","0","2207","0","0","0","N","0","0","0","3","02207","0","","1.0","","9","N","N","","1","","0","0","0","0","0","N","","2","0","0","0","0","0","0","2","0","2","","","","N","","","","","","","","","",""
"2005408531","","1","0","0","0","0","0","0","0","0","8","0","","02","11","2005","5","40.435351","-80.064451","","11","0","0","0","0","0","0","0","1","","0","0","0","","","1","","0","","40 26:07.265","","0","80 03:52.023","4","0","0","0","2421","1","0","0","N","1","0","0","2","02421","1","","1.0","","1","N","N","","0","","0","0","0","0","0","","","2","1","0","0","0","0","0","2","0","1","","","","N","","","","","","","","","",""
"2005408533","","2","0","0","0","0","0","0","0","0","2","0","","02","11","2005","5","40.403333","-80.058331","","11","0","1","0","0","0","0","0","0","","0","0","0","","","0","","2","","40 24:12.000","","0","80 03:29.991","0","0","0","0","2117","0","0","0","N","0","0","0","3","02117","0","","1.0","","9","N","N","","0","","0","0","0","3","2","","","2","0","0","0","0","0","0","2","0","2","","","","N","","","","","","","","","",""
"2005408535","","0","0","0","0","0","0","0","0","0","99","0","","02","11","2005","6","40.564722","-79.956784","","11","0","0","0","0","0","0","0","0","1","0","0","0","","","0","","2","","40 33:53.000","1","0","79 57:24.422","0","0","0","0","2207","0","0","0","N","0","0","0","3","02207","0","","1.0","","1","N","N","","0","","0","0","1","0","0","N","","1","0","0","0","0","0","0","2","0","1","","","","N","","","","","","","","","",""
"2005408553","","2","0","0","0","0","0","0","0","0","2","0","","02","11","2005","5","40.626667","-80.034474","","11","0","0","0","0","1","1","0","0","","0","0","0","","","2","","0","","40 37:36.000","","0","80 02:04.108","4","0","0","0","2216","0","0","0","N","0","0","0","4","02505","2","","1.0","","7","N","N","","0","","0","0","0","0","0","","","2","2","0","0","0","0","0","1","0","2","","","","N","","","","","","","","","",""
"2005408555","","1","0","0","0","0","0","0","0","0","7","0","","02","11","2005","5","40.6339","-80.0601","","11","0","0","0","0","0","0","0","1","","0","0","0","","","0","","0","","40 38:02.040","","0","80 03:36.360","0","0","0","0","2216","0","0","0","N","0","0","0","1","02505","0","","3.0","","7","N","N","","0","","0","0","0","0","0","","","1","0","0","0","0","0","0","2","0","1","","","","N","","","","","","","","","",""
"2005408572","","0","0","0","0","0","0","0","0","0","4","0","","02","11","2005","1","40.566944","-79.935437","","11","0","1","0","0","0","0","0","0","","0","0","0","","","5","","2","","40 34:01.000","","0","79 56:07.574","8","0","0","0","2207","0","0","0","N","0","0","0","8","02207","0","","1.0","","9","N","N","","0","","0","0","0","3","3","","","2","5","5","0","0","5","1","2","2","2","","","","N","","","","","","","","","",""
"2005408575","","1","0","0","0","0","0","0","0","0","7","0","","02","11","2005","1","40.473611","-79.733714","","11","0","0","0","0","0","0","0","0","2","0","0","0","","","2","","0","","40 28:25.000","1","0","79 44:01.372","3","0","0","0","2466","0","0","0","N","0","0","0","2","02466","0","","5.0","","9","N","N","","0","","1","0","0","0","0","N","","1","2","0","0","0","1","0","2","0","1","","","","N","","","","","","","","","",""
"2005408577","","1","0","0","0","0","0","0","0","0","7","0","","02","11","2005","5","40.197913","-79.885781","","11","0","0","0","0","0","0","0","0","3","0","0","0","","","2","","0","","40 11:52.487","4","0","79 53:08.810","2","0","0","0","2204","0","0","0","N","0","0","0","2","02204","1","","4.0","","9","N","N","","0","","0","1","0","0","0","N","","1","2","1","0","1","0","0","1","0","1","","","","N","","","","","","","","","",""
"2005408583","","0","0","0","0","0","0","0","0","0","99","0","","02","11","2005","1","","","","11","0","1","0","0","0","0","0","0","","0","0","0","","","0","","0","","","","0","","9","0","0","0","2102","0","0","0","N","0","0","0","1","02102","0","","5.0","","1","N","N","","0","","0","0","1","3","8","","","1","0","0","0","0","0","1","1","0","1","","","","N","","","","","","","","","",""
"2005408594","","1","0","0","0","0","0","0","0","0","4","0","","02","11","2005","2","40.526944","-79.950286","","11","0","0","0","0","0","0","0","1","2","1","0","0","","","1","","2","","40 31:37.000","5","0","79 57:01.029","1","0","0","0","2118","0","0","0","N","0","0","0","2","02118","0","2","1.0","","1","N","N","","1","0","0","1","0","3","2","N","","2","1","0","0","0","0","0","2","0","2","","","","N","","","","","","","","","",""
"2005408602","","1","0","0","0","0","0","0","0","0","99","0","","02","11","2005","5","","","","11","0","0","0","0","0","0","0","0","","0","0","0","","","0","","0","","","","0","","0","0","0","0","2209","0","0","0","N","0","0","0","2","02209","0","","9.0","","2","N","N","","1","","0","0","0","0","0","","","2","0","0","0","0","0","0","1","0","2","","","","N","","","","","","","","","",""
"2005408637","","0","0","0","0","0","0","0","0","0","6","0","","02","11","2005","2","","","","11","0","0","1","0","0","1","0","0","","0","0","0","","","0","","0","","","","0","","0","0","0","0","2217","0","0","0","N","0","0","0","3","02217","0","","1.0","","9","N","N","","1","","0","0","1","0","0","","","2","0","0","0","0","0","0","1","0","2","","","","N","","","","","","","","","",""
"2005408641","","2","0","0","0","0","0","0","0","0","1","0","","02","11","2005","7","","","","11","0","1","0","0","0","0","0","0","1","0","0","0","","","1","","2","","","1","0","","4","0","0","0","2301","0","0","0","N","0","0","0","3","02301","1","","1.0","","1","N","N","","0","","0","0","0","3","2","N","","2","1","2","0","0","0","1","1","0","2","","","","N","","","","","","","","","",""
"2005408642","","1","0","0","0","0","0","0","0","0","7","0","","02","11","2005","6","","","","11","0","1","0","0","0","0","0","0","","0","0","0","","","0","","2","","","","0","","0","0","0","0","2301","0","0","0","N","0","0","0","1","02301","0","","5.0","","1","N","N","","0","","0","0","0","0","0","","","1","0","1","0","0","0","0","1","0","1","","","","N","","","","","","","","","",""
"2005408643","","1","0","0","0","0","0","0","0","0","7","0","","02","11","2005","3","40.487222","-79.917852","","11","0","1","0","0","0","0","0","0","","0","0","0","","","1","","5","","40 29:14.000","","0","79 55:04.267","4","0","0","0","2301","0","0","0","N","0","0","0","1","02301","1","","3.0","","1","N","N","","0","","0","0","0","3","2","","","1","1","0","0","0","0","0","2","0","1","","","","N","","","","","","","","","",""
"2005408644","","0","0","0","0","0","0","0","0","0","0","1","","02","11","2005","2","40.395269","-79.982324","","11","0","0","0","0","0","0","0","0","","0","1","0","","","0","","0","","40 23:42.968","","0","79 58:56.366","0","0","0","0","2301","0","0","0","N","0","0","0","1","02301","0","","1.0","","1","N","N","","0","","0","0","0","0","0","","","1","0","0","0","0","0","0","2","0","1","","","","N","","","","","","","","","",""
"2005408649","","1","0","0","0","0","0","0","0","0","1","0","","02","11","2005","7","40.431944","-79.801739","","11","0","1","0","0","0","0","1","0","1","0","0","0","","","2","","0","","40 25:55.000","3","3","79 48:06.261","4","0","0","0","2446","0","0","0","N","0","0","0","6","02446","2","","1.0","","1","N","N","","0","","0","0","2","0","0","N","","3","2","0","0","0","0","0","2","0","3","","","","N","","","","","","","","","",""
"2005408659","","2","0","0","0","0","0","0","0","0","2","0","","02","11","2005","7","","","","11","1","0","0","0","0","0","0","0","","0","0","0","","","4","","5","","","","0","","4","0","0","0","2301","0","0","0","N","0","0","0","5","02301","4","","1.0","","1","N","N","","0","","0","0","0","0","0","","","2","4","0","0","0","0","0","1","0","2","","","","N","","","","","","","","","",""
"2005408828","","2","0","0","0","0","0","0","0","0","2","0","","02","11","2005","2","40.468925","-80.09793","","11","0","0","0","0","1","0","0","0","","0","0","0","","","1","","1","","40 28:08.130","","0","80 05:52.548","4","0","0","0","2126","0","0","0","N","0","0","0","2","02126","1","","1.0","","1","N","N","","0","","0","0","0","3","2","","","2","1","0","0","0","0","0","2","0","2","","","","N","","","","","","","","","",""
"2005408830","","2","0","0","0","0","0","0","0","0","2","0","","02","10","2005","1","40.443053","-80.062869","","11","0","1","0","0","0","0","0","0","","0","0","0","","","1","","0","","40 26:34.990","","0","80 03:46.328","4","0","0","0","2439","0","0","0","N","0","0","0","1","02439","1","","6.0","","1","N","N","","0","","0","0","0","3","3","","","2","1","0","0","0","0","0","2","0","2","","","","N","","","","","","","","","",""
"2005408836","","2","0","0","0","0","0","0","0","0","4","0","","02","10","2005","6","","","","11","0","1","0","0","0","1","0","0","","0","0","0","","","0","","0","","","","7","","9","0","0","0","2446","0","0","0","N","0","0","0","3","02446","0","","1.0","","1","N","N","","0","","0","0","0","0","0","","","2","0","2","0","0","0","1","1","0","2","","","","N","","","","","","","","","",""
"2005408873","","1","0","0","0","0","0","0","0","0","7","0","","02","10","2005","5","40.5493","-79.8204","","11","1","0","0","0","0","0","0","0","","0","0","0","","","1","","0","","40 32:57.480","","0","79 49:13.440","4","0","0","0","2208","0","0","0","N","0","0","0","1","68D02","1","","2.0","","9","N","N","","0","","0","0","0","0","0","","","1","1","0","0","0","0","0","2","0","1","","","","N","","","","","","","","","",""
"2005408880","","2","0","0","0","0","0","0","0","0","5","0","","02","7","2005","2","","","","11","0","0","0","0","0","0","0","0","","0","0","0","","","0","","0","","","","0","","0","0","0","0","2447","0","0","0","N","0","0","0","2","02447","0","","6.0","","1","N","N","","0","","0","0","0","0","0","","","2","0","0","0","0","0","0","1","0","2","","","","N","","","","","","","","","",""
"2005408882","","1","0","0","0","0","0","0","0","0","1","1","","02","11","2005","5","40.439663","-79.897667","","11","0","0","0","0","0","0","0","0","","0","1","0","","","0","","1","","40 26:22.786","","0","79 53:51.601","0","0","0","0","2301","0","0","0","N","0","0","0","3","02301","0","","1.0","","1","N","N","","0","","0","0","0","3","2","","","2","0","0","0","0","0","0","2","0","2","","","","N","","","","","","","","","",""
"2005408901","","0","0","0","0","0","0","0","0","0","7","0","","02","11","2005","5","40.656389","-79.785643","","11","0","0","0","0","0","0","0","0","","0","0","0","","","0","","1","","40 39:23.000","","0","79 47:08.316","0","0","0","0","2202","0","0","0","N","0","0","0","1","02202","0","","5.0","","2","N","N","","1","","0","0","0","0","0","","","1","0","0","0","0","0","0","1","0","1","","","","N","","","","","","","","","",""
"2005408902","","0","0","0","0","0","0","0","0","0","4","0","","02","11","2005","2","40.352222","-80.073804","","11","0","0","0","0","0","1","0","1","","0","0","0","","","0","","1","","40 21:08.000","","0","80 04:25.696","0","0","0","0","2123","0","0","0","N","0","0","0","2","02123","0","","1.0","","1","N","N","","0","","0","0","2","3","3","","","2","0","0","0","0","0","0","2","0","2","","","","N","","","","","","","","","",""
"2005408905","","2","0","0","0","0","0","0","0","0","6","0","","02","11","2005","3","40.476944","-79.744565","","11","0","0","0","0","0","0","0","0","","0","0","0","","","3","","0","","40 28:37.000","","0","79 44:40.434","4","0","0","0","2466","0","0","0","N","0","0","0","6","02466","3","","1.0","","9","N","N","","1","","0","0","0","0","0","","","3","3","0","0","0","0","0","2","0","3","","","","N","","","","","","","","","",""
"2005408908","","1","0","0","0","0","0","0","0","0","7","0","","02","11","2005","2","40.478333","-79.752384","","11","0","0","0","1","0","0","0","0","2","0","0","0","","","1","","0","","40 28:42.000","6","0","79 45:08.584","4","0","0","0","2466","0","0","0","N","0","0","0","1","02466","1","","2.0","","1","N","N","","0","","0","0","0","0","0","Y","","1","1","0","0","0","0","0","2","0","1","","","","N","","","","","","","","","",""
"2005408918","","1","0","0","0","0","0","0","0","0","99","0","","02","11","2005","2","40.575","-79.864121","","11","0","0","0","0","0","0","0","1","","0","0","0","","","0","","0","","40 34:30.000","","0","79 51:50.835","0","0","0","0","2209","0","0","0","N","0","0","0","3","02209","0","","1.0","","1","N","N","","0","","0","0","0","0","0","","","1","0","1","0","0","0","0","1","0","1","","","","N","","","","","","","","","",""
"2005408926","","1","0","0","0","0","0","0","0","0","4","0","","02","11","2005","3","40.378333","-79.989765","","11","0","0","0","0","0","0","0","1","2","0","0","0","","","1","","2","","40 22:42.000","1","0","79 59:23.155","8","0","0","0","2476","0","0","0","N","0","0","0","2","02476","0","","1.0","","9","N","N","","1","","0","0","0","3","3","Y","","2","1","0","0","0","1","0","2","0","2","","","","N","","","","","","","","","",""
"2005408927","","2","0","0","0","0","0","0","0","0","1","0","","02","11","2005","5","40.445833","-79.848477","","11","0","0","0","0","0","0","0","0","2","0","0","0","","","0","","1","","40 26:45.000","2","0","79 50:54.517","0","0","0","0","2419","0","0","0","N","0","0","0","2","02419","0","","1.0","","2","N","N","","0","","0","0","0","3","2","Y","","2","0","0","0","0","0","0","2","0","2","","","","N","","","","","","","","","",""
"2005408935","","0","0","0","0","0","0","0","0","0","1","0","","02","11","2005","7","40.5075","-80.223267","","11","0","0","0","0","0","0","0","0","","0","0","0","","","1","","0","","40 30:27.000","","0","80 13:23.761","3","0","0","0","2213","0","0","0","N","0","0","0","2","02213","0","","1.0","","1","N","N","","1","","1","0","1","0","0","","","2","1","0","0","0","0","1","2","0","2","","","","N","","","","","","","","","",""
"2005408936","","3","0","0","0","0","0","0","0","0","4","0","","02","11","2005","2","40.511667","-80.222624","","11","0","0","1","0","0","0","0","0","2","0","0","0","","","0","","0","","40 30:42.000","1","0","80 13:21.448","0","0","0","0","2213","0","0","0","N","0","0","0","3","02213","0","","1.0","","1","N","N","","0","","0","0","0","0","0","N","","3","0","0","0","0","0","0","2","0","3","","","","N","","","","","","","","","",""
"2005409013","","2","0","0","0","0","0","0","0","0","1","0","","02","11","2005","4","40.458611","-79.957431","","11","0","0","0","0","0","0","0","1","","0","0","0","","","0","","1","","40 27:31.000","","0","79 57:26.750","0","0","0","0","2301","0","0","0","N","0","0","0","2","02301","0","","1.0","","1","N","N","","0","","0","0","0","3","2","","","2","0","0","0","0","0","0","2","0","2","","","","N","","","","","","","","","",""
"2005409015","","2","0","0","0","0","0","0","0","0","1","0","","02","11","2005","4","40.487778","-79.919856","","11","0","0","0","0","0","0","0","0","","0","0","0","","","1","","2","","40 29:16.000","","0","79 55:11.483","4","0","0","0","2301","0","0","0","N","0","0","0","7","02301","1","","1.0","","9","N","N","","1","","0","0","0","3","2","","","3","1","0","0","0","0","0","2","0","3","","","","N","","","","","","","","","",""
"2005409016","","2","0","0","0","0","0","0","0","0","1","0","","02","11","2005","4","40.401944","-80.000707","","11","0","0","0","0","0","0","0","0","","0","0","0","","","0","","1","","40 24:07.000","","0","80 00:02.544","0","0","0","0","2301","0","0","0","N","0","0","0","2","02301","0","","1.0","","9","N","N","","0","","0","0","0","0","0","","","2","0","2","0","0","0","0","2","0","2","","","","N","","","","","","","","","",""
"2005409017","","1","0","0","0","0","0","0","0","0","7","0","","02","11","2005","5","40.453984","-80.059519","","11","0","0","0","0","0","0","0","0","","0","0","0","","","0","","1","","40 27:14.342","","0","80 03:34.268","0","0","0","0","2301","0","0","0","N","0","0","0","1","02301","0","","5.0","","1","N","N","","0","","0","0","0","3","3","","","1","0","1","0","0","0","0","2","0","1","","","","N","","","","","","","","","",""
"2005409035","","1","0","0","0","0","0","0","0","0","99","0","","02","10","2005","2","40.501389","-80.132779","","11","0","0","0","0","0","1","0","0","","0","0","0","","","0","","0","","40 30:05.000","","0","80 07:58.004","0","0","0","0","2115","0","0","0","N","0","0","0","1","68B03","0","","1.0","","9","N","N","","0","","0","0","0","0","0","","","1","0","0","0","0","0","0","2","0","1","","","","N","","","","","","","","","",""
"2005409096","","1","0","0","0","0","0","0","0","0","4","0","","02","11","2005","1","40.449156","-79.762252","","11","0","0","0","0","0","0","0","1","1","0","0","0","","","3","","1","","40 26:56.961","1","0","79 45:44.107","8","0","0","0","2446","0","0","0","N","0","0","0","3","02446","0","","1.0","","1","N","N","","0","","0","0","1","3","3","Y","","2","3","0","0","0","3","0","2","0","2","","","","N","","","","","","","","","",""
"2005409102","","2","0","0","0","0","0","0","0","0","4","0","","02","11","2005","6","40.5625","-80.207419","","11","0","0","0","0","0","0","0","0","","0","0","0","","","0","","0","","40 33:45.000","","0","80 12:26.708","0","0","0","0","2441","0","0","0","N","0","0","0","2","02441","0","","1.0","","1","N","N","","0","","0","0","0","0","0","","","2","0","0","0","0","0","0","2","0","2","","","","N","","","","","","","","","",""
"2005409182","","2","0","0","0","0","0","0","0","0","7","0","","02","10","2005","3","","","","11","0","0","0","0","0","0","0","1","","0","0","0","","","2","","0","","40 26:29.40","","0","79 50:09.96","3","0","0","0","2419","0","0","0","N","0","0","0","3","68B03","1","","4.0","","9","N","N","","0","","1","0","0","0","0","","","2","2","0","0","0","0","0","2","0","2","","","","N","","","","","","","","","",""
"2005409183","","1","0","0","0","0","0","0","0","0","7","0","","02","10","2005","4","","","","11","0","0","0","0","0","0","0","0","","0","0","0","","","0","","0","","40 34:03.72","","0","80 05:24.72","0","0","0","0","2215","0","0","0","N","0","0","0","1","68B03","0","","4.0","","1","N","N","","0","","0","0","0","0","0","","","1","0","0","0","0","0","0","2","0","1","","","","N","","","","","","","","","",""
"2005409276","","1","0","0","0","0","0","0","0","0","7","0","","02","10","2005","3","","","","11","0","0","0","0","0","1","0","0","","0","0","0","","","0","","0","","","","0","","0","0","0","0","2446","0","0","0","N","0","0","0","1","68T09","0","","7.0","","1","N","N","","0","","0","0","0","0","0","","","1","0","0","0","0","0","0","1","0","1","","","","N","","","","","","","","","",""
"2005409411","","2","0","0","0","0","0","0","0","0","4","0","","02","11","2005","2","40.425738","-79.750581","","11","0","0","0","0","0","1","0","1","","0","0","0","","","1","","2","","40 25:32.656","","0","79 45:02.091","4","0","0","0","2446","0","0","0","N","0","0","0","2","02446","1","","1.0","","1","N","N","","0","","0","0","0","3","3","","","2","1","0","0","0","0","0","2","0","2","","","","N","","","","","","","","","",""
"2005409435","","1","0","0","0","0","0","0","0","0","7","0","","02","10","2005","7","","","","11","0","0","0","0","0","0","0","0","","0","0","0","","","0","","0","","40 25:04.08","","0","80 05:16.08","0","0","0","0","2415","0","0","0","N","0","0","0","3","68B03","0","","3.0","","9","N","N","","0","","0","0","0","0","0","","","1","0","0","0","0","0","0","2","0","1","","","","N","","","","","","","","","",""
"2005409436","","2","0","0","0","0","0","0","0","0","5","0","","02","10","2005","3","","","","11","0","0","0","1","0","0","0","0","2","0","0","0","","","1","","0","","40 25:12.00","1","0","80 02:02.04","4","0","0","0","2301","0","0","0","N","0","0","0","3","68B03","1","","1.0","","1","N","N","","0","","0","0","0","0","0","N","","2","1","0","0","0","0","0","2","0","2","","","","N","","","","","","","","","",""
"2005409437","","1","0","0","0","0","0","0","0","0","1","0","","02","10","2005","2","","","","11","0","0","0","0","0","1","0","0","","0","0","0","","","0","","0","","40 24:39.60","","0","80 04:11.64","0","0","0","0","2117","0","0","0","N","0","0","0","2","68B03","0","","1.0","","9","N","N","","1","","0","0","0","0","0","","","2","0","0","0","0","0","0","2","0","2","","","","N","","","","","","","","","",""
"2005409458","","1","0","0","0","0","0","0","0","0","4","0","","02","11","2005","5","","","","11","0","0","0","0","0","0","0","1","","0","0","0","","","0","","0","","","","0","","0","0","0","0","2420","0","0","0","N","0","0","0","1","02420","0","","6.0","","1","N","N","","1","","0","0","1","0","0","","","3","0","0","0","0","0","0","1","0","3","","","","N","","","","","","","","","",""
"2005409469","","1","0","0","0","0","0","0","0","0","7","0","","02","11","2005","7","40.3922","-79.9347","","11","0","0","0","0","0","0","0","0","2","0","0","0","","","0","","3","","40 23:31.920","1","0","79 56:04.920","0","0","0","0","2301","0","0","0","N","0","0","0","1","02301","0","","4.0","","1","N","N","","0","","0","0","0","0","0","N","","1","0","0","0","0","0","0","2","0","1","","","","N","","","","","","","","","",""
"2005409498","","2","0","0","0","0","0","0","0","0","1","0","","02","11","2005","2","40.432778","-79.731279","","11","0","0","0","0","0","1","0","0","1","0","0","0","","","1","","0","","40 25:58.000","4","0","79 43:52.605","4","0","0","0","2446","0","0","0","N","0","0","0","2","02446","1","","1.0","","1","N","N","","0","","0","0","0","0","0","N","","2","1","0","0","0","0","0","2","0","2","","","","N","","","","","","","","","",""
"2005409499","","0","0","0","0","0","0","0","0","0","7","0","","02","11","2005","6","","","","11","0","0","0","0","0","0","0","0","2","0","0","0","","","1","","0","","","7","0","","4","0","0","0","2446","0","0","0","N","0","0","0","1","02446","1","","5.0","","1","N","N","","0","","0","0","1","0","0","Y","","1","1","1","0","0","0","0","1","0","1","","","","N","","","","","","","","","",""
"2005409522","","0","0","0","0","0","0","0","0","0","4","0","","02","11","2005","6","40.626758","-80.034539","","11","0","0","0","1","0","1","0","0","1","0","0","0","","","0","","3","","40 37:36.329","3","0","80 02:04.342","0","0","0","0","2216","0","0","0","N","0","0","0","3","02505","0","","1.0","","1","N","N","","0","","0","0","1","0","0","N","","2","0","0","0","0","0","0","2","1","2","","","","N","","","","","","","","","",""
"2005409544","","1","0","0","0","0","0","0","0","0","7","0","","02","11","2005","3","40.5115","-80.2494","","11","0","1","0","0","0","0","0","0","","0","0","0","","","0","","0","","40 30:41.400","","0","80 14:57.840","0","0","0","0","2213","0","0","0","N","0","0","0","3","02213","0","","4.0","","1","N","N","","0","","0","0","0","0","0","","","1","0","0","0","0","0","0","2","0","1","","","","N","","","","","","","","","",""