"CRN","ARRIVAL_TM","AUTOMOBILE_COUNT","BELTED_DEATH_COUNT","BELTED_SUSP_SERIOUS_INJ_COUNT","BICYCLE_COUNT","BICYCLE_DEATH_COUNT","BICYCLE_SUSP_SERIOUS_INJ_COUNT","BUS_COUNT","CHLDPAS_DEATH_COUNT","CHLDPAS_SUSP_SERIOUS_INJ_COUNT","COLLISION_TYPE","COMM_VEH_COUNT","CONS_ZONE_SPD_LIM","COUNTY","CRASH_MONTH","CRASH_YEAR","DAY_OF_WEEK","DEC_LATITUDE","DEC_LONGITUDE","DISPATCH_TM","DISTRICT","DRIVER_COUNT_16YR","DRIVER_COUNT_17YR","DRIVER_COUNT_18YR","DRIVER_COUNT_19YR","DRIVER_COUNT_20YR","DRIVER_COUNT_50_64YR","DRIVER_COUNT_65_74YR","DRIVER_COUNT_75PLUS","EST_HRS_CLOSED","FATAL_COUNT","HEAVY_TRUCK_COUNT","HORSE_BUGGY_COUNT","HOUR_OF_DAY","ILLUMINATION","INJURY_COUNT","INTERSECTION_RELATED","INTERSECT_TYPE","LANE_CLOSED","LATITUDE","LN_CLOSE_DIR","LOCATION_TYPE","LONGITUDE","MAX_SEVERITY_LEVEL","MCYCLE_DEATH_COUNT","MCYCLE_SUSP_SERIOUS_INJ_COUNT","MOTORCYCLE_COUNT","MUNICIPALITY","NONMOTR_COUNT","NONMOTR_DEATH_COUNT","NONMOTR_SUSP_SERIOUS_INJ_COUNT","NTFY_HIWY_MAINT","PED_COUNT","PED_DEATH_COUNT","PED_SUSP_SERIOUS_INJ_COUNT","PERSON_COUNT","POLICE_AGCY","POSSIBLE_INJ_COUNT","RDWY_SURF_TYPE_CD","RELATION_TO_ROAD","ROADWAY_CLEARED","ROAD_CONDITION","SCH_BUS_IND","SCH_ZONE_IND","SECONDARY_CRASH","SMALL_TRUCK_COUNT","SPEC_JURIS_CD","SUSP_MINOR_INJ_COUNT","SUSP_SERIOUS_INJ_COUNT","SUV_COUNT","TCD_FUNC_CD","TCD_TYPE","TFC_DETOUR_IND","TIME_OF_DAY","TOTAL_UNITS","TOT_INJ_COUNT","UNBELTED_OCC_COUNT","UNB_DEATH_COUNT","UNB_SUSP_SERIOUS_INJ_COUNT","UNK_INJ_DEG_COUNT","UNK_INJ_PER_COUNT","URBAN_RURAL","VAN_COUNT","VEHICLE_COUNT","WEATHER1","WEATHER2","WORKERS_PRES","WORK_ZONE_IND","WORK_ZONE_LOC","WORK_ZONE_TYPE","WZ_CLOSE_DETOUR","WZ_FLAGGER","WZ_LAW_OFFCR_IND","WZ_LN_CLOSURE","WZ_MOVING","WZ_OTHER","WZ_SHLDER_MDN","WZ_WORKERS_INJ_KILLED"
"2005410307","","2","0","0","0","0","0","0","0","0","4","0","","02","11","2005","3","40.456922","-79.894133","","11","0","0","0","0","0","0","0","0","","0","0","0","","","0","","1","","40 27:24.919","","0","79 53:38.878","0","0","0","0","2301","0","0","0","N","0","0","0","3","02301","0","","1.0","","1","N","N","","0","","0","0","0","2","3","","","2","0","0","0","0","0","0","2","0","2","","","","N","","","","","","","","","",""
"2005410308","","0","0","0","0","0","0","0","0","0","7","0","","02","11","2005","5","40.4863","-79.9136","","11","0","0","0","0","0","0","0","0","","0","0","0","","","0","","0","","40 29:10.680","","0","79 54:48.960","0","0","0","0","2301","0","0","0","N","0","0","0","1","02301","0","","4.0","","1","N","N","","0","","0","0","1","0","0","","","1","0","0","0","0","0","0","2","0","1","","","","N","","","","","","","","","",""
"2005410309","","2","0","0","0","0","0","0","0","0","4","0","","02","11","2005","3","40.450833","-79.86827","","11","0","0","0","0","0","0","0","0","2","0","0","0","","","2","","2","","40 27:03.000","2","0","79 52:05.773","4","0","0","0","2301","0","0","0","N","0","0","0","3","02301","1","","1.0","","1","N","N","","0","","0","0","0","3","3","Y","","2","2","0","0","0","1","0","2","0","2","","","","N","","","","","","","","","",""
"2005410311","","1","0","0","0","0","0","0","0","0","7","0","","02","11","2005","3","","","","11","0","0","0","0","0","0","0","0","9","0","0","0","","","1","","1","","","3","0","","4","0","0","0","2301","0","0","0","N","0","0","0","2","02301","1","","5.0","","9","N","N","","0","","0","0","0","2","2","N","","1","1","0","0","0","0","0","1","0","1","","","","N","","","","","","","","","",""
"2005410312","","0","0","0","0","0","0","0","0","0","8","0","","02","11","2005","3","","","","11","0","0","0","0","0","0","0","0","2","0","0","0","","","1","","1","","","6","0","","3","0","0","0","2301","1","0","0","N","1","0","0","2","02301","0","","1.0","","9","N","N","","1","","1","0","0","3","3","Y","","2","1","0","0","0","0","0","1","0","1","","","","N","","","","","","","","","",""
"2005410313","","1","0","0","0","0","0","0","0","0","2","0","","02","11","2005","2","40.463695","-79.901657","","11","0","0","0","1","0","1","0","0","","0","0","0","","","0","","2","","40 27:49.302","","0","79 54:05.965","0","0","0","0","2301","0","0","0","N","0","0","0","2","02301","0","","1.0","","1","N","N","","1","","0","0","0","0","0","","","2","0","0","0","0","0","0","2","0","2","","","","N","","","","","","","","","",""
"2005410314","","1","0","0","0","0","0","0","0","0","7","0","","02","11","2005","5","40.4325","-80.028229","","11","0","0","0","0","0","0","0","0","1","0","0","0","","","0","","2","","40 25:57.000","2","0","80 01:41.625","0","0","0","0","2301","0","0","0","N","0","0","0","1","02301","0","","4.0","","1","N","N","","0","","0","0","0","0","0","N","","1","0","0","0","0","0","0","2","0","1","","","","N","","","","","","","","","",""
"2005410315","","1","0","0","0","0","0","0","0","0","4","0","","02","11","2005","6","","","","11","0","0","0","0","1","0","0","0","","0","0","0","","","0","","1","","","","0","","0","0","0","0","2301","0","0","0","N","0","0","0","2","02301","0","","1.0","","1","N","N","","0","","0","0","1","3","1","","","2","0","0","0","0","0","0","1","0","2","","","","N","","","","","","","","","",""
"2005410317","","1","0","0","0","0","0","0","0","0","1","0","","02","11","2005","1","40.465269","-79.979502","","11","0","0","0","0","0","0","1","0","2","0","0","0","","","0","","0","","40 27:54.969","2","0","79 58:46.206","0","0","0","0","2301","0","0","0","N","0","0","0","3","02301","0","","1.0","","9","N","N","","0","","0","0","1","0","0","N","","2","0","0","0","0","0","0","2","0","2","","","","N","","","","","","","","","",""
"2005410318","","1","0","0","0","0","0","0","0","0","8","0","","02","11","2005","2","40.453333","-80.00062","","11","0","0","0","0","0","0","0","0","","0","0","0","","","1","","2","","40 27:12.000","","0","80 00:02.232","4","0","0","0","2301","1","0","0","N","1","0","0","2","02301","1","","1.0","","1","N","N","","0","","0","0","0","3","3","","","2","1","0","0","0","0","0","2","0","1","","","","N","","","","","","","","","",""
"2005410319","","0","0","0","0","0","0","0","0","0","4","0","","02","11","2005","5","40.46","-79.984","","11","0","0","0","0","0","1","0","0","","0","0","0","","","0","","0","","40 27:36.000","","0","79 59:02.400","0","0","0","0","2301","0","0","0","N","0","0","0","5","02301","0","","1.0","","1","N","N","","0","","0","0","1","0","0","","","3","0","0","0","0","0","0","2","2","3","","","","N","","","","","","","","","",""
"2005410320","","1","0","0","0","0","0","0","0","0","4","0","","02","11","2005","7","40.457222","-79.99791","","11","0","0","0","0","0","0","0","0","","0","0","0","","","0","","1","","40 27:26.000","","0","79 59:52.475","0","0","0","0","2301","0","0","0","N","0","0","0","2","02301","0","","1.0","","1","N","N","","0","","0","0","1","3","1","","","2","0","0","0","0","0","0","2","0","2","","","","N","","","","","","","","","",""
"2005410321","","1","0","0","0","0","0","0","0","0","2","0","","02","11","2005","4","","","","11","0","0","0","0","0","0","0","0","","0","0","0","","","0","","0","","","","0","","0","0","0","0","2301","0","0","0","N","0","0","0","1","02301","0","","6.0","","1","N","N","","0","","0","0","0","0","0","","","2","0","0","0","0","0","0","1","1","2","","","","N","","","","","","","","","",""
"2005410322","","1","0","0","0","0","0","0","0","0","4","0","","02","11","2005","4","40.419643","-79.927184","","11","0","0","0","0","0","1","0","0","","0","0","0","","","1","","1","","40 25:10.714","","0","79 55:37.862","4","0","0","0","2301","0","0","0","N","0","0","0","2","02301","1","","1.0","","1","N","N","","0","","0","0","1","3","2","","","2","1","0","0","0","0","0","2","0","2","","","","N","","","","","","","","","",""
"2005410323","","1","0","0","0","0","0","0","0","0","8","0","","02","11","2005","4","","","","11","0","0","0","0","0","1","0","0","","0","0","0","","","1","","2","","","","0","","4","0","0","0","2301","1","0","0","N","1","0","0","2","02301","1","","1.0","","1","N","N","","0","","0","0","0","3","3","","","2","1","0","0","0","0","0","1","0","1","","","","N","","","","","","","","","",""
"2005410324","","3","0","0","0","0","0","0","0","0","1","0","","02","11","2005","4","40.4149","-80.009","","11","0","0","0","0","1","1","0","0","1","0","0","0","","","1","","0","","40 24:53.640","2","4","80 00:32.400","4","0","0","0","2301","0","0","0","N","0","0","0","3","02301","1","","1.0","","1","N","N","","0","","0","0","0","0","0","N","","3","1","0","0","0","0","0","2","0","3","","","","N","","","","","","","","","",""
"2005410325","","2","0","0","0","0","0","0","0","0","4","0","","02","11","2005","3","40.452918","-79.979822","","11","0","0","0","1","0","0","0","0","","0","0","0","","","3","","0","","40 27:10.504","","0","79 58:47.359","4","0","0","0","2301","0","0","0","N","0","0","0","4","02301","3","","1.0","","9","N","N","","0","","0","0","0","0","0","","","2","3","0","0","0","0","0","2","0","2","","","","N","","","","","","","","","",""
"2005410326","","1","0","0","0","0","0","0","0","0","4","0","","02","11","2005","3","40.395453","-80.024181","","11","0","0","0","0","0","0","0","0","1","0","0","0","","","1","","0","","40 23:43.632","4","0","80 01:27.051","8","0","0","0","2301","0","0","0","N","0","0","0","3","02301","0","","1.0","","9","N","N","","0","","0","0","0","0","0","N","","2","1","0","0","0","1","0","2","1","2","","","","N","","","","","","","","","",""
"2005410327","","2","0","0","0","0","0","0","0","0","1","0","","02","11","2005","3","40.407222","-80.033738","","11","0","0","0","0","0","2","0","0","2","0","0","0","","","0","","1","","40 24:26.000","2","0","80 02:01.458","0","0","0","0","2301","0","0","0","N","0","0","0","3","02301","0","","1.0","","1","N","N","","0","","0","0","1","3","2","N","","3","0","0","0","0","0","0","2","0","3","","","","N","","","","","","","","","",""
"2005410328","","1","0","0","0","0","0","0","0","0","4","0","","02","11","2005","3","40.437496","-80.017691","","11","0","0","0","0","0","0","0","0","","0","0","0","","","0","","2","","40 26:14.985","","0","80 01:03.687","0","0","0","0","2301","0","0","0","N","0","0","0","1","02301","0","","1.0","","1","N","N","","0","","0","0","1","0","0","","","2","0","0","0","0","0","0","2","0","2","","","","N","","","","","","","","","",""
"2005410329","","2","0","0","0","0","0","0","0","0","4","0","","02","11","2005","5","40.414365","-80.024959","","11","0","0","0","0","0","1","0","0","","0","0","0","","","0","","1","","40 24:51.714","","0","80 01:29.852","0","0","0","0","2301","0","0","0","N","0","0","0","2","02301","0","","1.0","","1","N","N","","0","","0","0","0","3","3","","","2","0","0","0","0","0","0","2","0","2","","","","N","","","","","","","","","",""
"2005410331","","2","0","0","0","0","0","0","0","0","4","0","","02","11","2005","1","","","","11","0","0","0","0","0","0","0","0","2","0","0","0","","","0","","2","","","3","0","","0","0","0","0","2301","0","0","0","N","0","0","0","2","02301","0","","1.0","","1","N","N","","1","","0","0","0","3","3","N","","3","0","0","0","0","0","0","1","0","3","","","","N","","","","","","","","","",""
"2005410332","","2","0","0","0","0","0","0","0","0","5","0","","02","11","2005","5","40.429429","-79.98604","","11","0","0","0","0","0","0","0","0","","0","0","0","","","0","","0","","40 25:45.944","","0","79 59:09.744","9","0","0","0","2301","0","0","0","N","0","0","0","2","02301","0","","6.0","","1","N","N","","0","","0","0","0","0","0","","","2","0","1","0","0","0","1","2","0","2","","","","N","","","","","","","","","",""
"2005410333","","1","0","0","0","0","0","0","0","0","4","0","","02","11","2005","7","40.4338","-80.0067","","11","0","0","0","0","0","0","0","0","1","0","0","0","","","0","","0","","40 26:01.680","3","7","80 00:24.120","0","0","0","0","2301","0","0","0","N","0","0","0","3","02301","0","","1.0","","1","N","N","","0","","0","0","1","3","3","N","","2","0","0","0","0","0","0","2","0","2","","","","N","","","","","","","","","",""
"2005410334","","2","0","0","0","0","0","0","0","0","1","0","","02","11","2005","2","40.438056","-80.053985","","11","0","0","0","0","0","1","0","0","","0","0","0","","","0","","3","","40 26:17.000","","0","80 03:14.346","0","0","0","0","2301","0","0","0","N","0","0","0","2","02301","0","","1.0","","1","N","N","","0","","0","0","0","3","3","","","2","0","0","0","0","0","0","2","0","2","","","","N","","","","","","","","","",""
"2005410335","","2","0","0","0","0","0","0","0","0","1","0","","02","11","2005","2","40.392576","-79.986625","","11","0","0","0","0","0","0","0","0","","0","0","0","","","1","","0","","40 23:33.273","","0","79 59:11.850","4","0","0","0","2301","0","0","0","N","0","0","0","2","02301","1","","2.0","","1","N","N","","0","","0","0","0","0","0","","","2","1","0","0","0","0","0","2","0","2","","","","N","","","","","","","","","",""
"2005410336","","0","0","0","0","0","0","0","0","0","5","1","","02","11","2005","2","40.415792","-80.011064","","11","0","0","0","0","0","0","0","0","1","0","0","0","","","1","","0","","40 24:56.851","2","0","80 00:39.830","4","0","0","0","2301","0","0","0","N","0","0","0","2","02301","1","","1.0","","1","N","N","","0","","0","0","0","0","0","N","","2","1","0","0","0","0","0","2","2","2","","","","N","","","","","","","","","",""
"2005410337","","2","0","0","0","0","0","0","0","0","1","0","","02","11","2005","1","40.448897","-79.969819","","11","0","0","0","0","0","0","0","0","","0","0","0","","","0","","0","","40 26:56.029","","0","79 58:11.348","0","0","0","0","2301","0","0","0","N","0","0","0","1","02301","0","","6.0","","1","N","N","","0","","0","0","0","0","0","","","2","0","0","0","0","0","0","2","0","2","","","","N","","","","","","","","","",""
"2005410338","","1","0","0","0","0","0","0","0","0","2","0","","02","11","2005","4","40.427156","-79.938714","","11","0","0","0","0","0","0","0","0","","0","0","0","","","0","","3","","40 25:37.761","","0","79 56:19.370","0","0","0","1","2301","0","0","0","N","0","0","0","2","02301","0","","1.0","","1","N","N","","0","","0","0","0","1","3","","","2","0","0","0","0","0","0","2","0","2","","","","N","","","","","","","","","",""
"2005410371","","1","0","0","0","0","0","0","0","0","2","0","","02","11","2005","5","40.444114","-79.927887","","11","0","0","0","0","0","0","0","0","","0","0","0","","","0","","0","","40 26:38.811","","0","79 55:40.393","0","0","0","0","2301","0","0","0","N","0","0","0","2","02301","0","","1.0","","1","N","N","","0","","0","0","0","0","0","","","2","0","0","0","0","0","0","2","1","2","","","","N","","","","","","","","","",""
"2005410372","","1","0","0","0","0","0","0","0","0","7","0","","02","11","2005","2","40.425665","-79.935822","","11","0","0","0","0","0","0","0","0","2","0","0","0","","","0","","0","","40 25:32.394","6","0","79 56:08.959","0","0","0","0","2301","0","0","0","N","0","0","0","1","02301","0","","5.0","","1","N","N","","0","","0","0","0","0","0","Y","","1","0","0","0","0","0","0","2","0","1","","","","N","","","","","","","","","",""
"2005410373","","2","0","0","0","0","0","0","0","0","4","0","","02","11","2005","6","40.446283","-79.946935","","11","0","0","0","0","0","0","0","0","","0","0","0","","","0","","2","","40 26:46.618","","0","79 56:48.966","0","0","0","0","2301","0","0","0","N","0","0","0","4","02301","0","","1.0","","1","N","N","","0","","0","0","0","3","3","","","2","0","0","0","0","0","0","2","0","2","","","","N","","","","","","","","","",""
"2005410374","","2","0","0","0","0","0","0","0","0","4","0","","02","11","2005","6","40.467399","-80.034334","","11","0","0","0","1","0","0","0","0","","0","0","0","","","1","","0","","40 28:02.636","","0","80 02:03.602","8","0","0","0","2301","0","0","0","N","0","0","0","1","02301","0","","1.0","","1","N","N","","0","","0","0","0","0","0","","","2","1","0","0","0","1","0","2","0","2","","","","N","","","","","","","","","",""
"2005410375","","2","0","0","0","0","0","0","0","0","1","0","","02","11","2005","7","40.456279","-79.904737","","11","0","0","0","0","0","1","0","0","","0","0","0","","","0","","1","","40 27:22.605","","0","79 54:17.052","0","0","0","0","2301","0","0","0","N","0","0","0","4","02301","0","","1.0","","1","N","N","","0","","0","0","0","3","2","","","2","0","0","0","0","0","0","2","0","2","","","","N","","","","","","","","","",""
"2005410384","","2","0","0","0","0","0","0","0","0","1","0","","02","10","2005","3","40.437778","-79.740084","","11","0","0","0","0","0","0","1","0","","0","0","0","","","0","","1","","40 26:16.000","","0","79 44:24.303","0","0","0","0","2446","0","0","0","N","0","0","0","4","02446","0","","1.0","","1","N","N","","0","","0","0","0","3","2","","","3","0","0","0","0","0","0","2","1","3","","","","N","","","","","","","","","",""
"2005410385","","1","0","0","0","0","0","0","0","0","1","0","","02","11","2005","1","40.483105","-79.95075","","11","0","0","0","0","0","0","0","1","","0","0","0","","","0","","0","","40 28:59.178","","0","79 57:02.700","0","0","0","0","2301","0","0","0","N","0","0","0","1","02301","0","","6.0","","9","N","N","","0","","0","0","1","0","0","","","2","0","0","0","0","0","0","2","0","2","","","","N","","","","","","","","","",""
"2005410419","","1","0","0","0","0","0","0","0","0","7","0","","02","10","2005","7","40.4854","-79.8175","","11","0","0","0","0","0","0","0","0","","0","0","0","","","0","","0","","40 29:07.440","","0","79 49:03.000","0","0","0","0","2113","0","0","0","N","0","0","0","1","02113","0","","5.0","","1","N","N","","0","","0","0","0","0","0","","","1","0","0","0","0","0","0","2","0","1","","","","N","","","","","","","","","",""
"2005410421","","1","0","0","0","0","0","0","0","0","4","0","","02","11","2005","2","40.481389","-79.876219","","11","0","0","0","0","0","0","0","1","2","0","0","0","","","1","","2","","40 28:53.000","4","0","79 52:34.389","4","0","0","0","2113","0","0","0","N","0","0","0","5","02113","1","","1.0","","1","N","N","","0","","0","0","2","3","2","N","","3","1","2","0","0","0","0","2","0","3","","","","N","","","","","","","","","",""
"2005410422","","1","0","0","0","0","0","0","0","0","1","0","","02","11","2005","2","40.468333","-79.8247","","11","0","0","0","0","0","0","0","1","","0","0","0","","","0","","2","","40 28:06.000","","0","79 49:28.920","0","0","0","0","2113","0","0","0","N","0","0","0","2","02113","0","","1.0","","1","N","N","","0","","0","0","1","3","2","","","2","0","0","0","0","0","0","2","0","2","","","","N","","","","","","","","","",""
"2005410423","","1","0","0","0","0","0","0","0","0","4","0","","02","10","2005","7","40.4852","-79.857","","11","0","0","0","0","0","1","0","0","","0","0","0","","","0","","2","","40 29:06.720","","0","79 51:25.200","0","0","0","0","2113","0","0","0","N","0","0","0","2","02113","0","","1.0","","1","N","N","","0","","0","0","0","0","0","","","2","0","0","0","0","0","0","2","1","2","","","","N","","","","","","","","","",""
"2005410424","","1","0","0","0","0","0","0","0","0","7","0","","02","10","2005","5","40.494985","-79.833285","","11","0","0","0","0","0","0","0","0","","0","0","0","","","0","","0","","40 29:41.947","","0","79 49:59.826","0","0","0","0","2113","0","0","0","N","0","0","0","1","02113","0","","5.0","","9","N","N","","0","","0","0","0","0","0","","","1","0","0","0","0","0","0","2","0","1","","","","N","","","","","","","","","",""
"2005410425","","2","0","0","0","0","0","0","0","0","5","0","","02","11","2005","5","40.4448","-79.8283","","11","0","0","0","0","0","1","0","0","","0","0","0","","","0","","2","","40 26:41.280","","0","79 49:41.880","0","0","0","0","2113","0","0","0","N","0","0","0","3","02113","0","","1.0","","1","N","N","","0","","0","0","0","0","0","","","2","0","0","0","0","0","0","2","0","2","","","","N","","","","","","","","","",""
"2005410426","","2","0","0","0","0","0","0","0","0","1","0","","02","11","2005","1","40.4846","-79.8186","","11","0","0","0","0","0","0","0","0","","0","0","0","","","2","","0","","40 29:04.560","","0","79 49:06.960","4","0","0","0","2113","0","0","0","N","0","0","0","3","02113","2","","1.0","","1","N","N","","0","","0","0","0","0","0","","","2","2","0","0","0","0","0","2","0","2","","","","N","","","","","","","","","",""
"2005410427","","2","0","0","0","0","0","0","0","0","4","0","","02","11","2005","1","40.463","-79.8658","","11","0","0","0","0","0","0","0","1","","0","0","0","","","0","","0","","40 27:46.800","","0","79 51:56.880","0","0","0","0","2113","0","0","0","N","0","0","0","3","02113","0","","1.0","","1","N","N","","0","","0","0","0","0","0","","","2","0","0","0","0","0","0","2","0","2","","","","N","","","","","","","","","",""
"2005410428","","1","0","0","0","0","0","0","0","0","0","0","","02","10","2005","7","40.4863","-79.8372","","11","0","0","0","1","0","1","0","0","","0","0","0","","","1","","1","","40 29:10.680","","0","79 50:13.920","3","0","0","0","2113","0","0","0","N","0","0","0","2","02113","0","","1.0","","1","N","N","","1","","1","0","0","3","2","","","2","1","0","0","0","0","0","2","0","2","","","","N","","","","","","","","","",""
"2005410429","","3","0","0","0","0","0","0","0","0","0","0","","02","10","2005","2","","","","11","0","0","0","0","0","0","1","0","2","0","0","0","","","2","","0","","","4","0","","4","0","0","0","2113","0","0","0","N","0","0","0","3","02113","2","","1.0","","9","N","N","","0","","0","0","0","0","0","N","","3","2","0","0","0","0","0","1","0","3","","","","N","","","","","","","","","",""
"2005410437","","1","0","0","0","0","0","0","0","0","1","0","","02","10","2005","7","40.4375","-80.201376","","11","0","0","0","0","0","1","0","0","2","0","0","0","","","6","","0","","40 26:15.000","3","0","80 12:04.952","4","0","0","0","2214","0","0","0","N","0","0","0","9","68B03","6","","1.0","","1","N","N","","0","","0","0","1","0","0","N","","3","6","0","0","0","0","0","2","1","3","","","","N","","","","","","","","","",""
"2005410439","","1","0","0","0","0","0","0","0","0","7","0","","02","11","2005","1","40.445902","-80.043817","","11","0","0","0","0","0","0","0","0","","0","0","0","","","0","","0","","40 26:45.247","","0","80 02:37.741","0","0","0","0","2301","0","0","0","N","0","0","0","1","02301","0","","2.0","","1","N","N","","0","","0","0","0","0","0","","","1","0","0","0","0","0","0","2","0","1","","","","N","","","","","","","","","",""
"2005410440","","1","0","0","0","0","0","0","0","0","0","0","","02","11","2005","1","40.41693","-80.016191","","11","0","0","0","1","0","0","0","0","","0","0","0","","","1","","0","","40 25:00.948","","0","80 00:58.287","4","0","0","0","2301","0","0","0","N","0","0","0","1","02301","1","","1.0","","9","N","N","","0","","0","0","0","0","0","","","1","1","0","0","0","0","0","2","0","1","","","","N","","","","","","","","","",""
"2005410441","","0","0","0","0","0","0","0","0","0","4","0","","02","11","2005","2","40.391835","-80.015811","","11","0","0","0","0","0","0","0","0","1","0","0","0","","","1","","0","","40 23:30.606","3","0","80 00:56.919","8","0","0","1","2301","0","0","0","N","0","0","0","3","02301","0","","1.0","","1","N","N","","0","","0","0","0","0","0","N","","2","1","0","0","0","1","0","2","1","2","","","","N","","","","","","","","","",""
"2005410497","","1","0","0","0","0","0","0","0","0","1","0","","02","11","2005","3","40.485","-80.073431","","11","0","0","0","0","0","0","1","0","","0","0","0","","","0","","3","","40 29:06.000","","0","80 04:24.353","0","0","0","0","2122","0","0","0","N","0","0","0","3","02122","0","","1.0","","9","N","N","","1","","0","0","0","3","3","","","2","0","0","0","0","0","0","2","0","2","","","","N","","","","","","","","","",""
"2005410498","","1","0","0","0","0","0","0","0","0","7","0","","02","11","2005","6","","","","11","0","0","0","0","0","0","0","0","","0","0","0","","","0","","0","","","","0","","0","0","0","0","2214","0","0","0","N","0","0","0","2","02214","0","","2.0","","1","N","N","","0","","0","0","0","0","0","","","1","0","0","0","0","0","0","1","0","1","","","","N","","","","","","","","","",""
"2005410563","","1","0","0","0","0","0","0","0","0","1","0","","02","10","2005","7","40.426944","-79.723335","","11","0","0","0","0","0","0","1","0","2","0","0","0","","","1","","2","","40 25:37.000","1","0","79 43:24.005","8","0","0","0","2446","0","0","0","N","0","0","0","2","02446","0","","1.0","","9","N","N","","0","","0","0","1","3","2","N","","2","1","0","0","0","1","0","2","0","2","","","","N","","","","","","","","","",""
"2005410581","","1","0","0","0","0","0","0","0","0","7","0","","02","11","2005","7","40.288642","-79.842228","","11","0","0","0","0","0","1","0","0","","0","0","0","","","0","","0","","40 17:19.111","","0","79 50:32.020","0","0","0","0","2443","0","0","0","N","0","0","0","1","02443","0","","5.0","","1","N","N","","0","","0","0","0","0","0","","","1","0","0","0","0","0","0","1","0","1","","","","N","","","","","","","","","",""
"2005410582","","1","0","0","0","0","0","0","0","0","1","0","","02","9","2005","4","40.3061","-79.8702","","11","0","0","0","0","0","0","1","0","1","0","0","0","","","0","","0","","40 18:21.960","1","0","79 52:12.720","0","0","0","0","2443","0","0","0","N","0","0","0","4","02443","0","","1.0","","1","N","N","","1","","0","0","0","0","0","N","","2","0","0","0","0","0","0","1","0","2","","","","N","","","","","","","","","",""
"2005410583","","4","0","0","0","0","0","0","0","0","1","0","","02","11","2005","2","40.557778","-80.204806","","11","0","0","0","0","0","0","0","0","1","0","0","0","","","0","","2","","40 33:28.000","2","0","80 12:17.303","0","0","0","0","2441","0","0","0","N","0","0","0","4","02441","0","","1.0","","1","N","N","","0","","0","0","0","3","2","N","","4","0","0","0","0","0","0","2","0","4","","","","N","","","","","","","","","",""
"2005410688","","1","0","0","0","0","0","0","0","0","7","0","","02","11","2005","5","40.467427","-80.06562","","11","0","0","0","0","0","0","0","0","2","0","0","0","","","1","","2","","40 28:02.737","1","0","80 03:56.232","8","0","0","0","2444","0","0","0","N","0","0","0","1","02444","0","","4.0","","1","N","N","","0","","0","0","0","0","0","Y","","1","1","1","0","0","1","0","2","0","1","","","","N","","","","","","","","","",""
"2005410917","","3","0","0","0","0","0","0","0","0","1","0","","02","10","2005","2","","","","11","0","0","0","0","0","0","0","0","1","0","0","0","","","2","","0","","40 25:37.20","3","4","79 55:10.56","3","0","0","0","2301","0","0","0","Y","0","0","0","4","68B03","0","","1.0","","9","N","N","","0","","2","0","0","3","2","N","","3","2","1","0","0","0","0","2","0","3","","","","N","","","","","","","","","",""
"2005411106","","1","0","0","0","0","0","0","0","0","99","0","","02","10","2005","2","40.439444","-80.226159","","11","0","0","0","0","0","0","0","0","","0","0","0","","","0","","0","","40 26:22.000","","0","80 13:34.172","0","0","0","0","2214","0","0","0","N","0","0","0","2","68B03","0","","1.0","","1","N","N","","0","","0","0","0","0","0","","","1","0","0","0","0","0","0","2","0","1","","","","N","","","","","","","","","",""
"2005411111","","2","0","0","0","0","0","0","0","0","1","0","","02","10","2005","4","40.446","-80.111","","11","0","0","0","0","0","0","0","0","","0","0","0","","","1","","6","","40 26:45.600","","2","80 06:39.600","4","0","0","0","2102","0","0","0","N","0","0","0","2","68B03","1","","1.0","","1","N","N","","0","","0","0","0","3","3","","","2","1","0","0","0","0","0","2","0","2","","","","N","","","","","","","","","",""
"2005411112","","1","0","0","0","0","0","0","0","0","1","0","","02","10","2005","3","40.611053","-80.095126","","11","0","0","0","0","0","1","0","0","","0","0","0","","","0","","0","","40 36:39.792","","0","80 05:42.453","0","0","0","0","2481","0","0","0","N","0","0","0","2","68B03","0","","1.0","","9","N","N","","0","","0","0","1","0","0","","","2","0","0","0","0","0","0","2","0","2","","","","N","","","","","","","","","",""
"2005411113","","4","0","0","0","0","0","0","0","0","7","0","50","02","10","2005","6","40.373889","-80.103628","","11","0","0","0","0","0","1","0","0","2","0","0","0","","","1","","0","","40 22:26.000","1","2","80 06:13.059","4","0","0","0","2414","0","0","0","N","0","0","0","4","68B03","1","","3.0","","1","N","N","","0","","0","0","0","3","1","Y","","4","1","0","0","0","0","0","2","0","4","","","N","Y","3","1","","","N","Y","","","",""
"2005411114","","1","0","0","0","0","0","0","0","0","7","0","","02","10","2005","6","","","","11","0","0","0","0","0","0","0","0","","0","0","0","","","0","","0","","40 26:30.84","","0","79 49:31.44","0","0","0","0","2113","0","0","0","N","0","0","0","1","68B03","0","","3.0","","1","N","N","","0","","0","0","0","0","0","","","1","0","0","0","0","0","0","2","0","1","","","","N","","","","","","","","","",""
"2005411115","","0","0","0","0","0","0","0","0","0","7","0","","02","10","2005","6","40.588611","-80.099236","","11","0","0","0","0","0","0","0","0","1","0","0","0","","","0","","0","","40 35:19.000","2","0","80 05:57.250","0","0","0","0","2481","0","0","0","Y","0","0","0","2","68B03","0","","5.0","","9","N","N","","0","","0","0","1","0","0","N","","1","0","0","0","0","0","0","2","0","1","","","","N","","","","","","","","","",""
"2005411116","","1","0","0","0","0","0","0","0","0","1","0","","02","9","2005","4","40.446944","-80.166591","","11","0","0","0","0","0","0","0","0","2","0","0","0","","","0","","6","","40 26:49.000","3","2","80 09:59.729","0","0","0","0","2115","0","0","0","N","0","0","0","2","68B03","0","","1.0","","1","N","N","","0","","0","0","1","3","3","N","","2","0","0","0","0","0","0","2","0","2","","","","N","","","","","","","","","",""