"CRN","ARRIVAL_TM","AUTOMOBILE_COUNT","BELTED_DEATH_COUNT","BELTED_SUSP_SERIOUS_INJ_COUNT","BICYCLE_COUNT","BICYCLE_DEATH_COUNT","BICYCLE_SUSP_SERIOUS_INJ_COUNT","BUS_COUNT","CHLDPAS_DEATH_COUNT","CHLDPAS_SUSP_SERIOUS_INJ_COUNT","COLLISION_TYPE","COMM_VEH_COUNT","CONS_ZONE_SPD_LIM","COUNTY","CRASH_MONTH","CRASH_YEAR","DAY_OF_WEEK","DEC_LATITUDE","DEC_LONGITUDE","DISPATCH_TM","DISTRICT","DRIVER_COUNT_16YR","DRIVER_COUNT_17YR","DRIVER_COUNT_18YR","DRIVER_COUNT_19YR","DRIVER_COUNT_20YR","DRIVER_COUNT_50_64YR","DRIVER_COUNT_65_74YR","DRIVER_COUNT_75PLUS","EST_HRS_CLOSED","FATAL_COUNT","HEAVY_TRUCK_COUNT","HORSE_BUGGY_COUNT","HOUR_OF_DAY","ILLUMINATION","INJURY_COUNT","INTERSECTION_RELATED","INTERSECT_TYPE","LANE_CLOSED","LATITUDE","LN_CLOSE_DIR","LOCATION_TYPE","LONGITUDE","MAX_SEVERITY_LEVEL","MCYCLE_DEATH_COUNT","MCYCLE_SUSP_SERIOUS_INJ_COUNT","MOTORCYCLE_COUNT","MUNICIPALITY","NONMOTR_COUNT","NONMOTR_DEATH_COUNT","NONMOTR_SUSP_SERIOUS_INJ_COUNT","NTFY_HIWY_MAINT","PED_COUNT","PED_DEATH_COUNT","PED_SUSP_SERIOUS_INJ_COUNT","PERSON_COUNT","POLICE_AGCY","POSSIBLE_INJ_COUNT","RDWY_SURF_TYPE_CD","RELATION_TO_ROAD","ROADWAY_CLEARED","ROAD_CONDITION","SCH_BUS_IND","SCH_ZONE_IND","SECONDARY_CRASH","SMALL_TRUCK_COUNT","SPEC_JURIS_CD","SUSP_MINOR_INJ_COUNT","SUSP_SERIOUS_INJ_COUNT","SUV_COUNT","TCD_FUNC_CD","TCD_TYPE","TFC_DETOUR_IND","TIME_OF_DAY","TOTAL_UNITS","TOT_INJ_COUNT","UNBELTED_OCC_COUNT","UNB_DEATH_COUNT","UNB_SUSP_SERIOUS_INJ_COUNT","UNK_INJ_DEG_COUNT","UNK_INJ_PER_COUNT","URBAN_RURAL","VAN_COUNT","VEHICLE_COUNT","WEATHER1","WEATHER2","WORKERS_PRES","WORK_ZONE_IND","WORK_ZONE_LOC","WORK_ZONE_TYPE","WZ_CLOSE_DETOUR","WZ_FLAGGER","WZ_LAW_OFFCR_IND","WZ_LN_CLOSURE","WZ_MOVING","WZ_OTHER","WZ_SHLDER_MDN","WZ_WORKERS_INJ_KILLED"
"2005411117","","2","0","0","0","0","0","0","0","0","1","0","45","02","10","2005","7","","","","11","0","0","0","0","0","1","0","0","1","0","0","0","","","0","","0","","","4","0","","0","0","0","0","2115","0","0","0","N","0","0","0","3","68B03","0","","1.0","","1","N","N","","1","","0","0","0","0","0","N","","3","0","0","0","0","0","0","1","0","3","","","Y","Y","2","1","","","Y","Y","","","",""
"2005411118","","1","0","0","0","0","0","0","0","0","7","0","","02","10","2005","2","","","","11","0","0","0","1","0","0","0","0","2","0","0","0","","","1","","0","","40 27:08.28","1","0","80 10:22.80","4","0","0","0","2115","0","0","0","N","0","0","0","2","68B03","1","","4.0","","9","N","N","","0","","0","0","0","0","0","N","","1","1","1","0","0","0","0","2","0","1","","","","N","","","","","","","","","",""
"2005411119","","1","0","0","0","0","0","0","0","0","0","0","","02","12","2005","5","","","","11","0","0","0","0","0","0","0","1","","0","0","0","","","0","","2","","","","0","","0","0","0","0","2432","0","0","0","N","0","0","0","1","02432","0","","5.0","","1","N","N","","0","","0","0","0","0","0","","","1","0","0","0","0","0","0","1","0","1","","","","N","","","","","","","","","",""
"2005411120","","2","0","0","0","0","0","0","0","0","1","0","","02","10","2005","4","","","","11","0","0","0","0","0","1","0","1","1","0","0","0","","","4","","0","","40 25:06.60","1","0","80 05:20.04","8","0","0","0","2435","0","0","0","N","0","0","0","5","68B03","0","","1.0","","1","N","N","","0","","0","0","0","0","0","N","","2","4","0","0","0","4","0","2","0","2","","","","N","","","","","","","","","",""
"2005411121","","0","0","0","0","0","0","0","0","0","7","0","","02","10","2005","7","","","","11","0","0","0","0","0","0","0","0","","0","0","0","","","1","","7","","40 25:52.32","","2","80 01:32.16","4","0","0","0","2301","0","0","0","N","0","0","0","1","68B03","1","","2.0","","9","N","N","","0","","0","0","1","0","0","","","1","1","0","0","0","0","0","2","0","1","","","","N","","","","","","","","","",""
"2005411122","","4","0","0","0","0","0","0","0","0","1","0","","02","9","2005","4","","","","11","0","0","1","0","0","0","0","0","1","0","0","0","","","1","","0","","40 25:04.44","2","0","80 03:17.28","4","0","0","0","2435","0","0","0","N","0","0","0","4","68B03","1","","1.0","","1","N","N","","0","","0","0","0","0","0","N","","4","1","0","0","0","0","0","2","0","4","","","","N","","","","","","","","","",""
"2005411123","","0","0","0","0","0","0","0","0","0","7","0","","02","10","2005","6","","","","11","0","0","0","1","0","0","0","0","2","0","0","0","","","2","","0","","40 25:36.12","4","0","79 54:59.04","4","0","0","0","2301","0","0","0","N","0","0","0","2","68B03","2","","3.0","","9","N","N","","0","","0","0","1","0","0","N","","1","2","2","0","0","0","0","2","0","1","","","","N","","","","","","","","","",""
"2005411273","","2","0","0","0","0","0","0","0","0","4","0","","02","11","2005","5","40.2824","-79.8716","","11","0","0","0","0","0","0","0","0","2","0","0","0","","","1","","0","","40 16:56.640","5","0","79 52:17.760","8","0","0","0","2443","0","0","0","N","0","0","0","2","02443","0","","1.0","","1","N","N","","0","","0","0","0","0","0","Y","","2","1","0","0","0","1","0","1","0","2","","","","N","","","","","","","","","",""
"2005411303","","1","0","0","0","0","0","0","0","0","7","0","","02","10","2005","2","40.504722","-80.084706","","11","0","0","0","0","0","0","0","0","2","0","0","0","","","0","","0","","40 30:17.000","5","0","80 05:04.943","0","0","0","0","2405","0","0","0","N","0","0","0","3","02405","0","","5.0","","1","N","N","","0","","0","0","2","0","0","Y","","3","0","1","0","0","0","0","2","0","3","","","","N","","","","","","","","","",""
"2005411316","","0","0","0","0","0","0","0","0","0","7","0","","02","10","2005","1","40.435","-79.7906","","11","0","0","0","0","0","0","0","0","1","0","0","0","","","0","","0","","40 26:06.000","1","0","79 47:26.160","0","0","0","0","2446","0","0","0","N","0","0","0","3","02446","0","","5.0","","9","N","N","","0","","0","0","0","0","0","Y","","1","0","0","0","0","0","0","2","1","1","","","","N","","","","","","","","","",""
"2005411318","","3","0","0","0","0","0","0","0","0","1","0","","02","10","2005","3","40.431111","-79.815658","","11","0","0","0","0","0","1","0","0","1","0","0","0","","","0","","0","","40 25:52.000","3","0","79 48:56.368","0","0","0","0","2446","0","0","0","N","0","0","0","4","02446","0","","1.0","","9","N","N","","0","","0","0","0","0","0","N","","3","0","0","0","0","0","0","2","0","3","","","","N","","","","","","","","","",""
"2005411319","","1","0","0","0","0","0","0","0","0","8","0","","02","10","2005","2","","","","11","0","0","0","0","0","1","0","0","","0","0","0","","","1","","0","","","","0","","4","0","0","0","2446","1","0","0","","1","0","0","2","02446","1","","1.0","","1","N","N","","0","","0","0","0","3","3","","","2","1","0","0","0","0","0","1","0","1","","","","N","","","","","","","","","",""
"2005411320","","2","0","0","0","0","0","0","0","0","1","0","","02","10","2005","2","40.436667","-79.758212","","11","0","0","0","0","2","0","0","0","1","0","0","0","","","2","","2","","40 26:12.000","1","0","79 45:29.564","4","0","0","0","2446","0","0","0","N","0","0","0","2","02446","2","","1.0","","9","N","N","","0","","0","0","0","3","2","N","","2","2","1","0","0","0","0","2","0","2","","","","N","","","","","","","","","",""
"2005411329","","2","0","0","0","0","0","0","0","0","1","0","99","02","10","2005","4","","","","11","0","0","0","0","0","0","0","0","","0","0","0","","","2","","0","","","","0","","3","0","0","0","2446","0","0","0","N","0","0","0","2","02446","1","","1.0","","1","Y","N","","0","","1","0","0","0","0","","","2","2","0","0","0","0","0","1","0","2","","","U","Y","8","8","","","U","","","","",""
"2005411330","","2","0","0","0","0","0","0","0","0","4","0","","02","10","2005","2","40.438611","-79.760639","","11","0","0","0","1","0","0","0","0","","0","0","0","","","1","","1","","40 26:19.000","","0","79 45:38.301","4","0","0","0","2446","0","0","0","N","0","0","0","4","02446","1","","1.0","","1","N","N","","0","","0","0","0","3","2","","","2","1","1","0","0","0","0","2","0","2","","","","N","","","","","","","","","",""
"2005411331","","0","0","0","0","0","0","0","0","0","4","0","","02","11","2005","7","40.436389","-79.78359","","11","0","0","0","0","0","2","0","0","","0","0","0","","","2","","0","","40 26:11.000","","0","79 47:00.923","4","0","0","0","2446","0","0","0","N","0","0","0","4","02446","2","","1.0","","1","N","N","","0","","0","0","2","0","0","","","2","2","0","0","0","0","0","2","0","2","","","","N","","","","","","","","","",""
"2005411381","","1","0","0","0","0","0","0","0","0","1","0","","02","11","2005","4","40.439444","-80.191944","","11","0","0","1","0","0","0","1","0","","0","0","0","","","1","","0","","40 26:22.000","","0","80 11:30.999","8","0","0","0","2214","0","0","0","N","0","0","0","2","02214","0","","1.0","","1","N","N","","1","","0","0","0","0","0","","","2","1","0","0","0","1","0","2","0","2","","","","N","","","","","","","","","",""
"2005411387","","2","0","0","0","0","0","0","0","0","4","0","","02","11","2005","3","40.4274","-79.8728","","11","0","0","0","0","0","1","0","0","","0","0","0","","","2","","2","","40 25:38.640","","0","79 52:22.080","3","0","0","0","2411","0","0","0","N","0","0","0","2","02411","1","","9.0","","1","N","N","","0","","1","0","0","3","3","","","2","2","0","0","0","0","0","2","0","2","","","","N","","","","","","","","","",""
"2005411414","","0","0","0","0","0","0","0","0","0","1","0","","02","10","2005","2","","","","11","0","0","0","0","0","1","0","0","","0","0","0","","","0","","0","","40 25:46.92","","0","80 01:40.80","0","0","0","0","2301","0","0","0","N","0","0","0","2","68B03","0","","1.0","","1","N","N","","1","","0","0","1","0","0","","","2","0","0","0","0","0","0","2","0","2","","","","N","","","","","","","","","",""
"2005411416","","0","0","0","0","0","0","0","0","0","99","0","65","02","10","2005","6","40.610833","-80.094715","","11","0","0","0","0","0","0","0","0","","0","0","0","","","0","","0","","40 36:39.000","","0","80 05:40.974","0","0","0","0","2212","0","0","0","N","0","0","0","2","68B03","0","","1.0","","1","N","N","","1","","0","0","0","0","0","","","1","0","0","0","0","0","0","2","0","1","","","N","Y","2","1","","","N","","Y","","Y",""
"2005411417","","0","0","0","0","0","0","0","0","0","7","0","","02","9","2005","5","","","","11","0","0","0","0","0","0","0","0","","0","0","0","","","0","","0","","40 25:48.36","","0","80 01:39.00","0","0","0","0","2301","0","0","0","N","0","0","0","1","68B03","0","","3.0","","1","N","N","","0","","0","0","1","0","0","","","1","0","0","0","0","0","0","2","0","1","","","","N","","","","","","","","","",""
"2005411419","","0","0","0","0","0","0","0","0","0","7","0","55","02","10","2005","1","","","","11","0","0","0","0","0","0","0","0","","0","0","0","","","1","","0","","40 29:06.36","","0","80 15:52.56","4","0","0","0","2203","0","0","0","N","0","0","0","1","68B03","1","","2.0","","1","N","N","","1","","0","0","0","0","0","","","1","1","0","0","0","0","0","2","0","1","","","N","Y","2","1","","","N","","Y","","Y",""
"2005411420","","0","0","0","0","0","0","0","0","0","99","0","","02","10","2005","1","","","","11","0","0","0","0","0","0","0","0","","0","0","0","","","0","","0","","40 25:48.36","","0","80 01:39.00","0","0","0","0","2301","0","0","0","N","0","0","0","4","68B03","0","","1.0","","1","N","N","","0","","0","0","1","0","0","","","1","0","0","0","0","0","0","2","0","1","","","","N","","","","","","","","","",""
"2005411421","","1","0","0","0","0","0","0","0","0","1","0","50","02","10","2005","3","40.3843","-80.0966","","11","0","0","0","0","0","0","0","0","1","0","0","0","","","1","","0","","40 23:03.480","1","0","80 05:47.760","4","0","0","0","2102","0","0","0","N","0","0","0","2","68B03","1","","1.0","","1","N","N","","1","","0","0","0","0","0","N","","2","1","0","0","0","0","0","2","0","2","","","Y","Y","4","1","","","N","Y","","","Y",""
"2005411422","","1","0","0","0","0","0","0","0","0","1","0","","02","9","2005","6","","","","11","0","0","0","1","0","0","0","0","1","0","0","0","","","0","","0","","40 25:09.84","1","0","80 03:06.84","0","0","0","0","2435","0","0","0","N","0","0","0","2","68B03","0","","1.0","","1","N","N","","0","","0","0","1","0","0","N","","2","0","0","0","0","0","0","2","0","2","","","","N","","","","","","","","","",""
"2005411425","","2","0","0","0","0","0","0","0","0","1","0","55","02","10","2005","5","","","","11","0","0","0","0","0","0","0","0","","0","0","0","","","0","","0","","40 26:29.76","","0","79 45:42.12","0","0","0","0","2446","0","0","0","N","0","0","0","3","68B03","0","","1.0","","1","N","N","","0","","0","0","0","0","0","","","2","0","3","0","0","0","0","2","0","2","","","Y","Y","3","2","","","Y","Y","","","",""
"2005411426","","1","0","0","0","0","0","0","0","0","7","1","","02","9","2005","6","","","","11","0","0","0","0","0","0","0","0","","0","1","0","","","0","","0","","40 25:15.24","","0","80 02:50.28","0","0","0","0","2301","0","0","0","N","0","0","0","2","68B03","0","","4.0","","1","N","N","","0","","0","0","0","0","0","","","2","0","1","0","0","0","0","2","0","2","","","","N","","","","","","","","","",""
"2005411443","","0","0","0","0","0","0","0","0","0","1","0","","02","11","2005","5","40.388333","-80.089466","","11","0","0","0","0","0","0","0","0","","0","0","0","","","0","","0","","40 23:18.000","","0","80 05:22.076","9","0","0","0","2437","0","0","0","N","0","0","0","1","02437","0","","1.0","","1","N","N","","0","","0","0","1","0","0","","","2","0","0","0","0","0","1","2","1","2","","","","N","","","","","","","","","",""
"2005411475","","2","0","0","0","0","0","0","0","0","1","0","","02","12","2005","6","","","","11","0","0","0","0","0","1","0","0","","0","0","0","","","0","","0","","","","3","","0","0","0","0","2102","0","0","0","N","0","0","0","2","02102","0","","1.0","","2","N","N","","0","","0","0","0","0","0","","","2","0","0","0","0","0","0","1","0","2","","","","N","","","","","","","","","",""
"2005411497","","1","0","0","0","0","0","0","0","0","7","0","","02","11","2005","7","","","","11","0","0","0","0","0","0","0","0","","0","0","0","","","1","","0","","","","0","","4","0","0","0","2420","0","0","0","N","0","0","0","1","02420","1","","5.0","","1","N","N","","0","","0","0","0","0","0","","","1","1","0","0","0","0","0","1","0","1","","","","N","","","","","","","","","",""
"2005411498","","1","0","0","0","0","0","0","0","0","8","0","","02","10","2005","2","40.518333","-80.166801","","11","0","0","0","0","0","0","0","0","","0","0","0","","","1","","1","","40 31:06.000","","0","80 10:00.482","8","0","0","0","2420","1","0","0","N","1","0","0","2","02420","0","","1.0","","1","N","N","","0","","0","0","0","3","2","","","2","1","0","0","0","1","1","2","0","1","","","","N","","","","","","","","","",""
"2005411560","","0","0","0","0","0","0","0","0","0","99","0","","02","10","2005","4","40.629","-79.7359","","11","0","0","0","0","0","1","0","0","","0","0","0","","","0","","0","","40 37:44.400","","0","79 44:09.240","0","0","0","0","2106","0","0","0","N","0","0","0","1","68D02","0","","1.0","","1","N","N","","0","","0","0","1","0","0","","","1","0","0","0","0","0","0","2","0","1","","","","N","","","","","","","","","",""
"2005411584","","2","0","0","0","0","0","0","0","0","4","0","","02","11","2005","4","40.45041","-79.948748","","11","0","0","0","0","0","0","0","0","","0","0","0","","","0","","1","","40 27:01.476","","0","79 56:55.492","0","0","0","0","2301","0","0","0","N","0","0","0","2","02301","0","","1.0","","9","N","N","","0","","0","0","0","3","2","","","2","0","0","0","0","0","0","2","0","2","","","","N","","","","","","","","","",""
"2005411585","","0","0","0","0","0","0","0","0","0","4","0","","02","11","2005","3","","","","11","0","0","0","0","0","0","0","0","","0","0","0","","","1","","2","","","","0","","4","0","0","0","2301","0","0","0","N","0","0","0","2","02301","1","","1.0","","9","N","N","","1","","0","0","1","3","2","","","2","1","0","0","0","0","0","1","0","2","","","","N","","","","","","","","","",""
"2005411586","","1","0","0","0","0","0","0","0","0","1","0","","02","11","2005","3","40.392","-79.9347","","11","0","0","0","0","0","0","0","0","","0","0","0","","","0","","6","","40 23:31.200","","2","79 56:04.920","0","0","0","0","2302","0","0","0","N","0","0","0","2","02301","0","","7.0","","9","N","N","","0","","0","0","0","0","0","","","2","0","0","0","0","0","0","2","1","2","","","","N","","","","","","","","","",""
"2005411587","","1","0","0","0","0","0","0","0","0","5","0","","02","11","2005","7","40.453703","-79.944199","","11","0","0","0","0","0","0","0","0","","0","0","0","","","0","","0","","40 27:13.330","","0","79 56:39.116","9","0","0","0","2301","0","0","0","N","0","0","0","1","02301","0","","6.0","","1","N","N","","0","","0","0","2","0","0","","","3","0","0","0","0","0","1","2","0","3","","","","N","","","","","","","","","",""
"2005411588","","1","0","0","0","0","0","0","0","0","1","0","","02","11","2005","6","","","","11","0","0","1","0","0","1","0","0","","0","0","0","","","1","","0","","","","0","","8","0","0","0","2301","0","0","0","N","0","0","0","7","02301","0","","1.0","","1","N","N","","0","","0","0","2","3","2","","","3","1","0","0","0","1","0","1","0","3","","","","N","","","","","","","","","",""
"2005411589","","2","0","0","0","0","0","0","0","0","2","0","","02","11","2005","7","40.436579","-79.955532","","11","0","0","0","0","0","0","0","0","","0","0","0","","","0","","1","","40 26:11.684","","0","79 57:19.915","0","0","0","0","2301","0","0","0","N","0","0","0","3","02301","0","","1.0","","1","N","N","","0","","0","0","0","3","3","","","2","0","0","0","0","0","0","2","0","2","","","","N","","","","","","","","","",""
"2005411590","","1","0","0","1","0","0","0","0","0","8","0","","02","11","2005","1","40.444402","-79.941764","","11","0","0","0","0","0","0","0","0","","0","0","0","","","1","","0","","40 26:39.848","","0","79 56:30.352","8","0","0","0","2301","1","0","0","N","0","0","0","2","02301","0","","1.0","","9","N","N","","0","","0","0","0","0","0","","","2","1","0","0","0","1","0","2","0","1","","","","N","","","","","","","","","",""
"2005411593","","1","0","0","0","0","0","0","0","0","8","0","","02","11","2005","5","40.39353","-80.046577","","11","0","0","0","0","0","0","0","0","3","0","0","0","","","1","","2","","40 23:36.708","5","0","80 02:47.677","3","0","0","0","2109","1","0","0","N","1","0","0","2","02109","0","","1.0","","1","N","N","","0","","1","0","0","0","0","N","","2","1","0","0","0","0","0","2","0","1","","","","N","","","","","","","","","",""
"2005411596","","1","0","0","0","0","0","0","0","0","2","0","","02","11","2005","6","40.381944","-80.037708","","11","0","0","0","0","0","2","0","0","2","0","0","0","","","2","","2","","40 22:55.000","3","0","80 02:15.747","3","0","0","0","2109","0","0","0","N","0","0","0","3","02109","1","","1.0","","1","N","N","","0","","1","0","0","0","0","Y","","2","2","1","0","0","0","0","2","1","2","","","","N","","","","","","","","","",""
"2005411597","","1","0","0","0","0","0","0","0","0","7","0","","02","11","2005","6","40.391","-80.0594","","11","0","0","0","0","0","0","0","0","2","0","0","0","","","1","","0","","40 23:27.600","2","0","80 03:33.840","4","0","0","0","2109","0","0","0","N","0","0","0","1","02109","1","","4.0","","1","N","N","","0","","0","0","0","0","0","N","","1","1","0","0","0","0","0","2","0","1","","","","N","","","","","","","","","",""
"2005411598","","2","0","0","0","0","0","0","0","0","4","0","","02","11","2005","3","40.399572","-80.064985","","11","0","0","0","1","0","0","1","0","1","0","0","0","","","1","","0","","40 23:58.458","3","0","80 03:53.945","4","0","0","0","2109","0","0","0","N","0","0","0","2","02109","1","","1.0","","9","N","N","","0","","0","0","0","0","0","N","","2","1","0","0","0","0","0","2","0","2","","","","N","","","","","","","","","",""
"2005411599","","1","0","0","0","0","0","0","0","0","4","0","","02","11","2005","2","40.355","-80.050171","","11","0","0","0","0","0","0","0","0","","0","0","0","","","1","","1","","40 21:18.000","","0","80 03:00.614","4","0","0","0","2109","0","0","0","N","0","0","0","2","02109","1","","1.0","","1","N","N","","1","","0","0","0","0","0","","","2","1","0","0","0","0","0","2","0","2","","","","N","","","","","","","","","",""
"2005411600","","1","0","0","0","0","0","0","0","0","7","0","","02","11","2005","1","40.383196","-80.043374","","11","0","0","0","0","0","0","0","0","","0","0","0","","","2","","2","","40 22:59.505","","0","80 02:36.146","4","0","0","0","2109","0","0","0","N","0","0","0","2","02109","2","","4.0","","9","N","N","","0","","0","0","0","0","0","","","1","2","0","0","0","0","0","2","0","1","","","","N","","","","","","","","","",""
"2005411602","","0","0","0","0","0","0","0","0","0","4","0","","02","11","2005","6","40.3559","-80.0516","","11","0","0","0","0","0","1","0","0","3","0","0","0","","","0","","0","","40 21:21.240","4","7","80 03:05.760","0","0","0","0","2109","0","0","0","N","0","0","0","3","02109","0","","1.0","","1","N","N","","0","","0","0","1","3","2","N","","2","0","0","0","0","0","0","2","1","2","","","","N","","","","","","","","","",""
"2005411603","","0","0","0","0","0","0","0","0","0","1","0","","02","11","2005","2","40.367222","-80.07333","","11","0","0","0","0","0","0","0","0","","0","0","0","","","0","","1","","40 22:02.000","","0","80 04:23.989","0","0","0","0","2109","0","0","0","N","0","0","0","5","02109","0","","1.0","","1","N","N","","0","","0","0","2","0","0","","","2","0","0","0","0","0","0","2","0","2","","","","N","","","","","","","","","",""
"2005411604","","1","0","0","0","0","0","0","0","0","1","0","","02","11","2005","4","","","","11","0","0","0","0","0","0","0","1","2","0","0","0","","","2","","2","","","4","0","","4","0","0","0","2109","0","0","0","N","0","0","0","4","02109","2","","1.0","","1","N","N","","0","","0","0","1","0","0","N","","2","2","1","0","0","0","0","1","0","2","","","","N","","","","","","","","","",""
"2005411678","","1","0","0","0","0","0","0","0","0","4","0","","02","11","2005","7","40.45","-80.175","","11","0","0","0","0","0","1","0","0","","0","0","0","","","1","","1","","40 27:00.000","","2","80 10:30.000","4","0","0","0","2214","0","0","0","N","0","0","0","3","02214","1","","1.0","","1","N","N","","0","","0","0","1","3","2","","","2","1","0","0","0","0","0","2","0","2","","","","N","","","","","","","","","",""
"2005411761","","1","0","0","0","0","0","0","0","0","7","0","","02","11","2005","5","","","","11","0","0","0","0","0","0","0","0","","0","0","0","","","0","","2","","","","0","","0","0","0","0","2447","0","0","0","N","0","0","0","2","02447","0","","5.0","","1","N","N","","0","","0","0","0","0","0","","","1","0","2","0","0","0","0","1","0","1","","","","N","","","","","","","","","",""
"2005411762","","3","0","0","0","0","0","0","0","0","2","0","","02","10","2005","1","","","","11","0","0","0","0","0","0","0","0","","0","0","0","","","0","","0","","","","0","","9","0","0","0","2447","0","0","0","N","0","0","0","1","02447","0","","1.0","","1","N","N","","0","","0","0","0","3","2","","","3","0","0","0","0","0","1","1","0","3","","","","N","","","","","","","","","",""
"2005411763","","1","0","0","0","0","0","0","0","0","1","0","","02","11","2005","3","40.456904","-79.758798","","11","0","0","0","0","0","0","1","0","","0","0","0","","","0","","3","","40 27:24.855","","0","79 45:31.673","0","0","0","0","2446","0","0","0","N","0","0","0","2","02446","0","","1.0","","1","N","N","","1","","0","0","0","0","0","","","2","0","0","0","0","0","0","2","0","2","","","","N","","","","","","","","","",""
"2005411764","","1","0","0","0","0","0","0","0","0","7","0","","02","10","2005","1","","","","11","0","0","0","0","0","0","0","0","","0","0","0","","","1","","0","","","","0","","3","0","0","0","2446","0","0","0","N","0","0","0","1","02446","0","","5.0","","1","N","N","","0","","1","0","0","0","0","","","1","1","1","0","0","0","0","1","0","1","","","","N","","","","","","","","","",""
"2005411765","","0","0","0","0","0","0","0","0","0","7","0","","02","10","2005","2","40.452369","-79.749264","","11","0","0","0","0","0","0","0","0","","0","0","0","","","0","","0","","40 27:08.527","","0","79 44:57.351","0","0","0","0","2446","0","0","0","N","0","0","0","1","02446","0","","2.0","","1","N","N","","1","","0","0","0","0","0","","","1","0","0","0","0","0","0","2","0","1","","","","N","","","","","","","","","",""
"2005411766","","1","0","0","0","0","0","0","0","0","7","0","","02","10","2005","1","","","","11","0","0","0","0","0","0","0","0","","0","0","0","","","0","","0","","","","0","","0","0","0","0","2446","0","0","0","N","0","0","0","1","02446","0","","2.0","","9","N","N","","0","","0","0","0","0","0","","","1","0","1","0","0","0","0","1","0","1","","","","N","","","","","","","","","",""
"2005411767","","1","0","0","0","0","0","0","0","0","7","0","","02","10","2005","7","40.426667","-79.726263","","11","0","0","0","0","0","1","0","0","3","0","0","0","","","1","","0","","40 25:36.000","6","0","79 43:34.545","3","0","0","0","2446","0","0","0","N","0","0","0","1","02446","0","","4.0","","1","N","N","","0","","1","0","0","0","0","Y","","1","1","0","0","0","0","0","2","0","1","","","","N","","","","","","","","","",""
"2005411768","","3","0","0","0","0","0","0","0","0","4","0","","02","10","2005","5","40.4375","-79.777771","","11","0","0","0","0","0","1","2","0","2","0","0","0","","","2","","2","","40 26:15.000","3","0","79 46:39.977","4","0","0","0","2446","0","0","0","N","0","0","0","5","02446","1","","1.0","","1","N","N","","0","","0","0","0","0","0","N","","3","2","0","0","0","1","0","2","0","3","","","","N","","","","","","","","","",""
"2005411771","","1","0","0","0","0","0","0","0","0","1","0","","02","12","2005","6","","","","11","0","0","0","0","0","1","0","0","","0","0","0","","","0","","0","","","","0","","0","0","0","0","2126","0","0","0","N","0","0","0","2","02126","0","","1.0","","2","N","N","","1","","0","0","0","0","0","","","2","0","0","0","0","0","0","1","0","2","","","","N","","","","","","","","","",""
"2005411783","","0","0","0","0","0","0","0","0","0","4","0","","02","12","2005","5","","","","11","0","0","0","0","0","1","0","0","1","0","0","0","","","2","","2","","","3","0","","4","0","0","0","2438","0","0","0","N","0","0","0","2","02438","2","","1.0","","1","N","N","","0","","0","0","2","3","3","N","","2","2","0","0","0","0","0","1","0","2","","","","N","","","","","","","","","",""
"2005411787","","1","0","0","0","0","0","0","0","0","1","0","","02","12","2005","6","40.667301","-80.097061","","11","0","0","0","0","0","1","0","0","2","0","0","0","","","0","","0","","40 40:02.285","3","0","80 05:49.420","0","0","0","0","2212","0","0","0","N","0","0","0","2","02505","0","","1.0","","2","N","N","","1","","0","0","0","0","0","N","","2","0","0","0","0","0","0","2","0","2","","","","N","","","","","","","","","",""
"2005411789","","0","0","0","0","0","0","0","0","0","7","0","","02","12","2005","6","40.225378","-79.912916","","11","0","1","0","0","0","0","0","0","2","0","0","0","","","0","","0","","40 13:31.360","2","0","79 54:46.497","0","0","0","0","2204","0","0","0","N","0","0","0","1","02204","0","","2.0","","2","N","N","","1","","0","0","0","0","0","N","","1","0","0","0","0","0","0","1","0","1","","","","N","","","","","","","","","",""
"2005411791","","0","0","0","0","0","0","0","0","0","7","0","","02","12","2005","6","40.57118","-79.892689","","11","0","0","0","0","0","0","0","0","","0","0","0","","","0","","0","","40 34:16.249","","0","79 53:33.681","0","0","0","0","2209","0","0","0","N","0","0","0","1","02209","0","","5.0","","9","N","N","","1","","0","0","0","0","0","","","1","0","0","0","0","0","0","2","0","1","","","","N","","","","","","","","","",""
"2005411792","","1","0","0","0","0","0","0","0","0","7","0","","02","12","2005","6","40.285","-79.9109","","11","0","0","0","0","0","0","0","0","2","0","0","0","","","0","","0","","40 17:06.000","2","0","79 54:39.240","0","0","0","0","2440","0","0","0","N","0","0","0","1","02440","0","","5.0","","2","N","N","","0","","0","0","0","0","0","N","","1","0","0","0","0","0","0","2","0","1","","","","N","","","","","","","","","",""
"2005411793","","1","0","0","0","0","0","0","0","0","4","0","","02","11","2005","4","40.313611","-80.089708","","11","0","0","0","0","0","0","1","1","1","0","0","0","","","3","","1","","40 18:49.000","2","0","80 05:22.947","2","0","0","0","2123","0","0","0","N","0","0","0","3","02123","0","","1.0","","1","N","N","","0","","1","1","1","3","2","N","","2","3","0","0","0","1","0","2","0","2","","","","N","","","","","","","","","",""
"2005411797","","2","0","0","0","0","0","0","0","0","2","0","","02","12","2005","6","40.3492","-80.0933","","11","0","0","0","0","0","1","0","0","","0","0","0","","","0","","0","","40 20:57.120","","0","80 05:35.880","0","0","0","0","2123","0","0","0","N","0","0","0","2","02123","0","","1.0","","2","N","N","","0","","0","0","0","0","0","","","2","0","0","0","0","0","0","2","0","2","","","","N","","","","","","","","","",""