"CRN","ARRIVAL_TM","AUTOMOBILE_COUNT","BELTED_DEATH_COUNT","BELTED_SUSP_SERIOUS_INJ_COUNT","BICYCLE_COUNT","BICYCLE_DEATH_COUNT","BICYCLE_SUSP_SERIOUS_INJ_COUNT","BUS_COUNT","CHLDPAS_DEATH_COUNT","CHLDPAS_SUSP_SERIOUS_INJ_COUNT","COLLISION_TYPE","COMM_VEH_COUNT","CONS_ZONE_SPD_LIM","COUNTY","CRASH_MONTH","CRASH_YEAR","DAY_OF_WEEK","DEC_LATITUDE","DEC_LONGITUDE","DISPATCH_TM","DISTRICT","DRIVER_COUNT_16YR","DRIVER_COUNT_17YR","DRIVER_COUNT_18YR","DRIVER_COUNT_19YR","DRIVER_COUNT_20YR","DRIVER_COUNT_50_64YR","DRIVER_COUNT_65_74YR","DRIVER_COUNT_75PLUS","EST_HRS_CLOSED","FATAL_COUNT","HEAVY_TRUCK_COUNT","HORSE_BUGGY_COUNT","HOUR_OF_DAY","ILLUMINATION","INJURY_COUNT","INTERSECTION_RELATED","INTERSECT_TYPE","LANE_CLOSED","LATITUDE","LN_CLOSE_DIR","LOCATION_TYPE","LONGITUDE","MAX_SEVERITY_LEVEL","MCYCLE_DEATH_COUNT","MCYCLE_SUSP_SERIOUS_INJ_COUNT","MOTORCYCLE_COUNT","MUNICIPALITY","NONMOTR_COUNT","NONMOTR_DEATH_COUNT","NONMOTR_SUSP_SERIOUS_INJ_COUNT","NTFY_HIWY_MAINT","PED_COUNT","PED_DEATH_COUNT","PED_SUSP_SERIOUS_INJ_COUNT","PERSON_COUNT","POLICE_AGCY","POSSIBLE_INJ_COUNT","RDWY_SURF_TYPE_CD","RELATION_TO_ROAD","ROADWAY_CLEARED","ROAD_CONDITION","SCH_BUS_IND","SCH_ZONE_IND","SECONDARY_CRASH","SMALL_TRUCK_COUNT","SPEC_JURIS_CD","SUSP_MINOR_INJ_COUNT","SUSP_SERIOUS_INJ_COUNT","SUV_COUNT","TCD_FUNC_CD","TCD_TYPE","TFC_DETOUR_IND","TIME_OF_DAY","TOTAL_UNITS","TOT_INJ_COUNT","UNBELTED_OCC_COUNT","UNB_DEATH_COUNT","UNB_SUSP_SERIOUS_INJ_COUNT","UNK_INJ_DEG_COUNT","UNK_INJ_PER_COUNT","URBAN_RURAL","VAN_COUNT","VEHICLE_COUNT","WEATHER1","WEATHER2","WORKERS_PRES","WORK_ZONE_IND","WORK_ZONE_LOC","WORK_ZONE_TYPE","WZ_CLOSE_DETOUR","WZ_FLAGGER","WZ_LAW_OFFCR_IND","WZ_LN_CLOSURE","WZ_MOVING","WZ_OTHER","WZ_SHLDER_MDN","WZ_WORKERS_INJ_KILLED"
"2005411801","","1","0","0","0","0","0","0","0","0","7","0","","02","12","2005","6","40.4944","-79.9425","","11","0","0","0","0","0","0","0","0","1","0","0","0","","","0","","6","","40 29:39.840","2","2","79 56:33.000","0","0","0","0","2430","0","0","0","Y","0","0","0","1","02430","0","","4.0","","2","N","N","","0","","0","0","0","0","0","N","","1","0","0","0","0","0","0","2","0","1","","","","N","","","","","","","","","",""
"2005411807","","0","0","0","0","0","0","0","0","0","7","0","","02","11","2005","2","40.508889","-79.95268","","11","0","0","0","0","0","0","0","0","1","0","0","0","","","0","","0","","40 30:32.000","1","0","79 57:09.647","0","0","0","0","2118","0","0","0","N","0","0","0","1","02118","0","","5.0","","1","N","N","","1","","0","0","0","0","0","N","","1","0","0","0","0","0","0","2","0","1","","","","N","","","","","","","","","",""
"2005411808","","1","0","0","0","0","0","0","0","0","4","0","","02","12","2005","6","40.3222","-79.926","","11","0","0","0","0","1","0","0","0","","0","0","0","","","1","","2","","40 19:19.920","","0","79 55:33.600","4","0","0","0","2440","0","0","0","N","0","0","0","2","02440","1","","1.0","","1","N","N","","0","","0","0","0","3","3","","","2","1","0","0","0","0","0","2","1","2","","","","N","","","","","","","","","",""
"2005411825","","1","0","0","0","0","0","0","0","0","1","0","","02","11","2005","5","40.4329","-80.0053","","11","0","0","0","0","0","1","0","0","","0","0","0","","","0","","0","","40 25:58.440","","0","80 00:19.080","0","0","0","0","2301","0","0","0","N","0","0","0","3","02301","0","","1.0","","1","N","N","","0","","0","0","0","0","0","","","2","0","0","0","0","0","0","2","1","2","","","","N","","","","","","","","","",""
"2005411826","","2","0","0","0","0","0","0","0","0","4","1","","02","11","2005","6","","","","11","0","0","0","0","0","1","0","0","2","0","1","0","","","2","","0","","","3","0","","8","0","0","0","2301","0","0","0","N","0","0","0","3","02301","0","","1.0","","1","N","N","","0","","0","0","0","0","0","N","","3","2","0","0","0","2","0","1","0","3","","","","N","","","","","","","","","",""
"2005411829","","0","0","0","0","0","0","0","0","0","0","0","","02","11","2005","1","40.402647","-80.030865","","11","0","0","0","0","0","0","0","0","1","0","0","0","","","2","","2","","40 24:09.529","2","0","80 01:51.114","3","0","0","1","2301","0","0","0","N","0","0","0","2","02301","0","","1.0","","9","N","N","","0","","2","0","0","0","0","N","","1","2","0","0","0","0","0","2","0","1","","","","N","","","","","","","","","",""
"2005411864","","2","0","0","0","0","0","0","0","0","1","0","","02","10","2005","4","40.45","-80.11182","","11","0","0","0","0","0","0","0","0","","0","0","0","","","0","","7","","40 27:00.000","","2","80 06:42.553","0","0","0","0","2115","0","0","0","N","0","0","0","3","68B03","0","","1.0","","1","N","N","","0","","0","0","0","0","0","","","3","0","0","0","0","0","0","2","1","3","","","","N","","","","","","","","","",""
"2005411870","","1","0","0","0","0","0","0","0","0","1","0","","02","10","2005","2","40.4388","-79.7484","","11","0","0","0","0","0","1","0","0","","0","0","0","","","2","","0","","40 26:19.680","","0","79 44:54.240","4","0","0","0","2446","0","0","0","N","0","0","0","3","02446","2","","1.0","","1","N","N","","0","","0","0","0","0","0","","","2","2","0","0","0","0","0","2","1","2","","","","N","","","","","","","","","",""
"2005411871","","1","0","0","0","0","0","0","0","0","4","0","","02","11","2005","4","40.435453","-79.769826","","11","0","0","0","0","0","1","0","0","","0","0","0","","","0","","0","","40 26:07.630","","0","79 46:11.373","0","0","0","1","2446","0","0","0","N","0","0","0","3","02446","0","","1.0","","1","N","N","","0","","0","0","0","0","0","","","2","0","0","0","0","0","0","2","0","2","","","","N","","","","","","","","","",""
"2005411874","","2","0","0","0","0","0","0","0","0","4","0","","02","11","2005","5","40.409444","-80.192706","","11","0","0","0","0","1","1","0","0","","0","0","0","","","0","","2","","40 24:34.000","","0","80 11:33.741","0","0","0","0","2214","0","0","0","N","0","0","0","2","02214","0","","1.0","","1","N","N","","0","","0","0","0","0","0","","","2","0","0","0","0","0","0","2","0","2","","","","N","","","","","","","","","",""
"2005411876","","1","0","0","0","0","0","0","0","0","8","0","","02","10","2005","7","","","","11","0","0","0","1","0","0","0","0","","0","0","0","","","1","","0","","","","0","","4","0","0","0","2420","1","0","0","N","1","0","0","2","02420","1","","4.0","","1","N","N","","0","","0","0","0","0","0","","","2","1","0","0","0","0","0","1","0","1","","","","N","","","","","","","","","",""
"2005411899","","2","0","0","0","0","0","0","0","0","4","0","","02","12","2005","6","40.619444","-79.944758","","11","0","0","0","0","0","0","0","0","2","0","0","0","","","2","","2","","40 37:10.000","2","0","79 56:41.127","4","0","0","0","2217","0","0","0","N","0","0","0","2","02217","2","","1.0","","9","N","N","","0","","0","0","0","0","0","Y","","2","2","0","0","0","0","0","2","0","2","","","","N","","","","","","","","","",""
"2005411914","","2","0","0","0","0","0","0","0","0","4","0","","02","11","2005","3","","","","11","0","0","0","0","0","0","0","0","","0","0","0","","","1","","1","","","","0","","4","0","0","0","2301","0","0","0","N","0","0","0","3","02301","1","","1.0","","1","N","N","","0","","0","0","0","0","0","","","2","1","0","0","0","0","0","1","0","2","","","","N","","","","","","","","","",""
"2005411915","","1","0","0","0","0","0","0","0","0","1","0","","02","11","2005","1","","","","11","0","0","0","0","0","0","0","0","","0","0","0","","","0","","2","","","","0","","9","0","0","0","2301","0","0","0","N","0","0","0","3","02506","0","","1.0","","1","N","N","","0","","0","0","0","3","3","","","2","0","0","0","0","0","1","1","1","2","","","","N","","","","","","","","","",""
"2005411917","","1","0","0","0","0","0","0","0","0","4","0","","02","11","2005","2","40.463516","-79.948945","","11","0","0","0","0","0","0","0","1","","0","0","0","","","1","","1","","40 27:48.657","","0","79 56:56.202","8","0","0","0","2301","0","0","0","N","0","0","0","3","02301","0","","1.0","","1","N","N","","0","","0","0","0","3","2","","","2","1","0","0","0","1","0","2","1","2","","","","N","","","","","","","","","",""
"2005411918","","1","0","0","0","0","0","0","0","0","4","0","","02","11","2005","1","","","","11","0","0","0","0","0","0","0","0","","0","0","0","","","1","","5","","","","0","","4","0","0","0","2301","0","0","0","N","0","0","0","4","02301","1","","1.0","","9","N","N","","0","","0","0","1","3","2","","","2","1","0","0","0","0","0","1","0","2","","","","N","","","","","","","","","",""
"2005411919","","1","0","0","0","0","0","0","0","0","7","0","","02","11","2005","1","40.481997","-79.94055","","11","0","0","0","0","0","0","0","0","","0","0","0","","","2","","3","","40 28:55.189","","0","79 56:25.980","3","0","0","0","2301","0","0","0","N","0","0","0","2","02301","0","","2.0","","1","N","N","","0","","1","0","0","0","0","","","1","2","1","0","0","1","0","2","0","1","","","","N","","","","","","","","","",""
"2005411920","","2","0","0","0","0","0","0","0","0","4","0","","02","11","2005","4","40.459722","-79.924988","","11","0","0","0","0","0","1","0","0","1","0","0","0","","","2","","2","","40 27:35.000","1","0","79 55:29.957","4","0","0","0","2301","0","0","0","N","0","0","0","7","02301","1","","1.0","","1","N","N","","0","","0","0","1","3","2","Y","","3","2","3","0","0","1","0","2","0","3","","","","N","","","","","","","","","",""
"2005411921","","1","0","0","0","0","0","0","0","0","8","0","","02","11","2005","5","40.456762","-79.897952","","11","0","0","0","0","0","0","1","0","","0","0","0","","","1","","0","","40 27:24.343","","0","79 53:52.627","8","0","0","0","2301","1","0","0","N","1","0","0","2","02301","0","","1.0","","1","N","N","","0","","0","0","0","3","2","","","2","1","0","0","0","1","0","2","0","1","","","","N","","","","","","","","","",""
"2005411922","","2","0","0","0","0","0","0","0","0","4","0","","02","11","2005","7","40.454118","-79.890785","","11","0","0","0","0","1","0","1","0","","0","0","0","","","0","","1","","40 27:14.824","","0","79 53:26.826","0","0","0","0","2301","0","0","0","N","0","0","0","2","02301","0","","1.0","","1","N","N","","0","","0","0","0","3","2","","","2","0","0","0","0","0","0","2","0","2","","","","N","","","","","","","","","",""
"2005411923","","2","0","0","0","0","0","0","0","0","4","0","","02","11","2005","1","40.465437","-79.934691","","11","0","0","0","0","0","0","0","0","1","0","0","0","","","2","","1","","40 27:55.573","1","0","79 56:04.887","8","0","0","0","2301","1","0","0","N","1","0","0","3","02301","0","","1.0","","1","N","N","","0","","0","0","0","3","3","Y","","3","2","2","0","0","2","0","2","0","2","","","","N","","","","","","","","","",""
"2005411924","","0","0","0","0","0","0","0","0","0","5","0","","02","11","2005","4","40.477593","-79.941743","","11","0","0","0","0","0","0","0","0","","0","0","0","","","0","","0","","40 28:39.334","","0","79 56:30.274","0","0","0","0","2301","0","0","0","N","0","0","0","3","02301","0","","1.0","","1","N","N","","2","","0","0","0","0","0","","","2","0","1","0","0","0","0","2","0","2","","","","N","","","","","","","","","",""
"2005411925","","2","0","0","0","0","0","0","0","0","4","0","","02","11","2005","2","","","","11","0","0","0","0","0","0","0","0","","0","0","0","","","0","","1","","","","0","","0","0","0","0","2301","0","0","0","N","0","0","0","2","02301","0","","1.0","","1","N","N","","0","","0","0","0","3","2","","","2","0","0","0","0","0","0","1","0","2","","","","N","","","","","","","","","",""
"2005411927","","3","0","0","0","0","0","0","0","0","4","0","","02","11","2005","2","40.388209","-80.017182","","11","0","0","0","0","0","0","0","0","2","0","0","0","","","0","","0","","40 23:17.552","6","0","80 01:01.855","9","0","0","0","2301","0","0","0","N","0","0","0","1","02301","0","","1.0","","1","N","N","","1","","0","0","0","0","0","Y","","4","0","0","0","0","0","1","2","0","4","","","","N","","","","","","","","","",""
"2005411928","","1","0","0","0","0","0","0","0","0","4","0","","02","11","2005","5","40.38682","-79.981283","","11","0","0","0","0","0","0","0","0","","0","0","0","","","0","","2","","40 23:12.552","","0","79 58:52.618","9","0","0","0","2301","0","0","0","N","0","0","0","1","02301","0","","1.0","","1","N","N","","0","","0","0","0","0","0","","","2","0","0","0","0","0","1","2","0","2","","","","N","","","","","","","","","",""
"2005411929","","0","0","0","0","0","0","0","0","0","1","0","","02","11","2005","2","40.4325","-80.028229","","11","0","0","0","0","0","0","0","0","","0","0","0","","","1","","3","","40 25:57.000","","0","80 01:41.625","8","0","0","0","2301","0","0","0","N","0","0","0","6","02301","0","","1.0","","1","N","N","","1","","0","0","0","3","3","","","2","1","0","0","0","1","0","2","1","2","","","","N","","","","","","","","","",""
"2005411930","","1","0","0","0","0","0","0","0","0","7","0","","02","11","2005","6","40.426704","-80.057396","","11","0","0","1","0","0","0","0","0","1","0","0","0","","","1","","0","","40 25:36.134","7","0","80 03:26.625","8","0","0","0","2301","0","0","0","N","0","0","0","1","02301","0","","5.0","","1","N","N","","0","","0","0","0","0","0","Y","","1","1","1","0","0","1","0","2","0","1","","","","N","","","","","","","","","",""
"2005411931","","2","0","0","0","0","0","0","0","0","4","0","","02","11","2005","3","40.453981","-80.014537","","11","0","0","0","0","0","1","0","0","","0","0","0","","","0","","1","","40 27:14.331","","0","80 00:52.333","0","0","0","0","2301","0","0","0","N","0","0","0","3","02301","0","","1.0","","1","N","N","","0","","0","0","0","3","2","","","2","0","0","0","0","0","0","2","0","2","","","","N","","","","","","","","","",""
"2005411932","","1","0","0","0","0","0","0","0","0","0","0","","02","11","2005","4","40.4541","-79.9977","","11","0","0","0","0","0","1","0","0","","0","0","0","","","0","","0","","40 27:14.760","","0","79 59:51.720","0","0","0","0","2301","0","0","0","N","0","0","0","1","02301","0","","1.0","","9","N","N","","0","","0","0","0","0","0","","","1","0","0","0","0","0","0","2","0","1","","","","N","","","","","","","","","",""
"2005411933","","2","0","0","0","0","0","0","0","0","4","0","","02","11","2005","6","40.453729","-79.993335","","11","0","0","0","0","0","0","0","0","1","0","0","0","","","0","","1","","40 27:13.424","1","0","79 59:36.006","0","0","0","0","2301","0","0","0","N","0","0","0","3","02301","0","","1.0","","1","N","N","","0","","0","0","0","0","0","N","","2","0","0","0","0","0","0","2","0","2","","","","N","","","","","","","","","",""
"2005411934","","1","0","0","0","0","0","0","0","0","7","0","","02","11","2005","7","40.49544","-80.026146","","11","0","0","0","0","0","0","0","0","","0","0","0","","","0","","3","","40 29:43.584","","0","80 01:34.125","0","0","0","0","2301","0","0","0","Y","0","0","0","1","02301","0","","2.0","","1","N","N","","0","","0","0","0","0","0","","","1","0","0","0","0","0","0","2","0","1","","","","N","","","","","","","","","",""
"2005411935","","1","0","0","0","0","0","0","0","0","1","0","","02","11","2005","7","40.495","-80.0119","","11","0","0","0","0","0","1","0","0","","0","0","0","","","1","","2","","40 29:42.000","","2","80 00:42.840","4","0","0","0","2301","0","0","0","N","0","0","0","2","02301","1","","1.0","","1","N","N","","0","","0","0","1","3","3","","","2","1","0","0","0","0","0","2","0","2","","","","N","","","","","","","","","",""
"2005411936","","2","0","0","0","0","0","0","0","0","4","0","","02","11","2005","3","40.456549","-79.997605","","11","0","0","0","0","0","0","0","1","","0","0","0","","","0","","2","","40 27:23.575","","0","79 59:51.378","0","0","0","0","2301","0","0","0","N","0","0","0","2","02301","0","","1.0","","9","N","N","","0","","0","0","0","3","2","","","2","0","0","0","0","0","0","2","0","2","","","","N","","","","","","","","","",""
"2005411937","","1","0","0","0","0","0","0","0","0","7","0","","02","11","2005","4","40.496187","-80.004693","","11","0","0","0","0","0","0","0","0","1","0","0","0","","","0","","0","","40 29:46.273","5","0","80 00:16.894","0","0","0","0","2301","0","0","0","N","0","0","0","1","02301","0","","2.0","","9","N","N","","0","","0","0","0","0","0","N","","1","0","0","0","0","0","0","2","0","1","","","","N","","","","","","","","","",""
"2005411938","","1","0","0","0","0","0","0","0","0","1","0","","02","10","2005","2","40.459091","-80.016372","","11","0","0","0","0","0","1","0","0","1","0","0","0","","","0","","0","","40 27:32.727","2","0","80 00:58.939","0","0","0","0","2301","0","0","0","N","0","0","0","1","02301","0","","2.0","","1","N","N","","0","","0","0","1","0","0","N","","2","0","0","0","0","0","0","2","0","2","","","","N","","","","","","","","","",""
"2005411939","","3","0","0","0","0","0","0","0","0","4","0","","02","11","2005","1","40.461375","-79.908688","","11","0","0","1","0","0","0","0","0","2","0","0","0","","","0","","2","","40 27:40.950","3","0","79 54:31.276","0","0","0","0","2301","0","0","0","N","0","0","0","2","02301","0","","1.0","","9","N","N","","0","","0","0","0","3","3","N","","3","0","0","0","0","0","0","2","0","3","","","","N","","","","","","","","","",""
"2005411940","","3","0","0","0","0","0","0","0","0","1","0","","02","11","2005","6","40.4597","-79.9071","","11","0","0","0","0","0","0","0","1","","0","0","0","","","1","","2","","40 27:34.920","","0","79 54:25.560","8","0","0","0","2301","0","0","0","N","0","0","0","4","02301","0","","1.0","","1","N","N","","1","","0","0","0","0","0","","","4","1","0","0","0","1","2","2","0","4","","","","N","","","","","","","","","",""
"2005411941","","1","0","0","0","0","0","0","0","0","7","0","","02","11","2005","1","40.470336","-79.893333","","11","0","0","0","0","0","0","0","0","","0","0","0","","","0","","0","","40 28:13.209","","0","79 53:35.998","0","0","0","0","2301","0","0","0","N","0","0","0","1","02301","0","","5.0","","1","N","N","","0","","0","0","0","0","0","","","1","0","0","0","0","0","0","2","0","1","","","","N","","","","","","","","","",""
"2005411942","","2","0","0","0","0","0","0","0","0","5","0","","02","11","2005","4","","","","11","0","0","0","0","0","0","0","0","","0","0","0","","","0","","1","","","","0","","0","0","0","0","2301","0","0","0","N","0","0","0","2","02301","0","","1.0","","1","N","N","","0","","0","0","0","3","2","","","2","0","2","0","0","0","0","1","0","2","","","","N","","","","","","","","","",""
"2005411943","","4","0","0","0","0","0","0","0","0","1","0","","02","11","2005","7","","","","11","0","0","0","0","0","0","0","0","2","0","0","0","","","0","","0","","","1","0","","0","0","0","0","2301","0","0","0","N","0","0","0","1","02301","0","","6.0","","1","N","N","","0","","0","0","0","0","0","N","","4","0","0","0","0","0","0","1","0","4","","","","N","","","","","","","","","",""
"2005411944","","2","0","0","0","0","0","0","0","0","4","0","","02","11","2005","3","","","","11","0","0","0","0","0","0","0","0","2","0","0","0","","","2","","1","","","7","0","","4","0","0","0","2301","0","0","0","N","0","0","0","6","02301","1","","1.0","","9","N","N","","0","","0","0","0","3","3","Y","","2","2","0","0","0","1","0","1","0","2","","","","N","","","","","","","","","",""
"2005411945","","3","0","0","0","0","0","0","0","0","1","0","","02","11","2005","3","40.443056","-80.028843","","11","0","0","0","1","0","1","0","0","","0","0","0","","","0","","10","","40 26:35.000","","0","80 01:43.834","0","0","0","0","2301","0","0","0","N","0","0","0","3","02301","0","","1.0","","9","N","N","","0","","0","0","0","3","2","","","3","0","0","0","0","0","0","2","0","3","","","","N","","","","","","","","","",""
"2005411946","","1","0","0","0","0","0","0","0","0","4","0","","02","11","2005","3","","","","11","0","0","0","0","0","0","0","0","","0","0","0","","","0","","0","","","","0","","0","0","0","0","2301","0","0","0","N","0","0","0","3","02301","0","","1.0","","1","N","N","","0","","0","0","1","0","0","","","2","0","0","0","0","0","0","1","0","2","","","","N","","","","","","","","","",""
"2005411947","","3","0","0","0","0","0","0","0","0","1","0","","02","11","2005","3","40.398755","-80.021819","","11","0","0","0","0","0","1","0","0","","0","0","0","","","0","","0","","40 23:55.518","","0","80 01:18.548","0","0","0","0","2301","0","0","0","N","0","0","0","3","02301","0","","1.0","","1","N","N","","0","","0","0","0","0","0","","","3","0","0","0","0","0","0","2","0","3","","","","N","","","","","","","","","",""
"2005411948","","1","0","0","0","0","0","0","0","0","7","0","","02","11","2005","5","40.39851","-80.027607","","11","0","0","0","0","0","0","0","0","1","0","0","0","","","0","","2","","40 23:54.636","7","0","80 01:39.385","0","0","0","0","2301","0","0","0","N","0","0","0","1","02301","0","","5.0","","1","N","N","","0","","0","0","0","0","0","Y","","1","0","0","0","0","0","0","2","0","1","","","","N","","","","","","","","","",""
"2005411949","","4","0","0","0","0","0","0","0","0","1","0","","02","11","2005","4","","","","11","0","0","0","0","0","0","0","0","","0","0","0","","","1","","0","","","","0","","8","0","0","0","2301","0","0","0","N","0","0","0","5","02301","0","","1.0","","1","N","N","","0","","0","0","1","0","0","","","5","1","0","0","0","1","0","1","0","5","","","","N","","","","","","","","","",""
"2005411954","","2","0","0","0","0","0","0","0","0","4","0","","02","11","2005","7","40.437961","-79.991059","","11","0","0","0","0","0","0","0","0","","0","0","0","","","0","","1","","40 26:16.659","","0","79 59:27.812","0","0","0","0","2301","0","0","0","N","0","0","0","2","02301","0","","1.0","","1","N","N","","0","","0","0","0","3","2","","","2","0","0","0","0","0","0","2","0","2","","","","N","","","","","","","","","",""
"2005412034","","0","0","0","0","0","0","0","0","0","7","0","","02","11","2005","1","40.475026","-79.861875","","11","0","0","0","0","0","0","0","0","","0","0","0","","","0","","0","","40 28:30.094","","0","79 51:42.749","0","0","0","0","2113","0","0","0","Y","0","0","0","1","02113","0","","2.0","","1","N","N","","0","","0","0","0","0","0","","","1","0","0","0","0","0","0","2","1","1","","","","N","","","","","","","","","",""
"2005412035","","3","0","0","0","0","0","0","0","0","1","0","","02","11","2005","1","40.384722","-79.994979","","11","0","1","0","1","1","0","0","0","1","0","0","0","","","0","","2","","40 23:05.000","4","0","79 59:41.925","0","0","0","0","2301","0","0","0","N","0","0","0","5","02301","0","","1.0","","9","N","N","","0","","0","0","0","3","2","N","","3","0","0","0","0","0","0","2","0","3","","","","N","","","","","","","","","",""
"2005412057","","1","0","0","0","0","0","0","0","0","7","0","","02","10","2005","6","40.475278","-80.064954","","11","0","0","0","0","0","0","0","1","","0","0","0","","","0","","10","","40 28:31.000","","0","80 03:53.833","0","0","0","0","2122","0","0","0","N","0","0","0","2","02122","0","","7.0","","9","N","N","","0","","0","0","0","3","2","","","1","0","0","0","0","0","0","2","0","1","","","","N","","","","","","","","","",""
"2005412098","","0","0","0","0","0","0","0","0","0","7","0","","02","10","2005","1","40.3003","-79.8457","","11","0","0","0","0","0","0","0","0","2","0","0","0","","","1","","0","","40 18:01.080","6","0","79 50:44.520","4","0","0","0","2443","0","0","0","Y","0","0","0","1","02443","1","","2.0","","1","N","N","","0","","0","0","1","0","0","Y","","1","1","0","0","0","0","0","1","0","1","","","","N","","","","","","","","","",""
"2005412099","","1","0","0","0","0","0","0","0","0","1","0","","02","11","2005","5","","","","11","0","0","0","0","0","0","0","0","","0","0","0","","","0","","9","","","","0","","0","0","0","0","2441","0","0","0","N","0","0","0","1","02441","0","","5.0","","1","N","N","","0","","0","0","0","0","0","","","2","0","1","0","0","0","0","1","0","1","","","","N","","","","","","","","","",""
"2005412224","","1","0","0","0","0","0","0","0","0","7","1","","02","10","2005","3","","","","11","0","1","0","0","0","1","0","0","2","0","1","0","","","1","","0","","40 25:45.12","3","0","79 56:35.88","3","0","0","0","2301","0","0","0","Y","0","0","0","2","68B03","0","","2.0","","9","N","N","","0","","1","0","0","0","0","N","","2","1","0","0","0","0","0","2","0","2","","","","N","","","","","","","","","",""
"2005412225","","1","0","0","0","0","0","0","0","0","1","1","50","02","10","2005","4","40.402778","-80.107156","","11","0","0","0","0","0","0","0","0","","0","1","0","","","1","","0","","40 24:10.000","","0","80 06:25.760","4","0","0","0","2102","0","0","0","N","0","0","0","3","68B03","1","","1.0","","98","N","N","","0","","0","0","0","0","0","","","2","1","0","0","0","0","0","2","0","2","","","Y","Y","4","1","","","N","Y","","","",""
"2005412226","","0","0","0","0","0","0","0","0","0","1","0","","02","10","2005","3","","","","11","0","0","0","0","0","1","0","0","","0","1","0","","","1","","0","","40 25:37.20","","0","79 55:06.24","4","0","0","0","2301","0","0","0","N","0","0","0","2","68B03","1","","1.0","","1","N","N","","0","","0","0","0","0","0","","","2","1","0","0","0","0","0","2","1","2","","","","N","","","","","","","","","",""
"2005412315","","1","0","0","0","0","0","0","0","0","1","0","","02","10","2005","3","40.4413","-79.7618","","11","0","0","0","0","0","0","0","1","","0","0","0","","","0","","0","","40 26:28.680","","2","79 45:42.480","0","0","0","0","2446","0","0","0","N","0","0","0","2","68B03","0","","1.0","","1","N","N","","0","","0","0","1","0","0","","","2","0","0","0","0","0","0","2","0","2","","","","N","","","","","","","","","",""
"2005412454","","0","0","0","0","0","0","0","0","0","8","0","","02","10","2005","7","40.281111","-79.872814","","11","0","0","0","0","0","0","0","0","2","0","0","0","","","1","","2","","40 16:52.000","3","0","79 52:22.131","2","0","0","0","2443","1","0","1","N","1","0","1","2","02443","0","","1.0","","1","N","N","","0","","0","1","0","3","3","N","","2","1","1","0","0","0","0","1","1","1","","","","N","","","","","","","","","",""
"2005412521","","2","0","0","0","0","0","0","0","0","4","0","","02","11","2005","3","","","","11","0","0","0","0","0","0","0","0","1","0","0","0","","","0","","0","","","2","1","","0","0","0","0","2446","0","0","0","N","0","0","0","3","02446","0","","1.0","","9","N","N","","0","","0","0","0","0","0","N","","2","0","0","0","0","0","0","1","0","2","","","","N","","","","","","","","","",""
"2005412522","","2","0","0","0","0","0","0","0","0","4","0","","02","11","2005","4","40.438333","-79.77099","","11","0","0","0","0","0","0","0","1","","0","0","0","","","0","","0","","40 26:18.000","","0","79 46:15.565","0","0","0","0","2446","0","0","0","N","0","0","0","2","02446","0","","1.0","","9","N","N","","0","","0","0","0","0","0","","","2","0","0","0","0","0","0","2","0","2","","","","N","","","","","","","","","",""
"2005412523","","1","0","0","0","0","0","0","0","0","4","0","","02","11","2005","4","40.438056","-79.779306","","11","0","0","0","0","0","2","0","0","","0","0","0","","","1","","2","","40 26:17.000","","0","79 46:45.503","4","0","0","0","2446","0","0","0","N","0","0","0","2","02446","1","","1.0","","1","N","N","","0","","0","0","1","3","3","","","2","1","0","0","0","0","0","2","0","2","","","","N","","","","","","","","","",""
"2005412524","","2","0","0","0","0","0","0","0","0","4","0","","02","11","2005","3","","","","11","0","0","0","1","0","0","0","1","","0","0","0","","","1","","2","","","","0","","4","0","0","0","2446","0","0","0","N","0","0","0","2","02446","1","","1.0","","9","N","N","","0","","0","0","0","3","3","","","2","1","1","0","0","0","0","1","0","2","","","","N","","","","","","","","","",""
"2005412534","","4","0","0","0","0","0","0","0","0","1","0","","02","11","2005","3","40.594722","-79.993532","","11","0","1","0","0","0","0","1","0","1","0","0","0","","","1","","0","","40 35:41.000","6","0","79 59:36.714","4","0","0","0","2108","0","0","0","N","0","0","0","6","02108","1","","1.0","","9","N","N","","0","","0","0","0","0","0","N","","4","1","0","0","0","0","1","2","0","4","","","","N","","","","","","","","","",""
"2005412628","","2","0","0","0","0","0","0","0","0","4","0","","02","11","2005","2","40.3922","-79.9347","","11","0","0","0","0","0","0","0","0","","0","0","0","","","0","","0","","40 23:31.920","","0","79 56:04.920","0","0","0","0","2301","0","0","0","N","0","0","0","1","02301","0","","6.0","","1","N","N","","0","","0","0","0","0","0","","","2","0","0","0","0","0","0","2","0","2","","","","N","","","","","","","","","",""
"2005412629","","1","0","0","0","0","0","0","0","0","1","0","","02","11","2005","4","40.4439","-79.9222","","11","0","0","0","0","0","2","0","0","","0","0","0","","","2","","0","","40 26:38.040","","7","79 55:19.920","8","0","0","0","2301","0","0","0","N","0","0","0","3","02301","0","","1.0","","1","N","N","","0","","0","0","1","0","0","","","2","2","0","0","0","2","0","2","0","2","","","","N","","","","","","","","","",""