"CRN","ARRIVAL_TM","AUTOMOBILE_COUNT","BELTED_DEATH_COUNT","BELTED_SUSP_SERIOUS_INJ_COUNT","BICYCLE_COUNT","BICYCLE_DEATH_COUNT","BICYCLE_SUSP_SERIOUS_INJ_COUNT","BUS_COUNT","CHLDPAS_DEATH_COUNT","CHLDPAS_SUSP_SERIOUS_INJ_COUNT","COLLISION_TYPE","COMM_VEH_COUNT","CONS_ZONE_SPD_LIM","COUNTY","CRASH_MONTH","CRASH_YEAR","DAY_OF_WEEK","DEC_LATITUDE","DEC_LONGITUDE","DISPATCH_TM","DISTRICT","DRIVER_COUNT_16YR","DRIVER_COUNT_17YR","DRIVER_COUNT_18YR","DRIVER_COUNT_19YR","DRIVER_COUNT_20YR","DRIVER_COUNT_50_64YR","DRIVER_COUNT_65_74YR","DRIVER_COUNT_75PLUS","EST_HRS_CLOSED","FATAL_COUNT","HEAVY_TRUCK_COUNT","HORSE_BUGGY_COUNT","HOUR_OF_DAY","ILLUMINATION","INJURY_COUNT","INTERSECTION_RELATED","INTERSECT_TYPE","LANE_CLOSED","LATITUDE","LN_CLOSE_DIR","LOCATION_TYPE","LONGITUDE","MAX_SEVERITY_LEVEL","MCYCLE_DEATH_COUNT","MCYCLE_SUSP_SERIOUS_INJ_COUNT","MOTORCYCLE_COUNT","MUNICIPALITY","NONMOTR_COUNT","NONMOTR_DEATH_COUNT","NONMOTR_SUSP_SERIOUS_INJ_COUNT","NTFY_HIWY_MAINT","PED_COUNT","PED_DEATH_COUNT","PED_SUSP_SERIOUS_INJ_COUNT","PERSON_COUNT","POLICE_AGCY","POSSIBLE_INJ_COUNT","RDWY_SURF_TYPE_CD","RELATION_TO_ROAD","ROADWAY_CLEARED","ROAD_CONDITION","SCH_BUS_IND","SCH_ZONE_IND","SECONDARY_CRASH","SMALL_TRUCK_COUNT","SPEC_JURIS_CD","SUSP_MINOR_INJ_COUNT","SUSP_SERIOUS_INJ_COUNT","SUV_COUNT","TCD_FUNC_CD","TCD_TYPE","TFC_DETOUR_IND","TIME_OF_DAY","TOTAL_UNITS","TOT_INJ_COUNT","UNBELTED_OCC_COUNT","UNB_DEATH_COUNT","UNB_SUSP_SERIOUS_INJ_COUNT","UNK_INJ_DEG_COUNT","UNK_INJ_PER_COUNT","URBAN_RURAL","VAN_COUNT","VEHICLE_COUNT","WEATHER1","WEATHER2","WORKERS_PRES","WORK_ZONE_IND","WORK_ZONE_LOC","WORK_ZONE_TYPE","WZ_CLOSE_DETOUR","WZ_FLAGGER","WZ_LAW_OFFCR_IND","WZ_LN_CLOSURE","WZ_MOVING","WZ_OTHER","WZ_SHLDER_MDN","WZ_WORKERS_INJ_KILLED"
"2005414027","","1","0","0","0","0","0","0","0","0","7","0","","02","12","2005","1","40.395554","-79.777922","","11","0","0","0","0","0","0","0","0","","0","0","0","","","0","","0","","40 23:43.994","","0","79 46:40.519","0","0","0","0","2470","0","0","0","N","0","0","0","3","02424","0","","5.0","","7","N","N","","0","","0","0","0","0","0","","","1","0","0","0","0","0","0","2","0","1","","","","N","","","","","","","","","",""
"2005414030","","1","0","0","0","0","0","1","0","0","2","1","","02","12","2005","4","40.430043","-79.875441","","11","0","0","0","0","0","0","0","0","2","0","0","0","","","0","","2","","40 25:48.155","3","0","79 52:31.587","0","0","0","0","2426","0","0","0","N","0","0","0","3","02503","0","","1.0","","1","N","N","","0","","0","0","0","3","3","Y","","2","0","0","0","0","0","0","2","0","2","","","","N","","","","","","","","","",""
"2005414038","","1","0","0","0","0","0","0","0","0","7","0","","02","12","2005","1","40.668721","-80.10247","","11","0","0","1","0","0","0","0","0","","0","0","0","","","0","","2","","40 40:07.395","","0","80 06:08.892","0","0","0","0","2212","0","0","0","N","0","0","0","1","02505","0","","2.0","","7","N","N","","0","","0","0","0","0","0","","","1","0","0","0","0","0","0","2","0","1","","","","N","","","","","","","","","",""
"2005414043","","1","0","0","0","0","0","0","0","0","7","0","","02","12","2005","1","","","","11","0","0","0","0","0","0","0","0","","0","0","0","","","1","","0","","","","0","","8","0","0","0","2424","0","0","0","N","0","0","0","1","02424","0","","2.0","","6","N","N","","0","","0","0","0","0","0","","","1","1","1","0","0","1","0","1","0","1","","","","N","","","","","","","","","",""
"2005414046","","0","0","0","0","0","0","0","0","0","7","0","","02","12","2005","6","40.23996","-79.933325","","11","0","0","0","0","0","0","0","0","2","0","0","0","","","2","","0","","40 14:23.855","5","0","79 55:59.971","4","0","0","0","2204","0","0","0","Y","0","0","0","3","02204","2","","5.0","","7","N","N","","1","","0","0","0","0","0","Y","","1","2","3","0","0","0","0","1","0","1","","","","N","","","","","","","","","",""
"2005414049","","0","0","0","0","0","0","0","0","0","7","0","","02","12","2005","6","40.494722","-79.780233","","11","0","0","0","0","0","0","0","0","1","0","0","0","","","1","","0","","40 29:41.000","2","0","79 46:48.838","8","0","0","0","2466","0","0","0","N","0","0","0","1","02466","0","","5.0","","6","","N","","0","","0","0","1","0","0","N","","1","1","0","0","0","1","0","2","0","1","","","","N","","","","","","","","","",""
"2005414051","","1","0","0","0","0","0","0","0","0","7","0","","02","12","2005","1","","","","11","0","0","0","0","0","1","0","0","","0","0","0","","","1","","0","","","","7","","8","0","0","0","2126","0","0","0","N","0","0","0","1","02126","0","","5.0","","7","N","N","","0","","0","0","0","0","0","","","1","1","0","0","0","1","0","1","0","1","","","","N","","","","","","","","","",""
"2005414055","","1","0","0","0","0","0","0","0","0","7","0","","02","12","2005","1","40.553517","-79.808032","","11","0","0","0","0","0","0","0","0","1","0","0","0","","","0","","0","","40 33:12.660","4","0","79 48:28.915","0","0","0","0","2208","0","0","0","N","0","0","0","1","02208","0","","5.0","","9","N","N","","0","","0","0","0","0","0","N","","1","0","0","0","0","0","0","2","0","1","","","","N","","","","","","","","","",""
"2005414058","","1","0","0","0","0","0","0","0","0","2","0","","02","12","2005","7","","","","11","0","0","0","0","0","1","0","0","2","0","0","0","","","2","","0","","","5","3","","2","0","0","0","2302","0","0","0","N","0","0","0","3","02302","0","","1.0","","2","N","N","","0","","1","1","1","0","0","Y","","2","2","0","0","0","0","0","1","0","2","","","","N","","","","","","","","","",""
"2005414063","","2","0","0","0","0","0","0","0","0","2","0","","02","12","2005","1","","","","11","0","0","0","0","0","0","0","0","2","0","0","0","","","3","","0","","","6","0","","3","0","0","0","2206","0","0","0","N","0","0","0","3","02464","2","","1.0","","2","N","N","","0","","1","0","0","0","0","Y","","2","3","0","0","0","0","0","1","0","2","","","","N","","","","","","","","","",""
"2005414065","","1","0","0","0","0","0","0","0","0","7","0","","02","12","2005","1","40.39857","-80.094541","","11","0","0","0","0","0","0","1","0","","0","0","0","","","0","","2","","40 23:54.852","","0","80 05:40.347","0","0","0","0","2117","0","0","0","N","0","0","0","1","02117","0","","5.0","","2","N","N","","0","","0","0","0","0","0","","","1","0","0","0","0","0","0","2","0","1","","","","N","","","","","","","","","",""
"2005414066","","1","0","0","0","0","0","0","0","0","7","0","","02","12","2005","1","40.487361","-79.708008","","11","0","0","1","0","0","0","0","0","","0","0","0","","","0","","0","","40 29:14.499","","0","79 42:28.828","0","0","0","0","2466","0","0","0","N","0","0","0","1","02466","0","","4.0","","7","N","N","","0","","0","0","0","0","0","","","1","0","0","0","0","0","0","2","0","1","","","","N","","","","","","","","","",""
"2005414067","","0","0","0","0","0","0","0","0","0","7","0","","02","12","2005","1","40.23862","-79.88324","","11","0","0","0","0","0","0","0","0","2","0","0","0","","","0","","0","","40 14:19.032","2","0","79 52:59.664","0","0","0","0","2204","0","0","0","N","0","0","0","1","02204","0","","5.0","","7","N","N","","1","","0","0","0","0","0","N","","1","0","0","0","0","0","0","1","0","1","","","","N","","","","","","","","","",""
"2005414071","","2","0","0","0","0","0","0","0","0","4","0","","02","12","2005","1","","","","11","0","0","0","0","0","0","1","0","2","0","0","0","","","2","","0","","","5","0","","3","0","0","0","2448","0","0","0","Y","0","0","0","2","02448","0","","1.0","","2","N","N","","0","","2","0","0","0","0","Y","","2","2","0","0","0","0","0","1","0","2","","","","N","","","","","","","","","",""
"2005414072","","0","0","0","0","0","0","0","0","0","7","0","","02","12","2005","1","40.4019","-80.0831","","11","0","0","0","0","0","1","0","0","","0","0","0","","","0","","0","","40 24:06.840","","0","80 04:59.160","0","0","0","0","2415","0","0","0","N","0","0","0","1","02415","0","","5.0","","6","N","N","","0","","0","0","0","0","0","","","1","0","0","0","0","0","0","2","1","1","","","","N","","","","","","","","","",""
"2005414076","","0","0","0","0","0","0","0","0","0","7","0","","02","12","2005","1","40.2981","-79.8752","","11","0","0","0","0","0","1","0","0","1","0","0","0","","","1","","0","","40 17:53.160","2","0","79 52:30.720","8","0","0","0","2302","0","0","0","N","0","0","0","2","02302","0","","4.0","","2","N","N","","0","","0","0","1","0","0","N","","1","1","0","0","0","1","0","2","0","1","","","","N","","","","","","","","","",""
"2005414077","","0","0","0","0","0","0","0","0","0","7","0","","02","12","2005","1","40.51007","-79.89224","","11","0","0","0","0","0","1","0","0","","0","0","0","","","0","","0","","40 30:36.252","","0","79 53:32.065","0","0","0","0","2432","0","0","0","N","0","0","0","1","02432","0","","5.0","","7","N","N","","0","","0","0","1","0","0","","","1","0","0","0","0","0","0","2","0","1","","","","N","","","","","","","","","",""
"2005414078","","0","0","0","0","0","0","0","0","0","7","0","","02","12","2005","1","40.381389","-79.995695","","11","0","0","0","0","0","0","0","0","2","0","0","0","","","1","","0","","40 22:53.000","2","0","79 59:44.501","8","0","0","0","2476","0","0","0","Y","0","0","0","1","02476","0","","5.0","","2","N","N","","1","","0","0","0","0","0","Y","","1","1","0","0","0","1","0","2","0","1","","","","N","","","","","","","","","",""
"2005414088","","1","0","0","0","0","0","0","0","0","7","0","","02","12","2005","1","40.323117","-79.956552","","11","0","0","0","0","0","0","0","0","","0","0","0","","","0","","2","","40 19:23.221","","0","79 57:23.587","0","0","0","0","2454","0","0","0","N","0","0","0","1","02454","0","","5.0","","1","N","N","","0","","0","0","0","3","3","","","1","0","0","0","0","0","0","2","0","1","","","","N","","","","","","","","","",""
"2005414093","","1","0","0","0","0","0","0","0","0","7","0","","02","12","2005","5","40.5091","-79.953","","11","0","0","0","0","0","0","0","0","","0","0","0","","","0","","0","","40 30:32.760","","0","79 57:10.800","0","0","0","0","2118","0","0","0","N","0","0","0","3","02118","0","","2.0","","1","N","N","","0","","0","0","0","0","0","","","1","0","0","0","0","0","0","2","0","1","","","","N","","","","","","","","","",""
"2005414097","","1","0","0","0","0","0","0","0","0","1","0","","02","12","2005","2","","","","11","0","1","0","0","0","1","0","0","","0","0","0","","","0","","2","","","","0","","0","0","0","0","2217","0","0","0","N","0","0","0","2","02217","0","","1.0","","6","N","N","","0","","0","0","1","0","0","","","2","0","0","0","0","0","0","1","0","2","","","","N","","","","","","","","","",""
"2005414098","","1","0","0","0","0","0","0","0","0","7","0","","02","12","2005","7","40.578231","-80.167901","","11","1","0","0","0","0","0","0","0","","0","0","0","","","0","","0","","40 34:41.632","","0","80 10:04.443","0","0","0","0","2459","0","0","0","N","0","0","0","1","02459","0","","4.0","","2","N","N","","0","","0","0","0","0","0","","","1","0","0","0","0","0","0","1","0","1","","","","N","","","","","","","","","",""
"2005414099","","1","0","0","0","0","0","0","0","0","5","1","","02","12","2005","6","40.324444","-80.082613","","11","0","0","0","0","0","0","0","0","2","0","1","0","","","1","","0","","40 19:28.000","2","0","80 04:57.405","8","0","0","0","2123","0","0","0","N","0","0","0","2","02123","0","","1.0","","9","N","N","","0","","0","0","0","0","0","N","","2","1","0","0","0","1","0","2","0","2","","","","N","","","","","","","","","",""
"2005414101","","2","0","0","0","0","0","0","0","0","4","0","","02","12","2005","4","40.556519","-80.124573","","11","0","0","0","1","0","0","0","0","","0","0","0","","","2","","3","","40 33:23.468","","0","80 07:28.462","4","0","0","0","2459","0","0","0","N","0","0","0","2","02459","2","","1.0","","1","N","N","","0","","0","0","0","3","3","","","2","2","0","0","0","0","0","1","0","2","","","","N","","","","","","","","","",""
"2005414103","","1","0","0","0","0","0","0","0","0","1","0","","02","12","2005","5","40.326543","-80.06504","","11","0","0","0","0","0","1","0","0","","0","0","0","","","2","","2","","40 19:35.554","","0","80 03:54.144","4","0","0","0","2123","0","0","0","N","0","0","0","2","02123","2","","1.0","","1","N","N","","0","","0","0","1","0","0","","","2","2","0","0","0","0","0","2","0","2","","","","N","","","","","","","","","",""
"2005414107","","1","0","0","0","0","0","0","0","0","7","0","","02","12","2005","4","40.549383","-79.914411","","11","0","0","0","0","0","0","0","1","","0","0","0","","","1","","0","","40 32:57.778","","0","79 54:51.878","3","0","0","0","2209","0","0","0","N","0","0","0","1","02209","0","","5.0","","1","N","N","","0","","1","0","0","0","0","","","1","1","1","0","0","0","0","2","0","1","","","","N","","","","","","","","","",""
"2005414111","","1","0","0","0","0","0","0","0","0","4","0","","02","12","2005","2","40.398054","-79.923159","","11","0","0","0","0","0","0","0","0","1","0","0","0","","","0","","0","","40 23:52.996","3","0","79 55:23.371","0","0","0","0","2472","0","0","0","N","0","0","0","2","02472","0","","1.0","","9","N","N","","0","","0","0","0","3","3","N","","2","0","0","0","0","0","0","2","1","2","","","","N","","","","","","","","","",""
"2005414112","","2","0","0","0","0","0","0","0","0","4","0","","02","12","2005","2","40.553333","-79.916785","","11","0","0","0","0","0","0","0","0","","0","0","0","","","1","","0","","40 33:12.000","","0","79 55:00.426","4","0","0","0","2209","0","0","0","Y","0","0","0","2","02209","1","","1.0","","7","N","N","","0","","0","0","0","0","0","","","2","1","0","0","0","0","0","2","0","2","","","","N","","","","","","","","","",""
"2005414115","","0","0","0","0","0","0","1","0","0","1","1","","02","12","2005","2","","","","11","0","0","0","0","0","0","1","0","1","0","0","0","","","1","","0","","","6","0","","8","0","0","0","2110","0","0","0","N","0","0","0","4","02503","0","","1.0","","7","N","N","","1","","0","0","0","0","0","N","","2","1","0","0","0","1","0","1","0","2","","","","N","","","","","","","","","",""
"2005414117","","1","0","0","0","0","0","0","0","0","7","0","","02","12","2005","5","40.625556","-79.764055","","11","0","0","0","0","0","0","0","0","","0","0","0","","","0","","0","","40 37:32.000","","0","79 45:50.599","0","0","0","0","2202","0","0","0","Y","0","0","0","1","02202","0","","9.0","","1","N","N","","0","","0","0","0","0","0","","","1","0","0","0","0","0","0","1","0","1","","","","N","","","","","","","","","",""
"2005414122","","0","0","0","0","0","0","0","0","0","7","0","","02","12","2005","5","40.625556","-79.764055","","11","0","0","0","0","0","0","0","0","","0","0","0","","","0","","0","","40 37:32.000","","0","79 45:50.599","0","0","0","0","2202","0","0","0","Y","0","0","0","1","02202","0","","5.0","","1","N","N","","1","","0","0","0","0","0","","","1","0","0","0","0","0","0","1","0","1","","","","N","","","","","","","","","",""
"2005414123","","0","0","0","0","0","0","0","0","0","7","0","","02","12","2005","2","40.23862","-79.88324","","11","0","0","0","0","0","0","0","0","","0","0","0","","","1","","0","","40 14:19.032","","0","79 52:59.664","8","0","0","0","2204","0","0","0","N","0","0","0","1","02204","0","","2.0","","7","N","N","","0","","0","0","0","0","0","","","1","1","0","0","0","1","0","1","1","1","","","","N","","","","","","","","","",""
"2005414127","","0","0","0","0","0","0","0","0","0","8","0","","02","12","2005","1","","","","11","0","0","0","0","0","1","0","0","3","1","0","0","","","1","","0","","","6","0","","1","0","0","0","2467","2","1","0","N","2","1","0","3","02501","1","2","1.0","","7","N","N","","1","0","0","0","0","0","0","Y","","3","1","0","0","0","0","0","1","0","1","","","","N","","","","","","","","","",""
"2005414132","","2","0","0","0","0","0","0","0","0","2","0","","02","12","2005","6","40.615833","-80.055178","","11","0","0","0","0","0","1","0","0","","0","0","0","","","0","","1","","40 36:57.000","","0","80 03:18.640","9","0","0","0","2216","0","0","0","N","0","0","0","4","02505","0","","1.0","","1","N","N","","0","","0","0","0","3","2","","","2","0","1","0","0","0","2","2","0","2","","","","N","","","","","","","","","",""
"2005414133","","1","0","0","0","0","0","0","0","0","7","0","","02","12","2005","1","40.244444","-79.872049","","11","0","0","1","0","0","0","0","0","","0","0","0","","","0","","0","","40 14:40.000","","0","79 52:19.375","0","0","0","0","2204","0","0","0","N","0","0","0","1","02204","0","","3.0","","7","N","N","","0","","0","0","0","0","0","","","1","0","0","0","0","0","0","1","0","1","","","","N","","","","","","","","","",""
"2005414134","","2","0","0","0","0","0","0","0","0","1","0","","02","12","2005","5","40.628611","-80.056173","","11","0","0","0","0","0","1","0","0","2","0","0","0","","","0","","0","","40 37:43.000","1","0","80 03:22.224","0","0","0","0","2216","0","0","0","N","0","0","0","2","02505","0","","1.0","","1","N","N","","0","","0","0","0","0","0","N","","2","0","0","0","0","0","0","2","0","2","","","","N","","","","","","","","","",""
"2005414214","","1","0","0","0","0","0","0","0","0","7","0","","02","12","2005","2","40.5479","-79.8346","","11","0","0","0","0","0","0","0","0","","0","0","0","","","0","","0","","40 32:52.440","","0","79 50:04.560","0","0","0","0","2208","0","0","0","Y","0","0","0","2","02208","0","","2.0","","9","N","N","","0","","0","0","0","0","0","","","1","0","0","0","0","0","0","2","0","1","","","","N","","","","","","","","","",""
"2005414216","","1","0","0","0","0","0","0","0","0","7","0","","02","12","2005","1","40.390513","-79.951082","","11","0","0","0","0","0","1","0","0","2","0","0","0","","","0","","0","","40 23:25.845","3","3","79 57:03.896","0","0","0","0","2403","0","0","0","N","0","0","0","2","02403","0","","2.0","","7","N","N","","1","","0","0","0","0","0","N","","2","0","0","0","0","0","0","2","0","2","","","","N","","","","","","","","","",""
"2005414221","","2","0","0","0","0","0","0","0","0","4","0","","02","11","2005","6","40.451206","-79.931902","","11","0","0","0","0","0","0","0","0","1","0","0","0","","","0","","0","","40 27:04.341","2","0","79 55:54.847","0","0","0","0","2301","0","0","0","N","0","0","0","5","02301","0","","1.0","","1","N","N","","0","","0","0","0","2","8","Y","","2","0","0","0","0","0","0","2","0","2","","","","N","","","","","","","","","",""
"2005414222","","2","0","0","0","0","0","0","0","0","5","0","","02","11","2005","7","40.442442","-79.955755","","11","0","0","0","0","0","0","0","0","","0","0","0","","","0","","0","","40 26:32.791","","0","79 57:20.718","0","0","0","0","2301","0","0","0","N","0","0","0","1","02301","0","","6.0","","1","N","N","","1","","0","0","0","0","0","","","3","0","0","0","0","0","0","2","0","3","","","","N","","","","","","","","","",""
"2005414223","","2","0","0","0","0","0","0","0","0","4","0","","02","11","2005","7","","","","11","0","0","0","1","0","0","0","1","","0","0","0","","","0","","1","","","","0","","0","0","0","0","2301","0","0","0","N","0","0","0","3","02301","0","","1.0","","1","N","N","","0","","0","0","0","3","3","","","2","0","0","0","0","0","0","1","0","2","","","","N","","","","","","","","","",""
"2005414225","","2","0","0","0","0","0","0","0","0","2","0","","02","11","2005","2","40.43531","-79.91899","","11","0","0","0","0","0","0","0","0","2","0","0","0","","","1","","1","","40 26:07.116","1","0","79 55:08.364","4","0","0","0","2301","0","0","0","N","0","0","0","2","02301","1","","1.0","","1","N","N","","0","","0","0","0","3","2","Y","","2","1","0","0","0","0","0","2","0","2","","","","N","","","","","","","","","",""
"2005414230","","1","0","0","0","0","0","0","0","0","1","0","","02","11","2005","4","40.3535","-79.8454","","11","0","0","0","0","0","0","0","0","","0","0","0","","","1","","2","","40 21:12.600","","2","79 50:43.440","3","0","0","0","2304","0","0","0","N","0","0","0","2","02304","0","","1.0","","9","N","N","","1","","1","0","0","3","2","","","2","1","0","0","0","0","0","2","0","2","","","","N","","","","","","","","","",""
"2005414231","","2","0","0","0","0","0","0","0","0","4","0","","02","11","2005","7","40.461897","-79.937608","","11","0","0","0","0","0","0","0","0","","0","0","0","","","1","","1","","40 27:42.829","","0","79 56:15.388","8","0","0","0","2301","0","0","0","N","0","0","0","2","02301","0","","1.0","","1","N","N","","0","","0","0","0","3","1","","","2","1","0","0","0","1","0","2","0","2","","","","N","","","","","","","","","",""
"2005414232","","2","0","0","0","0","0","0","0","0","2","0","","02","11","2005","1","40.466618","-79.925386","","11","0","0","0","0","0","0","0","0","","0","0","0","","","0","","2","","40 27:59.824","","0","79 55:31.389","9","0","0","0","2301","0","0","0","N","0","0","0","3","02301","0","","1.0","","1","N","N","","0","","0","0","0","3","2","","","2","0","0","0","0","0","2","2","0","2","","","","N","","","","","","","","","",""
"2005414233","","1","0","0","0","0","0","0","0","0","7","0","","02","11","2005","5","","","","11","0","0","0","0","0","1","0","0","","0","0","0","","","0","","0","","","","0","","0","0","0","0","2301","0","0","0","N","0","0","0","1","02301","0","","5.0","","1","N","N","","0","","0","0","0","0","0","","","1","0","0","0","0","0","0","1","0","1","","","","N","","","","","","","","","",""
"2005414234","","2","0","0","0","0","0","0","0","0","4","0","","02","11","2005","4","40.474065","-79.931522","","11","0","0","0","0","1","0","0","0","","0","0","0","","","0","","0","","40 28:26.634","","0","79 55:53.479","0","0","0","0","2301","0","0","0","N","0","0","0","2","02301","0","","1.0","","1","N","N","","0","","0","0","0","0","0","","","2","0","0","0","0","0","0","2","0","2","","","","N","","","","","","","","","",""
"2005414235","","2","0","0","0","0","0","0","0","0","4","0","","02","11","2005","4","40.463335","-79.912343","","11","0","0","0","0","0","1","0","0","","0","0","0","","","0","","1","","40 27:48.006","","0","79 54:44.434","9","0","0","0","2301","0","0","0","N","0","0","0","3","02301","0","","1.0","","6","N","N","","0","","0","0","0","3","1","","","2","0","0","0","0","0","1","2","0","2","","","","N","","","","","","","","","",""
"2005414236","","1","0","0","0","0","0","0","0","0","6","0","","02","11","2005","1","40.462341","-79.943223","","11","0","0","0","0","0","0","0","0","","0","0","0","","","1","","1","","40 27:44.427","","0","79 56:35.602","4","0","0","0","2301","0","0","0","N","0","0","0","3","02301","1","","1.0","","1","N","N","","1","","0","0","0","3","3","","","2","1","0","0","0","0","0","2","0","2","","","","N","","","","","","","","","",""
"2005414237","","0","0","0","0","0","0","0","0","0","2","0","","02","11","2005","5","","","","11","0","0","0","0","0","0","1","0","2","0","0","0","","","0","","0","","","2","0","","0","0","0","0","2301","0","0","0","N","0","0","0","2","02301","0","","1.0","","1","N","N","","0","","0","0","1","0","0","N","","2","0","0","0","0","0","0","1","1","2","","","","N","","","","","","","","","",""
"2005414238","","2","0","0","0","0","0","0","0","0","5","0","","02","11","2005","7","40.45421","-79.953506","","11","0","0","0","0","0","0","0","0","","0","0","0","","","0","","0","","40 27:15.155","","0","79 57:12.621","0","0","0","0","2301","0","0","0","N","0","0","0","2","02301","0","","1.0","","1","N","N","","0","","0","0","0","0","0","","","2","0","0","0","0","0","0","2","0","2","","","","N","","","","","","","","","",""
"2005414239","","3","0","0","0","0","0","0","0","0","1","0","","02","11","2005","4","40.4869","-79.913","","11","0","0","0","0","0","1","0","0","3","0","0","0","","","0","","0","","40 29:12.840","2","3","79 54:46.800","0","0","0","0","2301","0","0","0","N","0","0","0","6","02301","0","","1.0","","6","N","N","","0","","0","0","2","0","0","N","","5","0","0","0","0","0","0","2","0","5","","","","N","","","","","","","","","",""
"2005414240","","1","0","0","0","0","0","0","0","0","0","0","","02","11","2005","4","40.470048","-79.946427","","11","0","0","0","0","0","0","0","0","1","0","0","0","","","1","","0","","40 28:12.172","6","0","79 56:47.137","4","0","0","0","2301","0","0","0","N","0","0","0","2","02301","1","","1.0","","2","N","N","","0","","0","0","1","0","0","Y","","2","1","0","0","0","0","0","2","0","2","","","","N","","","","","","","","","",""
"2005414241","","1","0","0","0","0","0","0","0","0","1","0","","02","11","2005","4","40.474749","-79.936807","","11","0","0","0","0","0","0","0","0","","0","0","0","","","0","","0","","40 28:29.096","","0","79 56:12.505","9","0","0","0","2301","0","0","0","","0","0","0","1","02301","0","","6.0","","7","N","N","","1","","0","0","0","0","0","","","2","0","0","0","0","0","1","2","0","2","","","","N","","","","","","","","","",""
"2005414242","","0","0","0","0","0","0","0","0","0","7","0","","02","11","2005","4","","","","11","0","0","0","0","1","0","0","0","1","0","0","0","","","0","","0","","","2","3","","0","0","0","0","2301","0","0","0","N","0","0","0","5","02301","0","","4.0","","6","N","N","","0","","0","0","1","0","0","N","","1","0","0","0","0","0","0","1","0","1","","","","N","","","","","","","","","",""
"2005414243","","1","0","0","0","0","0","0","0","0","7","0","","02","11","2005","2","40.4935","-79.9107","","11","0","0","0","0","1","0","0","0","","0","0","0","","","1","","0","","40 29:36.600","","2","79 54:38.520","4","0","0","0","2301","0","0","0","N","0","0","0","1","02301","1","","4.0","","1","N","N","","0","","0","0","0","0","0","","","1","1","0","0","0","0","0","2","0","1","","","","N","","","","","","","","","",""
"2005414244","","2","0","0","0","0","0","0","0","0","4","0","","02","11","2005","4","40.436297","-80.038325","","11","0","0","0","0","0","1","0","0","","0","0","0","","","1","","0","","40 26:10.669","","0","80 02:17.970","8","0","0","0","2301","0","0","0","N","0","0","0","3","02301","0","","1.0","","2","N","N","","0","","0","0","0","0","0","","","2","1","0","0","0","1","0","2","0","2","","","","N","","","","","","","","","",""
"2005414245","","2","0","0","0","0","0","0","0","0","6","0","","02","11","2005","5","40.438283","-79.996078","","11","0","0","0","0","0","0","2","0","","0","0","0","","","0","","1","","40 26:17.818","","0","79 59:45.880","0","0","0","0","2301","0","0","0","N","0","0","0","2","02301","0","","1.0","","1","N","N","","0","","0","0","0","3","2","","","2","0","0","0","0","0","0","2","0","2","","","","N","","","","","","","","","",""
"2005414246","","1","0","0","0","0","0","0","0","0","4","0","","02","11","2005","4","40.39585","-80.010224","","11","0","0","0","0","0","1","0","0","","0","0","0","","","1","","0","","40 23:45.060","","0","80 00:36.806","8","0","0","0","2301","0","0","0","N","0","0","0","2","02301","0","","1.0","","2","N","N","","0","","0","0","1","0","0","","","2","1","0","0","0","1","0","2","0","2","","","","N","","","","","","","","","",""
"2005414247","","0","0","0","0","0","0","0","0","0","1","0","","02","11","2005","2","","","","11","0","0","0","0","1","0","0","0","","0","0","0","","","0","","0","","","","0","","0","0","0","0","2301","0","0","0","N","0","0","0","1","02301","0","","6.0","","1","Y","N","","0","","0","0","1","0","0","","","2","0","0","0","0","0","0","1","1","2","","","","N","","","","","","","","","",""
"2005414248","","1","0","0","0","0","0","0","0","0","8","0","","02","11","2005","7","40.428333","-79.974334","","11","0","0","0","0","0","0","0","0","","0","0","0","","","2","","1","","40 25:42.000","","0","79 58:27.604","4","0","0","0","2301","2","0","0","N","2","0","0","3","02301","1","","1.0","","1","N","N","","0","","0","0","0","3","2","","","3","2","0","0","0","1","0","2","0","1","","","","N","","","","","","","","","",""
"2005414249","","1","0","0","0","0","0","0","0","0","7","0","","02","11","2005","3","","","","11","0","0","0","0","0","0","0","0","1","0","0","0","","","0","","0","","","3","0","","0","0","0","0","2301","0","0","0","N","0","0","0","1","02301","0","","2.0","","9","N","N","","0","","0","0","0","0","0","N","","1","0","0","0","0","0","0","1","0","1","","","","N","","","","","","","","","",""
"2005414250","","0","0","0","0","0","0","0","0","0","7","0","","02","11","2005","3","40.433557","-80.050544","","11","0","0","0","0","0","1","0","0","","0","0","0","","","0","","2","","40 26:00.806","","0","80 03:01.958","0","0","0","0","2301","0","0","0","N","0","0","0","1","02301","0","","4.0","","2","N","N","","1","","0","0","0","0","0","","","1","0","0","0","0","0","0","2","0","1","","","","N","","","","","","","","","",""
"2005414251","","1","0","0","0","0","0","0","0","0","4","0","","02","11","2005","4","40.418147","-79.988856","","11","0","0","0","0","0","0","1","0","","0","0","0","","","1","","1","","40 25:05.329","","0","79 59:19.881","4","0","0","0","2301","0","0","0","N","0","0","0","2","02301","1","","1.0","","9","N","N","","0","","0","0","1","3","3","","","2","1","0","0","0","0","0","2","0","2","","","","N","","","","","","","","","",""
"2005414252","","2","0","0","0","0","0","0","0","0","2","0","","02","11","2005","1","40.459584","-79.986094","","11","0","0","0","0","0","0","0","0","1","0","0","0","","","2","","0","","40 27:34.502","6","0","79 59:09.938","3","0","0","0","2301","0","0","0","N","0","0","0","3","02301","0","","1.0","","9","N","N","","0","","2","0","0","0","0","Y","","2","2","0","0","0","0","0","2","0","2","","","","N","","","","","","","","","",""