"CRN","ARRIVAL_TM","AUTOMOBILE_COUNT","BELTED_DEATH_COUNT","BELTED_SUSP_SERIOUS_INJ_COUNT","BICYCLE_COUNT","BICYCLE_DEATH_COUNT","BICYCLE_SUSP_SERIOUS_INJ_COUNT","BUS_COUNT","CHLDPAS_DEATH_COUNT","CHLDPAS_SUSP_SERIOUS_INJ_COUNT","COLLISION_TYPE","COMM_VEH_COUNT","CONS_ZONE_SPD_LIM","COUNTY","CRASH_MONTH","CRASH_YEAR","DAY_OF_WEEK","DEC_LATITUDE","DEC_LONGITUDE","DISPATCH_TM","DISTRICT","DRIVER_COUNT_16YR","DRIVER_COUNT_17YR","DRIVER_COUNT_18YR","DRIVER_COUNT_19YR","DRIVER_COUNT_20YR","DRIVER_COUNT_50_64YR","DRIVER_COUNT_65_74YR","DRIVER_COUNT_75PLUS","EST_HRS_CLOSED","FATAL_COUNT","HEAVY_TRUCK_COUNT","HORSE_BUGGY_COUNT","HOUR_OF_DAY","ILLUMINATION","INJURY_COUNT","INTERSECTION_RELATED","INTERSECT_TYPE","LANE_CLOSED","LATITUDE","LN_CLOSE_DIR","LOCATION_TYPE","LONGITUDE","MAX_SEVERITY_LEVEL","MCYCLE_DEATH_COUNT","MCYCLE_SUSP_SERIOUS_INJ_COUNT","MOTORCYCLE_COUNT","MUNICIPALITY","NONMOTR_COUNT","NONMOTR_DEATH_COUNT","NONMOTR_SUSP_SERIOUS_INJ_COUNT","NTFY_HIWY_MAINT","PED_COUNT","PED_DEATH_COUNT","PED_SUSP_SERIOUS_INJ_COUNT","PERSON_COUNT","POLICE_AGCY","POSSIBLE_INJ_COUNT","RDWY_SURF_TYPE_CD","RELATION_TO_ROAD","ROADWAY_CLEARED","ROAD_CONDITION","SCH_BUS_IND","SCH_ZONE_IND","SECONDARY_CRASH","SMALL_TRUCK_COUNT","SPEC_JURIS_CD","SUSP_MINOR_INJ_COUNT","SUSP_SERIOUS_INJ_COUNT","SUV_COUNT","TCD_FUNC_CD","TCD_TYPE","TFC_DETOUR_IND","TIME_OF_DAY","TOTAL_UNITS","TOT_INJ_COUNT","UNBELTED_OCC_COUNT","UNB_DEATH_COUNT","UNB_SUSP_SERIOUS_INJ_COUNT","UNK_INJ_DEG_COUNT","UNK_INJ_PER_COUNT","URBAN_RURAL","VAN_COUNT","VEHICLE_COUNT","WEATHER1","WEATHER2","WORKERS_PRES","WORK_ZONE_IND","WORK_ZONE_LOC","WORK_ZONE_TYPE","WZ_CLOSE_DETOUR","WZ_FLAGGER","WZ_LAW_OFFCR_IND","WZ_LN_CLOSURE","WZ_MOVING","WZ_OTHER","WZ_SHLDER_MDN","WZ_WORKERS_INJ_KILLED"
"2005414253","","2","0","0","0","0","0","0","0","0","5","0","","02","11","2005","7","40.484264","-80.013773","","11","0","0","0","0","0","0","0","0","","0","0","0","","","0","","0","","40 29:03.352","","0","80 00:49.582","0","0","0","0","2301","0","0","0","N","0","0","0","2","02301","0","","1.0","","1","N","N","","0","","0","0","0","0","0","","","2","0","1","0","0","0","0","2","0","2","","","","N","","","","","","","","","",""
"2005414254","","1","0","0","0","0","0","0","0","0","4","0","","02","11","2005","1","40.457222","-79.99791","","11","0","0","0","0","0","0","0","0","","0","0","0","","","1","","1","","40 27:26.000","","0","79 59:52.475","4","0","0","0","2301","0","0","0","N","0","0","0","4","02301","1","","1.0","","1","N","N","","1","","0","0","0","3","2","","","2","1","0","0","0","0","0","2","0","2","","","","N","","","","","","","","","",""
"2005414255","","2","0","0","0","0","0","0","0","0","4","0","","02","11","2005","1","40.456389","-79.998747","","11","0","0","0","0","0","1","0","0","1","0","0","0","","","1","","1","","40 27:23.000","2","0","79 59:55.489","8","0","0","0","2301","0","0","0","N","0","0","0","4","02301","0","","1.0","","1","N","N","","0","","0","0","0","3","2","N","","2","1","0","0","0","1","0","2","0","2","","","","N","","","","","","","","","",""
"2005414256","","1","0","0","0","0","0","0","0","0","7","0","","02","11","2005","1","","","","11","0","0","0","0","0","0","1","0","","0","0","0","","","1","","2","","","","0","","4","0","0","0","2301","0","0","0","N","0","0","0","1","02301","1","","3.0","","1","N","N","","0","","0","0","0","0","0","","","1","1","0","0","0","0","0","1","0","1","","","","N","","","","","","","","","",""
"2005414257","","1","0","0","0","0","0","0","0","0","7","0","","02","11","2005","2","","","","11","0","0","0","0","0","0","0","0","1","0","0","0","","","0","","0","","","2","0","","0","0","0","0","2302","0","0","0","N","0","0","0","1","02301","0","","4.0","","1","N","N","","0","","0","0","0","0","0","Y","","1","0","0","0","0","0","0","1","0","1","","","","N","","","","","","","","","",""
"2005414258","","1","0","0","0","0","0","0","0","0","2","0","","02","11","2005","3","40.484349","-80.036986","","11","0","0","0","0","0","0","0","0","","0","0","0","","","0","","1","","40 29:03.656","","0","80 02:13.149","0","0","0","0","2301","0","0","0","N","0","0","0","1","02301","0","","1.0","","1","N","N","","1","","0","0","0","3","3","","","2","0","0","0","0","0","0","2","0","2","","","","N","","","","","","","","","",""
"2005414259","","1","0","0","0","0","0","0","0","0","2","0","","02","11","2005","3","40.454167","-79.996914","","11","0","0","1","0","0","0","0","0","1","0","0","0","","","1","","1","","40 27:15.000","4","0","79 59:48.892","4","0","0","0","2301","0","0","0","N","0","0","0","2","02301","1","","1.0","","1","N","N","","0","","0","0","1","3","2","Y","","2","1","1","0","0","0","0","2","0","2","","","","N","","","","","","","","","",""
"2005414260","","2","0","0","0","0","0","0","0","0","4","0","","02","11","2005","5","40.449195","-80.004952","","11","0","0","0","0","0","0","0","0","","0","0","0","","","1","","1","","40 26:57.102","","0","80 00:17.827","8","0","0","0","2301","0","0","0","N","0","0","0","2","02301","0","","1.0","","2","N","N","","0","","0","0","0","3","2","","","2","1","1","0","0","1","0","2","0","2","","","","N","","","","","","","","","",""
"2005414261","","0","0","0","0","0","0","0","0","0","8","0","","02","11","2005","6","40.44892","-79.974133","","11","0","0","0","0","0","0","0","0","","0","0","0","","","1","","0","","40 26:56.112","","0","79 58:26.878","4","0","0","0","2301","1","0","0","N","1","0","0","2","02301","1","","1.0","","1","N","N","","0","","0","0","0","0","0","","","2","1","1","0","0","0","0","2","1","1","","","","N","","","","","","","","","",""
"2005414263","","1","0","0","0","0","0","0","0","0","5","0","","02","11","2005","1","40.471776","-80.036569","","11","0","0","0","0","0","0","0","0","","0","0","0","","","0","","2","","40 28:18.393","","0","80 02:11.648","0","0","0","0","2301","0","0","0","N","0","0","0","1","02301","0","","1.0","","1","N","N","","0","","0","0","1","3","3","","","2","0","0","0","0","0","0","2","0","2","","","","N","","","","","","","","","",""
"2005414264","","2","0","0","0","0","0","0","0","0","1","0","","02","11","2005","1","","","","11","0","0","0","0","0","0","0","0","1","0","0","0","","","1","","0","","","2","0","","8","0","0","0","2301","0","0","0","N","0","0","0","4","02301","0","","1.0","","1","N","N","","0","","0","0","0","0","0","N","","2","1","0","0","0","1","0","1","0","2","","","","N","","","","","","","","","",""
"2005414265","","1","0","0","0","0","0","0","0","0","4","0","","02","11","2005","6","","","","11","0","0","0","0","0","1","0","0","","0","0","0","","","0","","1","","","","0","","0","0","0","0","2301","0","0","0","N","0","0","0","4","02301","0","","1.0","","1","N","N","","1","","0","0","0","3","2","","","2","0","0","0","0","0","0","1","0","2","","","","N","","","","","","","","","",""
"2005414266","","2","0","0","0","0","0","0","0","0","2","0","","02","11","2005","6","","","","11","0","0","0","0","0","0","1","0","3","0","0","0","","","3","","2","","","7","0","","2","0","0","0","2301","0","0","0","N","0","0","0","5","02301","0","","1.0","","1","N","N","","0","","0","3","0","3","2","Y","","2","3","5","0","3","0","0","1","0","2","","","","N","","","","","","","","","",""
"2005414267","","1","0","0","0","0","0","0","0","0","4","0","","02","11","2005","7","40.438333","-80.001862","","11","0","0","0","0","0","0","0","0","","0","0","0","","","0","","1","","40 26:18.000","","0","80 00:06.704","0","0","0","0","2301","0","0","0","N","0","0","0","3","02301","0","","1.0","","1","N","N","","0","","0","0","1","3","2","","","2","0","1","0","0","0","0","2","0","2","","","","N","","","","","","","","","",""
"2005414268","","1","0","0","0","0","0","0","0","0","2","0","","02","11","2005","4","40.4343","-80.0078","","11","0","0","0","0","0","0","0","0","2","0","0","0","","","0","","0","","40 26:03.480","4","0","80 00:28.080","0","0","0","0","2301","0","0","0","N","0","0","0","3","02301","0","","1.0","","7","N","N","","0","","0","0","1","0","0","N","","2","0","0","0","0","0","0","2","0","2","","","","N","","","","","","","","","",""
"2005414269","","2","0","0","0","0","0","0","0","0","4","0","","02","11","2005","5","","","","11","0","0","0","0","0","0","0","0","2","0","0","0","","","0","","0","","","6","0","","0","0","0","0","2301","0","0","0","N","0","0","0","2","02301","0","","6.0","","9","N","N","","0","","0","0","1","0","0","Y","","3","0","0","0","0","0","0","1","0","3","","","","N","","","","","","","","","",""
"2005414270","","2","0","0","0","0","0","0","0","0","4","0","","02","11","2005","1","40.468756","-79.896053","","11","0","0","0","0","0","0","0","0","1","0","0","0","","","1","","1","","40 28:07.521","4","0","79 53:45.790","8","0","0","0","2301","0","0","0","N","0","0","0","2","02301","0","","1.0","","1","N","N","","0","","0","0","0","3","2","Y","","2","1","0","0","0","1","0","2","0","2","","","","N","","","","","","","","","",""
"2005414272","","1","0","0","0","0","0","0","0","0","8","0","","02","11","2005","4","40.440833","-80.034708","","11","0","0","0","0","0","0","0","0","","0","0","0","","","1","","1","","40 26:27.000","","0","80 02:04.949","8","0","0","0","2301","1","0","0","N","1","0","0","2","02301","0","","1.0","","9","N","N","","0","","0","0","0","3","2","","","2","1","0","0","0","1","0","2","0","1","","","","N","","","","","","","","","",""
"2005414273","","2","0","0","0","0","0","0","0","0","6","0","","02","11","2005","4","40.4299","-79.9987","","11","0","0","0","0","0","0","0","0","","0","0","0","","","1","","0","","40 25:47.640","","3","79 59:55.320","8","0","0","0","2301","0","0","0","N","0","0","0","4","02301","0","","1.0","","6","N","N","","0","","0","0","0","0","0","","","3","1","1","0","0","1","0","2","1","3","","","","N","","","","","","","","","",""
"2005414274","","0","0","0","0","0","0","0","0","0","4","0","","02","11","2005","4","40.40427","-80.01725","","11","0","0","0","0","0","0","0","0","1","0","0","0","","","0","","0","","40 24:15.372","5","7","80 01:02.100","0","0","0","0","2301","0","0","0","N","0","0","0","1","02301","0","","5.0","","7","N","N","","0","","0","0","2","0","0","Y","","2","0","0","0","0","0","0","2","0","2","","","","N","","","","","","","","","",""
"2005414275","","1","0","0","0","0","0","0","0","0","7","0","","02","11","2005","4","","","","11","0","0","0","1","0","0","0","0","","0","0","0","","","0","","2","","","","0","","0","0","0","0","2301","0","0","0","N","0","0","0","1","02301","0","","4.0","","2","N","N","","0","","0","0","0","0","0","","","1","0","0","0","0","0","0","1","0","1","","","","N","","","","","","","","","",""
"2005414276","","1","0","0","0","0","0","0","0","0","1","0","","02","11","2005","4","","","","11","0","0","0","0","0","0","0","0","","0","0","0","","","0","","0","","","","0","","0","0","0","0","2301","0","0","0","N","0","0","0","2","02301","0","","1.0","","6","N","N","","3","","0","0","0","0","0","","","4","0","0","0","0","0","0","1","0","4","","","","N","","","","","","","","","",""
"2005414277","","2","0","0","0","0","0","0","0","0","4","0","","02","11","2005","5","","","","11","0","0","0","0","0","0","0","0","","0","0","0","","","1","","1","","","","0","","4","0","0","0","2301","0","0","0","N","0","0","0","3","02301","1","","1.0","","9","N","N","","0","","0","0","0","3","1","","","2","1","2","0","0","0","0","1","0","2","","","","N","","","","","","","","","",""
"2005414278","","2","0","0","0","0","0","0","0","0","4","0","","02","11","2005","5","40.400927","-80.0484","","11","0","0","0","0","0","0","0","0","","0","0","0","","","1","","1","","40 24:03.337","","0","80 02:54.240","8","0","0","0","2301","0","0","0","N","0","0","0","2","02301","0","","1.0","","1","N","N","","0","","0","0","0","3","2","","","2","1","0","0","0","1","0","2","0","2","","","","N","","","","","","","","","",""
"2005414279","","0","0","0","0","0","0","0","0","0","7","0","","02","11","2005","5","40.39249","-80.028411","","11","0","0","0","0","1","0","0","0","","0","0","0","","","0","","0","","40 23:32.964","","0","80 01:42.279","0","0","0","0","2301","0","0","0","N","0","0","0","1","02301","0","","2.0","","2","N","N","","0","","0","0","1","0","0","","","1","0","0","0","0","0","0","2","0","1","","","","N","","","","","","","","","",""
"2005414280","","0","0","0","0","0","0","0","0","0","4","0","","02","11","2005","7","40.428611","-79.992115","","11","0","0","0","0","0","0","0","0","1","0","0","0","","","0","","1","","40 25:43.000","1","0","79 59:31.615","0","0","0","0","2301","0","0","0","N","0","0","0","3","02301","0","","1.0","","1","N","N","","1","","0","0","0","3","3","N","","2","0","2","0","0","0","0","2","1","2","","","","N","","","","","","","","","",""
"2005414281","","1","0","0","0","0","0","0","0","0","1","0","","02","11","2005","6","40.426459","-80.057055","","11","0","0","0","0","0","0","0","0","2","0","0","0","","","1","","0","","40 25:35.251","7","0","80 03:25.399","4","0","0","0","2301","0","0","0","N","0","0","0","2","02301","1","","1.0","","1","N","N","","0","","0","0","1","0","0","Y","","2","1","0","0","0","0","1","2","0","2","","","","N","","","","","","","","","",""
"2005414282","","2","0","0","0","0","0","0","0","0","5","0","","02","11","2005","7","40.4256","-80.0197","","11","0","0","0","0","0","1","0","0","1","0","0","0","","","0","","0","","40 25:32.160","4","0","80 01:10.920","0","0","0","0","2301","0","0","0","N","0","0","0","2","02301","0","","1.0","","1","N","N","","0","","0","0","0","0","0","N","","2","0","1","0","0","0","0","2","0","2","","","","N","","","","","","","","","",""
"2005414283","","1","0","0","0","0","0","0","0","0","6","0","","02","11","2005","5","40.440036","-80.034328","","11","0","0","0","0","0","1","0","0","","0","0","0","","","0","","0","","40 26:24.129","","0","80 02:03.580","9","0","0","0","2301","0","0","0","N","0","0","0","5","02301","0","","1.0","","1","N","N","","0","","0","0","1","0","0","","","2","0","2","0","0","0","1","2","0","2","","","","N","","","","","","","","","",""
"2005414284","","2","0","0","0","0","0","0","0","0","1","0","","02","11","2005","5","40.391806","-80.015798","","11","0","0","0","0","0","0","0","0","3","0","0","0","","","0","","0","","40 23:30.501","4","0","80 00:56.872","0","0","0","0","2301","0","0","0","N","0","0","0","2","02301","0","","1.0","","2","N","N","","0","","0","0","0","0","0","Y","","2","0","0","0","0","0","0","2","0","2","","","","N","","","","","","","","","",""
"2005414285","","1","0","0","0","0","0","0","0","0","2","0","","02","11","2005","4","40.432879","-80.049469","","11","0","0","0","0","0","0","0","0","3","0","0","0","","","0","","2","","40 25:58.364","6","0","80 02:58.088","0","0","0","0","2301","0","0","0","N","0","0","0","1","02301","0","","1.0","","7","N","N","","1","","0","0","0","3","3","Y","","2","0","0","0","0","0","0","2","0","2","","","","N","","","","","","","","","",""
"2005414286","","1","0","0","0","0","0","0","0","0","7","0","","02","11","2005","2","40.435833","-80.010098","","11","0","0","0","0","0","0","0","0","1","0","0","0","","","0","","0","","40 26:09.000","6","0","80 00:36.351","9","0","0","0","2301","0","0","0","N","0","0","0","4","02301","0","","4.0","","9","N","N","","0","","0","0","0","0","0","N","","1","0","0","0","0","0","4","2","0","1","","","","N","","","","","","","","","",""
"2005414287","","1","0","0","0","0","0","0","0","0","4","0","","02","11","2005","2","40.428903","-80.007257","","11","0","0","0","0","0","1","0","0","1","0","0","0","","","0","","2","","40 25:44.050","5","0","80 00:26.125","0","0","0","0","2301","0","0","0","N","0","0","0","3","02301","0","","1.0","","1","N","N","","1","","0","0","0","3","3","Y","","2","0","0","0","0","0","0","2","0","2","","","","N","","","","","","","","","",""
"2005414288","","1","0","0","0","0","0","0","0","0","4","0","","02","11","2005","6","40.414375","-79.990542","","11","0","0","0","0","0","0","0","0","1","0","0","0","","","1","","1","","40 24:51.750","3","0","79 59:25.951","4","0","0","0","2301","0","0","0","N","0","0","0","2","02301","1","","1.0","","1","N","N","","0","","0","0","1","3","3","Y","","2","1","1","0","0","0","0","2","0","2","","","","N","","","","","","","","","",""
"2005414289","","2","0","0","0","0","0","0","0","0","4","0","","02","11","2005","1","","","","11","0","0","1","0","0","0","0","0","","0","0","0","","","0","","1","","","","0","","0","0","0","0","2301","0","0","0","N","0","0","0","5","02301","0","","1.0","","1","N","N","","0","","0","0","0","3","3","","","2","0","0","0","0","0","0","1","0","2","","","","N","","","","","","","","","",""
"2005414290","","2","0","0","0","0","0","0","0","0","4","0","","02","11","2005","2","40.421799","-79.995829","","11","0","0","0","0","0","2","0","0","","0","0","0","","","1","","1","","40 25:18.476","","0","79 59:44.984","4","0","0","0","2301","0","0","0","N","0","0","0","6","02301","1","","1.0","","1","N","N","","0","","0","0","0","3","3","","","3","1","2","0","0","0","1","2","1","3","","","","N","","","","","","","","","",""
"2005414291","","5","0","0","0","0","0","0","0","0","1","0","","02","11","2005","6","40.3981","-79.9997","","11","0","0","0","0","0","1","0","0","2","0","0","0","","","4","","0","","40 23:53.160","4","0","79 59:58.920","8","0","0","0","2301","0","0","0","N","0","0","0","7","02301","0","","1.0","","1","N","N","","0","","0","0","0","0","0","N","","5","4","0","0","0","4","0","2","0","5","","","","N","","","","","","","","","",""
"2005414292","","1","0","0","0","0","0","0","0","0","0","0","","02","11","2005","6","40.382335","-79.98249","","11","0","0","0","0","0","0","0","0","","0","0","0","","","0","","2","","40 22:56.406","","0","79 58:56.964","0","0","0","0","2301","0","0","0","N","0","0","0","1","02301","0","","2.0","","1","N","N","","0","","0","0","0","3","3","","","1","0","0","0","0","0","0","2","0","1","","","","N","","","","","","","","","",""
"2005414293","","2","0","0","0","0","0","0","0","0","1","0","","02","11","2005","6","","","","11","0","0","1","0","0","0","0","0","","0","0","0","","","0","","0","","","","0","","0","0","0","0","2301","0","0","0","N","0","0","0","2","02301","0","","1.0","","1","N","N","","0","","0","0","0","0","0","","","2","0","0","0","0","0","0","1","0","2","","","","N","","","","","","","","","",""
"2005414294","","3","0","0","0","0","0","0","0","0","7","0","","02","11","2005","6","","","","11","0","0","0","0","0","1","0","0","1","0","0","0","","","0","","0","","","2","3","","0","0","0","0","2301","0","0","0","N","0","0","0","8","02301","0","","4.0","","1","N","N","","0","","0","0","0","0","0","Y","","3","0","0","0","0","0","0","1","0","3","","","","N","","","","","","","","","",""
"2005414295","","1","0","0","0","0","0","0","0","0","4","0","","02","11","2005","7","","","","11","0","0","0","0","0","0","0","0","","0","0","0","","","0","","2","","","","0","","0","0","0","0","2301","0","0","0","N","0","0","0","2","02301","0","","1.0","","1","N","N","","1","","0","0","0","3","1","","","2","0","0","0","0","0","0","1","0","2","","","","N","","","","","","","","","",""
"2005414296","","2","0","0","0","0","0","0","0","0","1","0","","02","11","2005","7","40.401944","-80.000707","","11","0","0","0","0","0","0","0","0","","0","0","0","","","0","","2","","40 24:07.000","","0","80 00:02.544","0","0","0","0","2301","0","0","0","N","0","0","0","3","02301","0","","1.0","","1","N","N","","0","","0","0","0","3","2","","","2","0","1","0","0","0","0","2","0","2","","","","N","","","","","","","","","",""
"2005414297","","2","0","0","0","0","0","0","0","0","5","0","","02","11","2005","4","","","","11","0","0","0","0","0","0","0","0","2","0","0","0","","","0","","0","","","2","0","","0","0","0","0","2301","0","0","0","N","0","0","0","1","02301","0","","6.0","","9","N","N","","0","","0","0","0","0","0","Y","","2","0","0","0","0","0","0","1","0","2","","","","N","","","","","","","","","",""
"2005414298","","2","0","0","0","0","0","0","0","0","4","0","","02","11","2005","3","","","","11","0","0","0","0","0","0","1","0","1","0","0","0","","","0","","2","","","2","0","","0","0","0","0","2301","0","0","0","N","0","0","0","2","02301","0","","1.0","","1","N","N","","0","","0","0","0","3","3","Y","","2","0","0","0","0","0","0","1","0","2","","","","N","","","","","","","","","",""
"2005414299","","2","0","0","0","0","0","0","0","0","1","0","","02","11","2005","5","40.463586","-79.952975","","11","0","0","0","1","0","0","0","0","","0","0","0","","","0","","1","","40 27:48.909","","0","79 57:10.710","0","0","0","0","2301","0","0","0","N","0","0","0","3","02301","0","","1.0","","1","N","N","","0","","0","0","1","0","0","","","3","0","0","0","0","0","0","2","0","3","","","","N","","","","","","","","","",""
"2005414300","","0","0","0","0","0","0","0","0","0","7","0","","02","11","2005","6","","","","11","0","0","0","0","0","0","0","0","1","0","0","0","","","1","","0","","","3","0","","3","0","0","0","2301","0","0","0","N","0","0","0","1","02301","0","","5.0","","2","N","N","","1","","1","0","0","0","0","N","","1","1","0","0","0","0","0","1","0","1","","","","N","","","","","","","","","",""
"2005414301","","0","0","0","0","0","0","0","0","0","4","0","","02","11","2005","6","","","","11","0","0","0","0","0","1","0","0","1","0","0","0","","","1","","0","","","4","0","","8","0","0","0","2301","0","0","0","N","0","0","0","2","02301","0","","1.0","","1","N","N","","0","","0","0","2","0","0","N","","2","1","0","0","0","1","0","1","0","2","","","","N","","","","","","","","","",""
"2005414302","","1","0","0","0","0","0","0","0","0","7","0","","02","11","2005","2","","","","11","0","0","0","0","0","1","0","0","2","0","0","0","","","1","","0","","","4","0","","2","0","0","0","2301","0","0","0","N","0","0","0","1","02301","0","","4.0","","1","N","N","","0","","0","1","0","0","0","Y","","1","1","0","0","0","0","0","1","0","1","","","","N","","","","","","","","","",""
"2005414303","","1","0","0","0","0","0","0","0","0","7","0","","02","11","2005","7","40.419172","-79.9918","","11","0","0","1","0","0","0","0","0","","0","0","0","","","2","","0","","40 25:09.019","","0","79 59:30.480","4","0","0","0","2301","0","0","0","N","0","0","0","2","02301","2","","2.0","","1","N","N","","0","","0","0","0","0","0","","","1","2","0","0","0","0","0","2","0","1","","","","N","","","","","","","","","",""
"2005414304","","0","0","0","0","0","0","0","0","0","1","0","","02","11","2005","1","","","","11","0","0","0","0","0","0","0","1","","0","0","0","","","0","","0","","","","0","","0","0","0","0","2301","0","0","0","N","0","0","0","1","02301","0","","1.0","","1","N","N","","0","","0","0","0","0","0","","","2","0","0","0","0","0","0","1","2","2","","","","N","","","","","","","","","",""
"2005414305","","2","0","0","0","0","0","0","0","0","1","0","","02","11","2005","4","40.45863","-79.957447","","11","0","0","0","0","0","1","0","0","1","0","0","0","","","0","","1","","40 27:31.068","4","0","79 57:26.810","0","0","0","0","2301","0","0","0","N","0","0","0","2","02301","0","","1.0","","9","N","N","","0","","0","0","0","3","2","Y","","2","0","0","0","0","0","0","2","0","2","","","","N","","","","","","","","","",""
"2005414306","","0","0","0","0","0","0","0","0","0","7","0","","02","11","2005","2","40.442561","-80.004191","","11","0","0","0","0","0","0","1","0","1","0","0","0","","","0","","0","","40 26:33.219","2","7","80 00:15.087","0","0","0","0","2301","0","0","0","N","0","0","0","1","02301","0","","5.0","","1","N","N","","0","","0","0","1","0","0","Y","","1","0","0","0","0","0","0","2","0","1","","","","N","","","","","","","","","",""
"2005414307","","1","0","0","0","0","0","0","0","0","7","0","","02","11","2005","5","40.4359","-79.9948","","11","0","0","0","0","0","0","0","0","1","0","0","0","","","1","","7","","40 26:09.240","4","2","79 59:41.280","8","0","0","0","2301","0","0","0","N","0","0","0","1","02301","0","","4.0","","2","N","N","","0","","0","0","0","0","0","N","","1","1","0","0","0","1","0","2","0","1","","","","N","","","","","","","","","",""
"2005414308","","2","0","0","0","0","0","0","0","0","4","0","","02","11","2005","4","40.436111","-79.976894","","11","0","0","0","0","0","0","0","0","","0","0","0","","","0","","2","","40 26:10.000","","0","79 58:36.817","0","0","0","0","2301","0","0","0","N","0","0","0","2","02301","0","","1.0","","1","N","N","","0","","0","0","0","0","0","","","2","0","0","0","0","0","0","2","0","2","","","","N","","","","","","","","","",""
"2005414309","","1","0","0","0","0","0","0","0","0","7","0","","02","11","2005","1","","","","11","0","0","0","0","0","0","0","0","1","0","0","0","","","0","","2","","","6","1","","0","0","0","0","2301","0","0","0","N","0","0","0","1","02301","0","","5.0","","1","N","N","","0","","0","0","0","3","2","N","","1","0","0","0","0","0","0","1","0","1","","","","N","","","","","","","","","",""
"2005414310","","2","0","0","0","0","0","0","0","0","4","0","","02","11","2005","1","","","","11","0","0","0","0","0","1","0","0","","0","0","0","","","0","","1","","","","3","","0","0","0","0","2301","0","0","0","N","0","0","0","3","02301","0","","1.0","","1","N","N","","0","","0","0","0","3","2","","","2","0","0","0","0","0","0","1","0","2","","","","N","","","","","","","","","",""
"2005414331","","2","0","0","0","0","0","0","0","0","1","0","","02","11","2005","4","","","","11","0","0","0","0","0","0","1","0","1","0","0","0","","","0","","0","","","1","3","","0","0","0","0","2301","0","0","0","N","0","0","0","7","02301","0","","1.0","","2","N","N","","0","","0","0","1","0","0","N","","3","0","0","0","0","0","0","1","0","3","","","","N","","","","","","","","","",""
"2005414332","","2","0","0","0","0","0","0","0","0","5","0","","02","11","2005","6","40.43821","-79.953798","","11","0","0","0","0","0","1","0","0","","0","0","0","","","0","","0","","40 26:17.556","","0","79 57:13.672","0","0","0","0","2301","0","0","0","","0","0","0","1","02301","0","","6.0","","1","N","N","","0","","0","0","0","0","0","","","2","0","0","0","0","0","0","2","0","2","","","","N","","","","","","","","","",""
"2005414333","","2","0","0","0","0","0","0","0","0","3","0","","02","11","2005","6","","","","11","0","0","0","0","0","0","0","1","1","0","0","0","","","2","","5","","","7","0","","3","0","0","0","2301","0","0","0","N","0","0","0","2","02301","0","","1.0","","1","N","N","","0","","2","0","0","2","2","Y","","2","2","0","0","0","0","0","1","0","2","","","","N","","","","","","","","","",""
"2005414339","","2","0","0","0","0","0","0","0","0","1","0","","02","11","2005","4","","","","11","0","0","0","0","0","0","0","0","","0","0","0","","","0","","2","","","","3","","0","0","0","0","2301","0","0","0","N","0","0","0","5","02301","0","","1.0","","2","N","N","","0","","0","0","0","3","2","","","2","0","0","0","0","0","0","1","0","2","","","","N","","","","","","","","","",""
"2005414340","","3","0","0","0","0","0","0","0","0","1","0","","02","11","2005","5","40.4369","-79.9988","","11","0","0","0","0","1","1","0","0","","0","0","0","","","0","","0","","40 26:12.840","","2","79 59:55.680","0","0","0","0","2301","0","0","0","","0","0","0","3","02301","0","","1.0","","2","N","N","","0","","0","0","0","0","0","","","3","0","0","0","0","0","0","2","0","3","","","","N","","","","","","","","","",""
"2005414365","","1","0","0","0","0","0","0","0","0","99","0","","02","10","2005","4","","","","11","0","0","0","0","0","0","0","0","","0","0","0","","","0","","0","","40 27:06.84","","0","80 10:18.48","0","0","0","0","2214","0","0","0","N","0","0","0","1","68B03","0","","1.0","","1","N","N","","0","","0","0","0","0","0","","","1","0","0","0","0","0","0","2","0","1","","","","N","","","","","","","","","",""
"2005414366","","0","0","0","0","0","0","0","0","0","99","0","","02","10","2005","1","40.439444","-80.226968","","11","0","0","0","0","0","1","0","0","","0","0","0","","","0","","0","","40 26:22.000","","0","80 13:37.084","0","0","0","0","2214","0","0","0","N","0","0","0","1","68B03","0","","1.0","","1","N","N","","0","","0","0","0","0","0","","","1","0","0","0","0","0","0","2","1","1","","","","N","","","","","","","","","",""
"2005414367","","1","0","0","0","0","0","0","0","0","99","0","","02","10","2005","2","40.450278","-80.111096","","11","0","0","0","0","0","1","0","0","","0","0","0","","","0","","0","","40 27:01.000","","0","80 06:39.947","0","0","0","0","2115","0","0","0","N","0","0","0","2","68B03","0","","1.0","","1","N","N","","0","","0","0","0","0","0","","","1","0","0","0","0","0","0","2","0","1","","","","N","","","","","","","","","",""
"2005414406","","2","0","0","0","0","0","0","0","0","1","0","","02","10","2005","1","","","","11","0","0","0","0","0","0","0","0","2","0","0","0","","","1","","0","","40 26:40.56","3","0","79 46:08.76","8","0","0","0","2446","1","0","0","N","1","0","0","2","68B03","0","","1.0","","1","N","N","","1","","0","0","0","0","0","N","","4","1","0","0","0","1","0","2","0","3","","","","N","","","","","","","","","",""