"CRN","ARRIVAL_TM","AUTOMOBILE_COUNT","BELTED_DEATH_COUNT","BELTED_SUSP_SERIOUS_INJ_COUNT","BICYCLE_COUNT","BICYCLE_DEATH_COUNT","BICYCLE_SUSP_SERIOUS_INJ_COUNT","BUS_COUNT","CHLDPAS_DEATH_COUNT","CHLDPAS_SUSP_SERIOUS_INJ_COUNT","COLLISION_TYPE","COMM_VEH_COUNT","CONS_ZONE_SPD_LIM","COUNTY","CRASH_MONTH","CRASH_YEAR","DAY_OF_WEEK","DEC_LATITUDE","DEC_LONGITUDE","DISPATCH_TM","DISTRICT","DRIVER_COUNT_16YR","DRIVER_COUNT_17YR","DRIVER_COUNT_18YR","DRIVER_COUNT_19YR","DRIVER_COUNT_20YR","DRIVER_COUNT_50_64YR","DRIVER_COUNT_65_74YR","DRIVER_COUNT_75PLUS","EST_HRS_CLOSED","FATAL_COUNT","HEAVY_TRUCK_COUNT","HORSE_BUGGY_COUNT","HOUR_OF_DAY","ILLUMINATION","INJURY_COUNT","INTERSECTION_RELATED","INTERSECT_TYPE","LANE_CLOSED","LATITUDE","LN_CLOSE_DIR","LOCATION_TYPE","LONGITUDE","MAX_SEVERITY_LEVEL","MCYCLE_DEATH_COUNT","MCYCLE_SUSP_SERIOUS_INJ_COUNT","MOTORCYCLE_COUNT","MUNICIPALITY","NONMOTR_COUNT","NONMOTR_DEATH_COUNT","NONMOTR_SUSP_SERIOUS_INJ_COUNT","NTFY_HIWY_MAINT","PED_COUNT","PED_DEATH_COUNT","PED_SUSP_SERIOUS_INJ_COUNT","PERSON_COUNT","POLICE_AGCY","POSSIBLE_INJ_COUNT","RDWY_SURF_TYPE_CD","RELATION_TO_ROAD","ROADWAY_CLEARED","ROAD_CONDITION","SCH_BUS_IND","SCH_ZONE_IND","SECONDARY_CRASH","SMALL_TRUCK_COUNT","SPEC_JURIS_CD","SUSP_MINOR_INJ_COUNT","SUSP_SERIOUS_INJ_COUNT","SUV_COUNT","TCD_FUNC_CD","TCD_TYPE","TFC_DETOUR_IND","TIME_OF_DAY","TOTAL_UNITS","TOT_INJ_COUNT","UNBELTED_OCC_COUNT","UNB_DEATH_COUNT","UNB_SUSP_SERIOUS_INJ_COUNT","UNK_INJ_DEG_COUNT","UNK_INJ_PER_COUNT","URBAN_RURAL","VAN_COUNT","VEHICLE_COUNT","WEATHER1","WEATHER2","WORKERS_PRES","WORK_ZONE_IND","WORK_ZONE_LOC","WORK_ZONE_TYPE","WZ_CLOSE_DETOUR","WZ_FLAGGER","WZ_LAW_OFFCR_IND","WZ_LN_CLOSURE","WZ_MOVING","WZ_OTHER","WZ_SHLDER_MDN","WZ_WORKERS_INJ_KILLED"
"2005416054","","1","0","0","0","0","0","0","0","0","99","0","","02","10","2005","2","40.506389","-79.857809","","11","0","0","0","0","1","0","0","0","1","0","0","0","","","0","","0","","40 30:23.000","1","0","79 51:28.114","0","0","0","0","2112","0","0","0","N","0","0","0","1","68D02","0","","1.0","","1","N","N","","0","","0","0","0","0","0","N","","1","0","0","0","0","0","0","2","0","1","","","","N","","","","","","","","","",""
"2005416056","","1","0","0","0","0","0","0","0","0","99","0","","02","10","2005","1","40.646944","-79.72125","","11","0","0","0","0","0","0","0","0","","0","0","0","","","0","","0","","40 38:49.000","","0","79 43:16.500","0","0","0","0","2106","0","0","0","N","0","0","0","1","68D02","0","","1.0","","1","N","N","","0","","0","0","0","0","0","","","1","0","0","0","0","0","0","2","0","1","","","","N","","","","","","","","","",""
"2005416057","","3","0","0","0","0","0","0","0","0","1","0","","02","10","2005","6","40.490556","-79.884724","","11","0","0","0","0","0","0","0","0","2","0","0","0","","","2","","0","","40 29:26.000","1","0","79 53:05.005","3","0","0","0","2112","0","0","0","N","0","0","0","7","68D02","1","","1.0","","9","N","N","","0","","1","0","0","0","0","Y","","3","2","0","0","0","0","0","2","0","3","","","","N","","","","","","","","","",""
"2005416058","","1","0","0","0","0","0","0","0","0","99","0","","02","10","2005","5","40.500278","-79.862953","","11","0","0","0","0","0","0","0","0","","0","0","0","","","0","","0","","40 30:01.000","","0","79 51:46.629","0","0","0","0","2112","0","0","0","N","0","0","0","3","68D02","0","","1.0","","9","N","N","","0","","0","0","0","0","0","","","1","0","0","0","0","0","0","2","0","1","","","","N","","","","","","","","","",""
"2005416060","","1","0","0","0","0","0","0","0","0","99","0","","02","10","2005","5","40.634167","-79.729148","","11","0","0","0","0","0","1","0","0","","0","0","0","","","1","","7","","40 38:03.000","","2","79 43:44.934","4","0","0","0","2106","0","0","0","N","0","0","0","1","68D02","1","","1.0","","1","N","N","","0","","0","0","0","0","0","","","1","1","0","0","0","0","0","2","0","1","","","","N","","","","","","","","","",""
"2005416062","","1","0","0","0","0","0","0","0","0","99","0","","02","10","2005","6","40.610833","-79.760655","","11","0","0","0","0","0","0","0","0","","0","0","0","","","0","","0","","40 36:39.000","","0","79 45:38.359","0","0","0","0","2106","0","0","0","N","0","0","0","1","68D02","0","","1.0","","1","N","N","","0","","0","0","0","0","0","","","1","0","0","0","0","0","0","1","0","1","","","","N","","","","","","","","","",""
"2005416111","","2","0","0","0","0","0","0","0","0","4","0","","02","11","2005","5","40.325","-79.8788","","11","0","0","0","0","0","1","0","0","1","0","0","0","","","0","","0","","40 19:30.000","1","0","79 52:43.680","0","0","0","0","2433","0","0","0","N","0","0","0","2","02433","0","","1.0","","2","N","N","","0","","0","0","0","0","0","N","","2","0","0","0","0","0","0","2","0","2","","","","N","","","","","","","","","",""
"2005416116","","1","0","0","0","0","0","0","0","0","7","0","","02","11","2005","6","40.438301","-79.897062","","11","0","0","0","0","0","0","0","0","","0","0","0","","","0","","2","","40 26:17.883","","0","79 53:49.423","0","0","0","0","2301","0","0","0","N","0","0","0","1","02301","0","","5.0","","1","N","N","","0","","0","0","0","0","0","","","1","0","0","0","0","0","0","2","0","1","","","","N","","","","","","","","","",""
"2005416117","","1","0","0","0","0","0","0","0","0","8","0","","02","11","2005","2","","","","11","0","0","0","0","0","0","0","0","","0","0","0","","","1","","2","","","","0","","3","0","0","0","2301","1","0","0","N","1","0","0","2","02301","0","","1.0","","1","N","N","","0","","1","0","0","3","2","","","2","1","1","0","0","0","0","1","0","1","","","","N","","","","","","","","","",""
"2005416119","","1","0","0","0","0","0","0","0","0","4","0","","02","11","2005","3","40.434954","-79.927631","","11","0","0","1","0","0","0","0","0","","0","0","0","","","1","","2","","40 26:05.834","","0","79 55:39.471","8","0","0","0","2301","0","0","0","N","0","0","0","2","02301","0","","1.0","","1","N","N","","1","","0","0","0","0","0","","","2","1","0","0","0","1","0","2","0","2","","","","N","","","","","","","","","",""
"2005416120","","3","0","0","0","0","0","0","0","0","4","0","","02","11","2005","6","40.4525","-79.910319","","11","0","0","0","0","0","0","0","0","","0","0","0","","","0","","1","","40 27:09.000","","0","79 54:37.147","0","0","0","0","2301","0","0","0","N","0","0","0","3","02301","0","","1.0","","1","N","N","","0","","0","0","0","3","2","","","3","0","0","0","0","0","0","2","0","3","","","","N","","","","","","","","","",""
"2005416121","","0","0","0","0","0","0","0","0","0","1","0","","02","11","2005","2","40.4361","-79.9663","","11","0","0","0","0","0","0","0","0","1","0","0","0","","","0","","3","","40 26:09.960","4","0","79 57:58.680","0","0","0","0","2301","0","0","0","N","0","0","0","2","02301","0","","1.0","","1","N","N","","0","","0","0","1","3","3","N","","2","0","0","0","0","0","0","2","1","2","","","","N","","","","","","","","","",""
"2005416122","","2","0","0","0","0","0","0","0","0","1","0","","02","11","2005","2","40.435833","-79.966195","","11","0","0","0","0","0","0","0","0","1","0","0","0","","","0","","3","","40 26:09.000","4","0","79 57:58.301","0","0","0","0","2301","0","0","0","N","0","0","0","2","02301","0","","1.0","","1","N","N","","0","","0","0","0","3","3","N","","2","0","0","0","0","0","0","2","0","2","","","","N","","","","","","","","","",""
"2005416123","","2","0","0","0","0","0","0","0","0","4","0","","02","11","2005","4","40.432273","-79.930518","","11","0","0","0","0","0","0","0","1","","0","0","0","","","0","","1","","40 25:56.182","","0","79 55:49.864","0","0","0","0","2301","0","0","0","N","0","0","0","2","02301","0","","1.0","","9","N","N","","0","","0","0","0","3","3","","","2","0","0","0","0","0","0","2","0","2","","","","N","","","","","","","","","",""
"2005416124","","1","0","0","0","0","0","0","0","0","7","0","","02","11","2005","3","","","","11","0","0","0","0","0","0","0","0","","0","0","0","","","0","","0","","","","0","","0","0","0","0","2301","0","0","0","N","0","0","0","1","02301","0","","4.0","","2","N","N","","0","","0","0","0","0","0","","","1","0","0","0","0","0","0","1","0","1","","","","N","","","","","","","","","",""
"2005416125","","2","0","0","0","0","0","0","0","0","4","0","","02","11","2005","1","","","","11","0","0","0","0","0","1","0","0","","0","0","0","","","0","","2","","","","0","","0","0","0","0","2301","0","0","0","N","0","0","0","2","02301","0","","1.0","","9","N","N","","0","","0","0","0","3","2","","","2","0","0","0","0","0","0","1","0","2","","","","N","","","","","","","","","",""
"2005416126","","2","0","0","0","0","0","0","0","0","2","0","","02","11","2005","2","40.454755","-79.932541","","11","0","0","0","0","0","1","0","0","","0","0","0","","","0","","1","","40 27:17.118","","0","79 55:57.147","0","0","0","0","2301","0","0","0","N","0","0","0","3","02301","0","","1.0","","1","N","N","","0","","0","0","0","3","2","","","2","0","0","0","0","0","0","2","0","2","","","","N","","","","","","","","","",""
"2005416127","","2","0","0","0","0","0","0","0","0","4","0","","02","11","2005","1","","","","11","0","0","0","0","0","0","0","0","","0","0","0","","","0","","1","","","","0","","0","0","0","0","2301","0","0","0","N","0","0","0","3","02301","0","","1.0","","9","N","N","","0","","0","0","0","3","2","","","2","0","0","0","0","0","0","1","0","2","","","","N","","","","","","","","","",""
"2005416128","","0","0","0","0","0","0","0","0","0","1","0","","02","11","2005","6","","","","11","0","0","0","0","0","1","0","0","","0","0","0","","","2","","0","","","","0","","4","0","0","0","2301","0","0","0","N","0","0","0","3","02301","2","","1.0","","1","N","N","","1","","0","0","0","0","0","","","2","2","0","0","0","0","0","1","1","2","","","","N","","","","","","","","","",""
"2005416129","","1","0","0","0","0","0","0","0","0","4","0","","02","11","2005","1","40.436235","-79.919127","","11","0","0","0","0","0","1","0","0","","0","0","0","","","0","","1","","40 26:10.446","","0","79 55:08.857","0","0","0","0","2301","0","0","0","N","0","0","0","2","02301","0","","1.0","","1","N","N","","0","","0","0","1","0","0","","","2","0","0","0","0","0","0","2","0","2","","","","N","","","","","","","","","",""
"2005416130","","0","0","0","0","0","0","0","0","0","2","0","","02","11","2005","3","40.439546","-79.895469","","11","0","0","0","0","0","0","0","0","","0","0","0","","","0","","0","","40 26:22.365","","0","79 53:43.688","0","0","0","0","2301","0","0","0","N","0","0","0","1","02301","0","","6.0","","9","N","N","","0","","0","0","1","0","0","","","2","0","0","0","0","0","0","2","1","2","","","","N","","","","","","","","","",""
"2005416131","","2","0","0","0","0","0","0","0","0","4","0","","02","11","2005","3","40.435802","-79.954346","","11","0","0","0","0","0","0","0","0","2","0","0","0","","","0","","2","","40 26:08.887","7","0","79 57:15.645","0","0","0","0","2301","0","0","0","N","0","0","0","2","02301","0","","1.0","","1","N","N","","0","","0","0","0","3","3","Y","","3","0","0","0","0","0","0","2","1","3","","","","N","","","","","","","","","",""
"2005416132","","1","0","0","0","0","0","0","0","0","7","0","","02","11","2005","4","40.453332","-79.915252","","11","0","0","0","0","0","0","0","0","9","0","0","0","","","0","","0","","40 27:11.995","2","0","79 54:54.907","0","0","0","0","2301","0","0","0","N","0","0","0","1","02301","0","","4.0","","1","N","N","","0","","0","0","0","0","0","N","","1","0","0","0","0","0","0","2","0","1","","","","N","","","","","","","","","",""
"2005416133","","2","0","0","0","0","0","0","0","0","1","0","","02","11","2005","6","40.459722","-79.92079","","11","0","0","0","0","0","0","0","0","","0","0","0","","","1","","2","","40 27:35.000","","0","79 55:14.844","4","0","0","0","2301","0","0","0","N","0","0","0","3","02301","1","","1.0","","1","N","N","","0","","0","0","0","3","2","","","2","1","0","0","0","0","0","2","0","2","","","","N","","","","","","","","","",""
"2005416134","","1","0","0","0","0","0","0","0","0","1","0","","02","11","2005","4","40.396389","-80.046172","","11","0","1","0","0","0","0","0","0","2","0","0","0","","","2","","0","","40 23:47.000","2","0","80 02:46.218","4","0","0","0","2109","0","0","0","N","0","0","0","2","02109","1","","1.0","","1","N","N","","0","","0","0","1","0","0","N","","2","2","0","0","0","1","0","2","0","2","","","","N","","","","","","","","","",""
"2005416135","","1","0","0","0","0","0","0","0","0","1","0","","02","11","2005","3","40.356667","-80.050261","","11","0","0","0","0","0","0","1","0","1","0","0","0","","","0","","0","","40 21:24.000","2","0","80 03:00.939","0","0","0","0","2109","0","0","0","N","0","0","0","3","02109","0","","1.0","","9","N","N","","0","","0","0","1","0","0","Y","","2","0","0","0","0","0","0","2","0","2","","","","N","","","","","","","","","",""
"2005416136","","1","0","0","0","0","0","0","0","0","5","0","","02","11","2005","4","40.370091","-80.059346","","11","0","0","0","0","0","0","0","0","","0","0","0","","","0","","0","","40 22:12.327","","0","80 03:33.645","0","0","0","0","2109","0","0","0","","0","0","0","1","02109","0","","2.0","","7","N","N","","1","","0","0","0","0","0","","","2","0","0","0","0","0","0","2","0","2","","","","N","","","","","","","","","",""
"2005416137","","1","0","0","0","0","0","0","0","0","4","0","","02","11","2005","3","40.356","-80.0504","","11","0","0","0","0","0","1","0","0","1","0","0","0","","","1","","0","","40 21:21.600","2","0","80 03:01.440","8","0","0","0","2109","0","0","0","N","0","0","0","3","02109","0","","1.0","","1","N","N","","0","","0","0","1","0","0","N","","2","1","1","0","0","1","0","2","0","2","","","","N","","","","","","","","","",""
"2005416309","","1","0","0","0","0","0","0","0","0","4","0","","02","11","2005","4","","","","11","0","0","0","0","0","1","0","0","","0","0","0","","","0","","1","","","","0","","0","0","0","0","2214","0","0","0","N","0","0","0","2","02214","0","","1.0","","9","N","N","","0","","0","0","1","3","3","","","2","0","0","0","0","0","0","1","0","2","","","","N","","","","","","","","","",""
"2005416310","","0","0","0","0","0","0","0","0","0","99","0","","02","11","2005","6","40.425278","-80.191615","","11","0","0","0","0","0","0","0","0","","0","0","0","","","0","","0","","40 25:31.000","","0","80 11:29.814","0","0","0","0","2214","0","0","0","N","0","0","0","2","02214","0","","1.0","","1","N","N","","0","","0","0","1","0","0","","","1","0","0","0","0","0","0","2","0","1","","","","N","","","","","","","","","",""
"2005416311","","1","0","0","1","0","0","0","0","0","8","0","","02","11","2005","2","40.447778","-80.244671","","11","0","0","0","0","0","0","0","0","","0","0","0","","","1","","2","","40 26:52.000","","0","80 14:40.817","3","0","0","0","2214","1","0","0","N","0","0","0","4","02214","0","","1.0","","1","N","N","","0","","1","0","0","0","0","","","2","1","0","0","0","0","0","2","0","1","","","","N","","","","","","","","","",""
"2005416475","","0","0","0","0","0","0","0","0","0","4","0","","02","12","2005","2","40.337979","-79.984302","","11","0","0","0","0","0","0","0","0","3","0","0","0","","","2","","2","","40 20:16.724","5","0","79 59:03.487","8","0","0","0","2403","0","0","0","N","0","0","0","3","02403","0","","1.0","","1","N","N","","0","","0","0","1","0","0","Y","","2","2","2","0","0","2","0","2","0","2","","","","N","","","","","","","","","",""
"2005416481","","1","0","0","0","0","0","0","0","0","1","0","","02","12","2005","3","","","","11","0","0","0","0","0","2","0","0","1","0","0","0","","","1","","0","","","1","0","","8","0","0","0","2466","0","0","0","N","0","0","0","4","02466","0","","1.0","","1","N","N","","2","","0","0","1","0","0","Y","","4","1","0","0","0","1","0","1","0","4","","","","N","","","","","","","","","",""
"2005416483","","2","0","1","0","0","0","0","0","0","2","0","","02","12","2005","3","40.485919","-79.748634","","11","0","1","1","0","0","0","0","0","2","0","0","0","","","1","","0","","40 29:09.308","6","0","79 44:55.082","2","0","0","0","2466","0","0","0","N","0","0","0","2","02466","0","","1.0","","1","N","N","","0","","0","1","0","0","0","Y","","2","1","0","0","0","0","0","2","0","2","","","","N","","","","","","","","","",""
"2005416485","","1","0","0","0","0","0","0","0","0","5","0","","02","12","2005","2","40.485444","-79.968318","","11","0","0","0","0","0","0","0","0","1","0","0","0","","","1","","0","","40 29:07.597","2","0","79 58:05.945","4","0","0","0","2118","0","0","0","","0","0","0","4","02118","1","","1.0","","1","N","","","0","","0","0","0","0","0","N","","2","1","0","0","0","0","0","2","1","2","","","","N","","","","","","","","","",""
"2005416488","","2","0","0","0","0","0","0","0","0","1","0","","02","12","2005","4","40.443","-80.03","","11","0","0","0","0","0","1","0","0","2","0","0","0","","","0","","0","","40 26:34.800","1","0","80 01:48.000","0","0","0","0","2213","0","0","0","N","0","0","0","2","02213","0","","1.0","","1","N","N","","0","","0","0","0","0","0","N","","2","0","0","0","0","0","0","2","0","2","","","","N","","","","","","","","","",""
"2005416489","","1","0","0","0","0","0","0","0","0","1","0","","02","11","2005","2","","","","11","0","0","0","0","0","0","0","0","","0","0","0","","","0","","1","","","","0","","0","0","0","0","2213","0","0","0","N","0","0","0","2","02213","0","","1.0","","1","N","N","","0","","0","0","1","3","2","","","2","0","0","0","0","0","0","1","0","2","","","","N","","","","","","","","","",""
"2005416490","","1","0","0","0","0","0","0","0","0","1","0","","02","12","2005","7","40.355913","-80.028238","","11","0","0","0","0","0","0","0","0","","0","0","0","","","1","","2","","40 21:21.285","","0","80 01:41.656","8","0","0","0","2407","0","0","0","N","0","0","0","2","02407","0","","1.0","","6","N","N","","0","","0","0","0","3","4","","","2","1","0","0","0","1","0","2","1","2","","","","N","","","","","","","","","",""
"2005416491","","1","0","0","0","0","0","0","0","0","4","0","","02","12","2005","4","40.31953","-80.026949","","11","0","0","0","0","0","1","0","0","","0","0","0","","","0","","1","","40 19:10.309","","0","80 01:37.016","0","0","0","0","2407","0","0","0","N","0","0","0","2","02407","0","","1.0","","1","N","N","","0","","0","0","0","3","2","","","2","0","0","0","0","0","0","2","1","2","","","","N","","","","","","","","","",""
"2005416492","","1","0","0","0","0","0","0","0","0","7","0","","02","12","2005","5","40.35513","-80.027915","","11","0","0","0","0","0","0","1","0","2","0","0","0","","","1","","0","","40 21:18.467","1","0","80 01:40.494","4","0","0","0","2407","0","0","0","Y","0","0","0","1","02407","1","","4.0","","1","N","N","","0","","0","0","0","0","0","Y","","1","1","0","0","0","0","0","2","0","1","","","","N","","","","","","","","","",""
"2005416493","","3","0","0","0","0","0","0","0","0","1","0","","02","12","2005","1","40.364648","-80.024013","","11","0","0","0","0","0","0","0","0","","0","0","0","","","1","","0","","40 21:52.733","","0","80 01:26.446","3","0","0","0","2416","0","0","0","N","0","0","0","7","02416","0","","1.0","","7","N","N","","0","","1","0","0","0","0","","","3","1","0","0","0","0","0","2","0","3","","","","N","","","","","","","","","",""
"2005416494","","3","0","0","0","0","0","0","0","0","5","0","","02","12","2005","1","40.367278","-80.033293","","11","0","0","0","0","0","0","0","0","","0","0","0","","","0","","0","","40 22:02.199","","0","80 01:59.856","0","0","0","0","2416","0","0","0","N","0","0","0","1","02416","0","","6.0","","6","N","N","","0","","0","0","0","0","0","","","3","0","0","0","0","0","0","2","0","3","","","","N","","","","","","","","","",""
"2005416495","","2","0","0","0","0","0","0","0","0","2","0","","02","12","2005","1","","","","11","0","0","0","0","0","0","1","0","","0","0","0","","","0","","0","","","","0","","0","0","0","0","2481","0","0","0","N","0","0","0","2","02481","0","","1.0","","7","N","N","","0","","0","0","0","0","0","","","2","0","0","0","0","0","0","1","0","2","","","","N","","","","","","","","","",""
"2005416496","","2","0","0","0","0","0","0","0","0","6","0","","02","12","2005","2","40.593889","-80.068363","","11","0","1","0","0","0","0","0","0","","0","0","0","","","0","","10","","40 35:38.000","","0","80 04:06.108","0","0","0","0","2481","0","0","0","N","0","0","0","2","02481","0","","1.0","","6","N","N","","0","","0","0","0","0","0","","","2","0","0","0","0","0","0","2","0","2","","","","N","","","","","","","","","",""
"2005416505","","1","0","0","0","0","0","0","0","0","1","0","","02","12","2005","3","40.524722","-79.826503","","11","0","0","0","0","0","1","0","0","","0","0","0","","","1","","0","","40 31:29.000","","0","79 49:35.411","8","0","0","0","2466","0","0","0","N","0","0","0","2","02466","0","","1.0","","1","N","N","","0","","0","0","1","0","0","","","2","1","0","0","0","1","0","1","0","2","","","","N","","","","","","","","","",""
"2005416513","","0","0","0","0","0","0","0","0","0","7","0","","02","12","2005","1","40.621","-79.7481","","11","0","0","0","0","0","0","0","0","","0","0","0","","","0","","0","","40 37:15.600","","0","79 44:53.160","0","0","0","0","2202","0","0","0","N","0","0","0","1","02202","0","","5.0","","7","N","N","","1","","0","0","0","0","0","","","1","0","1","0","0","0","0","2","0","1","","","","N","","","","","","","","","",""
"2005416514","","0","0","0","0","0","0","0","0","0","99","0","","02","11","2005","2","40.4542","-79.9969","","11","0","0","0","0","0","0","0","0","2","0","0","0","","","0","","1","","40 27:15.120","1","2","79 59:48.840","0","0","0","0","2301","0","0","0","N","0","0","0","1","02301","0","","9.0","","1","N","N","","1","","0","0","0","3","2","N","","1","0","1","0","0","0","0","2","0","1","","","","N","","","","","","","","","",""
"2005416515","","2","0","0","0","0","0","0","0","0","7","0","","02","11","2005","5","","","","11","0","0","0","0","0","0","0","0","2","0","0","0","","","1","","0","","","1","3","","8","0","0","0","2301","0","0","0","N","0","0","0","2","02301","0","","4.0","","7","N","N","","0","","0","0","0","0","0","Y","","2","1","0","0","0","1","0","1","0","2","","","","N","","","","","","","","","",""
"2005416516","","1","0","0","0","0","0","0","0","0","7","0","","02","11","2005","5","","","","11","0","0","0","0","0","0","0","0","","0","0","0","","","0","","5","","","","0","","9","0","0","0","2301","0","0","0","N","0","0","0","4","02301","0","","5.0","","2","N","N","","0","","0","0","1","0","0","","","2","0","0","0","0","0","2","1","0","2","","","","N","","","","","","","","","",""
"2005416517","","1","0","0","0","0","0","0","0","0","8","0","","02","11","2005","7","40.438041","-79.994066","","11","0","0","0","0","1","0","0","0","1","0","0","0","","","1","","1","","40 26:16.948","3","0","79 59:38.639","8","0","0","0","2301","1","0","0","N","1","0","0","2","02301","0","","1.0","","1","N","N","","0","","0","0","0","3","2","Y","","2","1","0","0","0","1","0","2","0","1","","","","N","","","","","","","","","",""
"2005416529","","1","0","0","0","0","0","0","0","0","1","0","99","02","10","2005","5","","","","11","0","0","0","0","0","0","0","0","","0","0","0","","","1","","0","","40 26:07.08","","0","79 58:00.12","4","0","0","0","2301","0","0","0","N","0","0","0","2","68B03","1","","1.0","","1","N","N","","0","","0","0","1","0","0","","","2","1","0","0","0","0","0","2","0","2","","","U","Y","8","8","","","U","","","","",""
"2005416568","","1","0","0","0","0","0","0","0","0","7","0","","02","10","2005","1","","","","11","0","0","0","0","0","0","0","0","2","0","0","0","","","1","","0","","40 26:03.84","3","0","80 08:38.40","3","0","0","0","2115","0","0","0","N","0","0","0","1","68B03","0","","2.0","","1","N","N","","0","","1","0","0","0","0","N","","1","1","1","0","0","0","0","2","0","1","","","","N","","","","","","","","","",""
"2005416569","","1","0","0","0","0","0","0","0","0","1","0","","02","11","2005","6","","","","11","0","0","0","0","0","0","0","0","","0","0","0","","","1","","0","","40 25:37.20","","0","79 55:10.20","4","0","0","1","2301","0","0","0","N","0","0","0","3","68B03","1","","1.0","","1","N","N","","0","","0","0","1","0","0","","","3","1","0","0","0","0","0","2","0","3","","","","N","","","","","","","","","",""
"2005416609","","1","0","0","0","0","0","0","0","0","5","0","","02","11","2005","2","","","","11","0","0","0","0","0","0","0","0","1","0","0","0","","","1","","2","","","7","0","","4","0","0","0","2304","0","0","0","N","0","0","0","2","02304","1","","1.0","","1","N","N","","1","","0","0","0","0","0","Y","","2","1","0","0","0","0","0","1","0","2","","","","N","","","","","","","","","",""
"2005416622","","2","0","0","0","0","0","0","0","0","1","0","","02","10","2005","1","","","","11","0","0","0","0","0","0","0","1","","0","0","0","","","1","","0","","","","7","","3","0","0","0","2110","0","0","0","N","0","0","0","1","68B03","0","","5.0","","1","N","N","","0","","1","0","1","0","0","","","4","1","0","0","0","0","0","1","1","4","","","","N","","","","","","","","","",""
"2005416656","","0","0","0","0","0","0","0","0","0","4","0","","02","11","2005","4","40.4529","-80.1724","","11","0","0","0","0","0","0","0","0","1","0","0","0","","","2","","2","","40 27:10.440","3","2","80 10:20.640","4","0","0","0","2214","0","0","0","N","0","0","0","2","02214","2","","1.0","","1","N","N","","1","","0","0","1","3","2","N","","2","2","0","0","0","0","0","2","0","2","","","","N","","","","","","","","","",""
"2005416665","","2","0","0","0","0","0","0","0","0","2","0","","02","12","2005","6","40.661389","-80.004654","","11","0","1","0","0","0","1","0","0","","0","0","0","","","0","","3","","40 39:41.000","","0","80 00:16.756","0","0","0","0","2216","0","0","0","N","0","0","0","3","02505","0","","1.0","","2","N","N","","0","","0","0","0","3","3","","","2","0","0","0","0","0","0","1","0","2","","","","N","","","","","","","","","",""
"2005416681","","1","0","0","0","0","0","0","0","0","7","0","","02","12","2005","2","","","","11","0","0","0","0","0","1","0","0","","0","0","0","","","0","","0","","","","0","","0","0","0","0","2203","0","0","0","N","0","0","0","2","02203","0","","2.0","","1","N","N","","0","","0","0","0","0","0","","","1","0","0","0","0","0","0","1","0","1","","","","N","","","","","","","","","",""
"2005416695","","2","0","0","0","0","0","0","0","0","4","0","","02","12","2005","7","40.366667","-80.105657","","11","0","0","0","0","0","0","0","0","","0","0","0","","","0","","0","","40 22:00.000","","7","80 06:20.365","0","0","0","0","2102","1","0","0","N","1","0","0","7","02102","0","","1.0","","1","N","N","","0","","0","0","0","3","2","","","3","0","1","0","0","0","0","2","0","2","","","","N","","","","","","","","","",""
"2005416710","","0","0","0","0","0","0","0","0","0","4","0","","02","12","2005","3","40.557201","-80.139468","","11","0","0","0","0","0","0","0","0","","0","0","0","","","0","","2","","40 33:25.923","","0","80 08:22.084","0","0","0","0","2459","0","0","0","N","0","0","0","2","02459","0","","1.0","","1","N","N","","1","","0","0","1","0","0","","","2","0","0","0","0","0","0","1","0","2","","","","N","","","","","","","","","",""
"2005416711","","1","0","0","0","0","0","0","0","0","1","0","","02","12","2005","6","40.198333","-79.879504","","11","0","0","0","0","0","1","0","0","1","0","0","0","","","1","","0","","40 11:54.000","6","0","79 52:46.216","4","0","0","0","2204","0","0","0","N","0","0","0","2","02204","1","","1.0","","7","N","N","","0","","0","0","1","0","0","N","","2","1","0","0","0","0","0","1","0","2","","","","N","","","","","","","","","",""
"2005416712","","0","0","0","0","0","0","0","0","0","99","0","","02","12","2005","1","40.636111","-80.054045","","11","0","1","0","0","0","0","0","0","","0","0","0","","","0","","0","","40 38:10.000","","0","80 03:14.563","0","0","0","0","2216","0","0","0","N","0","0","0","1","02505","0","","2.0","","7","N","N","","0","","0","0","1","0","0","","","1","0","0","0","0","0","0","2","0","1","","","","N","","","","","","","","","",""
"2005416721","","1","0","0","0","0","0","0","0","0","7","0","","02","12","2005","4","40.4794","-79.9662","","11","0","0","0","0","0","0","0","0","1","0","0","0","","","1","","0","","40 28:45.840","1","0","79 57:58.320","8","0","0","0","2118","0","0","0","Y","0","0","0","1","02118","0","","2.0","","1","N","N","","0","","0","0","0","0","0","N","","1","1","0","0","0","1","0","2","0","1","","","","N","","","","","","","","","",""
"2005416722","","2","0","0","0","0","0","0","0","0","4","0","","02","12","2005","5","40.495278","-79.945477","","11","0","0","1","0","0","0","1","0","2","0","0","0","","","2","","2","","40 29:43.000","5","0","79 56:43.716","3","0","0","0","2430","0","0","0","N","0","0","0","2","02430","1","","1.0","","1","N","N","","0","","1","0","1","0","0","Y","","3","2","1","0","0","0","0","2","0","3","","","","N","","","","","","","","","",""
"2005416723","","0","0","0","0","0","0","0","0","0","7","0","","02","12","2005","2","40.4941","-79.9432","","11","0","0","0","0","0","0","0","0","","0","0","0","","","0","","0","","40 29:38.760","","3","79 56:35.520","0","0","0","0","2430","0","0","0","Y","0","0","0","1","02430","0","","4.0","","2","N","N","","0","","0","0","1","0","0","","","1","0","0","0","0","0","0","2","0","1","","","","N","","","","","","","","","",""