"CRN","ARRIVAL_TM","AUTOMOBILE_COUNT","BELTED_DEATH_COUNT","BELTED_SUSP_SERIOUS_INJ_COUNT","BICYCLE_COUNT","BICYCLE_DEATH_COUNT","BICYCLE_SUSP_SERIOUS_INJ_COUNT","BUS_COUNT","CHLDPAS_DEATH_COUNT","CHLDPAS_SUSP_SERIOUS_INJ_COUNT","COLLISION_TYPE","COMM_VEH_COUNT","CONS_ZONE_SPD_LIM","COUNTY","CRASH_MONTH","CRASH_YEAR","DAY_OF_WEEK","DEC_LATITUDE","DEC_LONGITUDE","DISPATCH_TM","DISTRICT","DRIVER_COUNT_16YR","DRIVER_COUNT_17YR","DRIVER_COUNT_18YR","DRIVER_COUNT_19YR","DRIVER_COUNT_20YR","DRIVER_COUNT_50_64YR","DRIVER_COUNT_65_74YR","DRIVER_COUNT_75PLUS","EST_HRS_CLOSED","FATAL_COUNT","HEAVY_TRUCK_COUNT","HORSE_BUGGY_COUNT","HOUR_OF_DAY","ILLUMINATION","INJURY_COUNT","INTERSECTION_RELATED","INTERSECT_TYPE","LANE_CLOSED","LATITUDE","LN_CLOSE_DIR","LOCATION_TYPE","LONGITUDE","MAX_SEVERITY_LEVEL","MCYCLE_DEATH_COUNT","MCYCLE_SUSP_SERIOUS_INJ_COUNT","MOTORCYCLE_COUNT","MUNICIPALITY","NONMOTR_COUNT","NONMOTR_DEATH_COUNT","NONMOTR_SUSP_SERIOUS_INJ_COUNT","NTFY_HIWY_MAINT","PED_COUNT","PED_DEATH_COUNT","PED_SUSP_SERIOUS_INJ_COUNT","PERSON_COUNT","POLICE_AGCY","POSSIBLE_INJ_COUNT","RDWY_SURF_TYPE_CD","RELATION_TO_ROAD","ROADWAY_CLEARED","ROAD_CONDITION","SCH_BUS_IND","SCH_ZONE_IND","SECONDARY_CRASH","SMALL_TRUCK_COUNT","SPEC_JURIS_CD","SUSP_MINOR_INJ_COUNT","SUSP_SERIOUS_INJ_COUNT","SUV_COUNT","TCD_FUNC_CD","TCD_TYPE","TFC_DETOUR_IND","TIME_OF_DAY","TOTAL_UNITS","TOT_INJ_COUNT","UNBELTED_OCC_COUNT","UNB_DEATH_COUNT","UNB_SUSP_SERIOUS_INJ_COUNT","UNK_INJ_DEG_COUNT","UNK_INJ_PER_COUNT","URBAN_RURAL","VAN_COUNT","VEHICLE_COUNT","WEATHER1","WEATHER2","WORKERS_PRES","WORK_ZONE_IND","WORK_ZONE_LOC","WORK_ZONE_TYPE","WZ_CLOSE_DETOUR","WZ_FLAGGER","WZ_LAW_OFFCR_IND","WZ_LN_CLOSURE","WZ_MOVING","WZ_OTHER","WZ_SHLDER_MDN","WZ_WORKERS_INJ_KILLED"
"2005416726","","1","0","0","0","0","0","0","0","0","7","0","","02","12","2005","2","40.5344","-80.2025","","11","0","0","0","0","0","0","0","0","1","0","0","0","","","1","","0","","40 32:03.840","2","0","80 12:09.000","4","0","0","0","2213","0","0","0","N","0","0","0","1","02213","1","","5.0","","1","N","N","","0","","0","0","0","0","0","Y","","1","1","1","0","0","0","0","2","0","1","","","","N","","","","","","","","","",""
"2005416727","","1","0","0","0","0","0","0","0","0","7","0","","02","12","2005","6","40.301423","-80.071803","","11","0","0","0","0","1","0","0","0","1","0","0","0","","","1","","0","","40 18:05.121","6","0","80 04:18.491","3","0","0","0","2407","0","0","0","N","0","0","0","1","02407","0","","2.0","","2","N","N","","0","","1","0","0","0","0","Y","","1","1","0","0","0","0","0","2","0","1","","","","N","","","","","","","","","",""
"2005416728","","2","0","0","0","0","0","0","0","0","1","0","","02","12","2005","2","40.322201","-80.056716","","11","0","1","0","0","0","0","0","0","","0","0","0","","","0","","1","","40 19:19.925","","0","80 03:24.176","0","0","0","0","2407","0","0","0","N","0","0","0","3","02407","0","","1.0","","1","N","N","","0","","0","0","0","0","0","","","2","0","2","0","0","0","0","2","0","2","","","","N","","","","","","","","","",""
"2005416729","","1","0","0","0","0","0","0","0","0","7","0","","02","12","2005","1","40.353889","-80.013257","","11","0","0","0","0","0","0","0","0","","0","0","0","","","0","","0","","40 21:14.000","","0","80 00:47.724","0","0","0","0","2407","0","0","0","N","0","0","0","2","02407","0","","4.0","","7","N","N","","0","","0","0","0","0","0","","","1","0","0","0","0","0","0","2","0","1","","","","N","","","","","","","","","",""
"2005416762","","1","0","0","0","0","0","0","0","0","1","0","","02","12","2005","4","","","","11","0","0","0","0","1","0","0","0","1","0","0","0","","","0","","0","","","3","0","","0","0","0","0","2206","0","0","0","N","0","0","0","2","02464","0","","1.0","","1","N","N","","1","","0","0","0","3","2","N","","2","0","0","0","0","0","0","1","0","2","","","","N","","","","","","","","","",""
"2005416765","","2","0","0","0","0","0","0","0","0","4","0","","02","12","2005","4","","","","11","0","0","0","0","0","0","0","0","1","0","0","0","","","0","","1","","","4","0","","0","0","0","0","2454","0","0","0","N","0","0","0","2","02454","0","","1.0","","1","N","N","","0","","0","0","0","3","3","Y","","2","0","2","0","0","0","0","1","0","2","","","","N","","","","","","","","","",""
"2005416769","","2","0","0","0","0","0","0","0","0","6","0","","02","12","2005","5","40.490779","-79.952172","","11","0","1","0","0","0","0","0","0","1","0","0","0","","","0","","0","","40 29:26.804","5","0","79 57:07.819","0","0","0","0","2430","0","0","0","N","0","0","0","1","02430","0","","1.0","","1","N","N","","0","","0","0","0","0","0","N","","2","0","0","0","0","0","0","2","0","2","","","","N","","","","","","","","","",""
"2005416797","","1","0","0","0","0","0","0","0","0","7","0","","02","12","2005","6","40.593333","-79.961821","","11","0","0","0","0","0","1","0","0","1","0","0","0","","","0","","2","","40 35:36.000","4","0","79 57:42.556","0","0","0","0","2207","0","0","0","N","0","0","0","2","02207","0","","2.0","","7","N","N","","0","","0","0","0","0","0","N","","1","0","0","0","0","0","0","2","0","1","","","","N","","","","","","","","","",""
"2005416798","","1","0","0","0","0","0","0","0","0","7","0","","02","12","2005","6","","","","11","0","0","0","0","0","1","0","0","","0","0","0","","","0","","0","","","","0","","0","0","0","0","2207","0","0","0","N","0","0","0","1","02207","0","","2.0","","7","N","N","","0","","0","0","0","0","0","","","1","0","0","0","0","0","0","1","0","1","","","","N","","","","","","","","","",""
"2005416800","","1","0","0","0","0","0","0","0","0","7","0","","02","12","2005","1","40.4829","-79.9624","","11","0","1","0","0","0","0","0","0","","0","0","0","","","0","","0","","40 28:58.440","","0","79 57:44.640","0","0","0","0","2118","0","0","0","N","0","0","0","1","02118","0","","2.0","","1","N","N","","0","","0","0","0","0","0","","","1","0","0","0","0","0","0","2","0","1","","","","N","","","","","","","","","",""
"2005416803","","2","0","0","0","0","0","0","0","0","4","0","","02","12","2005","4","40.538889","-79.972216","","11","1","0","0","0","0","1","0","0","2","0","0","0","","","0","","2","","40 32:20.000","2","0","79 58:19.976","0","0","0","0","2118","0","0","0","N","0","0","0","2","02118","0","","1.0","","1","N","N","","0","","0","0","0","3","3","Y","","2","0","0","0","0","0","0","2","0","2","","","","N","","","","","","","","","",""
"2005416810","","1","0","0","0","0","0","0","0","0","5","0","","02","12","2005","3","40.3975","-80.1063","","11","0","0","0","0","0","1","0","0","1","0","0","0","","","1","","6","","40 23:51.000","4","2","80 06:22.680","8","0","0","0","2102","0","0","0","N","0","0","0","2","02102","0","","1.0","","9","N","N","","1","","0","0","0","3","4","N","","2","1","0","0","0","1","0","2","0","2","","","","N","","","","","","","","","",""
"2005416821","","1","0","0","0","0","0","0","0","0","7","0","","02","12","2005","5","40.568611","-80.171678","","11","0","0","0","0","0","0","0","0","","0","0","0","","","0","","0","","40 34:07.000","","0","80 10:18.041","0","0","0","0","2459","0","0","0","Y","0","0","0","1","02459","0","","5.0","","2","N","N","","0","","0","0","0","0","0","","","1","0","0","0","0","0","0","1","0","1","","","","N","","","","","","","","","",""
"2005416827","","1","0","0","0","0","0","1","0","0","4","1","","02","12","2005","5","40.438163","-79.975903","","11","0","0","0","0","0","2","0","0","","0","0","0","","","0","","2","","40 26:17.386","","0","79 58:33.250","0","0","0","0","2301","0","0","0","","0","0","0","6","02503","0","","1.0","","9","N","N","","0","","0","0","0","3","3","","","2","0","0","0","0","0","0","2","0","2","","","","N","","","","","","","","","",""
"2005416841","","1","0","0","0","0","0","0","0","0","7","0","","02","12","2005","5","40.4753","-79.7661","","11","0","0","0","0","0","0","0","0","1","0","0","0","","","1","","0","","40 28:31.080","3","0","79 45:57.960","4","0","0","0","2466","0","0","0","Y","0","0","0","1","02466","1","","2.0","","6","N","N","","0","","0","0","0","0","0","N","","1","1","0","0","0","0","0","2","0","1","","","","N","","","","","","","","","",""
"2005416843","","0","0","0","0","0","0","0","0","0","7","0","","02","12","2005","5","40.2902","-79.9129","","11","0","0","0","0","0","0","0","0","","0","0","0","","","0","","0","","40 17:24.720","","0","79 54:46.440","0","0","0","0","2440","0","0","0","N","0","0","0","1","02440","0","","3.0","","6","N","N","","0","","0","0","1","0","0","","","1","0","0","0","0","0","0","2","0","1","","","","N","","","","","","","","","",""
"2005416845","","2","0","0","0","0","0","0","0","0","4","0","","02","12","2005","4","40.633333","-80.059568","","11","0","0","0","0","0","1","0","1","2","0","0","0","","","2","","1","","40 38:00.000","3","0","80 03:34.445","3","0","0","0","2216","0","0","0","N","0","0","0","3","02505","1","","1.0","","1","N","N","","0","","1","0","0","3","2","Y","","2","2","0","0","0","0","0","2","0","2","","","","N","","","","","","","","","",""
"2005416847","","2","0","0","0","0","0","0","0","0","1","0","","02","12","2005","5","","","","11","0","0","0","0","0","0","1","0","","0","0","0","","","1","","0","","","","0","","4","0","0","0","2438","0","0","0","N","0","0","0","2","02438","1","","1.0","","1","N","N","","0","","0","0","0","0","0","","","2","1","0","0","0","0","0","1","0","2","","","","N","","","","","","","","","",""
"2005416855","","0","0","1","0","0","0","0","0","0","7","0","","02","12","2005","1","","","","11","0","0","0","0","0","0","0","0","1","0","0","0","","","1","","0","","","5","0","","2","0","0","0","2407","0","0","0","N","0","0","0","1","02407","0","","2.0","","9","N","N","","0","","0","1","1","0","0","Y","","1","1","0","0","0","0","0","1","0","1","","","","N","","","","","","","","","",""
"2005416856","","0","0","0","0","0","0","0","0","0","7","0","","02","12","2005","2","40.338908","-80.018914","","11","0","0","0","0","0","1","0","0","","0","0","0","","","0","","0","","40 20:20.068","","0","80 01:08.089","0","0","0","0","2407","0","0","0","Y","0","0","0","2","02407","0","","2.0","","1","N","N","","0","","0","0","0","0","0","","","1","0","0","0","0","0","0","2","1","1","","","","N","","","","","","","","","",""
"2005416902","","1","0","0","0","0","0","0","0","0","7","0","","02","12","2005","5","40.512994","-79.910539","","11","0","1","0","0","0","0","0","0","","0","0","0","","","0","","0","","40 30:46.777","","0","79 54:37.942","0","0","0","0","2432","0","0","0","N","0","0","0","2","02432","0","","4.0","","2","N","N","","0","","0","0","0","0","0","","","1","0","0","0","0","0","0","2","0","1","","","","N","","","","","","","","","",""
"2005416903","","0","0","0","0","0","0","0","0","0","6","0","","02","12","2005","5","40.633056","-79.952371","","11","0","0","0","0","0","0","0","0","","0","0","0","","","0","","0","","40 37:59.000","","0","79 57:08.537","0","0","0","0","2217","0","0","0","N","0","0","0","2","02217","0","","1.0","","2","N","N","","0","","0","0","2","0","0","","","2","0","0","0","0","0","0","2","0","2","","","","N","","","","","","","","","",""
"2005416908","","0","0","0","0","0","0","0","0","0","7","0","","02","12","2005","5","","","","11","0","0","0","0","1","0","0","0","","0","0","0","","","0","","0","","","","0","","0","0","0","0","2203","0","0","0","N","0","0","0","2","02203","0","","3.0","","2","N","N","","0","","0","0","1","0","0","","","1","0","1","0","0","0","0","1","0","1","","","","N","","","","","","","","","",""
"2005416912","","1","0","0","0","0","0","0","0","0","8","0","","02","11","2005","3","","","","11","0","0","0","0","0","0","0","0","","0","0","0","","","1","","0","","","","7","","8","0","0","0","2301","1","0","0","N","1","0","0","2","02506","0","","1.0","","9","N","N","","0","","0","0","0","3","3","","","2","1","0","0","0","1","0","1","0","1","","","","N","","","","","","","","","",""
"2005416913","","0","0","0","0","0","0","0","0","0","7","0","","02","11","2005","5","40.581364","-80.012435","","11","0","0","0","0","0","0","0","0","2","0","0","0","","","0","","0","","40 34:52.910","5","0","80 00:44.766","0","0","0","0","2108","0","0","0","N","0","0","0","2","02108","0","","4.0","","2","N","N","","0","","0","0","0","0","0","Y","","1","0","0","0","0","0","0","2","1","1","","","","N","","","","","","","","","",""
"2005416914","","2","0","0","0","0","0","0","0","0","1","0","","02","11","2005","4","40.486731","-79.892201","","11","0","0","0","0","1","0","0","1","","0","0","0","","","1","","0","","40 29:12.230","","0","79 53:31.922","4","0","0","0","2301","0","0","0","N","0","0","0","2","03301","1","","1.0","","1","N","N","","0","","0","0","0","0","0","","","2","1","0","0","0","0","0","2","0","2","","","","N","","","","","","","","","",""
"2005416915","","1","0","0","0","0","0","0","0","0","7","0","","02","11","2005","2","40.463376","-79.930559","","11","0","0","0","0","0","0","0","0","","0","0","0","","","1","","0","","40 27:48.153","","0","79 55:50.012","8","0","0","0","2301","0","0","0","N","0","0","0","1","02301","0","","5.0","","1","N","N","","0","","0","0","0","3","2","","","1","1","0","0","0","1","0","2","0","1","","","","N","","","","","","","","","",""
"2005416916","","1","0","1","0","0","0","0","0","0","7","0","","02","11","2005","3","","","","11","0","0","0","0","0","0","0","0","","0","0","0","","","1","","3","","","","0","","2","0","0","0","2301","0","0","0","N","0","0","0","1","02301","0","","5.0","","9","N","N","","0","","0","1","0","0","0","","","1","1","0","0","0","0","0","1","0","1","","","","N","","","","","","","","","",""
"2005416917","","0","0","0","0","0","0","0","0","0","7","0","","02","11","2005","3","40.445","-79.858542","","11","0","0","1","0","0","0","0","0","","0","0","0","","","2","","1","","40 26:42.000","","0","79 51:30.751","4","0","0","0","2301","0","0","0","N","0","0","0","2","02301","2","","5.0","","9","N","N","","0","","0","0","0","3","2","","","1","2","1","0","0","0","0","2","1","1","","","","N","","","","","","","","","",""
"2005416918","","2","0","0","0","0","0","0","0","0","4","0","","02","11","2005","4","40.469669","-79.921032","","11","0","1","0","0","0","1","0","0","","0","0","0","","","0","","1","","40 28:10.808","","0","79 55:15.715","0","0","0","0","2301","0","0","0","N","0","0","0","3","02301","0","","1.0","","1","N","N","","0","","0","0","0","3","2","","","2","0","0","0","0","0","0","2","0","2","","","","N","","","","","","","","","",""
"2005416919","","1","0","0","0","0","0","0","0","0","4","0","","02","12","2005","5","40.456279","-79.904737","","11","0","0","0","0","0","0","0","1","","0","0","0","","","0","","1","","40 27:22.605","","0","79 54:17.052","0","0","0","0","2301","0","0","0","N","0","0","0","2","02301","0","","1.0","","1","N","N","","0","","0","0","0","3","2","","","2","0","0","0","0","0","0","2","1","2","","","","N","","","","","","","","","",""
"2005416920","","1","0","0","0","0","0","0","0","0","7","0","","02","11","2005","3","40.4662","-80.0343","","11","0","0","0","0","0","0","0","0","1","0","0","0","","","0","","0","","40 27:58.320","1","0","80 02:03.480","0","0","0","0","2301","0","0","0","N","0","0","0","1","02301","0","","4.0","","9","N","N","","0","","0","0","0","0","0","N","","1","0","0","0","0","0","0","2","0","1","","","","N","","","","","","","","","",""
"2005416921","","1","0","0","0","0","0","0","0","0","7","0","","02","11","2005","3","","","","11","0","0","0","0","0","1","0","0","","0","0","0","","","1","","0","","","","0","","8","0","0","0","2301","0","0","0","N","0","0","0","3","02301","0","","4.0","","1","N","N","","0","","0","0","0","0","0","","","1","1","0","0","0","1","0","1","0","1","","","","N","","","","","","","","","",""
"2005416922","","2","0","0","0","0","0","0","0","0","4","0","","02","11","2005","3","40.406944","-80.03424","","11","0","0","0","0","0","0","0","0","","0","0","0","","","1","","1","","40 24:25.000","","0","80 02:03.265","8","0","0","0","2301","0","0","0","N","0","0","0","5","02301","0","","1.0","","1","N","N","","0","","0","0","0","0","0","","","2","1","1","0","0","1","0","2","0","2","","","","N","","","","","","","","","",""
"2005416923","","1","0","0","0","0","0","0","0","0","1","0","","02","11","2005","3","40.382222","-79.995996","","11","0","0","0","0","0","1","0","0","","0","0","0","","","0","","2","","40 22:56.000","","0","79 59:45.584","0","0","0","0","2301","0","0","0","N","0","0","0","3","02301","0","","1.0","","1","N","N","","1","","0","0","0","3","2","","","2","0","0","0","0","0","0","2","0","2","","","","N","","","","","","","","","",""
"2005416924","","1","0","0","0","0","0","0","0","0","1","1","","02","12","2005","6","40.4131","-80.0079","","11","0","0","0","0","0","0","0","0","1","0","1","0","","","0","","7","","40 24:47.160","1","2","80 00:28.440","0","0","0","0","2301","0","0","0","N","0","0","0","2","02301","0","","1.0","","2","N","N","","0","","0","0","0","0","0","N","","2","0","0","0","0","0","0","2","0","2","","","","N","","","","","","","","","",""
"2005416925","","2","0","0","0","0","0","0","0","0","4","0","","02","12","2005","5","","","","11","0","0","0","0","0","0","0","0","","0","0","0","","","0","","1","","","","0","","0","0","0","0","2301","0","0","0","N","0","0","0","2","02301","0","","1.0","","9","N","N","","0","","0","0","0","3","2","","","2","0","0","0","0","0","0","1","0","2","","","","N","","","","","","","","","",""
"2005416926","","1","0","0","0","0","0","0","0","0","8","0","","02","11","2005","3","","","","11","0","0","0","0","0","1","0","0","","0","0","0","","","1","","2","","","","0","","8","0","0","0","2301","1","0","0","N","1","0","0","2","02301","0","","1.0","","9","N","N","","0","","0","0","0","3","3","","","2","1","0","0","0","1","0","1","0","1","","","","N","","","","","","","","","",""
"2005416927","","2","0","0","0","0","0","0","0","0","1","0","","02","11","2005","2","40.4338","-80.0067","","11","0","0","0","1","0","0","0","0","1","0","0","0","","","0","","0","","40 26:01.680","4","7","80 00:24.120","0","0","0","0","2301","0","0","0","N","0","0","0","3","02301","0","","1.0","","1","N","N","","1","","0","0","0","3","2","N","","3","0","0","0","0","0","0","2","0","3","","","","N","","","","","","","","","",""
"2005416928","","1","0","0","0","0","0","0","0","0","8","0","","02","11","2005","3","40.453984","-80.059519","","11","0","0","0","0","0","1","0","0","","0","0","0","","","1","","1","","40 27:14.342","","0","80 03:34.268","4","0","0","0","2301","1","0","0","N","1","0","0","2","02301","1","","1.0","","9","N","N","","0","","0","0","0","3","3","","","2","1","0","0","0","0","0","2","0","1","","","","N","","","","","","","","","",""
"2005416940","","2","0","0","0","0","0","0","0","0","4","0","","02","11","2005","2","40.474215","-79.90821","","11","0","0","0","0","0","1","0","0","1","0","0","0","","","0","","1","","40 28:27.175","1","0","79 54:29.557","0","0","0","0","2301","0","0","0","N","0","0","0","7","02301","0","","1.0","","1","N","N","","0","","0","0","0","3","2","N","","2","0","0","0","0","0","0","2","0","2","","","","N","","","","","","","","","",""
"2005416942","","1","0","0","0","0","0","0","0","0","7","0","","02","11","2005","2","40.438061","-79.994014","","11","0","0","0","0","0","0","0","0","","0","0","0","","","0","","2","","40 26:17.019","","8","79 59:38.452","0","0","0","0","2301","0","0","0","N","0","0","0","1","02301","0","","4.0","","9","N","N","","0","","0","0","0","3","2","","","1","0","0","0","0","0","0","2","0","1","","","","N","","","","","","","","","",""
"2005416978","","0","0","0","0","0","0","1","0","0","0","1","","02","11","2005","3","40.466667","-79.8374","","11","0","0","0","0","0","1","0","0","","0","0","0","","","0","","2","","40 28:00.000","","0","79 50:14.641","0","0","0","0","2113","0","0","0","N","0","0","0","14","02113","0","","1.0","","9","Y","N","","1","","0","0","0","3","3","","","2","0","0","0","0","0","0","2","0","2","","","","N","","","","","","","","","",""
"2005416980","","2","0","0","0","0","0","0","0","0","1","0","55","02","10","2005","7","","","","11","0","0","0","0","0","0","0","0","1","0","0","0","","","1","","6","","40 29:33.00","2","2","80 16:24.96","4","0","0","0","2203","0","0","0","N","0","0","0","3","68B03","1","","1.0","","9","N","N","","0","","0","0","0","3","3","N","","2","1","0","0","0","0","0","2","0","2","","","Y","Y","4","1","","","N","","Y","","Y",""
"2005416981","","1","0","0","0","0","0","0","0","0","1","0","","02","10","2005","7","","","","11","0","0","0","0","0","0","0","0","","0","0","0","","","2","","6","","40 31:16.32","","2","80 03:55.80","4","0","0","0","2215","0","0","0","N","0","0","0","3","68B03","2","","1.0","","1","N","N","","1","","0","0","0","3","4","","","2","2","0","0","0","0","0","2","0","2","","","","N","","","","","","","","","",""
"2005417090","","1","0","0","0","0","0","0","0","0","1","0","","02","10","2005","5","","","","11","0","0","0","0","0","0","0","0","1","0","0","0","","","5","","0","","40 26:07.80","1","4","80 01:03.72","4","0","0","0","2301","0","0","0","Y","0","0","0","5","68B03","5","","1.0","","1","N","N","","0","","0","0","1","3","2","N","","2","5","0","0","0","0","0","2","0","2","","","","N","","","","","","","","","",""
"2005417091","","1","0","0","0","0","0","0","0","0","1","0","","02","10","2005","5","","","","11","0","0","0","0","0","0","0","0","","0","0","0","","","1","","0","","40 25:35.76","","0","79 54:56.16","4","0","0","0","2301","0","0","0","N","0","0","0","2","68B03","1","","1.0","","1","N","N","","0","","0","0","1","0","0","","","2","1","0","0","0","0","0","2","0","2","","","","N","","","","","","","","","",""
"2005417092","","0","0","0","0","0","0","0","0","0","7","0","","02","10","2005","7","40.390556","-80.099394","","11","0","0","0","0","0","0","0","0","","0","0","0","","","0","","0","","40 23:26.000","","0","80 05:57.820","0","0","0","0","2102","0","0","0","N","0","0","0","1","68B03","0","","2.0","","1","N","N","","0","","0","0","1","0","0","","","1","0","0","0","0","0","0","2","0","1","","","","N","","","","","","","","","",""
"2005417093","","2","0","0","0","0","0","0","0","0","1","0","","02","10","2005","6","","","","11","0","0","0","0","0","2","0","0","","0","0","0","","","1","","6","","40 26:24.00","","2","80 00:34.56","4","0","0","0","2301","0","0","0","N","0","0","0","4","68B03","1","","1.0","","1","N","N","","0","","0","0","0","3","3","","","2","1","0","0","0","0","0","2","0","2","","","","N","","","","","","","","","",""
"2005417094","","4","0","0","0","0","0","0","0","0","1","0","45","02","10","2005","7","40.4469","-80.1681","","11","0","0","0","0","0","0","1","0","1","0","0","0","","","0","","0","","40 26:48.840","4","0","80 10:05.160","0","0","0","0","2115","0","0","0","N","0","0","0","6","68D03","0","","1.0","","1","N","N","","0","","0","0","0","0","0","Y","","4","0","0","0","0","0","0","2","0","4","","","Y","Y","4","1","","","N","","","","Y",""
"2005417095","","0","0","0","0","0","0","0","0","0","99","0","","02","10","2005","5","40.419167","-80.103203","","11","0","0","0","0","0","0","0","0","","0","0","0","","","0","","0","","40 25:09.000","","0","80 06:11.532","9","0","0","0","2102","0","0","0","N","0","0","0","1","68B03","0","","9.0","","9","N","N","","1","","0","0","0","0","0","","","1","0","0","0","0","0","1","2","0","1","","","","N","","","","","","","","","",""
"2005417096","","0","0","0","0","0","0","0","0","0","1","0","","02","10","2005","6","","","","11","0","0","0","0","0","1","0","0","","0","0","0","","","0","","0","","40 25:24.24","","0","80 06:18.36","0","0","0","0","2115","0","0","0","N","0","0","0","4","68B03","0","","1.0","","1","N","N","","0","","0","0","2","0","0","","","2","0","0","0","0","0","0","2","0","2","","","","N","","","","","","","","","",""
"2005417215","","1","0","0","0","0","0","0","0","0","7","0","","02","9","2005","2","","","","11","0","0","0","0","0","0","0","0","1","0","0","0","","","0","","0","","40 25:54.48","1","4","80 01:28.20","0","0","0","0","2301","0","0","0","N","0","0","0","1","68B03","0","","4.0","","1","N","N","","0","","0","0","0","0","0","N","","1","0","0","0","0","0","0","2","0","1","","","","N","","","","","","","","","",""
"2005417216","","1","0","0","0","0","0","0","0","0","7","0","","02","10","2005","1","","","","11","0","0","0","0","0","0","0","0","","0","0","0","","","1","","0","","40 27:13.32","","0","79 59:50.64","4","0","0","0","2301","0","0","0","N","0","0","0","1","68B03","1","","2.0","","1","N","N","","0","","0","0","0","0","0","","","1","1","0","0","0","0","0","2","0","1","","","","N","","","","","","","","","",""
"2005417217","","1","0","0","0","0","0","0","0","0","1","0","","02","10","2005","6","","","","11","0","0","0","1","0","1","0","0","","0","0","0","","","0","","0","","40 34:15.96","","0","80 05:25.08","0","0","0","0","2215","0","0","0","N","0","0","0","4","68B03","0","","1.0","","1","N","N","","0","","0","0","1","0","0","","","2","0","2","0","0","0","0","2","0","2","","","","N","","","","","","","","","",""
"2005417218","","1","0","0","0","0","0","0","0","0","99","0","","02","10","2005","3","","","","11","0","0","0","0","0","0","0","0","","0","0","0","","","0","","0","","40 35:09.96","","0","80 06:00.00","0","0","0","0","2481","0","0","0","N","0","0","0","1","68B03","0","","1.0","","1","N","N","","0","","0","0","0","3","2","","","1","0","0","0","0","0","0","2","0","1","","","","N","","","","","","","","","",""
"2005417219","","2","0","0","0","0","0","0","0","0","1","0","","02","10","2005","6","","","","11","0","0","0","0","0","0","0","0","","0","0","0","","","0","","0","","","","2","","0","0","0","0","2102","0","0","0","N","0","0","0","2","68B03","0","","1.0","","9","N","N","","0","","0","0","0","0","0","","","2","0","0","0","0","0","0","1","0","2","","","","N","","","","","","","","","",""
"2005417289","","0","0","0","0","0","0","0","0","0","7","0","","02","11","2005","2","","","","11","0","0","0","0","0","1","0","0","2","0","0","0","","","1","","0","","","5","0","","8","0","0","0","2304","0","0","0","N","0","0","0","1","02304","0","","5.0","","1","N","N","","1","","0","0","0","0","0","Y","","1","1","0","0","0","1","0","1","0","1","","","","N","","","","","","","","","",""
"2005417290","","2","0","0","0","0","0","0","0","0","4","0","","02","11","2005","3","","","","11","0","0","1","0","0","0","1","0","","0","0","0","","","1","","2","","","","0","","4","0","0","0","2304","0","0","0","N","0","0","0","3","02304","1","","1.0","","9","N","N","","0","","0","0","0","3","4","","","2","1","0","0","0","0","0","1","0","2","","","","N","","","","","","","","","",""
"2005417291","","1","0","0","0","0","0","0","0","0","7","0","","02","11","2005","1","40.354545","-79.834618","","11","0","0","0","0","0","1","0","0","","0","0","0","","","1","","0","","40 21:16.362","","0","79 50:04.625","8","0","0","0","2304","0","0","0","N","0","0","0","3","02304","0","","5.0","","9","N","N","","0","","0","0","0","0","0","","","1","1","2","0","0","1","0","2","0","1","","","","N","","","","","","","","","",""
"2005417292","","0","0","0","0","0","0","0","0","0","7","0","","02","11","2005","4","40.309905","-79.858664","","11","0","1","0","0","0","0","0","0","1","0","0","0","","","0","","0","","40 18:35.658","5","0","79 51:31.192","0","0","0","0","2443","0","0","0","N","0","0","0","1","02443","0","","4.0","","7","N","N","","1","","0","0","0","0","0","Y","","1","0","0","0","0","0","0","2","0","1","","","","N","","","","","","","","","",""
"2005417293","","2","0","0","0","0","0","0","0","0","4","0","","02","11","2005","2","","","","11","0","0","0","0","0","0","1","0","","0","0","0","","","0","","2","","","","0","","0","0","0","0","2463","0","0","0","N","0","0","0","2","02463","0","","1.0","","1","N","N","","0","","0","0","0","0","0","","","2","0","0","0","0","0","0","1","0","2","","","","N","","","","","","","","","",""
"2005417294","","1","0","0","0","0","0","0","0","0","4","0","","02","11","2005","6","40.4258","-79.8918","","11","0","0","0","0","0","1","0","0","1","0","0","0","","","0","","2","","40 25:32.880","2","2","79 53:30.480","0","0","0","0","2463","0","0","0","N","0","0","0","2","02463","0","","1.0","","1","N","N","","1","","0","0","0","3","3","N","","2","0","0","0","0","0","0","2","0","2","","","","N","","","","","","","","","",""
"2005417316","","2","0","0","0","0","0","0","0","0","1","0","","02","11","2005","4","40.506417","-80.085836","","11","0","0","0","0","0","0","1","0","","0","0","0","","","1","","0","","40 30:23.101","","0","80 05:09.009","4","0","0","0","2405","0","0","0","N","0","0","0","1","02405","1","","6.0","","1","N","N","","0","","0","0","0","0","0","","","2","1","0","0","0","0","0","2","0","2","","","","N","","","","","","","","","",""
"2005417324","","1","0","0","0","0","0","0","0","0","7","0","","02","12","2005","7","40.4335","-79.7596","","11","0","1","0","0","0","0","0","0","","0","0","0","","","1","","0","","40 26:00.600","","0","79 45:34.560","4","0","0","0","2446","0","0","0","N","0","0","0","1","02446","1","","2.0","","1","N","N","","0","","0","0","0","0","0","","","1","1","0","0","0","0","0","2","0","1","","","","N","","","","","","","","","",""