"CRN","ARRIVAL_TM","AUTOMOBILE_COUNT","BELTED_DEATH_COUNT","BELTED_SUSP_SERIOUS_INJ_COUNT","BICYCLE_COUNT","BICYCLE_DEATH_COUNT","BICYCLE_SUSP_SERIOUS_INJ_COUNT","BUS_COUNT","CHLDPAS_DEATH_COUNT","CHLDPAS_SUSP_SERIOUS_INJ_COUNT","COLLISION_TYPE","COMM_VEH_COUNT","CONS_ZONE_SPD_LIM","COUNTY","CRASH_MONTH","CRASH_YEAR","DAY_OF_WEEK","DEC_LATITUDE","DEC_LONGITUDE","DISPATCH_TM","DISTRICT","DRIVER_COUNT_16YR","DRIVER_COUNT_17YR","DRIVER_COUNT_18YR","DRIVER_COUNT_19YR","DRIVER_COUNT_20YR","DRIVER_COUNT_50_64YR","DRIVER_COUNT_65_74YR","DRIVER_COUNT_75PLUS","EST_HRS_CLOSED","FATAL_COUNT","HEAVY_TRUCK_COUNT","HORSE_BUGGY_COUNT","HOUR_OF_DAY","ILLUMINATION","INJURY_COUNT","INTERSECTION_RELATED","INTERSECT_TYPE","LANE_CLOSED","LATITUDE","LN_CLOSE_DIR","LOCATION_TYPE","LONGITUDE","MAX_SEVERITY_LEVEL","MCYCLE_DEATH_COUNT","MCYCLE_SUSP_SERIOUS_INJ_COUNT","MOTORCYCLE_COUNT","MUNICIPALITY","NONMOTR_COUNT","NONMOTR_DEATH_COUNT","NONMOTR_SUSP_SERIOUS_INJ_COUNT","NTFY_HIWY_MAINT","PED_COUNT","PED_DEATH_COUNT","PED_SUSP_SERIOUS_INJ_COUNT","PERSON_COUNT","POLICE_AGCY","POSSIBLE_INJ_COUNT","RDWY_SURF_TYPE_CD","RELATION_TO_ROAD","ROADWAY_CLEARED","ROAD_CONDITION","SCH_BUS_IND","SCH_ZONE_IND","SECONDARY_CRASH","SMALL_TRUCK_COUNT","SPEC_JURIS_CD","SUSP_MINOR_INJ_COUNT","SUSP_SERIOUS_INJ_COUNT","SUV_COUNT","TCD_FUNC_CD","TCD_TYPE","TFC_DETOUR_IND","TIME_OF_DAY","TOTAL_UNITS","TOT_INJ_COUNT","UNBELTED_OCC_COUNT","UNB_DEATH_COUNT","UNB_SUSP_SERIOUS_INJ_COUNT","UNK_INJ_DEG_COUNT","UNK_INJ_PER_COUNT","URBAN_RURAL","VAN_COUNT","VEHICLE_COUNT","WEATHER1","WEATHER2","WORKERS_PRES","WORK_ZONE_IND","WORK_ZONE_LOC","WORK_ZONE_TYPE","WZ_CLOSE_DETOUR","WZ_FLAGGER","WZ_LAW_OFFCR_IND","WZ_LN_CLOSURE","WZ_MOVING","WZ_OTHER","WZ_SHLDER_MDN","WZ_WORKERS_INJ_KILLED"
"2005418909","","0","0","0","0","0","0","0","0","0","7","0","","02","12","2005","6","40.4737","-80.1728","","11","0","0","0","0","0","0","0","0","2","0","0","0","","","0","","0","","40 28:25.320","6","0","80 10:22.080","0","0","0","0","2213","0","0","0","N","0","0","0","1","02213","0","","5.0","","9","N","N","","1","","0","0","0","0","0","Y","","1","0","0","0","0","0","0","2","0","1","","","","N","","","","","","","","","",""
"2005418910","","0","0","0","0","0","0","0","0","0","1","0","","02","12","2005","2","","","","11","0","0","0","0","0","1","0","0","2","0","0","0","","","3","","0","","","3","0","","8","0","0","0","2213","0","0","0","N","0","0","0","5","02213","0","","1.0","","1","N","N","","0","","0","0","0","0","0","Y","","2","3","1","0","0","3","0","1","2","2","","","","N","","","","","","","","","",""
"2005418911","","0","0","0","0","0","0","0","0","0","7","0","","02","12","2005","6","40.329105","-80.042269","","11","0","0","0","0","0","1","0","0","2","0","0","0","","","0","","0","","40 19:44.778","2","0","80 02:32.168","0","0","0","0","2407","0","0","0","N","0","0","0","1","02407","0","","2.0","","2","N","N","","1","","0","0","0","0","0","Y","","1","0","0","0","0","0","0","2","0","1","","","","N","","","","","","","","","",""
"2005418912","","2","0","0","0","0","0","0","0","0","4","0","","02","12","2005","7","40.341111","-80.022436","","11","0","0","0","0","0","0","0","1","2","0","0","0","","","2","","1","","40 20:28.000","4","0","80 01:20.769","3","0","0","0","2407","0","0","0","N","0","0","0","2","02407","1","","1.0","","9","N","Y","","0","","1","0","0","0","0","Y","","2","2","0","0","0","0","0","2","0","2","","","","N","","","","","","","","","",""
"2005418913","","1","0","0","0","0","0","0","0","0","7","0","","02","12","2005","5","","","","11","0","1","0","0","0","0","0","0","","0","0","0","","","0","","0","","","","0","","0","0","0","0","2407","0","0","0","N","0","0","0","1","02407","0","","4.0","","2","N","N","","0","","0","0","0","0","0","","","1","0","0","0","0","0","0","1","0","1","","","","N","","","","","","","","","",""
"2005418916","","1","0","0","0","0","0","0","0","0","7","0","","02","12","2005","4","40.314182","-80.03767","","11","0","0","0","0","0","0","0","0","1","0","0","0","","","0","","2","","40 18:51.054","3","0","80 02:15.612","0","0","0","0","2407","0","0","0","N","0","0","0","1","02407","0","","4.0","","9","N","N","","0","","0","0","0","0","0","Y","","1","0","0","0","0","0","0","2","0","1","","","","N","","","","","","","","","",""
"2005418932","","0","0","0","0","0","0","0","0","0","4","0","","02","12","2005","4","40.3392","-79.9612","","11","0","0","0","0","0","0","0","0","","0","0","0","","","0","","0","","40 20:21.120","","0","79 57:40.320","0","0","0","0","2454","0","0","0","N","0","0","0","2","02454","0","","1.0","","1","N","N","","2","","0","0","0","0","0","","","2","0","0","0","0","0","0","2","0","2","","","","N","","","","","","","","","",""
"2005418950","","1","0","0","0","0","0","0","0","0","1","0","","02","12","2005","4","40.445833","-79.713872","","11","0","0","0","0","0","1","0","0","1","0","0","0","","","2","","0","","40 26:45.000","3","0","79 42:49.939","8","0","0","0","2466","0","0","0","N","0","0","0","6","02466","0","","1.0","","1","N","","","0","","0","0","1","0","0","N","","3","2","0","0","0","2","0","2","1","3","","","","N","","","","","","","","","",""
"2005418963","","2","0","0","0","0","0","0","0","0","1","0","","02","12","2005","4","40.332043","-79.970902","","11","0","0","0","0","0","0","0","0","","0","0","0","","","0","","0","","40 19:55.354","","0","79 58:15.247","0","0","0","0","2454","0","0","0","N","0","0","0","2","02454","0","","1.0","","1","N","N","","0","","0","0","0","0","0","","","2","0","0","0","0","0","0","2","0","2","","","","N","","","","","","","","","",""
"2005418965","","1","0","0","0","0","0","0","0","0","7","0","","02","12","2005","1","","","","11","0","1","0","0","0","0","0","0","1","0","0","0","","","0","","0","","","1","0","","0","0","0","0","2466","0","0","0","N","0","0","0","1","02466","0","","5.0","","2","N","N","","0","","0","0","0","0","0","N","","1","0","0","0","0","0","0","1","0","1","","","","N","","","","","","","","","",""
"2005418970","","2","0","0","0","0","0","0","0","0","4","0","","02","12","2005","4","40.3316","-80.0695","","11","0","0","0","0","1","0","0","0","1","0","0","0","","","0","","2","","40 19:53.760","4","0","80 04:10.200","0","0","0","0","2123","0","0","0","N","0","0","0","4","02123","0","","1.0","","9","N","N","","0","","0","0","0","3","3","N","","2","0","0","0","0","0","0","2","0","2","","","","N","","","","","","","","","",""
"2005419001","","1","0","0","0","0","0","0","0","0","7","0","","02","12","2005","3","","","","11","0","0","0","0","1","0","0","0","1","0","0","0","","","0","","0","","","4","0","","0","0","0","0","2460","0","0","0","N","0","0","0","1","02215","0","","5.0","","1","N","N","","0","","0","0","0","0","0","N","","1","0","0","0","0","0","0","1","0","1","","","","N","","","","","","","","","",""
"2005419003","","1","0","0","0","0","0","0","0","0","4","0","","02","12","2005","5","40.5551","-79.8094","","11","0","0","0","0","0","0","0","0","1","0","0","0","","","0","","2","","40 33:18.360","2","2","79 48:33.840","0","0","0","0","2208","0","0","0","N","0","0","0","4","02208","0","","1.0","","1","N","N","","0","","0","0","0","3","3","N","","2","0","0","0","0","0","0","2","1","2","","","","N","","","","","","","","","",""
"2005419008","","2","0","0","0","0","0","0","0","0","1","0","","02","12","2005","2","40.530278","-80.189323","","11","0","0","0","1","0","0","0","0","1","0","0","0","","","0","","0","","40 31:49.000","4","0","80 11:21.561","0","0","0","0","2213","0","0","0","N","0","0","0","4","02213","0","","1.0","","1","N","N","","0","","0","0","0","0","0","Y","","2","0","0","0","0","0","0","2","0","2","","","","N","","","","","","","","","",""
"2005419009","","1","0","0","0","0","0","0","0","0","7","0","","02","12","2005","5","40.32264","-80.060967","","11","0","0","0","0","0","0","0","0","","0","0","0","","","1","","0","","40 19:21.504","","0","80 03:39.481","4","0","0","0","2407","0","0","0","N","0","0","0","1","02407","1","","2.0","","9","N","N","","0","","0","0","0","0","0","","","1","1","0","0","0","0","0","2","0","1","","","","N","","","","","","","","","",""
"2005419012","","1","0","0","0","0","0","0","0","0","7","0","","02","12","2005","5","","","","11","0","0","0","0","0","0","0","0","1","0","0","0","","","0","","0","","","6","0","","0","0","0","0","2206","0","0","0","N","0","0","0","1","02464","0","","2.0","","1","N","N","","0","","0","0","0","0","0","N","","1","0","1","0","0","0","0","1","0","1","","","","N","","","","","","","","","",""
"2005419022","","1","0","0","0","0","0","0","0","0","4","0","","02","12","2005","1","40.454145","-79.944483","","11","0","1","0","0","0","0","0","0","","0","0","0","","","0","","1","","40 27:14.922","","0","79 56:40.138","0","0","0","0","2301","0","0","0","N","0","0","0","3","02301","0","","1.0","","9","N","N","","0","","0","0","0","3","2","","","2","0","0","0","0","0","0","2","1","2","","","","N","","","","","","","","","",""
"2005419024","","1","0","0","0","0","0","0","0","0","5","1","","02","10","2005","5","40.5751","-79.8647","","11","0","0","0","0","0","0","0","0","","0","1","0","","","0","","0","","40 34:30.360","","0","79 51:52.920","0","0","0","0","2209","0","0","0","N","0","0","0","3","68T02","0","","1.0","","9","N","N","","0","","0","0","0","0","0","","","2","0","0","0","0","0","0","2","0","2","","","","N","","","","","","","","","",""
"2005419029","","0","0","0","0","0","0","0","0","0","1","1","","02","11","2005","4","40.535","-79.8216","","11","0","0","0","0","0","0","1","0","","0","1","0","","","0","","0","","40 32:06.000","","0","79 49:17.760","0","0","0","0","2466","0","0","0","N","0","0","0","2","68T02","0","","1.0","","1","N","N","","0","","0","0","0","0","0","","","2","0","0","0","0","0","0","1","1","2","","","","N","","","","","","","","","",""
"2005419035","","1","0","0","0","0","0","0","0","0","0","0","","02","11","2005","4","40.286027","-80.013737","","11","0","2","0","0","0","0","0","0","","0","0","0","","","0","","0","","40 17:09.696","","0","80 00:49.454","0","0","0","0","2219","0","0","0","N","0","0","0","3","02219","0","","1.0","","1","N","N","","1","","0","0","0","0","0","","","2","0","0","0","0","0","0","2","0","2","","","","N","","","","","","","","","",""
"2005419045","","1","0","0","0","0","0","0","0","0","1","1","","02","10","2005","6","40.5307","-79.8214","","11","0","0","0","0","0","1","0","0","","0","1","0","","","1","","0","","40 31:50.520","","0","79 49:17.040","4","0","0","0","2466","0","0","0","","0","0","0","2","68T02","1","","1.0","","1","N","N","","0","","0","0","0","0","0","","","2","1","0","0","0","0","0","1","0","2","","","","N","","","","","","","","","",""
"2005419072","","1","0","0","0","0","0","0","0","0","7","3","","02","10","2005","4","40.522778","-80.131252","","11","0","0","0","0","0","0","0","0","3","0","2","0","","","1","","0","","40 31:22.000","2","0","80 07:52.506","4","0","0","0","2434","0","0","0","Y","0","0","0","3","68B03","1","","2.0","","9","N","N","","0","","0","0","0","0","0","Y","","3","1","0","0","0","0","0","1","0","3","","","","N","","","","","","","","","",""
"2005419100","","1","0","0","0","0","0","0","0","0","4","1","","02","12","2005","5","40.628611","-80.056253","","11","0","0","0","0","0","2","0","0","3","0","1","0","","","1","","5","","40 37:43.000","5","0","80 03:22.511","3","0","0","0","2216","0","0","0","N","0","0","0","3","02505","0","","1.0","","1","N","N","","0","","1","0","0","3","2","Y","","3","1","0","0","0","0","0","2","1","3","","","","N","","","","","","","","","",""
"2005419138","","0","0","0","0","0","0","0","0","0","7","0","","02","12","2005","1","40.404722","-79.762197","","11","0","1","0","0","0","0","0","0","","0","0","0","","","0","","2","","40 24:17.000","","0","79 45:43.910","0","0","0","0","2446","0","0","0","N","0","0","0","1","02446","0","","2.0","","7","N","N","","0","","0","0","1","0","0","","","1","0","1","0","0","0","0","2","0","1","","","","N","","","","","","","","","",""
"2005419160","","2","0","0","0","0","0","0","0","0","4","0","","02","12","2005","2","40.443611","-79.938783","","11","1","0","0","0","1","0","0","0","","0","0","0","","","1","","1","","40 26:37.000","","0","79 56:19.617","4","0","0","0","2301","0","0","0","N","0","0","0","4","02301","1","","1.0","","9","N","N","","0","","0","0","0","3","2","","","2","1","2","0","0","0","0","2","0","2","","","","N","","","","","","","","","",""
"2005419189","","2","0","0","0","0","0","0","0","0","4","0","","02","12","2005","5","","","","11","0","1","0","0","0","0","0","0","","0","0","0","","","0","","0","","","","7","","0","0","0","0","2446","0","0","0","N","0","0","0","2","02446","0","","1.0","","1","N","N","","0","","0","0","0","3","2","","","2","0","1","0","0","0","0","1","0","2","","","","N","","","","","","","","","",""
"2005419190","","0","0","0","0","0","0","0","0","0","7","0","","02","12","2005","5","40.2737","-79.9262","","11","0","0","0","0","0","0","0","0","2","0","0","0","","","1","","0","","40 16:25.320","3","0","79 55:34.320","3","0","0","0","2440","0","0","0","N","0","0","0","1","02440","0","","5.0","","1","N","N","","0","","1","0","1","0","0","N","","1","1","1","0","0","0","0","2","0","1","","","","N","","","","","","","","","",""
"2005419193","","0","0","0","0","0","0","0","0","0","7","0","","02","12","2005","5","40.2952","-79.8746","","11","0","0","0","0","0","1","0","0","1","0","0","0","","","1","","0","","40 17:42.720","1","0","79 52:28.560","4","0","0","0","2302","0","0","0","N","0","0","0","1","02302","1","","2.0","","1","N","N","","1","","0","0","0","3","8","N","","1","1","0","0","0","0","0","2","0","1","","","","N","","","","","","","","","",""
"2005419198","","2","0","0","0","0","0","0","0","0","4","0","","02","12","2005","6","","","","11","0","0","0","1","0","0","0","0","1","0","0","0","","","0","","1","","","3","0","","0","0","0","0","2446","0","0","0","N","0","0","0","2","02446","0","","1.0","","1","N","N","","0","","0","0","0","3","3","N","","2","0","0","0","0","0","0","1","0","2","","","","N","","","","","","","","","",""
"2005419206","","1","0","0","0","0","0","0","0","0","4","0","","02","12","2005","6","40.290556","-79.913415","","11","0","0","0","0","0","0","0","1","2","0","0","0","","","0","","2","","40 17:26.000","2","0","79 54:48.295","0","0","0","0","2440","0","0","0","N","0","0","0","3","02440","0","","1.0","","1","N","N","","1","","0","0","0","3","3","N","","2","0","0","0","0","0","0","2","0","2","","","","N","","","","","","","","","",""
"2005419211","","0","0","0","0","0","0","0","0","0","6","0","","02","12","2005","2","40.2073","-79.9251","","11","0","0","0","0","0","0","0","0","2","0","0","0","","","0","","0","","40 12:26.280","5","0","79 55:30.360","0","0","0","0","2204","0","0","0","N","0","0","0","2","02204","0","","1.0","","1","N","N","","1","","0","0","0","0","0","N","","2","0","1","0","0","0","0","1","1","2","","","","N","","","","","","","","","",""
"2005419216","","0","0","0","0","0","0","0","0","0","7","0","","02","12","2005","1","40.519955","-79.941874","","11","0","0","0","0","0","0","0","0","2","0","0","0","","","0","","0","","40 31:11.838","1","0","79 56:30.746","0","0","0","0","2118","0","0","0","N","0","0","0","1","02118","0","","2.0","","2","N","N","","0","","0","0","1","0","0","N","","1","0","0","0","0","0","0","2","0","1","","","","N","","","","","","","","","",""
"2005419241","","1","1","2","0","0","0","0","0","0","7","1","","02","10","2005","6","40.520833","-79.853065","","11","0","0","0","0","0","2","0","0","4","1","1","0","","","2","","0","","40 31:15.000","1","0","79 51:11.034","1","0","0","0","2208","0","0","0","N","0","0","0","3","68D02","0","1","2.0","","9","N","N","","1","0","0","2","0","0","0","Y","","3","2","0","0","0","0","0","2","0","3","","","","N","","","","","","","","","",""
"2005419247","","3","0","0","0","0","0","0","0","0","1","0","","02","12","2005","3","40.628611","-80.056253","","11","0","0","0","0","0","0","0","0","","0","0","0","","","0","","2","","40 37:43.000","","0","80 03:22.511","0","0","0","0","2216","0","0","0","N","0","0","0","4","02505","0","","1.0","","9","N","N","","0","","0","0","0","3","2","","","3","0","1","0","0","0","0","2","0","3","","","","N","","","","","","","","","",""
"2005419252","","2","0","0","0","0","0","0","0","0","4","0","","02","12","2005","2","40.673438","-80.097018","","11","0","0","1","0","0","0","1","0","","0","0","0","","","0","","1","","40 40:24.376","","0","80 05:49.263","0","0","0","0","2212","0","0","0","N","0","0","0","3","02505","0","","1.0","","1","N","N","","0","","0","0","0","3","3","","","2","0","0","0","0","0","0","2","0","2","","","","N","","","","","","","","","",""
"2005419254","","2","0","0","0","0","0","0","0","0","7","0","","02","12","2005","1","40.300999","-79.895391","","11","0","0","0","0","0","0","0","0","1","0","0","0","","","0","","0","","40 18:03.596","2","0","79 53:43.409","0","0","0","0","2302","0","0","0","N","0","0","0","2","02302","0","","2.0","","1","N","N","","0","","0","0","0","3","8","N","","2","0","0","0","0","0","0","2","0","2","","","","N","","","","","","","","","",""
"2005419257","","1","0","0","0","0","0","0","0","0","8","0","","02","12","2005","5","","","","11","0","0","0","0","0","0","0","0","","0","0","0","","","1","","1","","","","0","","3","0","0","0","2301","1","0","0","N","1","0","0","2","02301","0","","1.0","","1","N","N","","0","","1","0","0","3","2","","","2","1","0","0","0","0","1","1","0","1","","","","N","","","","","","","","","",""
"2005419258","","2","0","0","0","0","0","0","0","0","4","0","","02","12","2005","5","","","","11","0","0","0","0","0","0","1","0","","0","0","0","","","0","","1","","","","0","","0","0","0","0","2301","0","0","0","N","0","0","0","2","02301","0","","1.0","","1","N","N","","0","","0","0","0","2","3","","","2","0","0","0","0","0","0","1","0","2","","","","N","","","","","","","","","",""
"2005419259","","1","0","0","0","0","0","0","0","0","7","0","","02","12","2005","6","40.455629","-79.914783","","11","0","0","0","0","1","0","0","0","1","0","0","0","","","1","","0","","40 27:20.263","4","0","79 54:53.220","4","0","0","0","2301","0","0","0","N","0","0","0","3","02301","1","","4.0","","7","N","N","","0","","0","0","0","0","0","N","","1","1","3","0","0","0","0","2","0","1","","","","N","","","","","","","","","",""
"2005419260","","2","0","0","0","0","0","0","0","0","4","0","","02","12","2005","2","40.4559","-79.8944","","11","0","0","0","0","0","0","0","0","","0","0","0","","","0","","1","","40 27:21.240","","0","79 53:39.840","0","0","0","0","2301","0","0","0","N","0","0","0","2","02301","0","","1.0","","1","N","N","","0","","0","0","0","3","3","","","2","0","1","0","0","0","0","2","0","2","","","","N","","","","","","","","","",""
"2005419261","","1","0","0","0","0","0","0","0","0","4","0","","02","12","2005","1","40.463745","-79.923774","","11","0","0","0","0","0","0","0","0","","0","0","0","","","0","","1","","40 27:49.482","","0","79 55:25.586","0","0","0","0","2301","0","0","0","N","0","0","0","6","02301","0","","1.0","","7","N","N","","1","","0","0","0","3","1","","","2","0","0","0","0","0","0","2","0","2","","","","N","","","","","","","","","",""
"2005419262","","0","0","0","0","0","0","0","0","0","1","0","","02","12","2005","2","40.397277","-80.02321","","11","0","0","0","0","0","1","0","0","","0","0","0","","","0","","1","","40 23:50.197","","0","80 01:23.556","0","0","0","0","2301","0","0","0","N","0","0","0","2","02301","0","","1.0","","1","N","N","","0","","0","0","1","0","0","","","2","0","0","0","0","0","0","2","1","2","","","","N","","","","","","","","","",""
"2005419263","","2","0","0","0","0","0","0","0","0","4","0","","02","12","2005","3","40.4532","-79.992708","","11","0","0","0","0","0","0","0","0","","0","0","0","","","0","","1","","40 27:11.520","","0","79 59:33.748","0","0","0","0","2301","0","0","0","N","0","0","0","2","02301","0","","1.0","","1","N","N","","0","","0","0","0","3","2","","","2","0","0","0","0","0","0","2","0","2","","","","N","","","","","","","","","",""
"2005419264","","2","0","0","0","0","0","0","0","0","1","0","","02","12","2005","4","40.4495","-79.9986","","11","0","0","0","0","0","0","0","0","","0","0","0","","","0","","6","","40 26:58.200","","2","79 59:54.960","0","0","0","0","2301","0","0","0","N","0","0","0","2","02301","0","","7.0","","1","N","N","","0","","0","0","0","0","0","","","2","0","0","0","0","0","0","2","0","2","","","","N","","","","","","","","","",""
"2005419265","","2","0","0","0","0","0","0","0","0","1","0","","02","2","2005","3","","","","11","0","0","0","0","0","1","0","0","","0","0","0","","","0","","0","","","","0","","0","0","0","0","2301","0","0","0","N","0","0","0","2","02301","0","","1.0","","1","N","N","","0","","0","0","0","0","0","","","2","0","0","0","0","0","0","1","0","2","","","","N","","","","","","","","","",""
"2005419266","","1","0","0","0","0","0","0","0","0","4","0","","02","12","2005","4","40.449195","-80.004952","","11","0","0","0","0","0","0","0","0","1","0","0","0","","","0","","1","","40 26:57.102","2","0","80 00:17.827","9","0","0","0","2301","0","0","0","N","0","0","0","2","02301","0","","1.0","","1","N","N","","1","","0","0","0","3","2","N","","2","0","0","0","0","0","1","2","0","2","","","","N","","","","","","","","","",""
"2005419267","","2","0","0","0","0","0","0","0","0","1","0","","02","12","2005","1","40.449444","-80.025079","","11","0","0","0","0","0","0","0","0","","0","0","0","","","2","","1","","40 26:58.000","","0","80 01:30.284","4","0","0","0","2301","0","0","0","N","0","0","0","4","02301","2","","1.0","","9","N","N","","0","","0","0","1","3","2","","","3","2","0","0","0","0","0","2","0","3","","","","N","","","","","","","","","",""
"2005419268","","2","0","0","0","0","0","0","0","0","2","0","","02","12","2005","5","40.433611","-80.050479","","11","0","0","0","0","0","1","0","0","2","0","0","0","","","0","","2","","40 26:01.000","4","0","80 03:01.724","0","0","0","0","2301","0","0","0","N","0","0","0","2","02301","0","","1.0","","9","N","N","","0","","0","0","0","0","0","N","","2","0","0","0","0","0","0","2","0","2","","","","N","","","","","","","","","",""
"2005419269","","0","0","0","0","0","0","0","0","0","99","0","","02","12","2005","4","40.437997","-80.043444","","11","0","0","0","0","0","0","0","0","2","0","0","0","","","0","","0","","40 26:16.789","1","0","80 02:36.398","0","0","0","0","2301","0","0","0","N","0","0","0","1","02301","0","","1.0","","1","N","N","","1","","0","0","0","0","0","N","","1","0","0","0","0","0","0","2","0","1","","","","N","","","","","","","","","",""
"2005419270","","1","0","0","0","0","0","0","0","0","8","0","","02","12","2005","5","40.449964","-79.903772","","11","0","0","0","0","0","0","0","0","","0","0","0","","","1","","1","","40 26:59.871","","0","79 54:13.579","4","0","0","0","2301","1","0","0","N","1","0","0","2","02301","1","","1.0","","1","N","N","","0","","0","0","0","3","2","","","2","1","1","0","0","0","0","2","0","1","","","","N","","","","","","","","","",""
"2005419271","","2","0","0","0","0","0","0","0","0","4","0","","02","12","2005","2","40.437658","-79.985151","","11","0","0","0","1","0","0","0","0","1","0","0","0","","","1","","1","","40 26:15.568","3","0","79 59:06.543","8","0","0","0","2301","0","0","0","N","0","0","0","2","02301","0","","1.0","","1","N","N","","0","","0","0","0","3","1","N","","2","1","0","0","0","1","0","2","0","2","","","","N","","","","","","","","","",""
"2005419272","","1","0","0","0","0","0","0","0","0","8","0","","02","12","2005","2","","","","11","0","0","0","0","0","0","0","0","","0","0","0","","","1","","0","","","","0","","4","0","0","0","2301","1","0","0","N","1","0","0","2","02301","1","","1.0","","1","N","N","","0","","0","0","0","0","0","","","2","1","0","0","0","0","0","1","0","1","","","","N","","","","","","","","","",""
"2005419305","","1","0","0","0","0","0","0","0","0","7","0","","02","12","2005","1","40.444943","-79.936462","","11","0","0","0","0","1","0","0","0","","0","0","0","","","0","","0","","40 26:41.794","","0","79 56:11.262","0","0","0","0","2301","0","0","0","N","0","0","0","1","02301","0","","5.0","","2","N","N","","0","","0","0","0","0","0","","","1","0","0","0","0","0","0","2","0","1","","","","N","","","","","","","","","",""
"2005419312","","1","0","0","0","0","0","1","0","0","4","1","","02","12","2005","5","40.438497","-79.993874","","11","0","0","0","0","0","0","1","0","1","0","0","0","","","0","","2","","40 26:18.588","2","0","79 59:37.945","0","0","0","0","2301","0","0","0","N","0","0","0","2","02301","0","","1.0","","9","Y","N","","0","","0","0","0","0","0","N","","2","0","0","0","0","0","0","2","0","2","","","","N","","","","","","","","","",""
"2005419349","","1","0","0","0","0","0","0","0","0","5","1","","02","11","2005","2","40.496667","-79.918835","","11","0","0","0","0","0","2","0","0","","0","1","0","","","0","","0","","40 29:48.000","","0","79 55:07.807","0","0","0","0","2112","0","0","0","N","0","0","0","2","68D02","0","","1.0","","1","N","N","","0","","0","0","0","0","0","","","2","0","0","0","0","0","0","2","0","2","","","","N","","","","","","","","","",""
"2005419357","","0","0","0","0","0","0","0","0","0","99","0","","02","11","2005","3","","","","11","0","0","0","0","0","0","0","0","","0","0","0","","","1","","0","","","","0","","4","0","0","0","2209","0","0","0","Y","0","0","0","2","68T02","1","","1.0","","9","N","N","","0","","0","0","1","0","0","","","1","1","0","0","0","0","0","1","0","1","","","","N","","","","","","","","","",""
"2005419383","","1","0","0","0","0","0","0","0","0","4","0","","02","12","2005","5","40.419722","-79.850341","","11","0","0","0","0","0","0","1","0","1","0","0","0","","","1","","1","","40 25:11.000","4","0","79 51:01.227","8","0","0","0","2431","0","0","0","N","0","0","0","2","02431","0","","1.0","","1","N","N","","1","","0","0","0","3","2","N","","2","1","0","0","0","1","0","2","0","2","","","","N","","","","","","","","","",""
"2005419390","","1","0","0","0","0","0","0","0","0","1","0","","02","9","2005","6","","","","11","0","0","0","0","0","1","0","0","2","0","0","0","","","0","","6","","40 26:11.76","3","2","80 00:02.52","0","0","0","0","2301","0","0","0","N","0","0","0","3","68B03","0","","1.0","","1","N","N","","1","","0","0","0","3","4","N","","2","0","0","0","0","0","0","2","0","2","","","","N","","","","","","","","","",""
"2005419391","","1","0","0","0","0","0","0","0","0","99","0","","02","11","2005","1","40.614722","-80.095595","","11","0","0","0","0","0","0","0","0","","0","0","0","","","0","","0","","40 36:53.000","","0","80 05:44.141","0","0","0","0","2481","0","0","0","N","0","0","0","3","68B03","0","","1.0","","1","N","N","","0","","0","0","0","0","0","","","1","0","0","0","0","0","0","2","0","1","","","","N","","","","","","","","","",""
"2005419392","","1","0","0","0","0","0","0","0","0","1","0","","02","11","2005","6","","","","11","0","0","0","0","0","0","0","0","","0","0","0","","","0","","0","","40 25:15.24","","0","80 02:50.28","0","0","0","0","2435","0","0","0","N","0","0","0","2","68B03","0","","1.0","","1","N","N","","0","","0","0","1","0","0","","","2","0","0","0","0","0","0","2","0","2","","","","N","","","","","","","","","",""
"2005419393","","0","0","0","0","0","0","0","0","0","1","0","","02","11","2005","4","","","","11","0","0","0","0","0","0","0","0","","0","0","0","","","1","","0","","40 25:38.64","","0","80 07:44.04","4","0","0","0","2102","0","0","0","N","0","0","0","2","68B03","1","","1.0","","9","N","N","","0","","0","0","1","0","0","","","2","1","0","0","0","0","0","2","1","2","","","","N","","","","","","","","","",""
"2005419400","","3","0","0","0","0","0","0","0","0","1","0","","02","11","2005","5","","","","11","0","0","0","0","0","2","0","0","2","0","0","0","","","1","","0","","40 26:09.24","3","0","79 58:21.00","4","0","0","0","2301","0","0","0","N","0","0","0","5","68B03","1","","1.0","","1","N","N","","0","","0","0","0","0","0","N","","3","1","0","0","0","0","1","2","0","3","","","","N","","","","","","","","","",""
"2005419634","","2","0","0","0","0","0","0","0","0","1","0","","02","11","2005","6","","","","11","0","0","0","0","0","0","1","0","","0","0","0","","","0","","0","","40 26:21.84","","3","80 00:38.16","0","0","0","0","2301","0","0","0","N","0","0","0","3","68B03","0","","1.0","","1","N","N","","0","","0","0","0","0","0","","","2","0","0","0","0","0","0","2","0","2","","","","N","","","","","","","","","",""
"2005419635","","1","0","0","0","0","0","0","0","0","7","0","","02","11","2005","7","","","","11","0","0","0","0","0","0","0","0","","0","0","0","","","1","","0","","40 27:06.84","","0","80 10:18.48","3","0","0","0","2115","0","0","0","N","0","0","0","2","68B03","0","","3.0","","1","N","N","","0","","1","0","0","0","0","","","1","1","0","0","0","0","0","2","0","1","","","","N","","","","","","","","","",""
"2005419636","","2","0","0","0","0","0","0","0","0","1","0","","02","10","2005","2","","","","11","0","0","0","0","0","0","0","0","1","0","0","0","","","1","","0","","40 26:09.24","3","0","79 58:21.00","4","0","0","0","2301","0","0","0","N","0","0","0","4","68B03","1","","1.0","","1","N","N","","0","","0","0","1","0","0","N","","3","1","0","0","0","0","0","2","0","3","","","","N","","","","","","","","","",""