"CRN","ARRIVAL_TM","AUTOMOBILE_COUNT","BELTED_DEATH_COUNT","BELTED_SUSP_SERIOUS_INJ_COUNT","BICYCLE_COUNT","BICYCLE_DEATH_COUNT","BICYCLE_SUSP_SERIOUS_INJ_COUNT","BUS_COUNT","CHLDPAS_DEATH_COUNT","CHLDPAS_SUSP_SERIOUS_INJ_COUNT","COLLISION_TYPE","COMM_VEH_COUNT","CONS_ZONE_SPD_LIM","COUNTY","CRASH_MONTH","CRASH_YEAR","DAY_OF_WEEK","DEC_LATITUDE","DEC_LONGITUDE","DISPATCH_TM","DISTRICT","DRIVER_COUNT_16YR","DRIVER_COUNT_17YR","DRIVER_COUNT_18YR","DRIVER_COUNT_19YR","DRIVER_COUNT_20YR","DRIVER_COUNT_50_64YR","DRIVER_COUNT_65_74YR","DRIVER_COUNT_75PLUS","EST_HRS_CLOSED","FATAL_COUNT","HEAVY_TRUCK_COUNT","HORSE_BUGGY_COUNT","HOUR_OF_DAY","ILLUMINATION","INJURY_COUNT","INTERSECTION_RELATED","INTERSECT_TYPE","LANE_CLOSED","LATITUDE","LN_CLOSE_DIR","LOCATION_TYPE","LONGITUDE","MAX_SEVERITY_LEVEL","MCYCLE_DEATH_COUNT","MCYCLE_SUSP_SERIOUS_INJ_COUNT","MOTORCYCLE_COUNT","MUNICIPALITY","NONMOTR_COUNT","NONMOTR_DEATH_COUNT","NONMOTR_SUSP_SERIOUS_INJ_COUNT","NTFY_HIWY_MAINT","PED_COUNT","PED_DEATH_COUNT","PED_SUSP_SERIOUS_INJ_COUNT","PERSON_COUNT","POLICE_AGCY","POSSIBLE_INJ_COUNT","RDWY_SURF_TYPE_CD","RELATION_TO_ROAD","ROADWAY_CLEARED","ROAD_CONDITION","SCH_BUS_IND","SCH_ZONE_IND","SECONDARY_CRASH","SMALL_TRUCK_COUNT","SPEC_JURIS_CD","SUSP_MINOR_INJ_COUNT","SUSP_SERIOUS_INJ_COUNT","SUV_COUNT","TCD_FUNC_CD","TCD_TYPE","TFC_DETOUR_IND","TIME_OF_DAY","TOTAL_UNITS","TOT_INJ_COUNT","UNBELTED_OCC_COUNT","UNB_DEATH_COUNT","UNB_SUSP_SERIOUS_INJ_COUNT","UNK_INJ_DEG_COUNT","UNK_INJ_PER_COUNT","URBAN_RURAL","VAN_COUNT","VEHICLE_COUNT","WEATHER1","WEATHER2","WORKERS_PRES","WORK_ZONE_IND","WORK_ZONE_LOC","WORK_ZONE_TYPE","WZ_CLOSE_DETOUR","WZ_FLAGGER","WZ_LAW_OFFCR_IND","WZ_LN_CLOSURE","WZ_MOVING","WZ_OTHER","WZ_SHLDER_MDN","WZ_WORKERS_INJ_KILLED"
"2005420825","","1","0","0","0","0","0","0","0","0","7","0","","02","12","2005","3","40.298333","-79.875424","","11","0","0","0","0","0","0","0","0","","0","0","0","","","0","","1","","40 17:54.000","","0","79 52:31.526","0","0","0","0","2302","0","0","0","N","0","0","0","0","02302","0","","5.0","","1","N","N","","0","","0","0","0","3","2","","","1","0","0","0","0","0","0","2","0","1","","","","N","","","","","","","","","",""
"2005420826","","1","0","0","0","0","0","0","0","0","7","0","","02","12","2005","7","","","","11","0","0","0","0","0","0","0","0","","0","0","0","","","0","","2","","","","0","","9","0","0","0","2301","0","0","0","N","0","0","0","1","02301","0","","5.0","","1","N","N","","0","","0","0","0","0","0","","","1","0","0","0","0","0","1","1","0","1","","","","N","","","","","","","","","",""
"2005420827","","1","0","0","0","0","0","0","0","0","6","0","","02","12","2005","2","40.4625","-79.967143","","11","0","0","0","0","0","0","0","1","","0","0","0","","","0","","3","","40 27:45.000","","0","79 58:01.716","0","0","0","0","2301","0","0","0","N","0","0","0","2","02301","0","","1.0","","1","N","N","","1","","0","0","0","3","2","","","2","0","0","0","0","0","0","2","0","2","","","","N","","","","","","","","","",""
"2005420828","","0","0","0","0","0","0","0","0","0","7","0","","02","12","2005","1","40.440479","-79.992268","","11","0","0","0","0","0","0","0","0","","0","0","0","","","0","","0","","40 26:25.726","","0","79 59:32.164","0","0","0","0","2301","0","0","0","N","0","0","0","1","02301","0","","4.0","","2","N","N","","0","","0","0","1","0","0","","","1","0","0","0","0","0","0","2","0","1","","","","N","","","","","","","","","",""
"2005420829","","1","0","0","0","0","0","0","0","0","7","0","","02","12","2005","3","40.445356","-79.94745","","11","0","0","0","0","0","0","0","0","3","0","0","0","","","0","","0","","40 26:43.281","7","0","79 56:50.820","0","0","0","0","2301","0","0","0","N","0","0","0","1","02301","0","","5.0","","2","N","N","","0","","0","0","0","0","0","N","","1","0","1","0","0","0","0","2","0","1","","","","N","","","","","","","","","",""
"2005420830","","1","0","0","0","0","0","0","0","0","2","0","","02","12","2005","4","40.431111","-79.959148","","11","0","0","0","0","0","0","0","0","","0","0","0","","","0","","1","","40 25:52.000","","0","79 57:32.932","9","0","0","0","2301","0","0","0","N","0","0","0","2","02301","0","","1.0","","1","N","N","","1","","0","0","0","3","2","","","2","0","0","0","0","0","1","2","0","2","","","","N","","","","","","","","","",""
"2005420831","","2","0","0","0","0","0","0","0","0","4","0","","02","12","2005","5","40.419767","-79.929219","","11","0","0","0","0","0","0","0","0","","0","0","0","","","1","","2","","40 25:11.161","","0","79 55:45.188","8","0","0","0","2301","0","0","0","N","0","0","0","2","02301","0","","1.0","","1","N","N","","0","","0","0","0","3","3","","","2","1","0","0","0","1","0","2","0","2","","","","N","","","","","","","","","",""
"2005420832","","1","0","0","0","0","0","0","0","0","7","0","","02","12","2005","1","40.436495","-79.963957","","11","0","0","0","0","0","0","0","0","1","0","0","0","","","0","","0","","40 26:11.381","3","0","79 57:50.244","0","0","0","0","2301","0","0","0","N","0","0","0","3","02301","0","","1.0","","9","N","N","","0","","0","0","0","0","0","N","","1","0","0","0","0","0","0","2","0","1","","","","N","","","","","","","","","",""
"2005420835","","1","0","0","0","0","0","0","0","0","7","0","","02","12","2005","6","40.3811","-80.1711","","11","0","0","0","0","0","0","0","0","","0","0","0","","","0","","0","","40 22:51.960","","0","80 10:15.960","0","0","0","0","2119","0","0","0","Y","0","0","0","1","02119","0","","2.0","","7","N","N","","0","","0","0","0","0","0","","","1","0","0","0","0","0","0","1","0","1","","","","N","","","","","","","","","",""
"2005420836","","1","0","0","0","0","0","0","0","0","7","0","","02","12","2005","1","40.374722","-80.153751","","11","0","0","0","0","0","0","0","0","","0","0","0","","","0","","0","","40 22:29.000","","0","80 09:13.505","0","0","0","0","2119","0","0","0","N","0","0","0","1","02119","0","","5.0","","7","N","N","","0","","0","0","0","0","0","","","1","0","0","0","0","0","0","2","0","1","","","","N","","","","","","","","","",""
"2005420837","","0","0","0","0","0","0","0","0","0","7","0","","02","12","2005","1","40.563056","-80.060456","","11","0","0","0","0","0","0","0","0","1","0","0","0","","","1","","2","","40 33:47.000","2","0","80 03:37.640","4","0","0","0","2108","0","0","0","N","0","0","0","4","02108","1","","5.0","","2","N","N","","0","","0","0","1","0","0","Y","","1","1","0","0","0","0","0","2","0","1","","","","N","","","","","","","","","",""
"2005420838","","1","0","0","0","0","0","0","0","0","4","0","","02","12","2005","2","40.458862","-79.895764","","11","0","0","0","0","0","2","0","0","","0","0","0","","","1","","1","","40 27:31.903","","0","79 53:44.750","8","0","0","0","2301","0","0","0","N","0","0","0","5","02301","0","","1.0","","1","N","N","","0","","0","0","1","3","3","","","3","1","0","0","0","1","1","2","1","3","","","","N","","","","","","","","","",""
"2005420839","","1","0","0","0","0","0","0","0","0","8","0","","02","12","2005","3","40.458056","-79.934585","","11","0","0","0","0","0","1","0","0","","0","0","0","","","2","","1","","40 27:29.000","","0","79 56:04.506","4","0","0","0","2301","2","0","0","N","2","0","0","3","02301","1","","1.0","","1","N","N","","0","","0","0","0","3","2","","","3","2","0","0","0","1","0","2","0","1","","","","N","","","","","","","","","",""
"2005420840","","1","0","0","0","0","0","0","0","0","7","0","","02","12","2005","6","40.490833","-79.885171","","11","0","0","0","0","0","0","0","0","","0","0","0","","","0","","0","","40 29:27.000","","0","79 53:06.615","0","0","0","0","2301","0","0","0","N","0","0","0","1","02301","0","","5.0","","9","N","N","","0","","0","0","0","0","0","","","1","0","0","0","0","0","0","2","0","1","","","","N","","","","","","","","","",""
"2005420841","","2","0","0","0","0","0","0","0","0","2","0","","02","12","2005","5","40.468748","-79.92751","","11","0","0","0","0","0","0","0","0","","0","0","0","","","0","","2","","40 28:07.492","","0","79 55:39.036","0","0","0","0","2301","0","0","0","N","0","0","0","4","02301","0","","1.0","","9","N","N","","0","","0","0","0","3","2","","","2","0","0","0","0","0","0","2","0","2","","","","N","","","","","","","","","",""
"2005420843","","1","0","0","0","0","0","0","0","0","8","0","","02","12","2005","2","40.455905","-79.938602","","11","0","0","0","0","0","1","0","0","","0","0","0","","","1","","1","","40 27:21.258","","0","79 56:18.967","8","0","0","0","2301","1","0","0","N","1","0","0","2","02301","0","","1.0","","1","N","N","","0","","0","0","0","3","2","","","2","1","0","0","0","1","0","2","0","1","","","","N","","","","","","","","","",""
"2005420844","","2","0","0","0","0","0","0","0","0","1","0","","02","12","2005","1","40.445","-79.858542","","11","0","0","0","0","0","0","0","0","2","0","0","0","","","3","","1","","40 26:42.000","7","0","79 51:30.751","8","0","0","0","2301","0","0","0","N","0","0","0","4","02301","0","","1.0","","2","N","N","","0","","0","0","0","3","2","Y","","2","3","4","0","0","3","0","2","0","2","","","","N","","","","","","","","","",""
"2005420845","","1","0","0","0","0","0","0","0","0","7","0","","02","12","2005","7","","","","11","0","0","0","0","0","0","0","0","2","0","0","0","","","1","","3","","","1","0","","4","0","0","0","2301","0","0","0","N","0","0","0","5","02301","1","","5.0","","9","N","N","","0","","0","0","0","3","3","N","","2","1","0","0","0","0","0","1","0","1","","","","N","","","","","","","","","",""
"2005420846","","1","0","0","0","0","0","0","0","0","7","0","","02","12","2005","7","","","","11","0","0","0","0","0","0","0","0","","0","0","0","","","1","","3","","","","0","","4","0","0","0","2301","0","0","0","N","0","0","0","1","02301","1","","5.0","","1","N","N","","0","","0","0","0","0","0","","","1","1","0","0","0","0","0","1","0","1","","","","N","","","","","","","","","",""
"2005420848","","1","0","0","0","0","0","0","0","0","7","0","","02","12","2005","1","40.47211","-80.015501","","11","0","0","0","0","0","0","0","0","","0","0","0","","","3","","3","","40 28:19.595","","0","80 00:55.805","3","0","0","0","2301","0","0","0","N","0","0","0","3","02301","0","","2.0","","2","N","N","","0","","3","0","0","0","0","","","1","3","0","0","0","0","0","2","0","1","","","","N","","","","","","","","","",""
"2005420849","","1","0","0","0","0","0","0","0","0","8","0","","02","12","2005","4","40.451941","-80.016578","","11","0","0","0","0","0","0","0","0","","0","0","0","","","1","","1","","40 27:06.989","","0","80 00:59.679","3","0","0","0","2301","1","0","0","N","1","0","0","3","02301","0","","1.0","","1","N","N","","0","","1","0","0","2","1","","","2","1","0","0","0","0","0","2","0","1","","","","N","","","","","","","","","",""
"2005420850","","1","0","0","0","0","0","0","0","0","0","0","","02","12","2005","6","","","","11","0","0","0","0","0","1","0","0","","0","0","0","","","0","","0","","","","0","","0","0","0","0","2301","0","0","0","N","0","0","0","1","02301","0","","2.0","","6","N","N","","0","","0","0","0","0","0","","","1","0","0","0","0","0","0","1","0","1","","","","N","","","","","","","","","",""
"2005420851","","1","0","0","0","0","0","0","0","0","7","0","","02","12","2005","6","40.495516","-80.02749","","11","0","0","0","0","0","0","0","0","","0","0","0","","","1","","0","","40 29:43.857","","0","80 01:38.964","4","0","0","0","2301","0","0","0","N","0","0","0","2","02301","1","","2.0","","7","N","N","","0","","0","0","0","0","0","","","1","1","0","0","0","0","0","2","0","1","","","","N","","","","","","","","","",""
"2005420852","","0","0","0","0","0","0","0","0","0","7","0","","02","12","2005","6","","","","11","0","0","0","0","1","0","0","0","","0","0","0","","","0","","0","","40 27:30.60","","0","79 59:55.32","0","0","0","0","2301","0","0","0","N","0","0","0","2","02301","0","","2.0","","2","N","N","","0","","0","0","1","0","0","","","1","0","0","0","0","0","0","2","0","1","","","","N","","","","","","","","","",""
"2005420853","","2","0","0","0","0","0","0","0","0","4","0","","02","12","2005","1","40.457222","-79.99791","","11","0","0","0","0","0","2","0","0","","0","0","0","","","0","","1","","40 27:26.000","","2","79 59:52.475","0","0","0","0","2301","0","0","0","N","0","0","0","2","02301","0","","1.0","","1","N","N","","0","","0","0","0","3","1","","","2","0","0","0","0","0","0","2","0","2","","","","N","","","","","","","","","",""
"2005420854","","2","0","0","0","0","0","0","0","0","2","0","","02","12","2005","1","40.4631","-79.983073","","11","0","0","0","0","0","0","0","0","","0","0","0","","","1","","2","","40 27:47.160","","0","79 58:59.062","8","0","0","0","2301","0","0","0","N","0","0","0","2","02301","0","","1.0","","9","N","N","","0","","0","0","0","0","0","","","2","1","0","0","0","1","0","2","0","2","","","","N","","","","","","","","","",""
"2005420855","","1","0","0","0","0","0","0","0","0","1","0","","02","12","2005","1","40.490235","-80.018511","","11","0","0","0","0","0","0","0","0","","0","0","0","","","0","","0","","40 29:24.847","","0","80 01:06.638","0","0","0","0","2301","0","0","0","N","0","0","0","3","02301","0","","1.0","","2","N","N","","1","","0","0","0","0","0","","","2","0","0","0","0","0","0","2","0","2","","","","N","","","","","","","","","",""
"2005420856","","2","0","0","0","0","0","0","0","0","4","0","","02","12","2005","1","40.474679","-80.005258","","11","0","0","0","0","0","0","0","0","","0","0","0","","","0","","0","","40 28:28.845","","0","80 00:18.927","0","0","0","0","2301","0","0","0","N","0","0","0","4","02301","0","","1.0","","7","N","N","","0","","0","0","0","0","0","","","2","0","0","0","0","0","0","2","0","2","","","","N","","","","","","","","","",""
"2005420857","","2","0","0","0","0","0","0","0","0","4","0","","02","12","2005","2","40.452222","-80.014073","","11","0","0","0","0","0","0","1","0","","0","0","0","","","0","","1","","40 27:08.000","","0","80 00:50.661","0","0","0","0","2301","0","0","0","N","0","0","0","2","02301","0","","1.0","","9","N","N","","0","","0","0","0","3","2","","","2","0","0","0","0","0","0","2","0","2","","","","N","","","","","","","","","",""
"2005420858","","2","0","0","0","0","0","0","0","0","1","0","","02","12","2005","2","40.4621","-80.0308","","11","0","0","0","0","0","0","0","1","","0","0","0","","","0","","5","","40 27:43.560","","0","80 01:50.880","9","0","0","0","2301","0","0","0","N","0","0","0","3","02301","0","","1.0","","1","N","N","","0","","0","0","0","3","4","","","2","0","0","0","0","0","1","2","0","2","","","","N","","","","","","","","","",""
"2005420859","","0","0","0","0","0","0","0","0","0","7","0","","02","12","2005","3","40.395486","-80.017817","","11","0","0","0","0","0","0","0","0","","0","0","0","","","0","","1","","40 23:43.749","","0","80 01:04.141","0","0","0","0","2301","0","0","0","N","0","0","0","1","02301","0","","5.0","","2","N","N","","1","","0","0","0","0","0","","","1","0","0","0","0","0","0","2","0","1","","","","N","","","","","","","","","",""
"2005420860","","0","0","0","0","0","0","0","0","0","7","0","","02","12","2005","6","40.410278","-80.015265","","11","0","0","0","0","0","0","0","0","","0","0","0","","","1","","2","","40 24:37.000","","0","80 00:54.953","4","0","0","0","2301","0","0","0","N","0","0","0","3","02301","1","","2.0","","7","N","N","","0","","0","0","1","3","1","","","1","1","3","0","0","0","0","2","0","1","","","","N","","","","","","","","","",""
"2005420861","","0","0","0","0","0","0","0","0","0","7","0","","02","12","2005","1","","","","11","0","0","0","0","0","1","0","0","1","0","0","0","","","0","","2","","","1","0","","0","0","0","0","2301","0","0","0","N","0","0","0","3","02301","0","","5.0","","2","N","N","","1","","0","0","1","0","0","N","","2","0","0","0","0","0","0","1","0","2","","","","N","","","","","","","","","",""
"2005420862","","0","0","0","0","0","0","0","0","0","0","0","","02","12","2005","1","","","","11","0","0","0","0","0","0","0","0","3","0","0","0","","","0","","0","","","1","0","","0","0","0","0","2301","0","0","0","N","0","0","0","1","02301","0","","2.0","","6","N","N","","0","","0","0","1","0","0","N","","1","0","1","0","0","0","0","1","0","1","","","","N","","","","","","","","","",""
"2005420863","","2","0","0","0","0","0","0","0","0","2","0","","02","12","2005","4","40.401944","-80.00062","","11","0","0","0","0","0","0","0","0","1","0","0","0","","","0","","1","","40 24:07.000","5","0","80 00:02.233","0","0","0","0","2301","0","0","0","N","0","0","0","2","02301","0","","1.0","","1","N","N","","0","","0","0","0","3","2","N","","2","0","0","0","0","0","0","2","0","2","","","","N","","","","","","","","","",""
"2005420864","","3","0","0","0","0","0","0","0","0","2","0","","02","12","2005","4","40.425238","-80.066854","","11","0","0","0","0","0","0","0","0","","0","0","0","","","0","","0","","40 25:30.856","","0","80 04:00.674","0","0","0","0","2301","0","0","0","N","0","0","0","3","02301","0","","1.0","","1","N","N","","0","","0","0","0","0","0","","","3","0","1","0","0","0","0","2","0","3","","","","N","","","","","","","","","",""
"2005420865","","1","0","0","0","0","0","0","0","0","1","0","","02","12","2005","5","40.402778","-79.916713","","11","0","0","0","0","1","0","0","0","1","0","0","0","","","0","","3","","40 24:10.000","3","0","79 55:00.165","0","0","0","0","2301","0","0","0","N","0","0","0","4","02301","0","","1.0","","1","N","N","","0","","0","0","1","3","4","N","","2","0","0","0","0","0","0","2","0","2","","","","N","","","","","","","","","",""
"2005420866","","1","0","0","0","0","0","0","0","0","4","0","","02","12","2005","5","","","","11","0","0","0","0","0","0","0","0","","0","0","0","","","0","","1","","","","0","","0","0","0","0","2301","0","0","0","N","0","0","0","4","02301","0","","1.0","","7","N","N","","0","","0","0","1","3","2","","","2","0","2","0","0","0","0","1","0","2","","","","N","","","","","","","","","",""
"2005420867","","3","0","0","0","0","0","0","0","0","4","0","","02","12","2005","1","40.395278","-79.997444","","11","0","0","0","0","0","1","0","0","1","0","0","0","","","0","","2","","40 23:43.000","1","0","79 59:50.799","0","0","0","0","2301","0","0","0","N","0","0","0","3","02301","0","","1.0","","1","N","N","","0","","0","0","0","3","3","N","","3","0","0","0","0","0","0","2","0","3","","","","N","","","","","","","","","",""
"2005420868","","2","0","0","0","0","0","0","0","0","7","0","","02","12","2005","6","40.3986","-80.0258","","11","0","0","0","0","0","0","0","0","","0","0","0","","","1","","0","","40 23:54.960","","0","80 01:32.880","4","0","0","0","2301","0","0","0","N","0","0","0","4","02301","1","","5.0","","7","N","N","","0","","0","0","0","0","0","","","2","1","1","0","0","0","0","2","0","2","","","","N","","","","","","","","","",""
"2005420869","","1","0","0","0","0","0","0","0","0","4","0","","02","12","2005","6","","","","11","0","0","0","0","1","1","0","0","","0","0","0","","","0","","0","","","","0","","0","0","0","0","2301","0","0","0","N","0","0","0","2","02301","0","","1.0","","7","N","N","","1","","0","0","0","0","0","","","2","0","0","0","0","0","0","1","0","2","","","","N","","","","","","","","","",""
"2005420870","","1","0","0","0","0","0","0","0","0","7","0","","02","12","2005","6","","","","11","0","0","0","0","0","0","1","0","","0","0","0","","","0","","2","","","","0","","0","0","0","0","2301","0","0","0","N","0","0","0","2","02301","0","","5.0","","2","N","N","","0","","0","0","0","0","0","","","1","0","0","0","0","0","0","1","0","1","","","","N","","","","","","","","","",""
"2005420871","","1","0","0","0","0","0","0","0","0","0","0","","02","12","2005","6","40.394167","-79.997301","","11","0","0","0","0","0","0","0","0","2","0","0","0","","","0","","0","","40 23:39.000","1","0","79 59:50.284","0","0","0","0","2301","0","0","0","N","0","0","0","1","02301","0","","2.0","","2","N","N","","0","","0","0","0","0","0","Y","","1","0","0","0","0","0","0","2","0","1","","","","N","","","","","","","","","",""
"2005420872","","1","0","0","0","0","0","0","0","0","7","0","","02","12","2005","7","40.387098","-79.984112","","11","0","0","0","0","0","0","0","0","1","0","0","0","","","0","","0","","40 23:13.553","6","0","79 59:02.802","0","0","0","0","2301","0","0","0","N","0","0","0","2","02301","0","","2.0","","7","N","N","","0","","0","0","0","0","0","N","","1","0","0","0","0","0","0","2","0","1","","","","N","","","","","","","","","",""
"2005420873","","1","0","0","0","0","0","0","0","0","5","0","","02","12","2005","7","40.414","-80.0095","","11","0","0","0","0","0","0","0","0","","0","0","0","","","0","","2","","40 24:50.400","","2","80 00:34.200","0","0","0","0","2301","0","0","0","N","0","0","0","2","02301","0","","1.0","","7","N","N","","1","","0","0","0","3","2","","","2","0","0","0","0","0","0","2","0","2","","","","N","","","","","","","","","",""
"2005420874","","3","0","0","0","0","0","0","0","0","1","0","","02","12","2005","7","40.402778","-79.916713","","11","0","0","0","0","0","2","0","0","","0","0","0","","","1","","3","","40 24:10.000","","0","79 55:00.165","8","0","0","0","2301","0","0","0","N","0","0","0","6","02301","0","","1.0","","9","N","N","","0","","0","0","0","0","0","","","3","1","0","0","0","1","0","2","0","3","","","","N","","","","","","","","","",""
"2005420875","","1","0","0","0","0","0","0","0","0","7","0","","02","12","2005","1","40.453611","-80.040241","","11","0","0","0","0","0","0","0","0","3","0","0","0","","","0","","2","","40 27:13.000","1","0","80 02:24.868","0","0","0","0","2301","0","0","0","N","0","0","0","1","02301","0","","4.0","","2","N","N","","0","","0","0","0","0","0","N","","1","0","0","0","0","0","0","2","0","1","","","","N","","","","","","","","","",""
"2005420876","","2","0","0","0","0","0","0","0","0","1","0","","02","12","2005","4","40.416944","-80.014447","","11","0","0","0","0","0","0","0","0","","0","0","0","","","0","","2","","40 25:01.000","","0","80 00:52.009","0","0","0","0","2301","0","0","0","N","0","0","0","3","02301","0","","1.0","","1","N","N","","1","","0","0","0","0","0","","","3","0","0","0","0","0","0","2","0","3","","","","N","","","","","","","","","",""
"2005420877","","2","0","0","0","0","0","0","0","0","4","0","","02","12","2005","5","","","","11","0","0","0","0","0","0","0","0","","0","0","0","","","1","","1","","","","0","","8","0","0","0","2301","0","0","0","N","0","0","0","4","02301","0","","1.0","","1","N","N","","0","","0","0","0","3","2","","","2","1","0","0","0","1","2","1","0","2","","","","N","","","","","","","","","",""
"2005420878","","2","0","0","0","0","0","0","0","0","1","0","","02","12","2005","6","40.439575","-80.055908","","11","0","0","0","0","0","0","0","0","","0","0","0","","","0","","2","","40 26:22.470","","0","80 03:21.268","9","0","0","0","2301","0","0","0","N","0","0","0","2","02301","0","","4.0","","6","N","N","","0","","0","0","0","0","0","","","3","0","0","0","0","0","1","2","1","3","","","","N","","","","","","","","","",""
"2005420880","","1","0","0","0","0","0","0","0","0","2","0","","02","12","2005","1","40.485","-79.945907","","11","0","0","1","0","0","0","0","0","","0","0","0","","","0","","0","","40 29:06.000","","0","79 56:45.264","0","0","0","0","2301","0","0","0","N","0","0","0","2","02301","0","","1.0","","6","N","N","","0","","0","0","1","0","0","","","2","0","1","0","0","0","0","2","0","2","","","","N","","","","","","","","","",""
"2005420881","","2","0","0","0","0","0","0","0","0","4","0","","02","12","2005","2","40.4385","-79.961171","","11","0","0","0","0","0","2","0","0","","0","0","0","","","0","","1","","40 26:18.601","","0","79 57:40.215","0","0","0","0","2301","0","0","0","N","0","0","0","2","02301","0","","1.0","","9","N","N","","0","","0","0","0","3","1","","","2","0","0","0","0","0","0","2","0","2","","","","N","","","","","","","","","",""
"2005420882","","2","0","0","0","0","0","0","0","0","4","0","","02","12","2005","3","","","","11","0","0","0","0","0","0","0","0","1","0","0","0","","","0","","2","","","2","0","","0","0","0","0","2301","0","0","0","N","0","0","0","2","02301","0","","1.0","","2","N","N","","0","","0","0","0","2","3","Y","","2","0","0","0","0","0","0","1","0","2","","","","N","","","","","","","","","",""
"2005420883","","1","0","0","0","0","0","0","0","0","4","0","","02","12","2005","3","","","","11","0","0","0","0","0","1","0","0","","0","0","0","","","0","","1","","","","0","","9","0","0","0","2301","0","0","0","N","0","0","0","2","02301","0","","1.0","","1","N","N","","1","","0","0","0","3","2","","","2","0","0","0","0","0","1","1","0","2","","","","N","","","","","","","","","",""
"2005420884","","1","0","0","0","0","0","0","0","0","7","0","","02","12","2005","4","40.448759","-79.969105","","11","0","0","0","0","0","0","0","0","","0","0","0","","","0","","2","","40 26:55.532","","0","79 58:08.778","9","0","0","0","2301","0","0","0","N","0","0","0","1","02301","0","","5.0","","2","N","N","","0","","0","0","0","0","0","","","1","0","0","0","0","0","1","2","0","1","","","","N","","","","","","","","","",""
"2005420885","","2","0","0","0","0","0","0","0","0","4","0","","02","12","2005","5","40.44292","-79.964644","","11","0","0","0","0","0","0","0","0","","0","0","0","","","1","","0","","40 26:34.512","","0","79 57:52.718","8","0","0","0","2301","0","0","0","N","0","0","0","2","02301","0","","1.0","","1","N","N","","0","","0","0","0","0","0","","","2","1","2","0","0","1","0","2","0","2","","","","N","","","","","","","","","",""
"2005420886","","2","0","0","0","0","0","0","0","0","2","0","","02","12","2005","6","40.445958","-79.969178","","11","0","0","0","0","0","0","0","0","","0","0","0","","","0","","0","","40 26:45.448","","0","79 58:09.040","0","0","0","0","2301","0","0","0","N","0","0","0","1","02301","0","","6.0","","6","N","N","","0","","0","0","0","0","0","","","2","0","1","0","0","0","0","2","0","2","","","","N","","","","","","","","","",""
"2005420887","","1","0","0","0","0","0","0","0","0","5","0","","02","12","2005","6","40.480515","-79.942352","","11","0","0","0","0","0","0","0","0","","0","0","0","","","0","","0","","40 28:49.854","","0","79 56:32.467","9","0","0","0","2301","0","0","0","N","0","0","0","1","02301","0","","6.0","","6","N","N","","1","","0","0","0","0","0","","","2","0","0","0","0","0","1","2","0","2","","","","N","","","","","","","","","",""
"2005420888","","1","0","0","0","0","0","0","0","0","7","0","","02","12","2005","7","40.404618","-79.990514","","11","0","0","0","0","0","0","0","0","","0","0","0","","","0","","2","","40 24:16.624","","0","79 59:25.850","0","0","0","0","2301","0","0","0","N","0","0","0","1","02301","0","","5.0","","6","N","N","","0","","0","0","0","0","0","","","1","0","0","0","0","0","0","2","0","1","","","","N","","","","","","","","","",""
"2005420889","","0","0","0","0","0","0","0","0","0","4","0","","02","12","2005","3","40.461736","-79.965368","","11","0","0","0","0","0","1","0","0","","0","0","0","","","0","","2","","40 27:42.249","","0","79 57:55.324","0","0","0","0","2301","0","0","0","N","0","0","0","2","02301","0","","1.0","","1","N","N","","0","","0","0","2","3","3","","","2","0","0","0","0","0","0","2","0","2","","","","N","","","","","","","","","",""
"2005420890","","2","0","0","0","0","0","0","0","0","1","0","","02","12","2005","3","40.450983","-79.964971","","11","0","0","0","0","0","1","0","0","","0","0","0","","","1","","2","","40 27:03.538","","0","79 57:53.895","8","0","0","0","2301","0","0","0","N","0","0","0","2","02301","0","","1.0","","9","N","N","","0","","0","0","0","3","3","","","2","1","0","0","0","1","0","2","0","2","","","","N","","","","","","","","","",""
"2005420891","","2","0","0","0","0","0","0","0","0","4","0","","02","12","2005","2","","","","11","0","0","0","0","1","0","0","0","","0","0","0","","","1","","1","","","","0","","4","0","0","0","2301","0","0","0","N","0","0","0","3","02301","1","","1.0","","1","N","N","","0","","0","0","0","3","3","","","2","1","0","0","0","0","0","1","0","2","","","","N","","","","","","","","","",""
"2005420892","","0","0","0","0","0","0","0","0","0","7","0","","02","12","2005","3","40.458888","-79.964897","","11","0","0","0","0","0","0","0","0","2","0","0","0","","","0","","0","","40 27:31.996","1","0","79 57:53.629","0","0","0","0","2301","0","0","0","N","0","0","0","1","02301","0","","4.0","","1","N","N","","0","","0","0","1","0","0","Y","","1","0","0","0","0","0","0","2","0","1","","","","N","","","","","","","","","",""
"2005420893","","1","0","0","0","0","0","0","0","0","4","0","","02","12","2005","2","","","","11","0","0","1","0","0","0","0","0","","0","0","0","","","0","","1","","","","0","","9","0","0","0","2301","0","0","0","N","0","0","0","6","02301","0","","1.0","","1","N","N","","0","","0","0","1","3","2","","","3","0","0","0","0","0","2","1","1","3","","","","N","","","","","","","","","",""
"2005420894","","1","0","0","0","0","0","0","0","0","4","0","","02","12","2005","1","40.431634","-79.918095","","11","0","0","0","0","0","0","0","0","","0","0","0","","","0","","2","","40 25:53.882","","0","79 55:05.142","0","0","0","0","2301","0","0","0","N","0","0","0","3","02301","0","","1.0","","2","","N","","0","","0","0","1","0","0","","","2","0","0","0","0","0","0","2","0","2","","","","N","","","","","","","","","",""