"CRN","ARRIVAL_TM","AUTOMOBILE_COUNT","BELTED_DEATH_COUNT","BELTED_SUSP_SERIOUS_INJ_COUNT","BICYCLE_COUNT","BICYCLE_DEATH_COUNT","BICYCLE_SUSP_SERIOUS_INJ_COUNT","BUS_COUNT","CHLDPAS_DEATH_COUNT","CHLDPAS_SUSP_SERIOUS_INJ_COUNT","COLLISION_TYPE","COMM_VEH_COUNT","CONS_ZONE_SPD_LIM","COUNTY","CRASH_MONTH","CRASH_YEAR","DAY_OF_WEEK","DEC_LATITUDE","DEC_LONGITUDE","DISPATCH_TM","DISTRICT","DRIVER_COUNT_16YR","DRIVER_COUNT_17YR","DRIVER_COUNT_18YR","DRIVER_COUNT_19YR","DRIVER_COUNT_20YR","DRIVER_COUNT_50_64YR","DRIVER_COUNT_65_74YR","DRIVER_COUNT_75PLUS","EST_HRS_CLOSED","FATAL_COUNT","HEAVY_TRUCK_COUNT","HORSE_BUGGY_COUNT","HOUR_OF_DAY","ILLUMINATION","INJURY_COUNT","INTERSECTION_RELATED","INTERSECT_TYPE","LANE_CLOSED","LATITUDE","LN_CLOSE_DIR","LOCATION_TYPE","LONGITUDE","MAX_SEVERITY_LEVEL","MCYCLE_DEATH_COUNT","MCYCLE_SUSP_SERIOUS_INJ_COUNT","MOTORCYCLE_COUNT","MUNICIPALITY","NONMOTR_COUNT","NONMOTR_DEATH_COUNT","NONMOTR_SUSP_SERIOUS_INJ_COUNT","NTFY_HIWY_MAINT","PED_COUNT","PED_DEATH_COUNT","PED_SUSP_SERIOUS_INJ_COUNT","PERSON_COUNT","POLICE_AGCY","POSSIBLE_INJ_COUNT","RDWY_SURF_TYPE_CD","RELATION_TO_ROAD","ROADWAY_CLEARED","ROAD_CONDITION","SCH_BUS_IND","SCH_ZONE_IND","SECONDARY_CRASH","SMALL_TRUCK_COUNT","SPEC_JURIS_CD","SUSP_MINOR_INJ_COUNT","SUSP_SERIOUS_INJ_COUNT","SUV_COUNT","TCD_FUNC_CD","TCD_TYPE","TFC_DETOUR_IND","TIME_OF_DAY","TOTAL_UNITS","TOT_INJ_COUNT","UNBELTED_OCC_COUNT","UNB_DEATH_COUNT","UNB_SUSP_SERIOUS_INJ_COUNT","UNK_INJ_DEG_COUNT","UNK_INJ_PER_COUNT","URBAN_RURAL","VAN_COUNT","VEHICLE_COUNT","WEATHER1","WEATHER2","WORKERS_PRES","WORK_ZONE_IND","WORK_ZONE_LOC","WORK_ZONE_TYPE","WZ_CLOSE_DETOUR","WZ_FLAGGER","WZ_LAW_OFFCR_IND","WZ_LN_CLOSURE","WZ_MOVING","WZ_OTHER","WZ_SHLDER_MDN","WZ_WORKERS_INJ_KILLED"
"2005421850","","1","0","0","0","0","0","0","0","0","2","0","","02","12","2005","5","40.568006","-80.049508","","11","0","0","1","0","0","1","0","0","1","0","0","0","","","2","","1","","40 34:04.821","2","0","80 02:58.228","8","0","0","0","2108","0","0","0","N","0","0","0","2","02108","0","","1.0","","1","N","N","","0","","0","0","1","0","0","N","","2","2","0","0","0","2","0","2","0","2","","","","N","","","","","","","","","",""
"2005421851","","1","0","0","0","0","0","0","0","0","1","0","","02","12","2005","7","40.61","-80.053332","","11","0","0","0","1","0","0","0","0","","0","0","0","","","0","","1","","40 36:36.000","","0","80 03:11.996","0","0","0","0","2108","0","0","0","N","0","0","0","2","02108","0","","1.0","","1","N","N","","1","","0","0","0","3","2","","","2","0","0","0","0","0","0","2","0","2","","","","N","","","","","","","","","",""
"2005421852","","1","0","0","0","0","0","0","0","0","7","0","","02","12","2005","1","40.582222","-80.062782","","11","0","0","0","0","0","0","0","0","1","0","0","0","","","0","","1","","40 34:56.000","3","0","80 03:46.014","0","0","0","0","2108","0","0","0","N","0","0","0","1","02108","0","","2.0","","2","N","N","","0","","0","0","0","3","3","N","","1","0","0","0","0","0","0","2","0","1","","","","N","","","","","","","","","",""
"2005421853","","2","0","0","0","0","0","0","0","0","1","0","","02","12","2005","6","40.586667","-80.043555","","11","0","0","1","0","0","1","0","0","","0","0","0","","","0","","0","","40 35:12.000","","0","80 02:36.799","0","0","0","0","2108","0","0","0","N","0","0","0","3","02108","0","","1.0","","1","N","N","","1","","0","0","0","0","0","","","3","0","0","0","0","0","0","2","0","3","","","","N","","","","","","","","","",""
"2005421854","","1","0","0","0","0","0","0","0","0","1","0","","02","12","2005","1","40.559213","-79.999218","","11","0","1","0","0","0","0","0","0","2","0","0","0","","","0","","0","","40 33:33.166","5","0","79 59:57.184","0","0","0","0","2108","0","0","0","N","0","0","0","3","02108","0","","1.0","","7","N","N","","0","","0","0","1","0","0","N","","2","0","0","0","0","0","0","2","0","2","","","","N","","","","","","","","","",""
"2005421902","","2","0","0","0","0","0","0","0","0","1","0","","02","11","2005","4","","","","11","0","0","0","0","0","1","0","0","","0","0","0","","","0","","0","","40 25:59.88","","0","80 08:30.12","0","0","0","0","2115","0","0","0","N","0","0","0","3","68B03","0","","1.0","","1","N","N","","1","","0","0","0","0","0","","","3","0","0","0","0","0","0","2","0","3","","","","N","","","","","","","","","",""
"2005421903","","1","0","0","0","0","0","0","0","0","99","0","","02","11","2005","6","40.614722","-80.095592","","11","0","0","0","0","0","0","0","0","","0","0","0","","","0","","0","","40 36:53.000","","0","80 05:44.132","0","0","0","0","2481","0","0","0","N","0","0","0","1","68B03","0","","1.0","","1","N","N","","0","","0","0","0","0","0","","","1","0","0","0","0","0","0","2","0","1","","","","N","","","","","","","","","",""
"2005421905","","2","0","0","0","0","0","0","0","0","1","0","","02","11","2005","6","40.5021","-79.8617","","11","0","0","0","0","1","1","0","0","","0","0","0","","","0","","7","","40 30:07.560","","2","79 51:42.120","0","0","0","0","2112","0","0","0","N","0","0","0","4","68D02","0","","1.0","","1","N","N","","1","","0","0","0","0","0","","","3","0","0","0","0","0","0","2","0","3","","","","N","","","","","","","","","",""
"2005421957","","2","0","0","0","0","0","0","0","0","1","0","","02","12","2005","6","40.5172","-80.1607","","11","0","0","0","1","0","0","0","0","","0","0","0","","","2","","0","","40 31:01.920","","0","80 09:38.520","4","0","0","0","2420","0","0","0","N","0","0","0","5","02420","2","","1.0","","2","N","N","","0","","0","0","0","3","2","","","2","2","0","0","0","0","0","2","0","2","","","","N","","","","","","","","","",""
"2005421965","","2","0","0","0","0","0","0","0","0","4","0","","02","10","2005","7","40.488654","-79.87367","","11","0","0","0","0","0","0","0","0","2","0","0","0","","","1","","2","","40 29:19.154","6","0","79 52:25.212","4","0","0","0","2112","0","0","0","N","0","0","0","3","02112","1","","1.0","","1","N","N","","0","","0","0","0","3","3","Y","","2","1","0","0","0","0","0","2","0","2","","","","N","","","","","","","","","",""
"2005421966","","2","0","0","0","0","0","0","0","0","4","0","","02","10","2005","2","40.4989","-79.8535","","11","0","0","0","0","0","0","0","0","","0","0","0","","","1","","0","","40 29:56.040","","0","79 51:12.600","8","0","0","0","2112","0","0","0","N","0","0","0","2","02112","0","","1.0","","1","N","N","","0","","0","0","0","0","0","","","2","1","0","0","0","1","0","2","0","2","","","","N","","","","","","","","","",""
"2005421969","","2","0","0","0","0","0","0","0","0","7","0","","02","12","2005","6","40.324766","-79.988334","","11","0","0","0","0","0","1","0","0","1","0","0","0","","","1","","0","","40 19:29.157","1","0","79 59:18.002","4","0","0","0","2219","0","0","0","N","0","0","0","1","02219","1","","5.0","","2","N","N","","0","","0","0","0","0","0","Y","","2","1","0","0","0","0","0","2","0","2","","","","N","","","","","","","","","",""
"2005421970","","2","0","0","0","0","0","0","0","0","2","0","","02","12","2005","6","","","","11","0","0","0","1","0","0","0","0","1","0","0","0","","","1","","1","","","2","0","","3","0","0","0","2219","0","0","0","N","0","0","0","2","02219","0","","1.0","","1","N","N","","0","","1","0","0","3","2","Y","","2","1","0","0","0","0","0","1","0","2","","","","N","","","","","","","","","",""
"2005421972","","2","0","0","0","0","0","0","0","0","4","0","","02","10","2005","4","40.493","-79.9111","","11","0","0","0","0","0","0","0","0","","0","0","0","","","0","","0","","40 29:34.800","","0","79 54:39.960","0","0","0","0","2112","0","0","0","N","0","0","0","3","02112","0","","1.0","","9","N","N","","0","","0","0","0","0","0","","","2","0","0","0","0","0","0","2","0","2","","","","N","","","","","","","","","",""
"2005421973","","0","0","0","0","0","0","0","0","0","4","0","","02","11","2005","3","40.530497","-79.923627","","11","0","0","0","0","0","2","0","0","","0","0","0","","","0","","1","","40 31:49.788","","0","79 55:25.058","0","0","0","0","2112","0","0","0","N","0","0","0","2","02112","0","","1.0","","1","N","N","","2","","0","0","0","3","3","","","2","0","0","0","0","0","0","2","0","2","","","","N","","","","","","","","","",""
"2005421974","","2","0","0","0","0","0","0","0","0","2","0","","02","11","2005","2","40.4875","-79.883","","11","0","0","0","0","0","1","0","0","1","0","0","0","","","1","","1","","40 29:15.000","7","0","79 52:58.800","4","0","0","0","2112","0","0","0","N","0","0","0","4","02112","1","","1.0","","1","N","N","","0","","0","0","0","3","2","N","","2","1","1","0","0","0","0","2","0","2","","","","N","","","","","","","","","",""
"2005421975","","2","0","0","0","0","0","0","0","0","4","0","","02","11","2005","6","","","","11","0","0","0","0","0","1","0","0","","0","0","0","","","0","","2","","","","0","","0","0","0","0","2112","0","0","0","N","0","0","0","3","02112","0","","1.0","","1","N","N","","0","","0","0","0","0","0","","","2","0","0","0","0","0","0","1","0","2","","","","N","","","","","","","","","",""
"2005422017","","2","0","0","0","0","0","0","0","0","7","0","","02","11","2005","2","","","","11","0","0","0","0","0","0","0","0","","0","0","0","","","1","","0","","","","0","","4","0","0","0","2433","0","0","0","N","0","0","0","1","02433","1","","4.0","","1","N","N","","0","","0","0","0","0","0","","","2","1","0","0","0","0","0","1","0","2","","","","N","","","","","","","","","",""
"2005422021","","2","0","0","0","0","0","0","0","0","2","0","","02","12","2005","2","","","","11","0","0","0","0","0","0","0","0","","0","0","0","","","0","","0","","","","0","","0","0","0","0","2301","0","0","0","N","0","0","0","1","02301","0","","6.0","","2","N","N","","1","","0","0","1","0","0","","","5","0","0","0","0","0","0","1","1","5","","","","N","","","","","","","","","",""
"2005422022","","1","0","0","0","0","0","0","0","0","0","0","","02","12","2005","3","40.4477","-80.0326","","11","0","0","0","0","0","1","0","0","1","0","0","0","","","0","","0","","40 26:51.720","6","0","80 01:57.360","0","0","0","0","2301","0","0","0","N","0","0","0","3","02301","0","","1.0","","2","N","N","","0","","0","0","0","0","0","N","","1","0","0","0","0","0","0","2","0","1","","","","N","","","","","","","","","",""
"2005422023","","1","0","0","0","0","0","0","0","0","4","0","","02","12","2005","6","40.445346","-79.895887","","11","0","0","0","0","0","1","0","0","","0","0","0","","","0","","2","","40 26:43.245","","0","79 53:45.193","0","0","0","0","2301","0","0","0","N","0","0","0","2","02301","0","","1.0","","7","N","N","","0","","0","0","1","0","0","","","2","0","0","0","0","0","0","2","0","2","","","","N","","","","","","","","","",""
"2005422024","","1","0","0","0","0","0","0","0","0","4","0","","02","12","2005","6","40.444722","-79.929184","","11","0","0","0","0","0","1","0","0","","0","0","0","","","0","","2","","40 26:41.000","","0","79 55:45.061","0","0","0","0","2301","0","0","0","N","0","0","0","2","02301","0","","1.0","","6","N","N","","1","","0","0","0","3","3","","","2","0","0","0","0","0","0","2","0","2","","","","N","","","","","","","","","",""
"2005422025","","0","0","0","0","0","0","0","0","0","7","0","","02","12","2005","7","","","","11","0","0","0","0","0","0","0","0","2","0","0","0","","","0","","0","","","1","0","","0","0","0","0","2301","0","0","0","N","0","0","0","1","02301","0","","3.0","","2","N","N","","0","","0","0","1","0","0","N","","1","0","0","0","0","0","0","1","0","1","","","","N","","","","","","","","","",""
"2005422026","","2","0","0","0","0","0","0","0","0","4","0","","02","12","2005","1","","","","11","0","0","0","0","0","0","1","0","","0","0","0","","","0","","1","","","","0","","0","0","0","0","2301","0","0","0","N","0","0","0","2","02301","0","","1.0","","7","N","N","","0","","0","0","0","3","2","","","2","0","0","0","0","0","0","1","0","2","","","","N","","","","","","","","","",""
"2005422027","","2","0","0","0","0","0","0","0","0","1","0","","02","12","2005","3","40.423453","-79.920021","","11","0","0","0","0","0","0","0","0","","0","0","0","","","0","","0","","40 25:24.430","","0","79 55:12.075","9","0","0","0","2301","0","0","0","N","0","0","0","1","02301","0","","6.0","","2","N","N","","0","","0","0","0","0","0","","","2","0","0","0","0","0","1","2","0","2","","","","N","","","","","","","","","",""
"2005422028","","2","0","0","0","0","0","0","0","0","4","0","","02","12","2005","6","40.354722","-80.036409","","11","0","0","0","0","1","1","0","0","1","0","0","0","","","1","","1","","40 21:17.000","4","0","80 02:11.074","4","0","0","0","2109","0","0","0","N","0","0","0","3","02109","1","","1.0","","9","N","N","","0","","0","0","0","3","2","N","","2","1","0","0","0","0","0","2","0","2","","","","N","","","","","","","","","",""
"2005422029","","1","0","0","0","0","0","0","0","0","7","0","","02","12","2005","4","40.4525","-79.86668","","11","0","0","0","0","0","0","0","0","","0","0","0","","","1","","2","","40 27:09.000","","0","79 52:00.049","8","0","0","0","2301","0","0","0","N","0","0","0","1","02301","0","","5.0","","1","N","N","","0","","0","0","0","0","0","","","1","1","0","0","0","1","0","2","0","1","","","","N","","","","","","","","","",""
"2005422030","","1","0","0","0","0","0","0","0","0","7","0","","02","12","2005","1","40.391","-80.0594","","11","0","0","0","0","0","0","0","0","2","0","0","0","","","1","","2","","40 23:27.600","2","0","80 03:33.840","4","0","0","0","2102","0","0","0","N","0","0","0","1","02109","1","","4.0","","6","N","N","","0","","0","0","0","3","2","N","","1","1","0","0","0","0","0","2","0","1","","","","N","","","","","","","","","",""
"2005422031","","1","0","0","0","0","0","0","0","0","7","0","","02","12","2005","5","40.378892","-80.057601","","11","0","0","0","0","0","0","0","1","","0","0","0","","","0","","0","","40 22:44.011","","0","80 03:27.363","0","0","0","0","2109","0","0","0","N","0","0","0","2","02109","0","","5.0","","1","N","N","","0","","0","0","0","0","0","","","1","0","0","0","0","0","0","2","0","1","","","","N","","","","","","","","","",""
"2005422032","","1","0","0","0","0","0","0","0","0","7","0","","02","12","2005","6","","","","11","0","0","0","0","0","1","0","0","2","0","0","0","","","0","","0","","","4","0","","0","0","0","0","2109","0","0","0","N","0","0","0","1","02109","0","","5.0","","7","N","N","","0","","0","0","0","0","0","N","","1","0","0","0","0","0","0","1","0","1","","","","N","","","","","","","","","",""
"2005422205","","2","0","0","0","0","0","0","0","0","1","0","","02","12","2005","4","40.46","-79.873055","","11","0","0","0","0","0","0","0","0","","0","0","0","","","1","","2","","40 27:36.000","","0","79 52:22.998","3","0","0","0","2113","0","0","0","N","0","0","0","2","02113","0","","1.0","","1","N","N","","0","","1","0","0","0","0","","","2","1","0","0","0","0","0","2","0","2","","","","N","","","","","","","","","",""
"2005422206","","1","0","0","0","0","0","0","0","0","7","0","","02","12","2005","4","40.465879","-79.882355","","11","0","0","0","1","0","0","0","0","3","0","0","0","","","0","","3","","40 27:57.164","1","0","79 52:56.478","0","0","0","0","2113","0","0","0","N","0","0","0","2","02113","0","","5.0","","1","N","N","","0","","0","0","0","3","3","Y","","1","0","0","0","0","0","0","2","0","1","","","","N","","","","","","","","","",""
"2005422265","","0","0","0","0","0","0","0","0","0","7","0","","02","12","2005","6","40.40939","-79.98259","","11","0","0","0","0","0","0","1","0","","0","0","0","","","0","","0","","40 24:33.804","","0","79 58:57.324","0","0","0","0","2447","0","0","0","N","0","0","0","1","02447","0","","4.0","","6","N","N","","0","","0","0","0","0","0","","","1","0","1","0","0","0","0","2","1","1","","","","N","","","","","","","","","",""
"2005422266","","1","0","0","0","0","0","0","0","0","7","0","","02","12","2005","5","40.443689","-79.794877","","11","0","0","1","0","0","0","0","0","","0","0","0","","","0","","0","","40 26:37.280","","0","79 47:41.557","0","0","0","0","2446","0","0","0","N","0","0","0","1","02446","0","","5.0","","7","N","N","","0","","0","0","0","0","0","","","1","0","0","0","0","0","0","2","0","1","","","","N","","","","","","","","","",""
"2005422267","","1","0","0","0","0","0","0","0","0","4","0","","02","12","2005","1","","","","11","0","0","0","0","0","0","0","0","2","0","0","0","","","0","","0","","","6","0","","0","0","0","0","2446","0","0","0","N","0","0","0","5","02446","0","","1.0","","7","N","N","","0","","0","0","1","0","0","N","","2","0","0","0","0","0","0","1","0","2","","","","N","","","","","","","","","",""
"2005422294","","1","0","0","0","0","0","0","0","0","7","0","","02","12","2005","4","","","","11","0","0","0","0","0","0","0","1","","0","0","0","","","2","","10","","","","0","","3","0","0","0","2448","0","0","0","N","0","0","0","2","02448","0","","4.0","","9","N","N","","0","","2","0","0","0","0","","","1","2","2","0","0","0","0","1","0","1","","","","N","","","","","","","","","",""
"2005422295","","1","0","0","0","0","0","0","0","0","2","0","","02","12","2005","6","40.451389","-79.715139","","11","0","0","0","0","0","0","0","0","2","0","0","0","","","0","","0","","40 27:05.000","6","0","79 42:54.502","0","0","0","1","2466","0","0","0","N","0","0","0","2","02466","0","","1.0","","1","N","N","","0","","0","0","0","0","0","Y","","2","0","0","0","0","0","0","2","0","2","","","","N","","","","","","","","","",""
"2005422297","","1","0","0","0","0","0","0","0","0","7","0","","02","12","2005","3","40.361385","-79.803705","","11","1","0","0","0","0","0","0","0","","0","0","0","","","0","","0","","40 21:40.986","","0","79 48:13.338","0","0","0","0","2111","0","0","0","N","0","0","0","4","02111","0","","4.0","","2","N","N","","0","","0","0","0","0","0","","","1","0","0","0","0","0","0","2","0","1","","","","N","","","","","","","","","",""
"2005422298","","1","0","0","0","0","0","0","0","0","7","0","","02","12","2005","4","40.428999","-80.073166","","11","0","0","0","1","0","0","0","0","","0","0","0","","","0","","0","","40 25:44.396","","0","80 04:23.397","0","0","0","0","2421","0","0","0","N","0","0","0","1","02421","0","","2.0","","1","N","N","","0","","0","0","0","0","0","","","1","0","0","0","0","0","0","2","0","1","","","","N","","","","","","","","","",""
"2005422299","","1","0","0","0","0","0","0","0","0","1","0","","02","12","2005","4","40.338","-79.9689","","11","0","0","0","0","0","1","0","0","1","0","0","0","","","4","","0","","40 20:16.800","3","0","79 58:08.040","8","0","0","0","2454","0","0","0","N","0","0","0","6","02454","0","","1.0","","9","N","N","","1","","0","0","1","0","0","N","","3","4","0","0","0","4","0","2","0","3","","","","N","","","","","","","","","",""
"2005422304","","1","0","0","0","0","0","0","0","0","7","0","","02","12","2005","2","","","","11","0","0","0","0","0","0","0","0","","0","0","0","","","0","","7","","","","2","","0","0","0","0","2213","0","0","0","N","0","0","0","1","02213","0","","5.0","","9","N","N","","0","","0","0","0","0","0","","","1","0","0","0","0","0","0","1","0","1","","","","N","","","","","","","","","",""
"2005422305","","2","0","0","0","0","0","0","0","0","4","0","","02","12","2005","4","40.516983","-80.221407","","11","0","0","0","0","0","1","0","1","1","0","0","0","","","3","","1","","40 31:01.137","2","0","80 13:17.066","3","0","0","0","2213","0","0","0","N","0","0","0","4","02213","2","","1.0","","1","N","N","","0","","1","0","0","3","2","N","","2","3","4","0","0","0","0","2","0","2","","","","N","","","","","","","","","",""
"2005422306","","1","0","0","0","0","0","0","0","0","5","0","","02","12","2005","2","","","","11","0","0","1","1","0","0","0","0","2","0","0","0","","","1","","0","","","2","0","","4","0","0","0","2213","0","0","0","N","0","0","0","2","02213","1","","1.0","","1","N","N","","1","","0","0","0","0","0","N","","2","1","1","0","0","0","0","1","0","2","","","","N","","","","","","","","","",""
"2005422314","","1","0","0","0","0","0","0","0","0","7","0","","02","12","2005","1","40.4248","-80.0186","","11","0","0","1","0","0","0","0","0","1","0","0","0","","","0","","0","","40 25:29.280","1","0","80 01:06.960","0","0","0","0","2301","0","0","0","N","0","0","0","3","02301","0","","4.0","","7","N","N","","0","","0","0","0","0","0","N","","1","0","0","0","0","0","0","2","0","1","","","","N","","","","","","","","","",""
"2005422315","","2","0","0","0","0","0","0","0","0","4","0","","02","12","2005","3","40.438075","-79.984183","","11","0","0","0","0","0","0","0","1","","0","0","0","","","0","","1","","40 26:17.070","","0","79 59:03.058","0","0","0","0","2301","0","0","0","","0","0","0","2","02301","0","","1.0","","1","N","N","","0","","0","0","0","0","0","","","2","0","0","0","0","0","0","2","0","2","","","","N","","","","","","","","","",""
"2005422319","","0","0","0","0","0","0","0","0","0","99","0","","02","11","2005","7","40.545833","-79.832957","","11","0","0","0","0","0","0","0","0","","0","0","0","","","0","","0","","40 32:45.000","","0","79 49:58.646","0","0","0","0","2208","0","0","0","N","0","0","0","4","68D02","0","","1.0","","1","N","N","","0","","0","0","1","0","0","","","1","0","1","0","0","0","0","2","0","1","","","","N","","","","","","","","","",""
"2005422362","","0","0","0","0","0","0","0","0","0","7","0","","02","10","2005","2","","","","11","0","0","0","0","0","0","0","0","1","0","0","0","","","1","","0","","","3","0","","3","0","0","0","2446","0","0","0","N","0","0","0","1","68T09","0","","4.0","","9","N","N","","0","","1","0","0","0","0","N","","1","1","1","0","0","0","0","1","1","1","","","","N","","","","","","","","","",""
"2005422389","","2","0","0","0","0","0","0","0","0","1","0","","02","12","2005","1","40.437207","-79.974311","","11","0","0","0","1","0","1","0","0","","0","0","0","","","1","","0","","40 26:13.945","","0","79 58:27.519","8","0","0","0","2301","0","0","0","N","0","0","0","8","02301","0","","6.0","","2","N","N","","0","","0","0","0","0","0","","","2","1","2","0","0","1","0","2","0","2","","","","N","","","","","","","","","",""
"2005422408","","1","0","0","0","0","0","0","0","0","1","0","","02","12","2005","6","40.346111","-79.97345","","11","0","0","0","0","0","0","0","0","","0","0","0","","","0","","1","","40 20:46.000","","0","79 58:24.421","0","0","0","0","2403","0","0","0","N","0","0","0","4","02403","0","","1.0","","1","N","N","","0","","0","0","0","3","2","","","2","0","0","0","0","0","0","2","1","2","","","","N","","","","","","","","","",""
"2005422419","","1","0","0","0","0","0","0","0","0","7","0","","02","12","2005","3","40.6615","-80.0448","","11","0","0","0","0","0","0","0","0","","0","0","0","","","0","","0","","40 39:41.400","","0","80 02:41.280","0","0","0","0","2216","0","0","0","N","0","0","0","1","02505","0","","5.0","","98","N","N","","0","","0","0","0","0","0","","","1","0","0","0","0","0","0","2","0","1","","","","N","","","","","","","","","",""
"2005422426","","2","0","0","0","0","0","0","0","0","4","0","","02","12","2005","5","40.438056","-79.842931","","11","0","0","0","0","1","1","0","0","","0","0","0","","","0","","2","","40 26:17.000","","0","79 50:34.550","0","0","0","0","2419","0","0","0","N","0","0","0","2","02419","0","","1.0","","1","N","N","","0","","0","0","0","3","3","","","2","0","0","0","0","0","0","2","0","2","","","","N","","","","","","","","","",""
"2005422429","","1","0","0","0","0","0","0","0","0","7","0","","02","12","2005","3","40.6716","-79.9856","","11","0","0","0","0","0","1","0","0","","0","0","0","","","0","","0","","40 40:17.760","","0","79 59:08.160","0","0","0","0","2217","0","0","0","Y","0","0","0","1","02217","0","","2.0","","1","N","N","","0","","0","0","0","0","0","","","1","0","0","0","0","0","0","1","0","1","","","","N","","","","","","","","","",""
"2005422432","","0","0","0","0","0","0","0","0","0","8","0","","02","12","2005","7","40.414459","-79.988047","","11","0","0","0","0","0","0","0","0","","1","0","0","","","0","","5","","40 24:52.052","","0","79 59:16.969","1","0","0","0","2447","1","1","0","N","1","1","0","2","02501","0","2","1.0","","1","N","N","","0","0","0","0","1","3","2","","","2","0","0","0","0","0","0","2","0","1","","","","N","","","","","","","","","",""
"2005422443","","1","0","0","0","0","0","0","0","0","4","0","","02","12","2005","5","40.408889","-80.086383","","11","0","0","0","0","1","0","1","0","2","0","0","0","","","0","","1","","40 24:32.000","3","0","80 05:10.979","0","0","0","0","2415","0","0","0","N","0","0","0","3","02415","0","","1.0","","9","N","N","","0","","0","0","0","3","2","N","","2","0","0","0","0","0","0","2","1","2","","","","N","","","","","","","","","",""
"2005422455","","1","0","0","0","0","0","0","0","0","7","0","","02","12","2005","7","40.5795","-79.9575","","11","0","0","0","0","0","0","0","0","","0","0","0","","","1","","2","","40 34:46.200","","0","79 57:27.000","8","0","0","0","2207","0","0","0","Y","0","0","0","1","02207","0","","2.0","","1","N","N","","0","","0","0","0","3","3","","","1","1","0","0","0","1","0","2","0","1","","","","N","","","","","","","","","",""
"2005422458","","1","0","0","0","0","0","0","0","0","6","0","","02","12","2005","1","40.4737","-80.1727","","11","0","0","0","0","0","2","0","0","2","0","0","0","","","1","","0","","40 28:25.320","6","0","80 10:21.720","4","0","0","0","2213","0","0","0","N","0","0","0","5","02213","1","","1.0","","7","N","N","","1","","0","0","1","0","0","N","","3","1","0","0","0","0","0","2","0","3","","","","N","","","","","","","","","",""
"2005422459","","1","0","0","0","0","0","0","0","0","4","0","","02","12","2005","2","","","","11","0","0","0","0","0","0","0","0","1","0","0","0","","","0","","0","","","1","0","","0","0","0","0","2407","0","0","0","N","0","0","0","3","02407","0","","1.0","","9","N","N","","0","","0","0","0","0","0","Y","","2","0","0","0","0","0","0","1","1","2","","","","N","","","","","","","","","",""
"2005422460","","1","0","0","0","0","0","0","0","0","1","0","","02","12","2005","7","40.312416","-80.0323","","11","0","0","0","0","0","1","0","0","","0","0","0","","","1","","0","","40 18:44.699","","0","80 01:56.279","8","0","0","0","2407","0","0","0","N","0","0","0","2","02407","0","","1.0","","1","N","N","","1","","0","0","0","3","2","","","2","1","0","0","0","1","0","2","0","2","","","","N","","","","","","","","","",""
"2005422485","","1","0","0","0","0","0","0","0","0","4","0","","02","12","2005","5","40.630652","-79.946367","","11","1","0","0","0","0","0","0","0","","0","0","0","","","0","","2","","40 37:50.347","","0","79 56:46.921","0","0","0","0","2217","0","0","0","N","0","0","0","2","02217","0","","1.0","","1","N","N","","0","","0","0","0","3","3","","","2","0","0","0","0","0","0","2","1","2","","","","N","","","","","","","","","",""
"2005422488","","0","0","0","0","0","0","0","0","0","4","0","","02","12","2005","6","40.3994","-80.103","","11","0","1","0","0","1","0","0","0","2","0","0","0","","","0","","0","","40 23:57.840","3","0","80 06:10.800","0","0","0","0","2102","0","0","0","N","0","0","0","2","02102","0","","1.0","","9","N","N","","1","","0","0","1","0","0","N","","2","0","0","0","0","0","0","2","0","2","","","","N","","","","","","","","","",""
"2005422489","","0","0","0","0","0","0","2","0","0","4","2","","02","12","2005","6","40.443827","-79.993911","","11","0","0","0","0","0","0","0","0","1","0","0","0","","","0","","1","","40 26:37.777","3","0","79 59:38.079","0","0","0","0","2301","0","0","0","N","0","0","0","2","02503","0","","1.0","","1","N","N","","0","","0","0","0","3","2","N","","2","0","0","0","0","0","0","2","0","2","","","","N","","","","","","","","","",""
"2005422496","","2","0","0","0","0","0","0","0","0","1","0","","02","12","2005","5","40.429","-79.7196","","11","0","0","0","0","0","0","1","0","2","0","0","0","","","3","","0","","40 25:44.400","4","0","79 43:10.560","4","0","0","0","2446","0","0","0","N","0","0","0","6","02446","3","","1.0","","1","N","N","","0","","0","0","0","0","0","N","","3","3","0","0","0","0","0","2","1","3","","","","N","","","","","","","","","",""
"2005422500","","2","0","0","0","0","0","0","0","0","1","0","","02","12","2005","3","40.615833","-80.055178","","11","0","0","0","0","0","1","0","0","","0","0","0","","","2","","1","","40 36:57.000","","0","80 03:18.640","8","0","0","0","2216","0","0","0","N","0","0","0","3","02505","0","","1.0","","1","N","N","","0","","0","0","0","3","2","","","2","2","0","0","0","2","0","2","0","2","","","","N","","","","","","","","","",""
"2005422507","","1","0","0","0","0","0","0","0","0","1","0","","02","12","2005","6","","","","11","0","0","0","0","0","0","1","0","","0","0","0","","","0","","0","","","","0","","0","0","0","0","2206","0","0","0","N","0","0","0","3","02464","0","","1.0","","1","N","N","","0","","0","0","1","0","0","","","2","0","1","0","0","0","0","1","0","2","","","","N","","","","","","","","","",""
"2005422510","","1","0","0","0","0","0","0","0","0","1","0","","02","12","2005","6","40.5386","-79.8304","","11","0","0","0","0","1","0","0","0","2","0","0","0","","","0","","1","","40 32:18.960","2","0","79 49:49.440","0","0","0","0","2208","0","0","0","N","0","0","0","2","02208","0","","1.0","","1","N","N","","1","","0","0","0","3","2","N","","2","0","0","0","0","0","0","2","0","2","","","","N","","","","","","","","","",""