"CRN","ARRIVAL_TM","AUTOMOBILE_COUNT","BELTED_DEATH_COUNT","BELTED_SUSP_SERIOUS_INJ_COUNT","BICYCLE_COUNT","BICYCLE_DEATH_COUNT","BICYCLE_SUSP_SERIOUS_INJ_COUNT","BUS_COUNT","CHLDPAS_DEATH_COUNT","CHLDPAS_SUSP_SERIOUS_INJ_COUNT","COLLISION_TYPE","COMM_VEH_COUNT","CONS_ZONE_SPD_LIM","COUNTY","CRASH_MONTH","CRASH_YEAR","DAY_OF_WEEK","DEC_LATITUDE","DEC_LONGITUDE","DISPATCH_TM","DISTRICT","DRIVER_COUNT_16YR","DRIVER_COUNT_17YR","DRIVER_COUNT_18YR","DRIVER_COUNT_19YR","DRIVER_COUNT_20YR","DRIVER_COUNT_50_64YR","DRIVER_COUNT_65_74YR","DRIVER_COUNT_75PLUS","EST_HRS_CLOSED","FATAL_COUNT","HEAVY_TRUCK_COUNT","HORSE_BUGGY_COUNT","HOUR_OF_DAY","ILLUMINATION","INJURY_COUNT","INTERSECTION_RELATED","INTERSECT_TYPE","LANE_CLOSED","LATITUDE","LN_CLOSE_DIR","LOCATION_TYPE","LONGITUDE","MAX_SEVERITY_LEVEL","MCYCLE_DEATH_COUNT","MCYCLE_SUSP_SERIOUS_INJ_COUNT","MOTORCYCLE_COUNT","MUNICIPALITY","NONMOTR_COUNT","NONMOTR_DEATH_COUNT","NONMOTR_SUSP_SERIOUS_INJ_COUNT","NTFY_HIWY_MAINT","PED_COUNT","PED_DEATH_COUNT","PED_SUSP_SERIOUS_INJ_COUNT","PERSON_COUNT","POLICE_AGCY","POSSIBLE_INJ_COUNT","RDWY_SURF_TYPE_CD","RELATION_TO_ROAD","ROADWAY_CLEARED","ROAD_CONDITION","SCH_BUS_IND","SCH_ZONE_IND","SECONDARY_CRASH","SMALL_TRUCK_COUNT","SPEC_JURIS_CD","SUSP_MINOR_INJ_COUNT","SUSP_SERIOUS_INJ_COUNT","SUV_COUNT","TCD_FUNC_CD","TCD_TYPE","TFC_DETOUR_IND","TIME_OF_DAY","TOTAL_UNITS","TOT_INJ_COUNT","UNBELTED_OCC_COUNT","UNB_DEATH_COUNT","UNB_SUSP_SERIOUS_INJ_COUNT","UNK_INJ_DEG_COUNT","UNK_INJ_PER_COUNT","URBAN_RURAL","VAN_COUNT","VEHICLE_COUNT","WEATHER1","WEATHER2","WORKERS_PRES","WORK_ZONE_IND","WORK_ZONE_LOC","WORK_ZONE_TYPE","WZ_CLOSE_DETOUR","WZ_FLAGGER","WZ_LAW_OFFCR_IND","WZ_LN_CLOSURE","WZ_MOVING","WZ_OTHER","WZ_SHLDER_MDN","WZ_WORKERS_INJ_KILLED"
"2005422524","","1","0","0","0","0","0","0","0","0","7","0","","02","12","2005","4","","","","11","0","0","0","0","0","0","0","0","","0","0","0","","","0","","0","","","","0","","0","0","0","0","2424","0","0","0","N","0","0","0","1","02424","0","","5.0","","1","N","N","","0","","0","0","0","0","0","","","1","0","0","0","0","0","0","1","0","1","","","","N","","","","","","","","","",""
"2005422539","","2","0","0","0","0","0","0","0","0","4","0","","02","12","2005","5","40.6168","-79.9461","","11","0","1","0","0","0","0","0","0","3","0","0","0","","","4","","0","","40 37:00.480","1","0","79 56:45.960","8","0","0","0","2217","0","0","0","N","0","0","0","6","02217","0","","1.0","","1","N","N","","0","","0","0","0","0","0","Y","","2","4","4","0","0","4","0","2","0","2","","","","N","","","","","","","","","",""
"2005422544","","1","0","0","0","0","0","0","0","0","7","0","","02","12","2005","3","40.473514","-80.172227","","11","0","0","0","0","0","0","0","1","1","0","0","0","","","2","","0","","40 28:24.650","3","0","80 10:20.017","3","0","0","0","2213","0","0","0","N","0","0","0","2","02213","1","","4.0","","1","N","N","","0","","1","0","0","0","0","N","","1","2","0","0","0","0","0","2","0","1","","","","N","","","","","","","","","",""
"2005422545","","1","0","0","0","0","0","0","0","0","7","0","","02","12","2005","6","40.4794","-80.2011","","11","0","0","0","0","0","0","0","0","","0","0","0","","","0","","6","","40 28:45.840","","2","80 12:03.960","0","0","0","0","2213","0","0","0","Y","0","0","0","1","02213","0","","2.0","","9","N","N","","0","","0","0","0","3","4","","","1","0","0","0","0","0","0","2","0","1","","","","N","","","","","","","","","",""
"2005422546","","1","0","0","0","0","0","0","0","0","7","0","","02","12","2005","6","40.4817","-80.2016","","11","0","0","0","0","0","0","0","0","2","0","0","0","","","0","","0","","40 28:54.120","4","3","80 12:05.760","0","0","0","0","2213","0","0","0","N","0","0","0","1","02213","0","","4.0","","6","N","N","","0","","0","0","0","0","0","N","","1","0","0","0","0","0","0","2","0","1","","","","N","","","","","","","","","",""
"2005422547","","1","0","0","0","0","0","0","0","0","0","0","","02","11","2005","3","40.534511","-80.210587","","11","0","1","0","0","0","0","0","0","","0","0","0","","","0","","0","","40 32:04.239","","0","80 12:38.113","0","0","0","0","2213","0","0","0","N","0","0","0","1","02213","0","","1.0","","9","N","N","","0","","0","0","0","0","0","","","1","0","0","0","0","0","0","2","0","1","","","","N","","","","","","","","","",""
"2005422548","","0","0","0","0","0","0","0","0","0","7","0","","02","12","2005","6","40.4715","-80.1988","","11","0","0","0","0","0","0","0","0","","0","0","0","","","0","","0","","40 28:17.400","","8","80 11:55.680","0","0","0","0","2213","0","0","0","Y","0","0","0","1","02213","0","","2.0","","2","N","N","","0","","0","0","0","0","0","","","1","0","0","0","0","0","0","2","1","1","","","","N","","","","","","","","","",""
"2005422549","","0","0","0","0","0","0","0","0","0","7","0","","02","12","2005","5","40.525278","-80.257008","","11","0","0","0","0","0","1","0","0","","0","0","0","","","1","","0","","40 31:31.000","","0","80 15:25.227","4","0","0","0","2213","0","0","0","N","0","0","0","1","02213","1","","5.0","","6","N","N","","0","","0","0","0","0","0","","","1","1","0","0","0","0","0","2","1","1","","","","N","","","","","","","","","",""
"2005422550","","1","0","0","0","0","0","0","0","0","7","0","","02","12","2005","6","40.4715","-80.1988","","11","0","0","0","0","1","0","0","0","","0","0","0","","","0","","0","","40 28:17.400","","8","80 11:55.680","0","0","0","0","2213","0","0","0","Y","0","0","0","1","02213","0","","2.0","","2","N","N","","0","","0","0","0","0","0","","","1","0","0","0","0","0","0","2","0","1","","","","N","","","","","","","","","",""
"2005422570","","2","0","0","0","0","0","0","0","0","4","0","","02","12","2005","5","","","","11","0","1","0","0","0","0","0","0","","0","0","0","","","2","","1","","","","0","","4","0","0","0","2413","0","0","0","N","0","0","0","5","02413","2","","1.0","","1","N","N","","0","","0","0","0","3","3","","","2","2","0","0","0","0","0","1","0","2","","","","N","","","","","","","","","",""
"2005422573","","2","0","0","0","0","0","0","0","0","4","0","","02","12","2005","6","40.615833","-80.055178","","11","0","0","0","0","0","1","0","0","","0","0","0","","","1","","1","","40 36:57.000","","0","80 03:18.640","4","0","0","0","2216","0","0","0","N","0","0","0","3","02505","1","","1.0","","1","N","N","","0","","0","0","0","3","2","","","2","1","0","0","0","0","0","2","0","2","","","","N","","","","","","","","","",""
"2005422574","","1","0","0","0","0","0","0","0","0","0","0","","02","12","2005","5","40.6421","-80.0533","","11","0","1","0","0","0","0","0","0","","0","0","0","","","2","","0","","40 38:31.560","","0","80 03:11.880","4","0","0","0","2216","0","0","0","N","0","0","0","6","02505","2","","1.0","","1","N","N","","0","","0","0","0","0","0","","","1","2","0","0","0","0","0","2","0","1","","","","N","","","","","","","","","",""
"2005422581","","2","0","0","0","0","0","0","0","0","4","0","90","02","12","2005","4","","","","11","0","0","0","0","0","0","0","0","","0","0","0","","","0","","0","","","","0","","0","0","0","0","2438","0","0","0","N","0","0","0","4","02438","0","","1.0","","1","N","N","","0","","0","0","0","0","0","","","2","0","0","0","0","0","0","1","0","2","","","N","Y","8","8","","","N","","","","",""
"2005422587","","1","0","0","0","0","0","0","0","0","7","0","","02","12","2005","6","40.615","-79.9385","","11","0","0","0","0","1","0","0","0","","0","0","0","","","1","","0","","40 36:54.000","","0","79 56:18.600","3","0","0","0","2207","0","0","0","N","0","0","0","1","02207","0","","5.0","","1","N","N","","0","","1","0","0","0","0","","","1","1","1","0","0","0","0","2","0","1","","","","N","","","","","","","","","",""
"2005422589","","1","0","0","0","0","0","0","0","0","5","0","","02","12","2005","6","40.5839","-79.7778","","11","0","0","0","0","0","0","0","0","","0","0","0","","","0","","0","","40 35:02.040","","0","79 46:40.080","0","0","0","0","2104","0","0","0","N","0","0","0","1","02104","0","","6.0","","6","N","N","","0","","0","0","2","0","0","","","3","0","0","0","0","0","0","2","0","3","","","","N","","","","","","","","","",""
"2005422599","","0","0","0","0","0","0","0","0","0","7","0","","02","12","2005","1","40.624594","-80.140843","","11","0","0","0","0","0","0","0","0","","0","0","0","","","0","","0","","40 37:28.538","","0","80 08:27.034","0","0","0","0","2212","0","0","0","N","0","0","0","1","02505","0","","2.0","","7","N","N","","1","","0","0","0","0","0","","","1","0","0","0","0","0","0","1","0","1","","","","N","","","","","","","","","",""
"2005422602","","1","0","0","0","0","0","0","0","0","1","0","","02","12","2005","1","40.6681","-80.024","","11","0","0","0","0","0","1","0","0","","0","0","0","","","0","","0","","40 40:05.160","","0","80 01:26.400","0","0","0","0","2216","0","0","0","N","0","0","0","2","02505","0","","1.0","","7","N","N","","1","","0","0","0","0","0","","","2","0","0","0","0","0","0","2","0","2","","","","N","","","","","","","","","",""
"2005422603","","1","0","0","0","0","0","0","0","0","4","0","","02","12","2005","3","40.655","-80.087042","","11","0","0","0","0","0","0","0","0","1","0","0","0","","","2","","1","","40 39:18.000","2","0","80 05:13.350","3","0","0","0","2212","0","0","0","N","0","0","0","3","02505","1","","1.0","","1","N","N","","0","","1","0","0","3","2","N","","2","2","0","0","0","0","0","2","1","2","","","","N","","","","","","","","","",""
"2005422606","","2","0","0","0","0","0","0","0","0","1","0","","02","12","2005","4","","","","11","0","0","0","0","0","1","0","0","1","0","0","0","","","0","","0","","","2","0","","0","0","0","0","2212","0","0","0","N","0","0","0","3","02505","0","","1.0","","9","N","N","","0","","0","0","0","0","0","N","","2","0","0","0","0","0","0","1","0","2","","","","N","","","","","","","","","",""
"2005422619","","0","0","0","0","0","0","0","0","0","7","0","","02","12","2005","7","","","","11","0","0","0","0","0","0","0","0","1","0","0","0","","","0","","2","","","6","0","","0","0","0","0","2213","0","0","0","N","0","0","0","1","02213","0","","4.0","","1","N","N","","1","","0","0","0","0","0","Y","","1","0","0","0","0","0","0","1","0","1","","","","N","","","","","","","","","",""
"2006000000","","1","0","0","0","0","0","0","0","0","7","0","","02","12","2005","7","40.560863","-79.893445","","11","0","0","0","0","0","0","0","0","1","0","0","0","","","0","","0","","40 33:39.107","6","0","79 53:36.403","0","0","0","0","2209","0","0","0","N","0","0","0","1","02209","0","","4.0","","1","N","N","","0","","0","0","0","0","0","Y","","1","0","1","0","0","0","0","2","0","1","","","","N","","","","","","","","","",""
"2006000001","","1","0","0","0","0","0","0","0","0","1","0","","02","12","2005","4","40.3315","-79.9458","","11","0","0","0","0","0","1","0","0","3","0","0","0","","","3","","0","","40 19:53.400","2","0","79 56:44.880","4","0","0","0","2454","0","0","0","N","0","0","0","5","02454","3","","1.0","","1","N","N","","3","","0","0","0","3","2","Y","","4","3","0","0","0","0","0","2","0","4","","","","N","","","","","","","","","",""
"2006000025","","0","0","0","0","0","0","0","0","0","4","0","","02","12","2005","1","40.461111","-80.16864","","11","0","0","0","0","0","0","0","1","","0","0","0","","","0","","2","","40 27:40.000","","0","80 10:07.103","0","0","0","0","2213","0","0","0","N","0","0","0","3","02213","0","","1.0","","1","N","N","","1","","0","0","1","","3","","","2","0","0","0","0","0","0","2","0","2","","","","N","","","","","","","","","",""
"2006000026","","2","0","0","0","0","0","0","0","0","4","0","","02","12","2005","6","40.328781","-80.041639","","11","0","0","0","0","0","0","1","1","1","0","0","0","","","0","","2","","40 19:43.611","1","0","80 02:29.900","0","0","0","0","2407","0","0","0","N","0","0","0","2","02407","0","","1.0","","1","N","N","","0","","0","0","0","","3","N","","2","0","0","0","0","0","0","2","0","2","","","","N","","","","","","","","","",""
"2006000027","","2","0","0","0","0","0","0","0","0","1","0","","02","12","2005","6","","","","11","0","0","0","0","0","2","0","0","2","0","0","0","","","0","","0","","","3","3","","0","0","0","0","2481","0","0","0","N","0","0","0","3","02481","0","","1.0","","1","N","N","","0","","0","0","1","","0","N","","3","0","0","0","0","0","0","1","0","3","","","","N","","","","","","","","","",""
"2006000034","","1","0","0","0","0","0","0","0","0","7","0","","02","12","2005","5","40.3871","-80.0918","","11","0","0","0","0","0","0","0","0","","0","0","0","","","0","","0","","40 23:13.560","","0","80 05:30.480","0","0","0","0","2117","0","0","0","N","0","0","0","1","02117","0","","2.0","","1","N","N","","0","","0","0","0","","0","","","1","0","0","0","0","0","0","2","0","1","","","","N","","","","","","","","","",""
"2006000041","","0","0","0","0","0","0","0","0","0","1","0","","02","12","2005","6","40.2176","-79.8918","","11","0","0","0","0","0","0","0","0","2","0","0","0","","","1","","0","","40 13:03.360","1","0","79 53:30.480","4","0","0","0","2204","0","0","0","N","0","0","0","1","02204","1","","5.0","","1","N","N","","1","","0","0","1","","0","N","","2","1","1","0","0","0","0","1","0","2","","","","N","","","","","","","","","",""
"2006000044","","1","0","0","0","0","0","0","0","0","7","0","","02","12","2005","7","","","","11","0","1","0","0","0","0","0","0","","0","0","0","","","3","","0","","","","0","","4","0","0","0","2126","0","0","0","Y","0","0","0","3","02126","3","","5.0","","9","N","N","","0","","0","0","0","","0","","","1","3","0","0","0","0","0","1","0","1","","","","N","","","","","","","","","",""
"2006000049","","3","0","0","0","0","0","0","0","0","5","0","","02","12","2005","4","40.493611","-79.947598","","11","0","0","0","0","0","0","1","0","1","0","0","0","","","0","","0","","40 29:37.000","2","0","79 56:51.351","0","0","0","0","2430","0","0","0","N","0","0","0","1","02430","0","","1.0","","1","N","N","","0","","0","0","0","","0","N","","3","0","0","0","0","0","0","2","0","3","","","","N","","","","","","","","","",""
"2006000058","","1","0","0","0","0","0","0","0","0","7","0","","02","12","2005","7","40.580131","-80.069671","","11","0","0","1","0","0","0","0","0","","0","0","0","","","0","","10","","40 34:48.471","","0","80 04:10.815","0","0","0","0","2481","0","0","0","N","0","0","0","1","02481","0","","2.0","","98","N","N","","0","","0","0","0","","0","","","1","0","0","0","0","0","0","2","0","1","","","","N","","","","","","","","","",""
"2006000086","","2","0","0","0","0","0","0","0","0","4","0","","02","12","2005","7","40.536944","-79.839048","","11","0","0","0","0","1","1","0","0","","0","0","0","","","0","","2","","40 32:13.000","","0","79 50:20.574","0","0","0","0","2208","0","0","0","N","0","0","0","2","02208","0","","1.0","","1","N","N","","0","","0","0","0","","2","","","2","0","0","0","0","0","0","2","0","2","","","","N","","","","","","","","","",""
"2006000089","","1","0","0","0","0","0","0","0","0","7","0","","02","12","2005","6","40.5222","-79.777015","","11","0","0","0","0","0","0","0","0","","0","0","0","","","1","","0","","40 31:19.920","","0","79 46:37.254","3","0","0","1","2466","0","0","0","N","0","0","0","1","02466","0","","4.0","","3","N","N","","0","","1","0","0","","0","","","2","1","0","0","0","0","0","2","0","2","","","","N","","","","","","","","","",""
"2006000092","","3","0","0","0","0","0","0","0","0","1","0","","02","12","2005","6","40.343333","-79.970102","","11","0","1","0","0","0","0","0","0","","0","0","0","","","0","","2","","40 20:36.000","","0","79 58:12.368","0","0","0","0","2403","0","0","0","N","0","0","0","5","02403","0","","1.0","","1","N","N","","1","","0","0","0","","2","","","4","0","0","0","0","0","0","2","0","4","","","","N","","","","","","","","","",""
"2006000106","","3","0","0","0","0","0","0","0","0","1","0","","02","12","2005","6","40.310833","-80.090752","","11","0","0","0","0","0","2","0","0","1","0","0","0","","","1","","0","","40 18:39.000","1","0","80 05:26.707","8","0","0","0","2123","0","0","0","N","0","0","0","3","02123","0","","1.0","","1","N","N","","0","","0","0","0","","0","N","","3","1","1","0","0","1","0","2","0","3","","","","N","","","","","","","","","",""
"2006000108","","2","0","0","0","0","0","0","0","0","4","0","","02","12","2005","5","40.340833","-80.063605","","11","0","0","0","1","1","0","0","0","1","0","0","0","","","0","","2","","40 20:27.000","2","0","80 03:48.979","0","0","0","0","2123","0","0","0","N","0","0","0","7","02123","0","","1.0","","1","N","N","","0","","0","0","0","","3","N","","2","0","1","0","0","0","0","2","0","2","","","","N","","","","","","","","","",""
"2006000121","","1","0","0","0","0","0","0","0","0","4","0","","02","12","2005","7","40.354444","-80.114702","","11","0","0","0","0","0","0","0","0","4","1","0","0","","","1","","2","","40 21:16.000","2","0","80 06:52.927","1","0","0","0","2102","0","0","0","N","0","0","0","4","02501","1","2","1.0","","1","N","N","","0","0","0","0","1","","2","Y","","2","1","4","1","0","0","0","2","0","2","","","","N","","","","","","","","","",""
"2006000164","","1","0","0","0","0","0","0","0","0","7","0","","02","12","2005","6","40.455278","-79.735273","","11","0","0","0","0","0","0","0","0","1","0","0","0","","","1","","0","","40 27:19.000","1","0","79 44:06.982","8","0","0","0","2466","0","0","0","N","0","0","0","3","02466","0","","5.0","","1","N","N","","0","","0","0","0","","0","N","","1","1","0","0","0","1","2","2","0","1","","","","N","","","","","","","","","",""
"2006000167","","0","0","0","0","0","0","0","0","0","8","0","","02","12","2005","6","40.543889","-79.953633","","11","0","0","0","0","0","0","0","0","3","0","0","0","","","1","","2","","40 32:38.000","7","0","79 57:13.077","3","0","0","0","2118","1","0","0","N","1","0","0","3","02118","0","","1.0","","1","N","N","","1","","1","0","0","","0","Y","","2","1","0","0","0","0","0","2","0","1","","","","N","","","","","","","","","",""
"2006000176","","1","0","0","0","0","0","0","0","0","5","0","","02","12","2005","7","","","","11","0","0","0","0","0","0","0","0","","0","0","0","","","2","","0","","","","0","","3","0","0","0","2438","0","0","0","N","0","0","0","3","02438","1","","1.0","","1","N","N","","0","","1","0","1","","0","","","3","2","0","0","0","0","0","1","1","3","","","","N","","","","","","","","","",""
"2006000196","","2","0","0","0","0","0","0","0","0","1","0","","02","12","2005","5","40.535","-79.961","","11","0","0","0","0","0","0","0","0","1","0","0","0","","","0","","0","","40 32:06.000","1","0","79 57:39.600","0","0","0","0","2118","0","0","0","N","0","0","0","6","02118","0","","1.0","","1","N","N","","0","","0","0","0","","0","N","","2","0","0","0","0","0","0","2","0","2","","","","N","","","","","","","","","",""
"2006000199","","2","0","0","0","0","0","0","0","0","5","0","","02","12","2005","6","40.541944","-80.217651","","11","0","0","0","0","0","1","0","0","","0","0","0","","","1","","0","","40 32:31.000","","0","80 13:03.544","8","0","0","0","2213","0","0","0","N","0","0","0","1","02213","0","","5.0","","1","N","N","","0","","0","0","0","","0","","","2","1","0","0","0","1","0","2","0","2","","","","N","","","","","","","","","",""
"2006000200","","2","0","0","0","0","0","0","0","0","1","0","","02","12","2005","7","40.513826","-80.212098","","11","0","0","0","0","1","0","0","0","","0","0","0","","","2","","2","","40 30:49.773","","0","80 12:43.552","4","0","0","0","2213","0","0","0","N","0","0","0","3","02213","2","","1.0","","9","N","N","","0","","0","0","0","","0","","","2","2","0","0","0","0","0","2","0","2","","","","N","","","","","","","","","",""
"2006000201","","1","0","0","0","0","0","0","0","0","7","0","","02","12","2005","5","40.5001","-80.2197","","11","0","0","0","0","0","0","0","0","","0","0","0","","","1","","0","","40 30:00.360","","0","80 13:10.920","3","0","0","0","2213","0","0","0","Y","0","0","0","1","02213","0","","4.0","","9","N","N","","0","","1","0","0","","0","","","1","1","1","0","0","0","0","2","0","1","","","","N","","","","","","","","","",""
"2006000203","","1","0","0","0","0","0","0","0","0","7","0","","02","12","2005","7","40.349131","-80.049933","","11","0","0","0","0","0","0","0","0","","0","0","0","","","0","","1","","40 20:56.871","","0","80 02:59.758","0","0","0","0","2407","0","0","0","N","0","0","0","1","02407","0","","3.0","","1","N","N","","0","","0","0","0","","2","","","1","0","0","0","0","0","0","2","0","1","","","","N","","","","","","","","","",""
"2006000230","","1","0","0","0","0","0","0","0","0","7","0","","02","12","2005","7","","","","11","0","0","0","1","0","0","0","0","","0","0","0","","","0","","0","","","","0","","0","0","0","0","2121","0","0","0","N","0","0","0","1","02121","0","","2.0","","1","N","N","","0","","0","0","0","","0","","","1","0","0","0","0","0","0","1","0","1","","","","N","","","","","","","","","",""
"2006000290","","1","0","0","0","0","0","0","0","0","1","0","","02","12","2005","5","40.319444","-80.026949","","11","0","0","0","0","0","0","0","0","","0","0","0","","","3","","2","","40 19:10.000","","0","80 01:37.016","4","0","0","0","2407","0","0","0","N","0","0","0","4","02407","3","","1.0","","1","N","N","","0","","0","0","1","","3","","","2","3","0","0","0","0","0","2","0","2","","","","N","","","","","","","","","",""
"2006000291","","3","0","0","0","0","0","0","0","0","1","0","","02","12","2005","1","40.330864","-80.021896","","11","0","0","0","0","0","0","0","0","","0","0","0","","","2","","0","","40 19:51.109","","0","80 01:18.826","4","0","0","0","2407","0","0","0","N","0","0","0","3","02407","2","","1.0","","6","N","N","","0","","0","0","0","","0","","","3","2","0","0","0","0","0","2","0","3","","","","N","","","","","","","","","",""
"2006000292","","1","0","0","0","0","0","0","0","0","1","0","","02","12","2005","4","40.352866","-80.026272","","11","0","0","0","0","0","1","0","0","","0","0","0","","","0","","2","","40 21:10.319","","0","80 01:34.578","0","0","0","0","2407","0","0","0","N","0","0","0","2","02407","0","","1.0","","1","N","N","","1","","0","0","0","","0","","","2","0","0","0","0","0","0","2","0","2","","","","N","","","","","","","","","",""
"2006000327","","0","0","0","0","0","0","0","0","0","7","0","","02","12","2005","1","40.4529","-79.996","","11","0","0","0","0","0","1","0","0","","0","0","0","","","0","","7","","40 27:10.440","","2","79 59:45.600","0","0","0","0","2301","0","0","0","N","0","0","0","1","02301","0","","3.0","","3","N","N","","1","","0","0","0","","0","","","1","0","0","0","0","0","0","2","0","1","","","","N","","","","","","","","","",""
"2006000328","","1","0","0","0","0","0","0","0","0","7","0","","02","12","2005","4","40.438034","-79.909489","","11","0","0","0","0","0","0","0","0","1","0","0","0","","","0","","0","","40 26:16.921","4","0","79 54:34.161","0","0","0","0","2301","0","0","0","N","0","0","0","1","02301","0","","5.0","","2","N","N","","0","","0","0","0","","0","N","","1","0","1","0","0","0","0","2","0","1","","","","N","","","","","","","","","",""
"2006000330","","0","0","0","0","0","0","0","0","0","7","0","","02","12","2005","5","40.468042","-79.906999","","11","0","0","0","0","0","0","0","0","","0","0","0","","","0","","0","","40 28:04.951","","0","79 54:25.196","9","0","0","0","2301","0","0","0","N","0","0","0","1","02301","0","","5.0","","1","N","N","","0","","0","0","1","","0","","","1","0","0","0","0","0","1","2","0","1","","","","N","","","","","","","","","",""
"2006000331","","0","0","0","0","0","0","0","0","0","7","0","","02","12","2005","6","40.461539","-79.922185","","11","0","0","0","0","0","0","0","0","1","0","0","0","","","0","","1","","40 27:41.539","1","0","79 55:19.866","9","0","0","0","2301","0","0","0","N","0","0","0","1","02301","0","","1.0","","9","N","N","","0","","0","0","0","","2","N","","1","0","0","0","0","0","1","2","1","1","","","","N","","","","","","","","","",""
"2006000332","","1","0","0","0","0","0","0","0","0","7","0","","02","12","2005","5","40.443656","-80.044073","","11","0","0","0","0","0","0","0","0","","0","0","0","","","0","","1","","40 26:37.161","","0","80 02:38.662","0","0","0","0","2301","0","0","0","N","0","0","0","1","02301","0","","5.0","","2","N","N","","0","","0","0","0","","0","","","1","0","0","0","0","0","0","2","0","1","","","","N","","","","","","","","","",""
"2006000333","","1","0","0","0","0","0","0","0","0","7","0","","02","12","2005","6","","","","11","0","0","0","0","1","0","0","0","","0","0","0","","","0","","0","","","","0","","0","0","0","0","2301","0","0","0","N","0","0","0","2","02301","0","","5.0","","2","N","N","","0","","0","0","0","","0","","","1","0","0","0","0","0","0","1","0","1","","","","N","","","","","","","","","",""
"2006000334","","0","0","0","0","0","0","0","0","0","7","0","","02","12","2005","6","40.407532","-80.015131","","11","0","0","0","0","0","0","0","0","1","0","0","0","","","0","","0","","40 24:27.115","7","0","80 00:54.471","0","0","0","0","2301","0","0","0","N","0","0","0","1","02301","0","","4.0","","9","N","N","","0","","0","0","1","","0","N","","1","0","0","0","0","0","0","2","0","1","","","","N","","","","","","","","","",""
"2006000335","","2","0","0","0","0","0","0","0","0","4","0","","02","12","2005","4","40.459515","-80.017708","","11","0","0","0","1","0","0","0","0","","0","0","0","","","1","","1","","40 27:34.254","","0","80 01:03.748","8","0","0","0","2301","0","0","0","N","0","0","0","4","02301","0","","1.0","","1","N","N","","0","","0","0","0","","3","","","2","1","0","0","0","1","0","2","0","2","","","","N","","","","","","","","","",""
"2006000336","","2","0","0","0","0","0","0","0","0","7","0","","02","12","2005","5","","","","11","0","0","0","0","0","0","0","0","1","0","0","0","","","0","","0","","","2","0","","0","0","0","0","2301","0","0","0","N","0","0","0","2","02301","0","","3.0","","2","N","N","","0","","0","0","0","","0","N","","2","0","0","0","0","0","0","1","0","2","","","","N","","","","","","","","","",""
"2006000337","","1","0","0","0","0","0","0","0","0","1","0","","02","12","2005","5","40.464856","-80.011496","","11","0","0","0","0","0","0","0","0","","0","0","0","","","0","","2","","40 27:53.481","","0","80 00:41.385","0","0","0","0","2301","0","0","0","N","0","0","0","2","02301","0","","1.0","","6","N","N","","0","","0","0","1","","0","","","2","0","0","0","0","0","0","2","0","2","","","","N","","","","","","","","","",""
"2006000338","","4","0","0","0","0","0","0","0","0","1","0","","02","12","2005","1","40.495","-80.0119","","11","0","1","0","0","0","1","1","0","","0","0","0","","","0","","6","","40 29:42.000","","2","80 00:42.840","0","0","0","0","2301","0","0","0","N","0","0","0","5","02301","0","","1.0","","9","N","N","","0","","0","0","0","","3","","","4","0","0","0","0","0","0","2","0","4","","","","N","","","","","","","","","",""
"2006000339","","1","0","0","0","0","0","0","0","0","7","0","","02","12","2005","5","","","","11","0","0","0","0","0","0","0","0","","0","0","0","","","0","","0","","","","0","","0","0","0","0","2301","0","0","0","N","0","0","0","1","02301","0","","4.0","","2","N","N","","0","","0","0","0","","0","","","1","0","0","0","0","0","0","1","0","1","","","","N","","","","","","","","","",""
"2006000340","","1","0","0","0","0","0","0","0","0","4","0","","02","12","2005","2","40.437658","-79.985151","","11","0","0","0","0","0","1","0","0","","0","0","0","","","1","","2","","40 26:15.568","","0","79 59:06.543","4","0","0","0","2301","0","0","0","N","0","0","0","3","02301","1","","1.0","","9","N","N","","0","","0","0","1","","2","","","2","1","0","0","0","0","0","2","0","2","","","","N","","","","","","","","","",""
"2006000341","","1","0","0","0","0","0","0","0","0","7","0","","02","12","2005","3","","","","11","0","0","0","0","0","1","0","0","1","0","0","0","","","0","","0","","","2","0","","0","0","0","0","2301","0","0","0","","0","0","0","2","02301","0","","2.0","","9","N","","","1","","0","0","0","","0","N","","2","0","2","0","0","0","0","1","0","2","","","","N","","","","","","","","","",""
"2006000342","","0","0","0","0","0","0","0","0","0","7","0","","02","12","2005","6","40.4357","-79.97","","11","0","0","0","0","0","0","0","0","2","0","0","0","","","0","","0","","40 26:08.520","1","2","79 58:12.000","0","0","0","0","2301","0","0","0","N","0","0","0","1","02301","0","","4.0","","6","N","N","","0","","0","0","1","","0","Y","","1","0","1","0","0","0","0","2","0","1","","","","N","","","","","","","","","",""
"2006000343","","1","0","0","0","0","0","0","0","0","7","0","","02","12","2005","5","","","","11","0","0","0","0","0","0","0","0","1","0","0","0","","","2","","0","","","6","0","","3","0","0","0","2301","0","0","0","N","0","0","0","3","02301","0","","5.0","","2","N","N","","0","","2","0","0","","0","Y","","1","2","1","0","0","0","0","1","0","1","","","","N","","","","","","","","","",""