"CRN","ARRIVAL_TM","AUTOMOBILE_COUNT","BELTED_DEATH_COUNT","BELTED_SUSP_SERIOUS_INJ_COUNT","BICYCLE_COUNT","BICYCLE_DEATH_COUNT","BICYCLE_SUSP_SERIOUS_INJ_COUNT","BUS_COUNT","CHLDPAS_DEATH_COUNT","CHLDPAS_SUSP_SERIOUS_INJ_COUNT","COLLISION_TYPE","COMM_VEH_COUNT","CONS_ZONE_SPD_LIM","COUNTY","CRASH_MONTH","CRASH_YEAR","DAY_OF_WEEK","DEC_LATITUDE","DEC_LONGITUDE","DISPATCH_TM","DISTRICT","DRIVER_COUNT_16YR","DRIVER_COUNT_17YR","DRIVER_COUNT_18YR","DRIVER_COUNT_19YR","DRIVER_COUNT_20YR","DRIVER_COUNT_50_64YR","DRIVER_COUNT_65_74YR","DRIVER_COUNT_75PLUS","EST_HRS_CLOSED","FATAL_COUNT","HEAVY_TRUCK_COUNT","HORSE_BUGGY_COUNT","HOUR_OF_DAY","ILLUMINATION","INJURY_COUNT","INTERSECTION_RELATED","INTERSECT_TYPE","LANE_CLOSED","LATITUDE","LN_CLOSE_DIR","LOCATION_TYPE","LONGITUDE","MAX_SEVERITY_LEVEL","MCYCLE_DEATH_COUNT","MCYCLE_SUSP_SERIOUS_INJ_COUNT","MOTORCYCLE_COUNT","MUNICIPALITY","NONMOTR_COUNT","NONMOTR_DEATH_COUNT","NONMOTR_SUSP_SERIOUS_INJ_COUNT","NTFY_HIWY_MAINT","PED_COUNT","PED_DEATH_COUNT","PED_SUSP_SERIOUS_INJ_COUNT","PERSON_COUNT","POLICE_AGCY","POSSIBLE_INJ_COUNT","RDWY_SURF_TYPE_CD","RELATION_TO_ROAD","ROADWAY_CLEARED","ROAD_CONDITION","SCH_BUS_IND","SCH_ZONE_IND","SECONDARY_CRASH","SMALL_TRUCK_COUNT","SPEC_JURIS_CD","SUSP_MINOR_INJ_COUNT","SUSP_SERIOUS_INJ_COUNT","SUV_COUNT","TCD_FUNC_CD","TCD_TYPE","TFC_DETOUR_IND","TIME_OF_DAY","TOTAL_UNITS","TOT_INJ_COUNT","UNBELTED_OCC_COUNT","UNB_DEATH_COUNT","UNB_SUSP_SERIOUS_INJ_COUNT","UNK_INJ_DEG_COUNT","UNK_INJ_PER_COUNT","URBAN_RURAL","VAN_COUNT","VEHICLE_COUNT","WEATHER1","WEATHER2","WORKERS_PRES","WORK_ZONE_IND","WORK_ZONE_LOC","WORK_ZONE_TYPE","WZ_CLOSE_DETOUR","WZ_FLAGGER","WZ_LAW_OFFCR_IND","WZ_LN_CLOSURE","WZ_MOVING","WZ_OTHER","WZ_SHLDER_MDN","WZ_WORKERS_INJ_KILLED"
"2006003179","","2","0","0","0","0","0","0","0","0","4","0","","02","12","2005","3","40.423794","-79.988602","","11","0","0","0","0","0","0","0","0","1","0","0","0","","","1","","0","","40 25:25.658","5","0","79 59:18.967","4","0","0","0","2301","0","0","0","N","0","0","0","2","02301","1","","1.0","","2","N","N","","0","","0","0","0","","0","N","","2","1","0","0","0","0","0","2","0","2","","","","N","","","","","","","","","",""
"2006003180","","0","0","0","0","0","0","0","0","0","5","0","","02","12","2005","4","40.378333","-79.989765","","11","0","0","0","0","0","0","0","0","1","0","0","0","","","3","","2","","40 22:42.000","1","0","79 59:23.155","4","0","0","0","2301","0","0","0","N","0","0","0","6","02301","1","","1.0","","1","N","N","","0","","0","0","0","","2","N","","2","3","0","0","0","2","0","2","1","2","","","","N","","","","","","","","","",""
"2006003181","","1","0","0","0","0","0","0","0","0","7","0","","02","12","2005","5","","","","11","0","0","0","0","0","0","1","0","","0","0","0","","","1","","1","","","","0","","3","0","0","0","2301","0","0","0","N","0","0","0","1","02301","0","","2.0","","1","N","N","","0","","1","0","0","","0","","","1","1","0","0","0","0","0","1","0","1","","","","N","","","","","","","","","",""
"2006003182","","4","0","0","0","0","0","0","0","0","4","0","","02","12","2005","6","","","","11","0","0","0","0","0","1","0","0","","0","0","0","","","0","","2","","","","0","","0","0","0","0","2301","0","0","0","N","0","0","0","3","02301","0","","1.0","","1","N","N","","0","","0","0","0","","0","","","4","0","1","0","0","0","0","1","0","4","","","","N","","","","","","","","","",""
"2006003183","","1","0","0","0","0","0","0","0","0","7","0","","02","12","2005","7","","","","11","0","0","1","0","0","0","0","0","","0","0","0","","","0","","0","","","","0","","0","0","0","0","2301","0","0","0","N","0","0","0","1","02301","0","","5.0","","9","N","N","","0","","0","0","0","","0","","","1","0","0","0","0","0","0","1","0","1","","","","N","","","","","","","","","",""
"2006003184","","1","0","0","0","0","0","0","0","0","1","1","","02","12","2005","7","","","","11","0","0","0","0","0","0","0","0","","0","1","0","","","0","","0","","","","0","","0","0","0","0","2301","0","0","0","N","0","0","0","2","02301","0","","1.0","","1","N","N","","0","","0","0","0","","0","","","2","0","0","0","0","0","0","1","0","2","","","","N","","","","","","","","","",""
"2006003185","","1","0","0","0","0","0","0","0","0","5","0","","02","12","2005","7","","","","11","0","0","0","0","0","0","0","0","1","0","0","0","","","1","","1","","","6","0","","4","0","0","0","2301","0","0","0","N","0","0","0","5","02301","1","","1.0","","1","N","N","","0","","0","0","1","","3","N","","2","1","0","0","0","0","0","1","0","2","","","","N","","","","","","","","","",""
"2006003186","","1","0","0","0","0","0","0","0","0","4","0","","02","12","2005","7","40.39217","-80.013159","","11","0","0","0","0","0","0","1","0","","0","0","0","","","0","","2","","40 23:31.812","","0","80 00:47.372","0","0","0","0","2301","0","0","0","N","0","0","0","2","02301","0","","1.0","","1","N","N","","0","","0","0","0","","2","","","2","0","0","0","0","0","0","2","1","2","","","","N","","","","","","","","","",""
"2006003187","","3","0","0","0","0","0","0","0","0","5","0","","02","12","2005","3","40.450603","-79.983184","","11","0","0","0","0","0","1","0","0","","0","0","0","","","0","","0","","40 27:02.170","","0","79 58:59.462","0","0","0","0","2301","0","0","0","N","0","0","0","3","02301","0","","1.0","","1","N","N","","0","","0","0","0","","0","","","3","0","0","0","0","0","0","2","0","3","","","","N","","","","","","","","","",""
"2006003188","","3","0","0","0","0","0","0","0","0","5","0","","02","12","2005","4","40.403677","-79.990063","","11","0","0","0","0","0","0","0","0","2","0","0","0","","","0","","0","","40 24:13.237","5","0","79 59:24.226","0","0","0","0","2301","0","0","0","N","0","0","0","1","02301","0","","4.0","","1","N","N","","0","","0","0","0","","0","Y","","3","0","0","0","0","0","0","2","0","3","","","","N","","","","","","","","","",""
"2006003189","","2","0","0","0","0","0","0","0","0","4","0","","02","12","2005","4","","","","11","0","0","0","0","0","0","0","0","","0","0","0","","","0","","2","","","","0","","0","0","0","0","2301","0","0","0","N","0","0","0","4","02301","0","","1.0","","1","N","N","","0","","0","0","0","","0","","","2","0","0","0","0","0","0","1","0","2","","","","N","","","","","","","","","",""
"2006003190","","2","0","0","0","0","0","0","0","0","4","0","","02","12","2005","4","40.439623","-80.076658","","11","0","0","0","0","0","0","0","0","9","0","0","0","","","1","","0","","40 26:22.642","1","0","80 04:35.968","8","0","0","0","2301","0","0","0","N","0","0","0","2","02301","0","","2.0","","9","N","N","","0","","0","0","0","","0","Y","","2","1","0","0","0","1","0","2","0","2","","","","N","","","","","","","","","",""
"2006003191","","4","0","0","0","0","0","0","0","0","1","0","","02","12","2005","4","40.4149","-80.0109","","11","0","0","0","0","0","0","0","0","1","0","0","0","","","1","","0","","40 24:53.640","1","4","80 00:39.240","4","0","0","0","2301","0","0","0","N","0","0","0","5","02301","1","","1.0","","1","N","N","","0","","0","0","0","","0","N","","4","1","0","0","0","0","0","2","0","4","","","","N","","","","","","","","","",""
"2006003192","","2","0","0","0","0","0","0","0","0","1","0","","02","12","2005","5","40.408678","-80.024649","","11","0","0","0","0","0","0","0","1","","0","0","0","","","1","","1","","40 24:31.240","","0","80 01:28.736","8","0","0","0","2301","0","0","0","N","0","0","0","2","02301","0","","1.0","","1","N","N","","0","","0","0","0","","0","","","2","1","0","0","0","1","0","2","0","2","","","","N","","","","","","","","","",""
"2006003193","","1","0","0","0","0","0","0","0","0","8","0","","02","12","2005","5","40.414459","-79.988047","","11","0","0","0","0","0","0","0","0","","0","0","0","","","1","","1","","40 24:52.052","","0","79 59:16.969","8","0","0","0","2301","1","0","0","N","1","0","0","2","02301","0","","1.0","","1","N","N","","0","","0","0","0","","0","","","2","1","0","0","0","1","0","2","0","1","","","","N","","","","","","","","","",""
"2006003200","","2","0","0","0","0","0","0","0","0","4","0","","02","12","2005","3","40.45208","-79.930982","","11","0","0","0","0","0","0","0","1","1","0","0","0","","","0","","1","","40 27:07.488","7","0","79 55:51.535","0","0","0","0","2301","0","0","0","N","0","0","0","2","02301","0","","1.0","","9","N","N","","0","","0","0","0","","2","N","","2","0","0","0","0","0","0","2","0","2","","","","N","","","","","","","","","",""
"2006003202","","1","0","0","0","0","0","0","0","0","2","0","","02","12","2005","5","40.468926","-79.908755","","11","0","0","0","0","0","0","0","0","","0","0","0","","","1","","0","","40 28:08.134","","0","79 54:31.519","3","0","0","0","2301","0","0","0","N","0","0","0","2","02301","0","","1.0","","7","N","N","","0","","1","0","0","","0","","","2","1","0","0","0","0","0","2","1","2","","","","N","","","","","","","","","",""
"2006003203","","4","0","0","0","0","0","0","0","0","1","0","","02","12","2005","3","40.47","-79.908416","","11","0","0","0","0","0","1","1","0","","0","0","0","","","4","","2","","40 28:12.000","","0","79 54:30.298","4","0","0","0","2301","0","0","0","N","0","0","0","5","02301","2","","1.0","","1","N","N","","0","","0","0","0","","2","","","4","4","0","0","0","2","1","2","0","4","","","","N","","","","","","","","","",""
"2006003205","","1","0","0","0","0","0","0","0","0","4","0","","02","12","2005","2","40.386667","-80.043648","","11","0","0","0","1","0","0","0","0","","0","0","0","","","1","","2","","40 23:12.000","","0","80 02:37.133","3","0","0","0","2109","1","0","0","N","1","0","0","5","02109","0","","1.0","","1","N","N","","1","","1","0","0","","2","","","3","1","0","0","0","0","0","2","0","2","","","","N","","","","","","","","","",""
"2006003206","","2","0","0","0","0","0","0","0","0","4","0","","02","12","2005","3","40.383422","-80.051065","","11","0","0","0","1","0","0","0","0","","0","0","0","","","0","","2","","40 23:00.319","","0","80 03:03.834","0","0","0","0","2109","0","0","0","N","0","0","0","2","02109","0","","1.0","","1","N","N","","0","","0","0","0","","3","","","2","0","0","0","0","0","0","2","0","2","","","","N","","","","","","","","","",""
"2006003207","","1","0","0","0","0","0","0","0","0","4","0","","02","12","2005","5","40.355278","-80.050653","","11","0","0","0","0","0","0","0","0","1","0","0","0","","","1","","0","","40 21:19.000","3","7","80 03:02.350","4","0","0","0","2109","0","0","0","N","0","0","0","5","02109","1","","1.0","","1","N","N","","1","","0","0","0","","0","N","","2","1","0","0","0","0","0","2","0","2","","","","N","","","","","","","","","",""
"2006003208","","0","0","0","0","0","0","0","0","0","1","0","","02","12","2005","6","40.363472","-80.04345","","11","0","0","0","0","0","0","0","0","3","0","0","0","","","1","","0","","40 21:48.499","6","0","80 02:36.420","4","0","0","0","2109","0","0","0","N","0","0","0","2","02109","1","","1.0","","1","N","N","","0","","0","0","2","","0","Y","","2","1","0","0","0","0","0","2","0","2","","","","N","","","","","","","","","",""
"2006003407","","1","0","0","0","0","0","0","0","0","8","0","","02","12","2005","7","40.414459","-79.988047","","11","0","0","0","0","0","0","0","0","3","0","0","0","","","1","","5","","40 24:52.052","5","0","79 59:16.969","8","0","0","0","2447","1","0","0","N","1","0","0","2","02447","0","","1.0","","1","N","N","","0","","0","0","0","","2","Y","","2","1","0","0","0","1","1","2","0","1","","","","N","","","","","","","","","",""
"2006003408","","4","0","0","0","0","0","0","0","0","5","0","","02","12","2005","2","40.414459","-79.988047","","11","0","0","0","0","1","0","0","0","","0","0","0","","","0","","5","","40 24:52.052","","0","79 59:16.969","0","0","0","0","2447","0","0","0","N","0","0","0","7","02447","0","","1.0","","9","N","N","","1","","0","0","0","","2","","","5","0","1","0","0","0","0","2","0","5","","","","N","","","","","","","","","",""
"2006003447","","2","0","0","0","0","0","0","0","0","6","0","","02","12","2005","4","40.435833","-79.964597","","11","0","0","0","0","1","0","0","0","","0","0","0","","","0","","1","","40 26:09.000","","0","79 57:52.549","0","0","0","0","2301","0","0","0","N","0","0","0","2","02301","0","","1.0","","1","N","N","","0","","0","0","0","","2","","","2","0","0","0","0","0","0","2","0","2","","","","N","","","","","","","","","",""
"2006003448","","1","0","0","0","0","0","0","0","0","0","0","","02","12","2005","2","40.3545","-79.8421","","11","0","0","0","0","0","0","0","1","1","0","0","0","","","1","","0","","40 21:16.200","1","2","79 50:31.560","8","0","0","0","2304","0","0","0","N","0","0","0","1","02304","0","","1.0","","1","N","N","","0","","0","0","0","","0","N","","1","1","0","0","0","1","0","2","0","1","","","","N","","","","","","","","","",""
"2006003449","","1","0","0","0","0","0","0","0","0","7","0","","02","12","2005","1","","","","11","0","0","0","0","0","1","0","0","2","0","0","0","","","0","","0","","","1","0","","9","0","0","0","2301","0","0","0","N","0","0","0","1","02301","0","","2.0","","2","N","N","","0","","0","0","0","","0","Y","","1","0","0","0","0","0","1","1","0","1","","","","N","","","","","","","","","",""
"2006003450","","1","0","0","0","0","0","0","0","0","7","0","","02","12","2005","6","40.482673","-80.006278","","11","0","0","0","0","0","0","0","0","","0","0","0","","","0","","0","","40 28:57.621","","0","80 00:22.600","0","0","0","0","2301","0","0","0","N","0","0","0","1","02301","0","","5.0","","2","N","N","","0","","0","0","0","","0","","","1","0","0","0","0","0","0","2","0","1","","","","N","","","","","","","","","",""
"2006003451","","1","0","0","0","0","0","0","0","0","5","0","","02","12","2005","4","40.401868","-80.001881","","11","0","0","0","0","0","0","0","0","","0","0","0","","","1","","2","","40 24:06.724","","0","80 00:06.771","8","0","0","0","2301","0","0","0","N","0","0","0","3","02301","0","","1.0","","9","N","N","","1","","0","0","0","","0","","","2","1","0","0","0","1","0","2","0","2","","","","N","","","","","","","","","",""
"2006003452","","1","0","0","0","0","0","0","0","0","5","0","","02","12","2005","4","40.426862","-80.02196","","11","0","0","0","0","0","0","0","0","","0","0","0","","","0","","0","","40 25:36.704","","0","80 01:19.055","0","0","0","0","2301","0","0","0","N","0","0","0","6","02301","0","","1.0","","1","N","N","","1","","0","0","0","","0","","","2","0","0","0","0","0","0","2","0","2","","","","N","","","","","","","","","",""
"2006003502","","3","0","0","0","0","0","0","0","0","5","0","","02","11","2005","4","40.483991","-79.928268","","11","0","0","0","0","0","0","0","0","1","0","0","0","","","0","","0","","40 29:02.367","2","0","79 55:41.764","0","0","0","0","2301","0","0","0","N","0","0","0","1","02301","0","","6.0","","1","Y","N","","0","","0","0","1","","0","N","","4","0","0","0","0","0","0","2","0","4","","","","N","","","","","","","","","",""
"2006003503","","1","0","0","0","0","0","0","0","0","0","0","","02","12","2005","1","","","","11","0","0","0","0","0","0","0","0","1","0","0","0","","","0","","0","","","1","0","","0","0","0","0","2301","0","0","0","N","0","0","0","1","02301","0","","4.0","","6","N","N","","0","","0","0","0","","0","N","","1","0","0","0","0","0","0","1","0","1","","","","N","","","","","","","","","",""
"2006003504","","2","0","0","0","0","0","0","0","0","5","0","","02","12","2005","6","40.4512","-80.0188","","11","0","0","0","1","0","0","0","0","1","0","0","0","","","0","","0","","40 27:04.320","2","0","80 01:07.680","0","0","0","0","2301","0","0","0","N","0","0","0","2","02301","0","","1.0","","1","N","N","","0","","0","0","0","","0","N","","2","0","0","0","0","0","0","2","0","2","","","","N","","","","","","","","","",""
"2006003505","","4","0","0","0","0","0","0","0","0","5","0","","02","11","2005","5","40.447222","-80.026312","","11","0","0","0","0","0","0","0","0","2","0","0","0","","","3","","0","","40 26:50.000","7","3","80 01:34.723","8","0","0","0","2301","0","0","0","N","0","0","0","10","02301","0","","1.0","","2","N","N","","0","","0","0","0","","0","Y","","4","3","0","0","0","3","4","2","0","4","","","","N","","","","","","","","","",""
"2006003508","","2","0","0","0","0","0","0","0","0","4","0","","02","11","2005","2","40.424444","-79.859493","","11","0","0","0","0","0","0","0","0","1","0","0","0","","","2","","1","","40 25:28.000","3","0","79 51:34.176","3","0","0","0","2431","0","0","0","N","0","0","0","2","02431","1","","1.0","","1","N","N","","0","","1","0","0","","2","N","","2","2","0","0","0","0","0","2","0","2","","","","N","","","","","","","","","",""
"2006003595","","2","0","0","0","0","0","0","0","0","1","0","","02","12","2005","2","40.292222","-79.996603","","11","0","0","0","0","0","1","0","1","","0","0","0","","","0","","0","","40 17:32.000","","0","79 59:47.770","0","0","0","0","2219","0","0","0","N","0","0","0","2","02219","0","","1.0","","1","N","N","","0","","0","0","0","","0","","","2","0","0","0","0","0","0","2","0","2","","","","N","","","","","","","","","",""
"2006003604","","1","0","0","0","0","0","0","0","0","2","0","","02","12","2005","7","40.4875","-79.883","","11","0","1","0","0","0","1","0","0","","0","0","0","","","0","","1","","40 29:15.000","","0","79 52:58.800","0","0","0","0","2112","0","0","0","N","0","0","0","3","02112","0","","1.0","","9","N","N","","0","","0","0","1","","2","","","2","0","0","0","0","0","0","2","0","2","","","","N","","","","","","","","","",""
"2006003605","","1","0","0","0","0","0","0","0","0","6","1","","02","12","2005","5","","","","11","0","0","0","0","0","1","0","0","1","0","1","0","","","1","","0","","","5","0","","4","0","0","0","2112","0","0","0","N","0","0","0","2","02112","1","","1.0","","1","N","N","","0","","0","0","0","","0","N","","2","1","0","0","0","0","0","1","0","2","","","","N","","","","","","","","","",""
"2006003609","","1","0","0","0","0","0","0","0","0","4","0","","02","12","2005","6","40.396111","-79.998215","","11","0","0","0","0","0","1","0","0","2","0","0","0","","","1","","1","","40 23:46.000","1","0","79 59:53.574","4","0","0","0","2301","0","0","0","N","0","0","0","2","02301","1","","1.0","","1","N","N","","1","","0","0","0","","2","Y","","2","1","0","0","0","0","0","2","0","2","","","","N","","","","","","","","","",""
"2006003702","","1","0","0","0","0","0","0","0","0","2","0","","02","12","2005","5","40.443689","-79.960951","","11","0","0","1","0","0","0","0","0","","0","0","0","","","0","","2","","40 26:37.280","","0","79 57:39.423","0","0","0","0","2301","0","0","0","N","0","0","0","3","02301","0","","1.0","","1","N","N","","0","","0","0","0","","0","","","2","0","0","0","0","0","0","2","1","2","","","","N","","","","","","","","","",""
"2006003703","","1","0","0","0","0","0","0","0","0","7","0","","02","12","2005","6","40.445338","-79.934743","","11","0","0","0","0","0","0","0","0","","0","0","0","","","0","","0","","40 26:43.216","","0","79 56:05.073","9","0","0","0","2301","0","0","0","N","0","0","0","1","02301","0","","4.0","","1","N","N","","0","","0","0","0","","0","","","1","0","0","0","0","0","1","2","0","1","","","","N","","","","","","","","","",""
"2006003704","","1","0","0","0","0","0","0","0","0","2","0","","02","12","2005","3","","","","11","0","0","0","0","0","1","0","0","","0","0","0","","","0","","0","","","","0","","0","0","0","0","2301","0","0","0","N","0","0","0","2","02301","0","","1.0","","1","N","N","","1","","0","0","0","","0","","","2","0","0","0","0","0","0","1","0","2","","","","N","","","","","","","","","",""
"2006003709","","0","0","0","0","0","0","0","0","0","4","0","","02","12","2005","6","","","","11","0","0","0","0","0","0","0","0","","0","0","0","","","2","","1","","","","0","","8","0","0","0","2301","0","0","0","N","0","0","0","6","02301","0","","1.0","","1","N","N","","0","","0","0","1","","3","","","3","2","0","0","0","2","1","1","2","3","","","","N","","","","","","","","","",""
"2006003710","","1","0","0","0","0","0","0","0","0","5","0","","02","12","2005","7","40.457222","-79.900174","","11","0","0","0","0","0","0","0","0","","0","0","0","","","0","","0","","40 27:26.000","","0","79 54:00.627","0","0","0","0","2301","0","0","0","N","0","0","0","0","02301","0","","6.0","","9","N","N","","0","","0","0","0","","0","","","2","0","0","0","0","0","0","2","0","2","","","","N","","","","","","","","","",""
"2006003711","","2","0","0","0","0","0","0","0","0","4","0","","02","12","2005","5","","","","11","0","0","0","0","0","1","0","0","","0","0","0","","","0","","2","","","","0","","0","0","0","0","2301","0","0","0","N","0","0","0","2","02301","0","","1.0","","1","N","N","","0","","0","0","0","","3","","","2","0","2","0","0","0","0","1","0","2","","","","N","","","","","","","","","",""
"2006003712","","0","0","0","0","0","0","0","0","0","4","0","","02","12","2005","5","40.454167","-79.996914","","11","0","0","0","0","0","1","0","0","","0","0","0","","","0","","10","","40 27:15.000","","0","79 59:48.892","9","0","0","0","2301","0","0","0","N","0","0","0","5","02301","0","","1.0","","9","N","N","","0","","0","0","0","","2","","","2","0","0","0","0","0","1","2","2","2","","","","N","","","","","","","","","",""
"2006003713","","1","0","0","0","0","0","0","0","0","1","0","","02","12","2005","3","40.4864","-80.0541","","11","0","0","0","0","0","0","0","0","1","0","0","0","","","0","","1","","40 29:11.040","1","0","80 03:14.760","0","0","0","0","2301","0","0","0","N","0","0","0","4","02301","0","","1.0","","1","N","N","","1","","0","0","0","","0","N","","2","0","0","0","0","0","0","2","0","2","","","","N","","","","","","","","","",""
"2006003714","","1","0","0","0","0","0","0","0","0","1","0","","02","12","2005","6","40.455354","-80.029826","","11","0","0","0","0","0","1","0","0","","0","0","0","","","0","","0","","40 27:19.276","","0","80 01:47.374","0","0","0","0","2301","0","0","0","N","0","0","0","4","02301","0","","1.0","","1","N","N","","0","","0","0","1","","0","","","2","0","0","0","0","0","0","2","0","2","","","","N","","","","","","","","","",""
"2006003715","","2","0","0","0","0","0","0","0","0","4","0","","02","12","2005","6","40.428177","-79.971115","","11","0","0","0","0","0","1","0","0","","0","0","0","","","0","","1","","40 25:41.436","","0","79 58:16.014","0","0","0","0","2301","0","0","0","N","0","0","0","2","02301","0","","1.0","","1","N","N","","0","","0","0","0","","1","","","2","0","0","0","0","0","0","2","0","2","","","","N","","","","","","","","","",""
"2006003716","","1","0","0","0","0","0","0","0","0","0","0","","02","12","2005","7","","","","11","0","0","0","0","0","0","0","0","","0","0","0","","","0","","2","","","","0","","0","0","0","0","2301","0","0","0","N","0","0","0","1","02301","0","","2.0","","1","N","N","","0","","0","0","0","","0","","","1","0","0","0","0","0","0","1","0","1","","","","N","","","","","","","","","",""
"2006003717","","1","0","0","0","0","0","0","0","0","1","0","","02","12","2005","7","40.443863","-80.027591","","11","0","0","0","0","0","0","0","0","1","0","0","0","","","1","","10","","40 26:37.906","1","0","80 01:39.328","4","0","0","0","2301","0","0","0","N","0","0","0","3","02301","1","","1.0","","9","N","N","","1","","0","0","0","","2","N","","2","1","0","0","0","0","0","2","0","2","","","","N","","","","","","","","","",""
"2006003718","","1","0","0","0","0","0","0","0","0","5","0","","02","12","2005","5","40.424533","-79.982391","","11","0","0","0","0","0","1","1","0","","0","0","0","","","0","","0","","40 25:28.318","","0","79 58:56.607","0","0","0","0","2301","0","0","0","N","0","0","0","2","02301","0","","1.0","","1","N","N","","0","","0","0","1","","0","","","2","0","0","0","0","0","0","2","0","2","","","","N","","","","","","","","","",""
"2006003719","","1","0","0","0","0","0","0","0","0","7","0","","02","12","2005","5","40.394444","-79.9973","","11","0","0","0","0","0","0","1","0","","0","0","0","","","1","","2","","40 23:40.000","","0","79 59:50.280","3","0","0","0","2301","0","0","0","N","0","0","0","2","02301","0","","4.0","","9","N","N","","1","","1","0","0","","2","","","2","1","0","0","0","0","0","2","0","2","","","","N","","","","","","","","","",""
"2006003720","","0","0","0","0","0","0","0","0","0","7","0","","02","12","2005","6","","","","11","0","0","0","0","0","0","0","0","2","0","0","0","","","0","","0","","","4","0","","0","0","0","0","2301","0","0","0","N","0","0","0","1","02301","0","","5.0","","1","N","N","","0","","0","0","1","","0","N","","1","0","0","0","0","0","0","1","0","1","","","","N","","","","","","","","","",""
"2006003721","","1","0","0","0","0","0","0","0","0","7","0","","02","12","2005","6","","","","11","0","0","0","0","0","0","0","0","","0","0","0","","","0","","10","","","","0","","9","0","0","0","2301","0","0","0","N","0","0","0","1","02301","0","","2.0","","1","N","N","","0","","0","0","0","","0","","","1","0","0","0","0","0","1","1","0","1","","","","N","","","","","","","","","",""
"2006003722","","0","0","0","0","0","0","0","0","0","2","0","","02","12","2005","6","","","","11","0","0","0","0","0","1","0","0","","0","0","0","","","2","","1","","","","0","","4","0","0","0","2301","0","0","0","N","0","0","0","3","02301","2","","1.0","","1","N","N","","0","","0","0","1","","3","","","2","2","0","0","0","0","0","1","1","2","","","","N","","","","","","","","","",""
"2006003723","","1","0","0","0","0","0","0","0","0","7","0","","02","12","2005","5","40.389444","-79.933374","","11","0","0","0","0","0","1","0","0","","0","0","0","","","1","","2","","40 23:22.000","","0","79 56:00.148","4","0","0","0","2301","0","0","0","N","0","0","0","1","02301","1","","4.0","","1","N","N","","0","","0","0","0","","0","","","1","1","1","0","0","0","0","2","0","1","","","","N","","","","","","","","","",""
"2006003726","","1","0","0","0","0","0","0","0","0","7","0","","02","12","2005","7","40.463742","-79.964233","","11","0","0","0","0","0","0","0","0","1","0","0","0","","","0","","2","","40 27:49.471","1","0","79 57:51.238","9","0","0","0","2301","0","0","0","N","0","0","0","1","02301","0","","2.0","","1","N","N","","0","","0","0","0","","0","N","","1","0","0","0","0","0","1","2","0","1","","","","N","","","","","","","","","",""
"2006003826","","2","0","0","0","0","0","0","0","0","4","0","","02","12","2005","4","","","","11","0","0","0","0","0","0","1","0","1","0","0","0","","","1","","0","","","6","0","","4","0","0","0","2112","0","0","0","N","0","0","0","3","02112","1","","1.0","","1","N","N","","0","","0","0","0","","0","N","","2","1","0","0","0","0","0","1","0","2","","","","N","","","","","","","","","",""
"2006003828","","1","0","0","0","0","0","0","0","0","7","0","","02","12","2005","5","40.468889","-80.060232","","11","0","0","0","0","0","0","0","0","","0","0","0","","","1","","0","","40 28:08.000","","0","80 03:36.835","4","0","0","0","2444","0","0","0","N","0","0","0","1","02444","1","","4.0","","1","N","N","","0","","0","0","0","","0","","","1","1","1","0","0","0","0","2","0","1","","","","N","","","","","","","","","",""
"2006003866","","1","0","0","0","0","0","0","0","0","7","0","","02","8","2005","1","40.318952","-79.834318","","11","0","0","0","0","0","0","0","0","","0","0","0","","","0","","0","","40 19:08.226","","0","79 50:03.545","0","0","0","0","2469","0","0","0","N","0","0","0","1","02469","0","","5.0","","1","N","N","","0","","0","0","0","","0","","","1","0","0","0","0","0","0","2","0","1","","","","N","","","","","","","","","",""
"2006003896","","2","0","0","0","0","0","0","0","0","1","0","","02","12","2005","6","40.42174","-79.890316","","11","0","0","0","0","0","2","0","0","1","0","0","0","","","2","","0","","40 25:18.264","5","0","79 53:25.137","4","0","0","0","2463","0","0","0","N","0","0","0","2","02463","1","","1.0","","1","N","N","","0","","0","0","0","","0","Y","","2","2","0","0","0","1","0","2","0","2","","","","N","","","","","","","","","",""
"2006003897","","1","0","0","0","0","0","0","0","0","1","0","","02","12","2005","2","40.415326","-79.875731","","11","0","0","0","0","0","1","1","0","","0","0","0","","","1","","0","","40 24:55.173","","0","79 52:32.631","4","0","0","0","2463","0","0","0","N","0","0","0","5","02463","1","","1.0","","1","N","N","","1","","0","0","1","","2","","","3","1","2","0","0","0","0","2","0","3","","","","N","","","","","","","","","",""
"2006003898","","1","0","0","0","0","0","0","0","0","2","0","","02","12","2005","1","40.4265","-79.8934","","11","0","0","0","0","0","2","0","0","","0","0","0","","","0","","10","","40 25:35.400","","0","79 53:36.240","0","0","0","0","2463","0","0","0","N","0","0","0","2","02463","0","","1.0","","2","N","N","","0","","0","0","1","","0","","","2","0","0","0","0","0","0","2","0","2","","","","N","","","","","","","","","",""
"2006003899","","1","0","0","0","0","0","0","0","0","7","0","","02","12","2005","7","40.422427","-79.885898","","11","0","0","0","0","0","0","0","0","","0","0","0","","","0","","2","","40 25:20.737","","0","79 53:09.232","0","0","0","0","2463","0","0","0","N","0","0","0","1","02463","0","","5.0","","1","N","N","","0","","0","0","0","","0","","","1","0","1","0","0","0","0","2","0","1","","","","N","","","","","","","","","",""