"CRN","ARRIVAL_TM","AUTOMOBILE_COUNT","BELTED_DEATH_COUNT","BELTED_SUSP_SERIOUS_INJ_COUNT","BICYCLE_COUNT","BICYCLE_DEATH_COUNT","BICYCLE_SUSP_SERIOUS_INJ_COUNT","BUS_COUNT","CHLDPAS_DEATH_COUNT","CHLDPAS_SUSP_SERIOUS_INJ_COUNT","COLLISION_TYPE","COMM_VEH_COUNT","CONS_ZONE_SPD_LIM","COUNTY","CRASH_MONTH","CRASH_YEAR","DAY_OF_WEEK","DEC_LATITUDE","DEC_LONGITUDE","DISPATCH_TM","DISTRICT","DRIVER_COUNT_16YR","DRIVER_COUNT_17YR","DRIVER_COUNT_18YR","DRIVER_COUNT_19YR","DRIVER_COUNT_20YR","DRIVER_COUNT_50_64YR","DRIVER_COUNT_65_74YR","DRIVER_COUNT_75PLUS","EST_HRS_CLOSED","FATAL_COUNT","HEAVY_TRUCK_COUNT","HORSE_BUGGY_COUNT","HOUR_OF_DAY","ILLUMINATION","INJURY_COUNT","INTERSECTION_RELATED","INTERSECT_TYPE","LANE_CLOSED","LATITUDE","LN_CLOSE_DIR","LOCATION_TYPE","LONGITUDE","MAX_SEVERITY_LEVEL","MCYCLE_DEATH_COUNT","MCYCLE_SUSP_SERIOUS_INJ_COUNT","MOTORCYCLE_COUNT","MUNICIPALITY","NONMOTR_COUNT","NONMOTR_DEATH_COUNT","NONMOTR_SUSP_SERIOUS_INJ_COUNT","NTFY_HIWY_MAINT","PED_COUNT","PED_DEATH_COUNT","PED_SUSP_SERIOUS_INJ_COUNT","PERSON_COUNT","POLICE_AGCY","POSSIBLE_INJ_COUNT","RDWY_SURF_TYPE_CD","RELATION_TO_ROAD","ROADWAY_CLEARED","ROAD_CONDITION","SCH_BUS_IND","SCH_ZONE_IND","SECONDARY_CRASH","SMALL_TRUCK_COUNT","SPEC_JURIS_CD","SUSP_MINOR_INJ_COUNT","SUSP_SERIOUS_INJ_COUNT","SUV_COUNT","TCD_FUNC_CD","TCD_TYPE","TFC_DETOUR_IND","TIME_OF_DAY","TOTAL_UNITS","TOT_INJ_COUNT","UNBELTED_OCC_COUNT","UNB_DEATH_COUNT","UNB_SUSP_SERIOUS_INJ_COUNT","UNK_INJ_DEG_COUNT","UNK_INJ_PER_COUNT","URBAN_RURAL","VAN_COUNT","VEHICLE_COUNT","WEATHER1","WEATHER2","WORKERS_PRES","WORK_ZONE_IND","WORK_ZONE_LOC","WORK_ZONE_TYPE","WZ_CLOSE_DETOUR","WZ_FLAGGER","WZ_LAW_OFFCR_IND","WZ_LN_CLOSURE","WZ_MOVING","WZ_OTHER","WZ_SHLDER_MDN","WZ_WORKERS_INJ_KILLED"
"2006003952","","1","0","0","0","0","0","0","0","0","4","0","","02","12","2005","5","40.434053","-79.764402","","11","0","1","0","0","0","0","0","0","1","0","0","0","","","0","","2","","40 26:02.590","4","0","79 45:51.847","0","0","0","0","2446","0","0","0","N","0","0","0","4","02446","0","","1.0","","1","N","N","","0","","0","0","1","","2","Y","","2","0","0","0","0","0","0","2","0","2","","","","N","","","","","","","","","",""
"2006003954","","2","0","0","0","0","0","0","0","0","4","0","","02","12","2005","5","40.438864","-79.762536","","11","0","0","0","0","0","0","0","0","","0","0","0","","","1","","1","","40 26:19.910","","0","79 45:45.128","4","0","0","0","2446","0","0","0","N","0","0","0","2","02446","1","","1.0","","1","N","N","","0","","0","0","0","","2","","","2","1","0","0","0","0","0","2","0","2","","","","N","","","","","","","","","",""
"2006003955","","2","0","0","0","0","0","0","0","0","4","0","","02","12","2005","2","40.435278","-79.788137","","11","0","0","0","0","0","0","0","2","","0","0","0","","","0","","0","","40 26:07.000","","0","79 47:17.294","0","0","0","0","2446","0","0","0","N","0","0","0","3","02446","0","","1.0","","1","N","N","","0","","0","0","0","","0","","","2","0","0","0","0","0","0","2","0","2","","","","N","","","","","","","","","",""
"2006003956","","1","0","0","0","0","0","0","0","0","7","0","","02","12","2005","7","40.390833","-79.766029","","11","0","0","0","0","0","0","0","0","","0","0","0","","","0","","5","","40 23:27.000","","0","79 45:57.704","0","0","0","0","2446","0","0","0","N","0","0","0","1","02446","0","","2.0","","1","N","N","","0","","0","0","0","","2","","","1","0","0","0","0","0","0","2","0","1","","","","N","","","","","","","","","",""
"2006003957","","1","0","0","0","0","0","0","0","0","7","0","","02","12","2005","1","40.4305","-79.8067","","11","0","0","0","0","0","0","0","0","","0","0","0","","","0","","0","","40 25:49.800","","0","79 48:24.120","0","0","0","0","2124","0","0","0","N","0","0","0","1","02446","0","","1.0","","1","N","N","","0","","0","0","0","","0","","","1","0","0","0","0","0","0","2","0","1","","","","N","","","","","","","","","",""
"2006003958","","1","0","0","0","0","0","0","0","0","4","0","","02","12","2005","3","40.438611","-79.765296","","11","0","0","0","1","0","0","0","0","","0","0","0","","","0","","0","","40 26:19.000","","0","79 45:55.066","0","0","0","0","2446","0","0","0","N","0","0","0","2","02446","0","","1.0","","1","N","N","","0","","0","0","1","","0","","","2","0","0","0","0","0","0","2","0","2","","","","N","","","","","","","","","",""
"2006003959","","1","0","0","0","0","0","0","0","0","1","0","","02","12","2005","6","40.449156","-79.762252","","11","0","0","0","1","0","0","0","0","","0","0","0","","","0","","2","","40 26:56.961","","0","79 45:44.107","0","0","0","0","2446","0","0","0","N","0","0","0","2","02446","0","","1.0","","1","N","N","","0","","0","0","1","","3","","","2","0","1","0","0","0","0","2","0","2","","","","N","","","","","","","","","",""
"2006003963","","1","0","0","0","0","0","0","0","0","7","0","","02","12","2005","2","40.606667","-80.060654","","11","0","1","0","0","0","0","0","0","1","0","0","0","","","0","","0","","40 36:24.000","4","0","80 03:38.354","0","0","0","0","2108","0","0","0","Y","0","0","0","1","02108","0","","2.0","","7","N","N","","0","","0","0","0","","0","N","","1","0","0","0","0","0","0","2","0","1","","","","N","","","","","","","","","",""
"2006003964","","1","0","0","0","0","0","0","0","0","99","0","","02","12","2005","3","40.590833","-80.047257","","11","0","0","0","0","0","0","0","0","","0","0","0","","","1","","1","","40 35:27.000","","0","80 02:50.124","4","0","0","0","2108","0","0","0","N","0","0","0","1","02108","1","","1.0","","1","N","N","","0","","0","0","0","","4","","","1","1","0","0","0","0","0","2","0","1","","","","N","","","","","","","","","",""
"2006003965","","1","0","0","0","0","0","0","0","0","1","0","","02","12","2005","4","40.583023","-80.044749","","11","0","0","0","0","0","0","1","0","1","0","0","0","","","2","","2","","40 34:58.882","6","0","80 02:41.097","3","0","0","0","2108","0","0","0","N","0","0","0","2","02108","1","","1.0","","2","N","N","","0","","1","0","0","","0","N","","2","2","0","0","0","0","0","2","1","2","","","","N","","","","","","","","","",""
"2006003966","","1","0","0","0","0","0","0","0","0","1","0","","02","12","2005","4","40.56","-80.059377","","11","0","0","0","0","0","0","0","0","1","0","0","0","","","0","","0","","40 33:36.000","1","0","80 03:33.756","0","0","0","0","2108","0","0","0","N","0","0","0","2","02108","0","","1.0","","1","N","N","","1","","0","0","0","","0","N","","2","0","0","0","0","0","0","2","0","2","","","","N","","","","","","","","","",""
"2006003967","","2","0","0","0","0","0","0","0","0","1","0","","02","12","2005","6","40.5675","-80.006841","","11","0","0","0","1","0","0","0","0","1","0","0","0","","","1","","1","","40 34:03.000","1","0","80 00:24.627","8","0","0","0","2108","0","0","0","N","0","0","0","3","02108","0","","1.0","","1","N","N","","0","","0","0","0","","2","N","","2","1","0","0","0","1","0","2","0","2","","","","N","","","","","","","","","",""
"2006003968","","1","0","0","0","0","0","0","0","0","5","0","","02","12","2005","6","40.5707","-80.040298","","11","0","0","0","0","0","0","0","0","","0","0","0","","","0","","0","","40 34:14.520","","0","80 02:25.072","0","0","0","0","2108","0","0","0","N","0","0","0","1","02108","0","","1.0","","1","N","N","","0","","0","0","1","","0","","","2","0","0","0","0","0","0","2","0","2","","","","N","","","","","","","","","",""
"2006003969","","4","0","0","0","0","0","1","0","0","4","1","","02","12","2005","7","40.585611","-80.036054","","11","0","0","0","0","0","1","0","1","3","0","0","0","","","3","","1","","40 35:08.199","1","0","80 02:09.795","3","0","0","0","2108","0","0","0","N","0","0","0","9","02108","2","","1.0","","1","N","N","","0","","1","0","0","","2","Y","","5","3","0","0","0","0","0","2","0","5","","","","N","","","","","","","","","",""
"2006003970","","1","0","0","0","0","0","0","0","0","1","0","","02","12","2005","4","40.566944","-80.005148","","11","0","0","0","0","0","1","0","1","1","0","0","0","","","1","","0","","40 34:01.000","3","0","80 00:18.532","8","0","0","0","2108","0","0","0","N","0","0","0","4","02108","0","","1.0","","1","N","N","","0","","0","0","1","","0","Y","","3","1","0","0","0","1","0","2","1","3","","","","N","","","","","","","","","",""
"2006003971","","2","0","0","0","0","0","0","0","0","4","0","","02","12","2005","2","40.604167","-80.050602","","11","0","0","0","0","0","1","1","0","","0","0","0","","","1","","0","","40 36:15.000","","0","80 03:02.166","4","0","0","0","2108","0","0","0","N","0","0","0","2","02108","1","","1.0","","9","N","N","","0","","0","0","0","","0","","","2","1","0","0","0","0","0","2","0","2","","","","N","","","","","","","","","",""
"2006003972","","0","0","0","0","0","0","0","0","0","7","0","","02","12","2005","1","40.607778","-80.057841","","11","0","0","0","0","1","0","0","0","2","0","0","0","","","0","","0","","40 36:28.000","6","0","80 03:28.226","0","0","0","0","2108","0","0","0","N","0","0","0","1","02108","0","","5.0","","7","N","N","","0","","0","0","0","","0","N","","1","0","0","0","0","0","0","2","1","1","","","","N","","","","","","","","","",""
"2006004016","","2","0","0","0","0","0","0","0","0","5","0","","02","12","2005","4","40.391416","-80.092733","","11","0","0","0","0","1","0","0","0","","0","0","0","","","0","","0","","40 23:29.097","","0","80 05:33.838","0","0","0","0","2437","0","0","0","N","0","0","0","1","02437","0","","6.0","","1","N","N","","0","","0","0","0","","0","","","2","0","1","0","0","0","0","2","0","2","","","","N","","","","","","","","","",""
"2006004097","","1","0","0","0","0","0","0","0","0","7","0","","02","12","2005","7","40.4905","-79.869","","11","0","0","0","0","0","0","0","1","","0","0","0","","","0","","0","","40 29:25.800","","0","79 52:08.400","0","0","0","0","2112","0","0","0","N","0","0","0","1","02112","0","","2.0","","9","N","N","","0","","0","0","0","","0","","","1","0","0","0","0","0","0","2","0","1","","","","N","","","","","","","","","",""
"2006004098","","1","0","0","0","0","0","0","0","0","1","0","","02","12","2005","5","40.4931","-79.9112","","11","0","0","0","0","0","0","0","0","","0","0","0","","","2","","3","","40 29:35.160","","0","79 54:40.320","8","0","0","0","2112","0","0","0","N","0","0","0","3","02112","0","","1.0","","9","N","N","","0","","0","0","1","","3","","","2","2","0","0","0","2","0","2","0","2","","","","N","","","","","","","","","",""
"2006004099","","1","0","0","0","0","0","0","0","0","7","0","","02","12","2005","5","40.516168","-79.920834","","11","0","0","0","0","0","0","0","0","","0","0","0","","","0","","2","","40 30:58.204","","0","79 55:15.002","0","0","0","0","2112","0","0","0","N","0","0","0","1","02112","0","","2.0","","9","N","N","","0","","0","0","0","","0","","","1","0","0","0","0","0","0","2","0","1","","","","N","","","","","","","","","",""
"2006004100","","0","0","0","0","0","0","0","0","0","2","0","","02","12","2005","5","40.531769","-79.922461","","11","0","0","0","0","0","1","0","0","2","0","0","0","","","0","","0","","40 31:54.367","5","0","79 55:20.859","0","0","0","0","2112","0","0","0","N","0","0","0","2","02112","0","","1.0","","6","N","N","","1","","0","0","0","","0","N","","2","0","0","0","0","0","0","2","1","2","","","","N","","","","","","","","","",""
"2006004101","","0","0","0","1","0","0","0","0","0","8","0","","02","12","2005","6","","","","11","0","0","0","0","0","1","0","0","","0","0","0","","","1","","2","","","","0","","4","0","0","0","2112","1","0","0","N","0","0","0","3","02112","1","","3.0","","1","N","N","","0","","0","0","0","","3","","","2","1","0","0","0","0","0","1","1","1","","","","N","","","","","","","","","",""
"2006004124","","2","0","0","0","0","0","0","0","0","4","0","","02","10","2005","5","","","","11","0","0","0","0","0","0","0","1","","0","0","0","","","0","","6","","","","0","","0","0","0","0","2433","0","0","0","N","0","0","0","3","02433","0","","7.0","","1","N","N","","0","","0","0","0","","3","","","2","0","0","0","0","0","0","1","0","2","","","","N","","","","","","","","","",""
"2006004125","","1","0","0","0","0","0","0","0","0","7","0","","02","12","2005","6","40.330293","-79.882356","","11","0","0","0","0","0","1","0","0","","0","0","0","","","0","","0","","40 19:49.054","","0","79 52:56.480","0","0","0","0","2433","0","0","0","N","0","0","0","1","02433","0","","5.0","","1","N","N","","0","","0","0","0","","0","","","1","0","0","0","0","0","0","2","0","1","","","","N","","","","","","","","","",""
"2006004127","","2","0","0","0","0","0","0","0","0","4","0","","02","12","2005","5","40.43434","-79.918759","","11","0","0","0","0","1","0","0","0","2","0","0","0","","","0","","2","","40 26:03.624","6","0","79 55:07.532","0","0","0","0","2301","0","0","0","N","0","0","0","2","02301","0","","1.0","","1","N","N","","0","","0","0","0","","3","Y","","2","0","0","0","0","0","0","2","0","2","","","","N","","","","","","","","","",""
"2006004132","","2","0","0","0","0","0","0","0","0","1","0","","02","12","2005","3","40.380556","-80.067037","","11","0","0","0","0","0","0","0","1","1","0","0","0","","","2","","0","","40 22:50.000","2","0","80 04:01.334","4","0","0","0","2109","0","0","0","N","0","0","0","4","02109","2","","1.0","","1","N","N","","0","","0","0","0","","0","N","","2","2","0","0","0","0","0","2","0","2","","","","N","","","","","","","","","",""
"2006004133","","2","0","0","0","0","0","0","0","0","1","0","","02","12","2005","7","40.383611","-80.043871","","11","0","0","1","0","0","0","0","0","","0","0","0","","","0","","0","","40 23:01.000","","0","80 02:37.934","0","0","0","0","2109","0","0","0","N","0","0","0","4","02109","0","","1.0","","9","N","N","","0","","0","0","0","","1","","","2","0","0","0","0","0","0","2","0","2","","","","N","","","","","","","","","",""
"2006004134","","2","0","0","0","0","0","0","0","0","1","0","","02","12","2005","7","40.391699","-80.060718","","11","0","0","0","0","0","0","0","0","1","0","0","0","","","0","","0","","40 23:30.117","2","0","80 03:38.583","0","0","0","0","2109","0","0","0","N","0","0","0","2","02109","0","","1.0","","1","N","N","","0","","0","0","0","","0","N","","2","0","0","0","0","0","0","2","0","2","","","","N","","","","","","","","","",""
"2006004257","","2","0","0","0","0","0","0","0","0","4","0","","02","12","2005","5","40.435278","-79.78841","","11","0","0","0","0","0","2","0","1","","0","0","0","","","0","","0","","40 26:07.000","","0","79 47:18.275","0","0","0","0","2446","0","0","0","","0","0","0","4","02446","0","","1.0","","2","","","","1","","0","0","0","","0","","","4","0","0","0","0","0","0","2","1","4","","","","N","","","","","","","","","",""
"2006004258","","1","0","0","0","0","0","0","0","0","7","0","","02","12","2005","6","","","","11","0","0","0","1","0","0","0","0","1","0","0","0","","","1","","0","","","1","0","","8","0","0","0","2446","0","0","0","N","0","0","0","3","02446","0","","4.0","","9","N","N","","0","","0","0","0","","0","N","","1","1","0","0","0","1","1","1","0","1","","","","N","","","","","","","","","",""
"2006004259","","2","0","0","0","0","0","0","0","0","4","0","","02","12","2005","3","40.438333","-79.772184","","11","0","0","0","0","0","0","0","0","","0","0","0","","","0","","0","","40 26:18.000","","0","79 46:19.864","0","0","0","0","2446","0","0","0","N","0","0","0","2","02446","0","","1.0","","1","N","N","","0","","0","0","0","","0","","","2","0","0","0","0","0","0","2","0","2","","","","N","","","","","","","","","",""
"2006004260","","2","0","0","0","0","0","0","0","0","4","0","","02","12","2005","4","40.437065","-79.771176","","11","0","0","0","0","0","1","1","0","","0","0","0","","","0","","0","","40 26:13.434","","0","79 46:16.233","0","0","0","0","2446","0","0","0","N","0","0","0","3","02446","0","","1.0","","1","N","N","","0","","0","0","0","","0","","","2","0","0","0","0","0","0","2","0","2","","","","N","","","","","","","","","",""
"2006004261","","1","0","0","0","0","0","0","0","0","99","0","","02","12","2005","5","40.427222","-79.725074","","11","0","0","0","0","0","0","0","0","1","0","0","0","","","0","","0","","40 25:38.000","4","0","79 43:30.265","0","0","0","0","2446","0","0","0","N","0","0","0","1","02446","0","","1.0","","1","N","N","","0","","0","0","0","","0","N","","1","0","0","0","0","0","0","2","0","1","","","","N","","","","","","","","","",""
"2006004262","","3","0","0","0","0","0","0","0","0","4","0","","02","12","2005","5","40.422643","-79.795584","","11","0","0","0","0","0","1","0","0","2","0","0","0","","","3","","2","","40 25:21.514","1","0","79 47:44.102","8","0","0","0","2446","0","0","0","N","0","0","0","5","02446","0","","1.0","","1","N","N","","1","","0","0","0","","0","Y","","4","3","0","0","0","3","0","2","0","4","","","","N","","","","","","","","","",""
"2006004263","","2","0","0","0","0","0","0","0","0","4","0","","02","12","2005","5","40.422643","-79.795584","","11","0","0","0","0","1","0","0","1","2","0","0","0","","","2","","2","","40 25:21.514","3","0","79 47:44.102","8","0","0","0","2446","0","0","0","N","0","0","0","2","02446","0","","1.0","","1","N","N","","0","","0","0","0","","0","Y","","2","2","0","0","0","2","0","2","0","2","","","","N","","","","","","","","","",""
"2006004264","","1","0","0","0","0","0","0","0","0","2","0","","02","12","2005","4","40.396111","-79.768132","","11","0","0","0","0","0","0","0","0","","0","0","0","","","1","","0","","40 23:46.000","","0","79 46:05.275","4","0","0","0","2446","0","0","0","N","0","0","0","2","02446","1","","1.0","","1","N","N","","0","","0","0","0","","0","","","2","1","0","0","0","0","0","2","0","2","","","","N","","","","","","","","","",""
"2006004265","","2","0","0","0","0","0","0","0","0","2","0","","02","12","2005","7","40.3975","-79.769254","","11","1","0","0","0","0","0","0","0","1","0","0","0","","","0","","1","","40 23:51.000","3","0","79 46:09.313","0","0","0","0","2446","0","0","0","N","0","0","0","7","02446","0","","1.0","","1","N","N","","0","","0","0","0","","2","N","","2","0","0","0","0","0","0","2","0","2","","","","N","","","","","","","","","",""
"2006004266","","2","0","0","0","0","0","0","0","0","4","0","","02","12","2005","4","40.434722","-79.790639","","11","0","0","0","0","0","1","0","1","","0","0","0","","","1","","2","","40 26:05.000","","0","79 47:26.302","8","0","0","0","2446","0","0","0","N","0","0","0","2","02446","0","","1.0","","1","N","N","","0","","0","0","0","","0","","","2","1","0","0","0","1","0","2","0","2","","","","N","","","","","","","","","",""
"2006004267","","0","0","0","0","0","0","0","0","0","7","0","","02","12","2005","4","40.420969","-79.723336","","11","0","0","0","0","1","0","0","0","","0","0","0","","","1","","0","","40 25:15.490","","0","79 43:24.008","3","0","0","0","2446","0","0","0","N","0","0","0","1","02446","0","","2.0","","7","N","N","","0","","1","0","1","","0","","","1","1","1","0","0","0","0","2","0","1","","","","N","","","","","","","","","",""
"2006004268","","2","0","0","0","0","0","0","0","0","4","0","","02","12","2005","1","40.390833","-79.766029","","11","0","0","0","0","0","2","0","0","","0","0","0","","","1","","5","","40 23:27.000","","0","79 45:57.704","4","0","0","0","2446","0","0","0","N","0","0","0","4","02446","1","","1.0","","1","N","N","","0","","0","0","0","","1","","","2","1","0","0","0","0","0","2","0","2","","","","N","","","","","","","","","",""
"2006004315","","3","0","0","0","0","0","0","0","0","1","0","","02","12","2005","7","40.447056","-79.921459","","11","0","0","0","0","0","1","0","1","1","0","0","0","","","1","","0","","40 26:49.401","1","0","79 55:17.252","3","0","0","0","2301","0","0","0","N","0","0","0","4","02301","0","","1.0","","1","N","N","","0","","1","0","0","","0","N","","3","1","0","0","0","0","0","2","0","3","","","","N","","","","","","","","","",""
"2006004316","","1","0","0","0","0","0","0","0","0","7","0","","02","12","2005","6","","","","11","0","0","0","0","0","0","0","0","","0","0","0","","","0","","0","","","","0","","0","0","0","0","2301","0","0","0","N","0","0","0","1","02301","0","","5.0","","3","N","N","","0","","0","0","0","","0","","","1","0","1","0","0","0","0","1","0","1","","","","N","","","","","","","","","",""
"2006004329","","2","0","0","0","0","0","0","0","0","4","0","","02","12","2005","2","40.556389","-80.039202","","11","0","0","1","0","0","0","0","1","1","0","0","0","","","0","","0","","40 33:23.000","5","0","80 02:21.126","0","0","0","0","2108","0","0","0","N","0","0","0","4","02108","0","","1.0","","1","N","N","","0","","0","0","1","","0","N","","3","0","0","0","0","0","0","2","0","3","","","","N","","","","","","","","","",""
"2006004415","","1","0","0","0","0","0","0","0","0","4","0","","02","12","2005","6","40.527226","-80.221764","","11","0","0","0","0","0","1","0","0","","0","0","0","","","0","","0","","40 31:38.013","","0","80 13:18.350","0","0","0","0","2213","0","0","0","N","0","0","0","2","02213","0","","1.0","","6","N","N","","0","","0","0","1","","0","","","2","0","0","0","0","0","0","2","0","2","","","","N","","","","","","","","","",""
"2006004419","","1","0","0","0","0","0","0","0","0","7","0","","02","12","2005","6","40.374457","-80.020568","","11","0","0","0","0","0","0","0","0","","0","0","0","","","1","","0","","40 22:28.045","","0","80 01:14.044","4","0","0","0","2416","0","0","0","N","0","0","0","1","02416","1","","5.0","","1","N","N","","0","","0","0","0","","0","","","1","1","1","0","0","0","0","2","0","1","","","","N","","","","","","","","","",""
"2006004554","","0","0","0","0","0","0","0","0","0","6","0","","02","12","2005","4","40.275548","-79.880091","","11","0","0","0","0","0","0","0","0","","0","0","0","","","0","","0","","40 16:31.971","","0","79 52:48.329","0","0","0","0","2428","0","0","0","N","0","0","0","2","02428","0","","1.0","","1","N","N","","1","","0","0","1","","0","","","2","0","0","0","0","0","0","2","0","2","","","","N","","","","","","","","","",""
"2006004614","","2","0","0","0","0","0","0","0","0","4","0","","02","12","2005","5","40.436667","-79.781444","","11","0","0","1","0","0","0","0","0","","0","0","0","","","1","","0","","40 26:12.000","","0","79 46:53.197","4","0","0","0","2446","0","0","0","N","0","0","0","3","02446","1","","1.0","","9","N","N","","0","","0","0","0","","0","","","2","1","0","0","0","0","0","2","0","2","","","","N","","","","","","","","","",""
"2006004692","","1","0","0","0","0","0","0","0","0","2","0","","02","12","2005","6","40.354444","-80.050207","","11","0","0","0","0","0","0","1","0","4","1","0","0","","","2","","0","","40 21:16.000","5","0","80 03:00.745","1","0","0","0","2109","0","0","0","N","0","0","0","3","02109","2","2","1.0","","1","N","N","","0","0","0","0","1","","0","Y","","2","2","1","1","0","0","0","2","0","2","","","","N","","","","","","","","","",""
"2006004860","","1","0","0","0","0","0","1","0","0","4","1","","02","12","2005","7","40.443889","-79.919202","","11","0","0","0","0","0","1","0","0","3","0","0","0","","","1","","1","","40 26:38.000","7","0","79 55:09.127","8","0","0","0","2301","0","0","0","N","0","0","0","2","02301","0","","1.0","","1","N","N","","0","","0","0","0","","3","Y","","2","1","0","0","0","1","0","2","0","2","","","","N","","","","","","","","","",""
"2006004862","","1","0","0","0","0","0","0","0","0","5","0","","02","12","2005","6","40.473467","-80.028625","","11","0","0","0","0","0","0","0","0","","0","0","0","","","0","","1","","40 28:24.481","","0","80 01:43.050","9","0","0","0","2301","0","0","0","N","0","0","0","1","02301","0","","5.0","","1","N","N","","1","","0","0","0","","2","","","2","0","0","0","0","0","1","2","0","2","","","","N","","","","","","","","","",""
"2006004863","","2","0","0","0","0","0","0","0","0","2","0","","02","12","2005","1","40.447659","-79.987869","","11","0","0","0","0","0","0","0","0","2","0","0","0","","","2","","0","","40 26:51.572","1","0","79 59:16.328","3","0","0","0","2301","0","0","0","N","0","0","0","3","02301","1","","1.0","","2","N","N","","0","","1","0","0","","0","N","","2","2","1","0","0","0","0","2","0","2","","","","N","","","","","","","","","",""
"2006004864","","3","0","0","0","0","0","0","0","0","4","0","","02","12","2005","4","40.428611","-79.990861","","11","0","0","0","0","0","0","0","0","2","0","0","0","","","0","","2","","40 25:43.000","6","0","79 59:27.099","0","0","0","0","2301","0","0","0","N","0","0","0","1","02301","0","","2.0","","1","N","N","","0","","0","0","0","","0","Y","","3","0","0","0","0","0","0","2","0","3","","","","N","","","","","","","","","",""
"2006004881","","1","0","0","0","0","0","0","0","0","7","0","","02","11","2005","3","","","","11","0","0","0","0","0","0","0","0","","0","0","0","","","0","","0","","40 25:14.88","","0","80 02:25.08","0","0","0","0","2435","0","0","0","N","0","0","0","1","68B03","0","","5.0","","9","N","N","","0","","0","0","0","","0","","","1","0","0","0","0","0","0","2","0","1","","","","N","","","","","","","","","",""
"2006004882","","1","0","0","0","0","0","0","0","0","7","0","","02","12","2005","1","","","","11","0","0","0","0","0","0","0","0","","0","0","0","","","0","","0","","40 25:37.56","","0","79 53:28.68","0","0","0","0","2426","0","0","0","N","0","0","0","1","68B03","0","","2.0","","6","N","N","","0","","0","0","0","","0","","","1","0","0","0","0","0","0","2","0","1","","","","N","","","","","","","","","",""
"2006004883","","1","0","0","0","0","0","0","0","0","7","0","","02","11","2005","3","","","","11","0","0","0","0","0","0","0","0","","0","0","0","","","0","","0","","40 26:29.04","","0","79 49:42.60","0","0","0","0","2446","0","0","0","N","0","0","0","1","68B03","0","","2.0","","9","N","N","","0","","0","0","0","","0","","","1","0","0","0","0","0","0","2","0","1","","","","N","","","","","","","","","",""
"2006004893","","3","0","0","0","0","0","0","0","0","1","0","","02","12","2005","6","40.449722","-79.826981","","11","0","0","0","0","0","1","0","0","","0","0","0","","","0","","2","","40 26:59.000","","0","79 49:37.130","0","0","0","0","2113","0","0","0","N","0","0","0","3","02113","0","","1.0","","9","N","N","","0","","0","0","0","","0","","","3","0","0","0","0","0","0","2","0","3","","","","N","","","","","","","","","",""
"2006004898","","0","0","0","0","0","0","0","0","0","0","0","","02","11","2005","3","40.608333","-79.762333","","11","0","0","0","0","0","0","0","0","","0","0","0","","","1","","0","","40 36:30.000","","0","79 45:44.400","4","0","0","0","2106","0","0","0","N","0","0","0","1","68D02","1","","4.0","","9","N","N","","0","","0","0","1","","0","","","1","1","0","0","0","0","0","2","0","1","","","","N","","","","","","","","","",""
"2006004997","","2","0","0","0","0","0","0","0","0","4","0","","02","12","2005","7","40.475278","-79.848347","","11","0","0","1","0","0","0","0","1","","0","0","0","","","1","","1","","40 28:31.000","","0","79 50:54.048","4","0","0","0","2113","0","0","0","N","0","0","0","9","02113","1","","1.0","","9","N","N","","0","","0","0","0","","2","","","2","1","5","0","0","0","0","2","0","2","","","","N","","","","","","","","","",""
"2006005079","","2","0","0","0","0","0","0","0","0","1","0","","02","11","2005","2","","","","11","0","0","0","0","0","0","0","0","","0","0","0","","","1","","0","","40 25:45.12","","0","79 56:37.68","3","0","0","0","2301","0","0","0","N","0","0","0","2","68B03","0","","1.0","","1","N","N","","0","","1","0","0","","0","","","2","1","0","0","0","0","0","2","0","2","","","","N","","","","","","","","","",""
"2006005080","","1","0","0","0","0","0","0","0","0","7","0","","02","11","2005","3","40.402778","-80.106776","","11","0","0","0","0","0","0","0","0","","0","0","0","","","0","","0","","40 24:10.000","","0","80 06:24.392","0","0","0","0","2102","0","0","0","N","0","0","0","1","68B03","0","","3.0","","9","N","N","","0","","0","0","0","","0","","","1","0","0","0","0","0","0","2","0","1","","","","N","","","","","","","","","",""
"2006005081","","1","0","0","0","0","0","0","0","0","7","0","","02","11","2005","3","","","","11","0","0","0","0","0","0","0","0","","0","0","0","","","1","","0","","40 25:06.60","","0","80 05:20.04","3","0","0","0","2117","0","0","0","N","0","0","0","1","68B03","0","","2.0","","1","N","N","","0","","1","0","0","","0","","","1","1","0","0","0","0","0","2","0","1","","","","N","","","","","","","","","",""
"2006005082","","1","0","0","0","0","0","0","0","0","99","0","","02","11","2005","1","40.328056","-80.140566","","11","0","0","0","1","0","0","0","0","","0","0","0","","","0","","0","","40 19:41.000","","0","80 08:26.037","0","0","0","0","2119","0","0","0","N","0","0","0","1","68B03","0","","1.0","","1","N","N","","0","","0","0","0","","0","","","1","0","0","0","0","0","0","2","0","1","","","","N","","","","","","","","","",""
"2006005083","","1","0","0","0","0","0","0","0","0","8","0","","02","11","2005","3","40.356389","-80.11834","","11","0","0","0","0","0","0","0","0","","0","0","0","","","1","","0","","40 21:23.000","","0","80 07:06.023","2","0","0","0","2119","1","0","1","N","1","0","1","3","68B03","0","","1.0","","1","N","N","","1","","0","1","0","","0","","","3","1","0","0","0","0","1","2","0","2","","","","N","","","","","","","","","",""