"CRN","ARRIVAL_TM","AUTOMOBILE_COUNT","BELTED_DEATH_COUNT","BELTED_SUSP_SERIOUS_INJ_COUNT","BICYCLE_COUNT","BICYCLE_DEATH_COUNT","BICYCLE_SUSP_SERIOUS_INJ_COUNT","BUS_COUNT","CHLDPAS_DEATH_COUNT","CHLDPAS_SUSP_SERIOUS_INJ_COUNT","COLLISION_TYPE","COMM_VEH_COUNT","CONS_ZONE_SPD_LIM","COUNTY","CRASH_MONTH","CRASH_YEAR","DAY_OF_WEEK","DEC_LATITUDE","DEC_LONGITUDE","DISPATCH_TM","DISTRICT","DRIVER_COUNT_16YR","DRIVER_COUNT_17YR","DRIVER_COUNT_18YR","DRIVER_COUNT_19YR","DRIVER_COUNT_20YR","DRIVER_COUNT_50_64YR","DRIVER_COUNT_65_74YR","DRIVER_COUNT_75PLUS","EST_HRS_CLOSED","FATAL_COUNT","HEAVY_TRUCK_COUNT","HORSE_BUGGY_COUNT","HOUR_OF_DAY","ILLUMINATION","INJURY_COUNT","INTERSECTION_RELATED","INTERSECT_TYPE","LANE_CLOSED","LATITUDE","LN_CLOSE_DIR","LOCATION_TYPE","LONGITUDE","MAX_SEVERITY_LEVEL","MCYCLE_DEATH_COUNT","MCYCLE_SUSP_SERIOUS_INJ_COUNT","MOTORCYCLE_COUNT","MUNICIPALITY","NONMOTR_COUNT","NONMOTR_DEATH_COUNT","NONMOTR_SUSP_SERIOUS_INJ_COUNT","NTFY_HIWY_MAINT","PED_COUNT","PED_DEATH_COUNT","PED_SUSP_SERIOUS_INJ_COUNT","PERSON_COUNT","POLICE_AGCY","POSSIBLE_INJ_COUNT","RDWY_SURF_TYPE_CD","RELATION_TO_ROAD","ROADWAY_CLEARED","ROAD_CONDITION","SCH_BUS_IND","SCH_ZONE_IND","SECONDARY_CRASH","SMALL_TRUCK_COUNT","SPEC_JURIS_CD","SUSP_MINOR_INJ_COUNT","SUSP_SERIOUS_INJ_COUNT","SUV_COUNT","TCD_FUNC_CD","TCD_TYPE","TFC_DETOUR_IND","TIME_OF_DAY","TOTAL_UNITS","TOT_INJ_COUNT","UNBELTED_OCC_COUNT","UNB_DEATH_COUNT","UNB_SUSP_SERIOUS_INJ_COUNT","UNK_INJ_DEG_COUNT","UNK_INJ_PER_COUNT","URBAN_RURAL","VAN_COUNT","VEHICLE_COUNT","WEATHER1","WEATHER2","WORKERS_PRES","WORK_ZONE_IND","WORK_ZONE_LOC","WORK_ZONE_TYPE","WZ_CLOSE_DETOUR","WZ_FLAGGER","WZ_LAW_OFFCR_IND","WZ_LN_CLOSURE","WZ_MOVING","WZ_OTHER","WZ_SHLDER_MDN","WZ_WORKERS_INJ_KILLED"
"2006006755","","1","0","0","0","0","0","0","0","0","4","0","","02","10","2005","7","40.5219","-79.8422","","11","0","0","0","0","0","0","0","0","","0","0","0","","","1","","1","","40 31:18.840","","0","79 50:31.920","8","0","0","0","2451","0","0","0","N","0","0","0","3","02451","0","","1.0","","1","N","N","","0","","0","0","0","","3","","","2","1","1","0","0","1","0","2","1","2","","","","N","","","","","","","","","",""
"2006006756","","1","0","0","0","0","0","0","0","0","7","0","","02","9","2005","6","40.524935","-79.838202","","11","0","0","0","0","0","0","0","0","2","0","0","0","","","1","","0","","40 31:29.765","3","0","79 50:17.527","4","0","0","0","2451","0","0","0","N","0","0","0","3","02451","1","","4.0","","9","N","N","","0","","0","0","0","","0","N","","1","1","0","0","0","0","0","2","0","1","","","","N","","","","","","","","","",""
"2006006757","","1","0","0","0","0","0","0","0","0","0","0","","02","11","2005","5","40.516389","-79.842971","","11","0","0","0","0","0","1","0","0","","0","0","0","","","0","","1","","40 30:59.000","","0","79 50:34.696","0","0","0","0","2451","0","0","0","N","0","0","0","1","02451","0","","5.0","","1","N","N","","1","","0","0","0","","3","","","2","0","0","0","0","0","0","2","0","2","","","","N","","","","","","","","","",""
"2006006758","","1","0","0","0","0","0","0","0","0","7","0","","02","11","2005","2","40.517481","-79.841752","","11","0","0","0","0","0","0","1","0","1","0","0","0","","","1","","2","","40 31:02.931","6","0","79 50:30.307","4","0","0","0","2451","0","0","0","N","0","0","0","1","02451","1","","4.0","","1","N","N","","0","","0","0","0","","0","N","","1","1","0","0","0","0","0","2","0","1","","","","N","","","","","","","","","",""
"2006006759","","1","0","0","0","0","0","0","0","0","4","0","","02","11","2005","4","40.515851","-79.844097","","11","0","0","0","0","0","0","1","0","","0","0","0","","","0","","0","","40 30:57.065","","0","79 50:38.749","0","0","0","0","2451","0","0","0","N","0","0","0","2","02451","0","","1.0","","9","N","N","","0","","0","0","1","","0","","","2","0","0","0","0","0","0","2","0","2","","","","N","","","","","","","","","",""
"2006006760","","2","0","0","0","0","0","0","0","0","4","0","","02","12","2005","6","","","","11","0","0","0","0","0","1","1","0","","0","0","0","","","0","","0","","","","0","","0","0","0","0","2451","0","0","0","N","0","0","0","2","02451","0","","1.0","","9","N","N","","0","","0","0","0","","0","","","2","0","0","0","0","0","0","1","0","2","","","","N","","","","","","","","","",""
"2006006761","","1","0","0","0","0","0","0","0","0","1","0","","02","12","2005","3","40.518333","-80.163726","","11","0","0","0","0","0","1","0","0","","0","0","0","","","0","","1","","40 31:06.000","","0","80 09:49.413","0","0","0","0","2420","0","0","0","N","0","0","0","4","02420","0","","1.0","","1","N","N","","1","","0","0","0","","2","","","2","0","3","0","0","0","0","2","0","2","","","","N","","","","","","","","","",""
"2006006774","","2","0","0","0","0","0","0","0","0","2","0","","02","12","2005","3","40.286669","-79.997796","","11","0","0","0","0","0","0","0","0","2","0","0","0","","","2","","0","","40 17:12.008","2","0","79 59:52.067","4","0","0","0","2219","0","0","0","N","0","0","0","2","02219","2","","1.0","","1","N","N","","0","","0","0","0","","0","N","","2","2","0","0","0","0","0","2","0","2","","","","N","","","","","","","","","",""
"2006006775","","1","0","0","0","0","0","0","0","0","7","0","","02","12","2005","4","40.316804","-79.978974","","11","0","0","0","0","0","0","0","0","","0","0","0","","","0","","0","","40 19:00.494","","0","79 58:44.306","0","0","0","0","2219","0","0","0","N","0","0","0","1","02219","0","","4.0","","1","N","N","","0","","0","0","0","","0","","","1","0","0","0","0","0","0","2","0","1","","","","N","","","","","","","","","",""
"2006006813","","1","0","0","0","0","0","0","0","0","1","0","","02","11","2005","1","40.5463","-79.8311","","11","0","0","0","0","0","1","0","0","","0","0","0","","","0","","0","","40 32:46.680","","0","79 49:51.960","0","0","0","0","2208","0","0","0","N","0","0","0","3","68D02","0","","1.0","","1","N","N","","1","","0","0","0","","0","","","2","0","0","0","0","0","0","2","0","2","","","","N","","","","","","","","","",""
"2006006814","","1","0","0","0","0","0","0","0","0","7","0","","02","11","2005","4","40.4974","-79.93","","11","0","0","0","0","0","0","0","0","","0","0","0","","","0","","0","","40 29:50.640","","0","79 55:48.000","0","0","0","0","2112","0","0","0","N","0","0","0","1","68D02","0","","3.0","","6","N","N","","0","","0","0","0","","0","","","1","0","0","0","0","0","0","2","0","1","","","","N","","","","","","","","","",""
"2006006839","","1","0","0","0","0","0","0","0","0","8","0","","02","12","2005","6","40.450869","-79.906306","","11","0","0","0","0","0","0","0","0","","0","0","0","","","1","","2","","40 27:03.129","","0","79 54:22.701","4","0","0","0","2301","1","0","0","N","1","0","0","2","02301","1","","1.0","","1","N","N","","0","","0","0","0","","0","","","2","1","0","0","0","0","0","2","0","1","","","","N","","","","","","","","","",""
"2006006922","","2","0","0","0","0","0","0","0","0","4","0","","02","12","2005","3","40.448105","-80.181274","","11","0","0","0","0","0","0","0","0","","0","0","0","","","1","","1","","40 26:53.178","","0","80 10:52.586","4","0","0","0","2214","0","0","0","","0","0","0","3","02214","1","","1.0","","1","N","N","","0","","0","0","0","","2","","","2","1","0","0","0","0","0","2","0","2","","","","N","","","","","","","","","",""
"2006006997","","2","0","0","0","0","0","0","0","0","4","0","","02","12","2005","1","","","","11","0","0","0","0","0","0","0","0","","0","0","0","","","0","","0","","","","0","","0","0","0","0","2446","0","0","0","N","0","0","0","6","02446","0","","1.0","","9","N","N","","0","","0","0","0","","0","","","2","0","0","0","0","0","0","1","0","2","","","","N","","","","","","","","","",""
"2006006998","","2","0","0","0","0","0","0","0","0","1","0","","02","12","2005","2","40.436667","-79.758171","","11","0","0","0","0","0","1","0","1","","0","0","0","","","1","","0","","40 26:12.000","","0","79 45:29.414","3","0","0","0","2446","0","0","0","N","0","0","0","3","02446","0","","1.0","","1","N","N","","0","","1","0","0","","0","","","2","1","0","0","0","0","0","2","0","2","","","","N","","","","","","","","","",""
"2006007350","","1","0","0","0","0","0","0","0","0","7","0","","02","11","2005","3","","","","11","0","1","0","0","0","0","0","0","","0","0","0","","","3","","0","","","","0","","8","0","0","0","2403","0","0","0","N","0","0","0","5","02403","0","","5.0","","9","N","N","","0","","0","0","0","","0","","","1","3","0","0","0","3","0","1","0","1","","","","N","","","","","","","","","",""
"2006007353","","0","0","0","0","0","0","0","0","0","7","0","","02","11","2005","5","40.365865","-79.949457","","11","0","0","0","0","0","0","0","0","","0","0","0","","","0","","0","","40 21:57.114","","0","79 56:58.044","0","0","0","0","2403","0","0","0","N","0","0","0","0","02403","0","","2.0","","1","N","N","","0","","0","0","1","","0","","","1","0","0","0","0","0","0","2","0","1","","","","N","","","","","","","","","",""
"2006007647","","1","0","0","0","0","0","0","0","0","7","0","","02","12","2005","6","40.591744","-80.002452","","11","0","0","0","0","0","1","0","0","","0","0","0","","","0","","0","","40 35:30.280","","0","80 00:08.826","0","0","0","0","2108","0","0","0","N","0","0","0","1","02501","0","","4.0","","7","N","N","","0","","0","0","0","","0","","","1","0","0","0","0","0","0","1","0","1","","","","N","","","","","","","","","",""
"2006007714","","3","0","0","0","0","0","0","0","0","1","0","","02","12","2005","4","40.420527","-79.792663","","11","0","0","0","0","0","1","0","0","","0","0","0","","","2","","2","","40 25:13.897","","0","79 47:33.586","4","0","0","0","2446","0","0","0","N","0","0","0","3","02446","2","","1.0","","1","N","N","","0","","0","0","0","","0","","","3","2","1","0","0","0","0","2","0","3","","","","N","","","","","","","","","",""
"2006008072","","1","0","0","0","0","0","0","0","0","7","0","","02","11","2005","7","40.543611","-79.837299","","11","0","0","0","0","0","0","0","0","","1","0","0","","","0","","0","","40 32:37.000","","0","79 50:14.275","1","0","0","0","2208","0","0","0","N","0","0","0","1","68D02","0","1","5.0","","1","N","N","","0","0","0","0","0","","0","","","1","0","1","1","0","0","0","2","0","1","","","","N","","","","","","","","","",""
"2006008288","","2","0","0","0","0","0","0","0","0","4","0","","02","12","2005","1","40.340278","-80.121893","","11","0","0","0","1","0","0","1","0","","0","0","0","","","0","","2","","40 20:25.000","","0","80 07:18.815","0","0","0","0","2119","0","0","0","N","0","0","0","2","02119","0","","1.0","","9","N","N","","0","","0","0","0","","0","","","2","0","0","0","0","0","0","2","0","2","","","","N","","","","","","","","","",""
"2006008289","","1","0","0","0","0","0","0","0","0","99","0","","02","12","2005","7","40.337355","-80.137921","","11","0","0","0","0","0","0","0","0","2","0","0","0","","","0","","2","","40 20:14.478","4","0","80 08:16.515","0","0","0","0","2119","0","0","0","N","0","0","0","1","02119","0","","2.0","","1","N","N","","0","","0","0","0","","0","N","","1","0","1","0","0","0","0","2","0","1","","","","N","","","","","","","","","",""
"2006008351","","1","0","0","0","0","0","0","0","0","7","0","","02","12","2005","7","40.4288","-79.9363","","11","0","0","0","0","0","0","0","0","1","0","0","0","","","1","","0","","40 25:43.680","4","2","79 56:10.680","3","0","0","0","2301","0","0","0","Y","0","0","0","1","68B03","0","","2.0","","6","N","N","","0","","1","0","0","","0","N","","1","1","0","0","0","0","0","2","0","1","","","","N","","","","","","","","","",""
"2006008402","","1","0","0","0","0","0","0","0","0","7","0","","02","11","2005","2","","","","11","0","0","0","0","0","0","0","0","","0","0","0","","","0","","0","","40 26:09.24","","0","79 58:21.00","0","0","0","0","2301","0","0","0","N","0","0","0","2","68B03","0","","2.0","","1","N","N","","0","","0","0","0","","8","","","2","0","0","0","0","0","0","2","0","1","","","","N","","","","","","","","","",""
"2006008404","","0","0","0","0","0","0","0","0","0","7","0","","02","12","2005","5","40.439167","-80.237498","","11","0","1","0","0","0","0","0","0","2","0","0","0","","","0","","0","","40 26:21.000","3","0","80 14:14.994","0","0","0","0","2214","0","0","0","N","0","0","0","1","68B03","0","","3.0","","7","N","N","","1","","0","0","0","","0","Y","","1","0","0","0","0","0","0","2","0","1","","","","N","","","","","","","","","",""
"2006008405","","1","0","0","0","0","0","0","0","0","7","0","","02","12","2005","3","","","","11","0","0","0","0","0","0","0","0","","0","0","0","","","1","","0","","40 25:53.76","","0","79 57:30.60","4","0","0","0","2301","0","0","0","N","0","0","0","2","68B03","1","","3.0","","1","N","N","","0","","0","0","0","","0","","","2","1","0","0","0","0","0","2","0","1","","","","N","","","","","","","","","",""
"2006008409","","1","0","0","0","0","0","0","0","0","7","0","","02","12","2005","1","40.4936","-79.9015","","11","0","0","0","0","0","1","0","0","1","0","0","0","","","0","","0","","40 29:36.960","2","0","79 54:05.400","0","0","0","0","2464","0","0","0","N","0","0","0","1","68D02","0","","2.0","","6","N","N","","0","","0","0","0","","0","N","","1","0","0","0","0","0","0","2","0","1","","","","N","","","","","","","","","",""
"2006008413","","1","0","0","0","0","0","0","0","0","7","0","","02","12","2005","5","40.4967","-79.9375","","11","0","0","0","0","0","0","1","0","","0","0","0","","","0","","0","","40 29:48.120","","0","79 56:15.000","0","0","0","0","2121","0","0","0","N","0","0","0","1","68D02","0","","4.0","","7","N","N","","0","","0","0","0","","0","","","1","0","0","0","0","0","0","2","0","1","","","","N","","","","","","","","","",""
"2006008416","","0","0","0","0","0","0","0","0","0","7","0","","02","12","2005","2","40.608889","-79.762146","","11","0","0","0","0","0","2","0","0","2","0","0","0","","","0","","0","","40 36:32.000","5","0","79 45:43.726","0","0","0","0","2106","0","0","0","N","0","0","0","3","68D02","0","","2.0","","1","N","N","","1","","0","0","0","","0","N","","2","0","0","0","0","0","0","1","1","2","","","","N","","","","","","","","","",""
"2006008419","","0","0","0","0","0","0","0","0","0","7","0","","02","12","2005","6","40.6137","-79.7569","","11","0","0","0","0","0","0","0","0","3","0","0","0","","","0","","6","","40 36:49.320","2","8","79 45:24.840","0","0","0","0","2106","0","0","0","Y","0","0","0","1","68D02","0","","3.0","","2","N","N","","0","","0","0","1","","4","N","","1","0","0","0","0","0","0","2","0","1","","","","N","","","","","","","","","",""
"2006008424","","2","0","0","0","0","0","0","0","0","1","0","","02","12","2005","6","","","","11","0","0","0","0","0","0","0","0","1","0","0","0","","","0","","0","","","1","0","","0","0","0","0","2112","0","0","0","N","0","0","0","2","68D02","0","","1.0","","9","N","N","","0","","0","0","0","","0","N","","2","0","2","0","0","0","0","1","0","2","","","","N","","","","","","","","","",""
"2006008449","","1","0","0","0","0","0","0","0","0","7","1","","02","12","2005","6","40.6405","-79.9997","","11","0","0","0","0","1","0","0","0","3","0","1","0","","","0","","0","","40 38:25.800","3","0","79 59:58.920","0","0","0","0","2216","0","0","0","N","0","0","0","7","68T02","0","","2.0","","6","N","N","","1","","0","0","2","","0","N","","5","0","0","0","0","0","0","1","0","5","","","","N","","","","","","","","","",""
"2006008466","","0","0","0","0","0","0","0","0","0","2","1","","02","12","2005","1","40.4612","-79.7601","","11","0","0","0","0","0","0","0","0","2","0","1","0","","","0","","0","","40 27:40.320","3","0","79 45:36.360","0","0","0","0","2446","0","0","0","N","0","0","0","5","68T02","0","","1.0","","9","N","N","","0","","0","0","0","","0","N","","2","0","0","0","0","0","0","2","1","2","","","","N","","","","","","","","","",""
"2006008480","","2","0","0","0","0","0","0","0","0","1","0","","02","12","2005","6","40.569167","-79.796333","","11","0","0","0","0","0","0","0","0","","0","0","0","","","0","","0","","40 34:09.000","","0","79 47:46.799","9","0","0","0","2206","0","0","0","N","0","0","0","3","68D02","0","","1.0","","1","N","N","","0","","0","0","0","","0","","","2","0","0","0","0","0","1","2","0","2","","","","N","","","","","","","","","",""
"2006008483","","1","0","0","0","0","0","0","0","0","0","0","","02","10","2005","7","40.652743","-79.86927","","11","0","0","0","0","0","0","0","0","2","0","0","0","","","0","","0","","40 39:09.876","2","0","79 52:09.372","0","0","0","0","2220","0","0","0","N","0","0","0","4","02220","0","","5.0","","1","N","N","","0","","0","0","0","","0","N","","1","0","0","0","0","0","0","1","0","1","","","","N","","","","","","","","","",""
"2006008503","","2","0","0","0","0","0","0","0","0","1","0","","02","11","2005","7","","","","11","0","0","0","0","0","0","0","0","","0","0","0","","","1","","6","","40 26:55.32","","2","80 00:25.20","4","0","0","0","2301","0","0","0","N","0","0","0","3","68B03","1","","1.0","","1","N","N","","0","","0","0","0","","4","","","2","1","0","0","0","0","0","2","0","2","","","","N","","","","","","","","","",""
"2006008504","","2","0","0","0","0","0","0","0","0","1","0","","02","12","2005","6","","","","11","0","0","0","0","0","1","0","0","","0","0","0","","","0","","0","","40 26:20.40","","0","80 00:40.68","0","0","0","0","2301","0","0","0","N","0","0","0","3","68B03","0","","1.0","","9","N","N","","1","","0","0","0","","0","","","3","0","0","0","0","0","0","2","0","3","","","","N","","","","","","","","","",""
"2006008505","","1","0","0","0","0","0","0","0","0","0","0","","02","12","2005","5","40.445556","-80.173984","","11","0","0","0","0","0","0","0","0","","0","0","0","","","0","","0","","40 26:44.000","","0","80 10:26.344","0","0","0","0","2115","0","0","0","","0","0","0","1","68B03","0","","2.0","","9","N","N","","0","","0","0","0","","0","","","1","0","0","0","0","0","0","2","0","1","","","","N","","","","","","","","","",""
"2006008506","","1","0","0","0","0","0","0","0","0","7","0","","02","12","2005","3","40.452054","-79.996031","","11","0","0","0","0","0","0","0","0","1","0","0","0","","","1","","0","","40 27:07.394","2","3","79 59:45.712","4","0","0","0","2301","0","0","0","N","0","0","0","1","68B03","1","","2.0","","1","N","N","","0","","0","0","0","","0","N","","1","1","0","0","0","0","0","2","0","1","","","","N","","","","","","","","","",""
"2006008536","","0","0","0","0","0","0","0","0","0","99","0","","02","12","2005","4","40.3854","-79.8254","","11","0","0","0","0","0","0","0","0","","0","0","0","","","0","","0","","40 23:07.440","","0","79 49:31.440","0","0","0","0","2203","0","0","0","N","0","0","0","3","68B03","0","","1.0","","1","N","N","","1","","0","0","0","","0","","","1","0","0","0","0","0","0","2","0","1","","","","N","","","","","","","","","",""
"2006008864","","2","0","0","0","0","0","0","0","0","1","0","","02","12","2005","2","","","","11","0","0","0","0","0","0","0","0","","0","0","0","","","0","","0","","40 26:14.64","","0","80 00:50.40","0","0","0","0","2301","0","0","0","N","0","0","0","3","68B03","0","","1.0","","9","N","N","","0","","0","0","0","","0","","","2","0","0","0","0","0","0","2","0","2","","","","N","","","","","","","","","",""
"2006009011","","1","0","0","0","0","0","0","0","0","7","0","","02","11","2005","3","","","","11","0","1","0","0","0","0","0","0","","0","0","0","","","1","","0","","40 26:20.04","","0","79 45:29.52","4","0","0","0","2446","0","0","0","N","0","0","0","1","68B03","1","","2.0","","9","N","N","","0","","0","0","0","","0","","","1","1","0","0","0","0","0","2","0","1","","","","N","","","","","","","","","",""
"2006009012","","2","0","0","0","0","0","0","0","0","1","0","","02","12","2005","4","","","","11","0","0","1","0","1","0","0","0","2","0","0","0","","","0","","0","","40 25:06.60","1","0","80 05:20.04","0","0","0","0","2415","0","0","0","N","0","0","0","6","68B03","0","","1.0","","1","N","N","","0","","0","0","0","","0","N","","2","0","1","0","0","0","0","2","0","2","","","","N","","","","","","","","","",""
"2006009013","","0","0","0","0","0","0","0","0","0","7","0","","02","11","2005","5","40.6205","-80.0963","","11","0","0","0","0","0","1","0","0","","0","0","0","","","1","","0","","40 37:13.800","","0","80 05:46.680","4","0","0","0","2212","0","0","0","N","0","0","0","1","68B03","1","","2.0","","6","N","N","","0","","0","0","0","","0","","","1","1","0","0","0","0","0","2","1","1","","","","N","","","","","","","","","",""
"2006009015","","1","0","0","0","0","0","0","0","0","7","0","","02","12","2005","1","","","","11","0","0","0","0","0","0","0","0","","0","0","0","","","0","","0","","40 25:37.56","","0","79 53:28.68","0","0","0","0","2426","0","0","0","Y","0","0","0","1","68B03","0","","4.0","","2","N","N","","0","","0","0","0","","0","","","1","0","0","0","0","0","0","2","0","1","","","","N","","","","","","","","","",""
"2006009016","","6","0","0","0","0","0","0","0","0","1","0","","02","12","2005","6","","","","11","0","0","0","0","1","2","0","0","1","0","0","0","","","0","","0","","40 26:01.32","3","0","80 08:33.72","0","0","0","0","2102","0","0","0","N","0","0","0","10","68B03","0","","1.0","","1","N","N","","0","","0","0","0","","0","Y","","6","0","1","0","0","0","0","2","0","6","","","","N","","","","","","","","","",""
"2006009017","","0","0","0","0","0","0","0","0","0","7","1","","02","12","2005","7","40.5291","-80.1282","","11","0","0","0","0","0","1","0","0","4","0","1","0","","","1","","0","","40 31:44.760","2","2","80 07:41.520","4","0","0","0","2125","0","0","0","N","0","0","0","1","68B03","1","","2.0","","1","N","N","","0","","0","0","0","","0","Y","","1","1","0","0","0","0","0","2","0","1","","","","N","","","","","","","","","",""
"2006009018","","2","0","0","0","0","0","0","0","0","1","0","50","02","11","2005","1","40.644722","-80.096379","","11","0","0","0","0","0","0","0","0","","0","0","0","","","2","","0","","40 38:41.000","","0","80 05:46.963","2","0","0","0","2212","0","0","0","N","0","0","0","3","68B03","1","","1.0","","1","N","N","","0","","0","1","0","","0","","","2","2","1","0","1","0","0","2","0","2","","","Y","Y","4","1","","","Y","Y","Y","","Y",""
"2006009019","","3","0","0","0","0","0","0","0","0","1","0","","02","11","2005","5","","","","11","0","0","0","0","0","0","0","0","1","0","0","0","","","0","","0","","40 24:54.36","1","0","80 05:02.04","0","0","0","0","2457","0","0","0","N","0","0","0","3","68B03","0","","1.0","","1","N","N","","0","","0","0","0","","0","N","","3","0","0","0","0","0","0","2","0","3","","","","N","","","","","","","","","",""
"2006009020","","2","0","0","0","0","0","0","0","0","1","0","","02","12","2005","1","","","","11","0","0","1","0","0","0","0","0","","0","0","0","","","2","","0","","40 28:26.40","","0","80 00:20.88","4","0","0","0","2301","0","0","0","N","0","0","0","8","68B03","2","","1.0","","9","N","N","","0","","0","0","0","","0","","","2","2","0","0","0","0","0","2","0","2","","","","N","","","","","","","","","",""
"2006009021","","1","0","0","0","0","0","0","0","0","1","0","","02","12","2005","6","","","","11","0","0","0","0","0","1","0","0","","0","0","0","","","1","","0","","40 25:37.20","","0","79 55:10.20","4","0","0","0","2301","0","0","0","N","0","0","0","2","68B03","1","","1.0","","9","N","N","","0","","0","0","0","","0","","","2","1","0","0","0","0","0","2","0","2","","","","N","","","","","","","","","",""
"2006009022","","1","0","0","0","0","0","0","0","0","7","0","","02","12","2005","3","","","","11","0","0","0","0","0","0","0","0","1","0","0","0","","","1","","0","","","2","0","","4","0","0","0","2115","0","0","0","Y","0","0","0","1","68B03","1","","2.0","","1","N","N","","0","","0","0","0","","0","N","","1","1","1","0","0","0","0","1","0","1","","","","N","","","","","","","","","",""
"2006009023","","1","0","0","0","0","0","0","0","0","7","0","","02","11","2005","4","40.553889","-80.116468","","11","0","0","0","0","0","0","0","0","2","0","0","0","","","1","","0","","40 33:14.000","1","0","80 06:59.286","4","0","0","0","2460","0","0","0","N","0","0","0","1","68B03","1","","2.0","","9","N","N","","0","","0","0","0","","0","N","","1","1","0","0","0","0","0","2","0","1","","","","N","","","","","","","","","",""
"2006009025","","1","0","0","0","0","0","0","0","0","1","0","","02","11","2005","3","","","","11","0","0","0","0","0","0","0","0","","0","0","0","","","0","","0","","40 25:26.40","","0","80 06:32.04","0","0","0","0","2102","0","0","0","N","0","0","0","6","68B03","0","","1.0","","9","N","N","","0","","0","0","0","","0","","","2","0","0","0","0","0","0","2","1","2","","","","N","","","","","","","","","",""
"2006009420","","1","0","1","0","0","0","0","0","0","0","0","","02","12","2005","2","40.43","-80.1076","","11","0","0","0","0","0","0","0","0","9","0","0","0","","","3","","0","","40 25:48.000","5","0","80 06:27.360","2","0","0","0","2102","0","0","0","N","0","0","0","3","68B03","0","","3.0","","1","N","N","","0","","1","2","0","","0","N","","1","3","1","0","1","0","0","2","0","1","","","","N","","","","","","","","","",""
"2006009421","","1","0","0","0","0","0","0","0","0","1","0","","02","12","2005","4","","","","11","0","1","0","0","0","0","0","0","","0","0","0","","","2","","0","","40 25:50.52","","0","80 01:35.40","4","0","0","0","2301","0","0","0","N","0","0","0","7","68B03","2","","1.0","","1","N","N","","0","","0","0","2","","0","","","3","2","1","0","0","0","0","2","0","3","","","","N","","","","","","","","","",""
"2006009795","","0","0","0","0","0","0","0","0","0","7","0","","02","12","2005","1","","","","11","0","0","0","0","0","0","0","0","2","0","0","0","","","0","","0","","40 25:37.56","3","0","79 53:28.68","0","0","0","0","2124","0","0","0","N","0","0","0","1","68B03","0","","5.0","","6","N","N","","0","","0","0","1","","0","N","","1","0","0","0","0","0","0","2","0","1","","","","N","","","","","","","","","",""
"2006009796","","1","0","0","0","0","0","0","0","0","5","0","","02","12","2005","1","","","","11","0","0","0","0","1","0","0","0","","0","0","0","","","1","","0","","40 27:07.92","","0","80 10:18.48","4","0","0","0","2214","0","0","0","N","0","0","0","2","68B03","1","","1.0","","1","N","N","","1","","0","0","0","","0","","","2","1","0","0","0","0","1","2","0","2","","","","N","","","","","","","","","",""
"2006009797","","1","0","0","0","0","0","0","0","0","7","0","","02","11","2005","5","40.4288","-79.9307","","11","0","0","0","0","0","1","0","0","1","0","0","0","","","1","","0","","40 25:43.680","4","2","79 55:50.520","3","0","0","0","2301","0","0","0","N","0","0","0","1","68B05","0","","4.0","","1","N","N","","0","","1","0","0","","0","N","","1","1","1","0","0","0","0","2","0","1","","","","N","","","","","","","","","",""
"2006009798","","1","0","0","0","0","0","0","0","0","7","0","","02","12","2005","1","","","","11","0","0","0","0","0","0","0","0","1","0","0","0","","","0","","0","","40 28:21.00","2","0","80 12:55.80","0","0","0","0","2203","0","0","0","N","0","0","0","1","68B03","0","","2.0","","9","N","N","","0","","0","0","0","","0","N","","1","0","0","0","0","0","0","2","0","1","","","","N","","","","","","","","","",""
"2006009799","","2","0","0","0","0","0","0","0","0","1","0","","02","12","2005","4","","","","11","0","0","0","0","0","1","0","0","2","0","0","0","","","2","","0","","40 25:06.60","1","0","80 05:20.04","4","0","0","0","2415","0","0","0","N","0","0","0","4","68B03","2","","1.0","","1","N","N","","0","","0","0","0","","0","N","","3","2","0","0","0","0","0","2","1","3","","","","N","","","","","","","","","",""
"2006009800","","0","0","0","0","0","0","0","0","0","99","0","","02","12","2005","4","40.622778","-80.096653","","11","0","0","0","0","0","1","0","0","","0","0","0","","","0","","0","","40 37:22.000","","0","80 05:47.951","0","0","0","0","2212","0","0","0","N","0","0","0","2","68B03","0","","1.0","","1","N","N","","0","","0","0","1","","0","","","1","0","0","0","0","0","0","2","0","1","","","","N","","","","","","","","","",""
"2006009801","","1","0","0","0","0","0","0","0","0","7","0","","02","12","2005","2","","","","11","1","0","0","0","0","0","0","0","","0","0","0","","","1","","0","","40 31:08.04","","0","80 03:19.08","4","0","0","0","2301","0","0","0","N","0","0","0","1","68B03","1","","2.0","","1","N","N","","0","","0","0","0","","0","","","1","1","1","0","0","0","0","2","0","1","","","","N","","","","","","","","","",""
"2006009802","","1","0","0","0","0","0","0","0","0","5","0","","02","12","2005","4","","","","11","0","0","0","0","0","0","0","0","","0","0","0","","","0","","0","","40 28:26.40","","0","80 00:20.88","9","0","0","0","2301","0","0","0","N","0","0","0","2","68B03","0","","1.0","","1","N","N","","1","","0","0","0","","0","","","2","0","0","0","0","0","1","2","0","2","","","","N","","","","","","","","","",""
"2006009803","","1","0","0","0","0","0","0","0","0","7","0","","02","12","2005","1","","","","11","0","0","0","0","0","0","0","0","1","0","0","0","","","1","","0","","40 25:48.72","2","0","80 01:40.44","4","0","0","0","2301","0","0","0","N","0","0","0","1","68B03","1","","2.0","","2","N","N","","0","","0","0","0","","0","N","","1","1","0","0","0","0","0","2","0","1","","","","N","","","","","","","","","",""