"CRN","ARRIVAL_TM","AUTOMOBILE_COUNT","BELTED_DEATH_COUNT","BELTED_SUSP_SERIOUS_INJ_COUNT","BICYCLE_COUNT","BICYCLE_DEATH_COUNT","BICYCLE_SUSP_SERIOUS_INJ_COUNT","BUS_COUNT","CHLDPAS_DEATH_COUNT","CHLDPAS_SUSP_SERIOUS_INJ_COUNT","COLLISION_TYPE","COMM_VEH_COUNT","CONS_ZONE_SPD_LIM","COUNTY","CRASH_MONTH","CRASH_YEAR","DAY_OF_WEEK","DEC_LATITUDE","DEC_LONGITUDE","DISPATCH_TM","DISTRICT","DRIVER_COUNT_16YR","DRIVER_COUNT_17YR","DRIVER_COUNT_18YR","DRIVER_COUNT_19YR","DRIVER_COUNT_20YR","DRIVER_COUNT_50_64YR","DRIVER_COUNT_65_74YR","DRIVER_COUNT_75PLUS","EST_HRS_CLOSED","FATAL_COUNT","HEAVY_TRUCK_COUNT","HORSE_BUGGY_COUNT","HOUR_OF_DAY","ILLUMINATION","INJURY_COUNT","INTERSECTION_RELATED","INTERSECT_TYPE","LANE_CLOSED","LATITUDE","LN_CLOSE_DIR","LOCATION_TYPE","LONGITUDE","MAX_SEVERITY_LEVEL","MCYCLE_DEATH_COUNT","MCYCLE_SUSP_SERIOUS_INJ_COUNT","MOTORCYCLE_COUNT","MUNICIPALITY","NONMOTR_COUNT","NONMOTR_DEATH_COUNT","NONMOTR_SUSP_SERIOUS_INJ_COUNT","NTFY_HIWY_MAINT","PED_COUNT","PED_DEATH_COUNT","PED_SUSP_SERIOUS_INJ_COUNT","PERSON_COUNT","POLICE_AGCY","POSSIBLE_INJ_COUNT","RDWY_SURF_TYPE_CD","RELATION_TO_ROAD","ROADWAY_CLEARED","ROAD_CONDITION","SCH_BUS_IND","SCH_ZONE_IND","SECONDARY_CRASH","SMALL_TRUCK_COUNT","SPEC_JURIS_CD","SUSP_MINOR_INJ_COUNT","SUSP_SERIOUS_INJ_COUNT","SUV_COUNT","TCD_FUNC_CD","TCD_TYPE","TFC_DETOUR_IND","TIME_OF_DAY","TOTAL_UNITS","TOT_INJ_COUNT","UNBELTED_OCC_COUNT","UNB_DEATH_COUNT","UNB_SUSP_SERIOUS_INJ_COUNT","UNK_INJ_DEG_COUNT","UNK_INJ_PER_COUNT","URBAN_RURAL","VAN_COUNT","VEHICLE_COUNT","WEATHER1","WEATHER2","WORKERS_PRES","WORK_ZONE_IND","WORK_ZONE_LOC","WORK_ZONE_TYPE","WZ_CLOSE_DETOUR","WZ_FLAGGER","WZ_LAW_OFFCR_IND","WZ_LN_CLOSURE","WZ_MOVING","WZ_OTHER","WZ_SHLDER_MDN","WZ_WORKERS_INJ_KILLED"
"2006009804","","1","0","0","0","0","0","0","0","0","7","0","","02","12","2005","1","","","","11","0","0","0","0","0","0","0","0","","0","0","0","","","0","","0","","40 25:10.56","","0","80 03:05.40","0","0","0","0","2115","0","0","0","N","0","0","0","3","68B03","0","","4.0","","9","N","N","","0","","0","0","0","","0","","","1","0","0","0","0","0","0","2","0","1","","","","N","","","","","","","","","",""
"2006009805","","2","0","0","0","0","0","0","0","0","1","0","","02","12","2005","6","","","","11","0","0","0","0","0","0","0","0","","0","0","0","","","0","","0","","40 26:29.04","","0","79 49:42.60","0","0","0","0","2419","0","0","0","N","0","0","0","2","68B03","0","","1.0","","6","N","N","","0","","0","0","0","","0","","","3","0","0","0","0","0","0","2","0","2","","","","N","","","","","","","","","",""
"2006009806","","1","0","0","0","0","0","0","0","0","1","1","","02","12","2005","3","","","","11","0","0","0","0","0","1","0","0","","0","1","0","","","1","","0","","40 26:29.04","","0","79 49:42.60","4","0","0","0","2446","0","0","0","N","0","0","0","2","68B03","1","","1.0","","1","N","N","","0","","0","0","0","","0","","","2","1","0","0","0","0","0","2","0","2","","","","N","","","","","","","","","",""
"2006009807","","2","0","0","0","0","0","0","0","0","1","0","","02","11","2005","6","","","","11","0","1","0","0","0","0","0","0","","0","0","0","","","0","","0","","40 25:06.60","","0","80 05:20.04","0","0","0","0","2415","0","0","0","N","0","0","0","3","68B03","0","","1.0","","1","N","N","","0","","0","0","1","","0","","","3","0","0","0","0","0","0","2","0","3","","","","N","","","","","","","","","",""
"2006009834","","1","0","0","0","0","0","0","0","0","7","0","","02","12","2005","2","","","","11","0","0","0","0","0","0","0","0","1","0","0","0","","","1","","0","","40 25:40.80","4","0","79 57:15.84","4","0","0","0","2301","0","0","0","N","0","0","0","1","68B03","1","","2.0","","9","N","N","","0","","0","0","0","","0","N","","1","1","1","0","0","0","0","2","0","1","","","","N","","","","","","","","","",""
"2006009858","","1","0","0","0","0","0","0","0","0","0","0","","02","12","2005","2","40.349167","-80.148905","","11","0","0","0","1","0","0","0","0","","0","0","0","","","0","","0","","40 20:57.000","","0","80 08:56.057","0","0","0","0","2119","0","0","0","Y","0","0","0","3","02119","0","","4.0","","2","N","N","","0","","0","0","0","","0","","","1","0","0","0","0","0","0","2","0","1","","","","N","","","","","","","","","",""
"2006009859","","1","0","0","0","0","0","0","0","0","1","0","","02","12","2005","5","40.392","-80.1832","","11","0","1","0","0","0","0","1","0","2","0","0","0","","","2","","0","","40 23:31.200","1","0","80 10:59.520","8","0","0","0","2119","0","0","0","N","0","0","0","4","02119","0","","1.0","","1","N","N","","1","","0","0","0","","0","N","","2","2","0","0","0","2","1","1","0","2","","","","N","","","","","","","","","",""
"2006009860","","1","0","0","0","0","0","0","0","0","7","0","","02","12","2005","4","40.353611","-80.146244","","11","0","0","0","0","0","0","0","0","2","0","0","0","","","2","","0","","40 21:13.000","6","0","80 08:46.480","8","0","0","0","2119","0","0","0","N","0","0","0","2","02119","0","","5.0","","9","N","N","","0","","0","0","0","","0","Y","","1","2","1","0","0","2","0","2","0","1","","","","N","","","","","","","","","",""
"2006009874","","1","0","0","0","0","0","0","0","0","7","0","","02","10","2005","2","","","","11","0","0","1","0","0","0","0","0","2","0","0","0","","","1","","0","","","3","0","","4","0","0","0","2220","0","0","0","N","0","0","0","1","02220","1","","2.0","","1","N","N","","0","","0","0","0","","0","N","","1","1","0","0","0","0","0","1","0","1","","","","N","","","","","","","","","",""
"2006009875","","0","0","0","0","0","0","0","0","0","7","0","","02","10","2005","6","40.605","-79.910118","","11","0","0","1","0","0","0","0","0","","0","0","0","","","0","","2","","40 36:18.000","","0","79 54:36.426","0","0","0","0","2220","0","0","0","N","0","0","0","1","02220","0","","4.0","","1","N","N","","1","","0","0","0","","0","","","1","0","1","0","0","0","0","2","0","1","","","","N","","","","","","","","","",""
"2006009876","","1","0","0","0","0","0","0","0","0","7","0","","02","11","2005","5","40.658889","-79.871053","","11","0","0","0","0","0","0","0","0","1","0","0","0","","","1","","2","","40 39:32.000","4","0","79 52:15.790","4","0","0","0","2220","0","0","0","N","0","0","0","2","02220","1","","2.0","","2","N","N","","0","","0","0","0","","0","N","","1","1","0","0","0","0","0","1","0","1","","","","N","","","","","","","","","",""
"2006009877","","1","0","0","0","0","0","0","0","0","7","0","","02","12","2005","2","40.610694","-79.90537","","11","0","0","1","0","0","0","0","0","","0","0","0","","","0","","0","","40 36:38.497","","0","79 54:19.332","0","0","0","0","2220","0","0","0","N","0","0","0","1","02220","0","","2.0","","9","N","N","","0","","0","0","0","","0","","","1","0","0","0","0","0","0","2","0","1","","","","N","","","","","","","","","",""
"2006009878","","2","0","0","0","0","0","0","0","0","1","0","","02","10","2005","7","40.631111","-79.881651","","11","0","0","0","1","0","1","0","0","","0","0","0","","","1","","2","","40 37:52.000","","0","79 52:53.945","8","0","0","0","2220","0","0","0","N","0","0","0","3","02220","0","","1.0","","1","N","N","","1","","0","0","0","","3","","","3","1","0","0","0","1","0","2","0","3","","","","N","","","","","","","","","",""
"2006009879","","1","0","0","0","0","0","0","0","0","7","0","","02","11","2005","6","40.611111","-79.894721","","11","0","0","0","0","0","0","0","0","1","0","0","0","","","0","","0","","40 36:40.000","3","0","79 53:40.996","0","0","0","0","2220","0","0","0","N","0","0","0","2","02220","0","","2.0","","1","N","N","","0","","0","0","0","","0","N","","1","0","0","0","0","0","0","1","0","1","","","","N","","","","","","","","","",""
"2006009880","","2","0","0","0","0","0","0","0","0","2","0","","02","11","2005","4","40.604444","-79.890263","","11","0","0","0","0","0","1","0","0","2","0","0","0","","","2","","0","","40 36:16.000","6","0","79 53:24.948","3","0","0","0","2220","0","0","0","N","0","0","0","7","02220","0","","1.0","","2","N","N","","0","","2","0","0","","0","Y","","2","2","0","0","0","0","0","1","0","2","","","","N","","","","","","","","","",""
"2006009881","","1","0","0","0","0","0","0","0","0","7","0","","02","11","2005","4","40.6506","-79.8362","","11","0","0","0","0","0","1","0","0","2","0","0","0","","","1","","0","","40 39:02.160","6","0","79 50:10.320","3","0","0","0","2220","0","0","0","N","0","0","0","2","02220","0","","2.0","","2","N","N","","0","","1","0","0","","0","Y","","1","1","0","0","0","0","0","1","0","1","","","","N","","","","","","","","","",""
"2006009882","","1","0","0","0","0","0","0","0","0","1","0","","02","12","2005","4","","","","11","0","0","0","0","0","0","0","0","2","0","0","0","","","0","","0","","","3","0","","0","0","0","0","2220","0","0","0","N","0","0","0","4","02220","0","","1.0","","1","N","N","","0","","0","0","1","","0","N","","2","0","0","0","0","0","0","1","0","2","","","","N","","","","","","","","","",""
"2006009883","","0","0","0","0","0","0","0","0","0","7","0","","02","12","2005","5","40.659","-79.8434","","11","0","0","0","0","0","0","0","0","1","0","1","0","","","0","","0","","40 39:32.400","4","0","79 50:36.240","0","0","0","0","2220","0","0","0","Y","0","0","0","1","02220","0","","5.0","","2","N","N","","0","","0","0","0","","0","N","","1","0","0","0","0","0","0","1","0","1","","","","N","","","","","","","","","",""
"2006009924","","1","0","0","0","0","0","0","0","0","99","0","","02","8","2005","4","","","","11","0","0","0","0","0","1","0","0","","0","0","0","","","0","","0","","","","0","","0","0","0","0","2481","0","0","0","N","0","0","0","1","68B03","0","","1.0","","1","N","N","","0","","0","0","0","","0","","","1","0","0","0","0","0","0","1","0","1","","","","N","","","","","","","","","",""
"2006009934","","2","0","0","0","0","0","0","0","0","1","0","","02","12","2005","5","40.4971","-79.9337","","11","0","0","1","0","0","1","0","0","","0","0","0","","","0","","0","","40 29:49.560","","0","79 56:01.320","0","0","0","0","2112","0","0","0","N","0","0","0","6","68D02","0","","1.0","","9","N","N","","1","","0","0","1","","0","","","6","0","0","0","0","0","0","2","2","6","","","","N","","","","","","","","","",""
"2006009940","","1","0","0","0","0","0","0","0","0","99","0","","02","12","2005","6","40.558889","-79.802541","","11","0","0","0","0","0","0","0","0","","0","0","0","","","0","","0","","40 33:32.000","","0","79 48:09.146","0","0","0","0","2121","0","0","0","N","0","0","0","1","68D02","0","","1.0","","1","N","N","","0","","0","0","0","","0","","","1","0","0","0","0","0","0","2","0","1","","","","N","","","","","","","","","",""
"2006009941","","1","0","0","0","0","0","0","0","0","7","0","","02","12","2005","2","40.520833","-79.852814","","11","0","0","0","0","0","0","0","0","","0","0","0","","","0","","0","","40 31:15.000","","0","79 51:10.131","0","0","0","0","2208","0","0","0","N","0","0","0","1","68D02","0","","4.0","","1","N","N","","0","","0","0","0","","0","","","1","0","0","0","0","0","0","2","0","1","","","","N","","","","","","","","","",""
"2006009942","","1","0","0","0","0","0","0","0","0","7","0","","02","12","2005","4","40.496111","-79.914771","","11","0","0","0","0","0","0","0","0","2","0","0","0","","","1","","0","","40 29:46.000","1","0","79 54:53.175","4","0","0","0","2112","0","0","0","N","0","0","0","1","68D02","1","","4.0","","1","N","N","","0","","0","0","0","","0","N","","1","1","0","0","0","0","0","2","0","1","","","","N","","","","","","","","","",""
"2006009949","","1","0","0","0","0","0","0","0","0","1","0","","02","12","2005","2","40.4971","-79.9337","","11","0","0","0","0","0","1","0","0","3","0","0","0","","","1","","0","","40 29:49.560","1","0","79 56:01.320","3","0","0","0","2112","0","0","0","N","0","0","0","2","68D02","0","","1.0","","1","N","N","","1","","1","0","0","","0","N","","2","1","0","0","0","0","0","2","0","2","","","","N","","","","","","","","","",""
"2006009953","","1","0","0","0","0","0","0","0","0","7","0","","02","12","2005","3","","","","11","0","0","0","0","0","0","0","0","","0","0","0","","","1","","0","","","","3","","4","0","0","0","2112","0","0","0","N","0","0","0","3","68D02","1","","4.0","","1","N","N","","0","","0","0","0","","0","","","1","1","0","0","0","0","0","1","0","1","","","","N","","","","","","","","","",""
"2006010088","","1","0","0","0","0","0","0","0","0","7","0","","02","12","2005","6","","","","11","0","0","0","0","0","0","0","0","","0","0","0","","","1","","7","","40 27:29.88","","2","80 11:19.68","4","0","0","0","2203","0","0","0","N","0","0","0","1","68B03","1","","7.0","","9","N","N","","0","","0","0","0","","0","","","1","1","0","0","0","0","0","2","0","1","","","","N","","","","","","","","","",""
"2006010428","","1","0","0","0","0","0","0","0","0","1","0","","02","12","2005","7","","","","11","0","0","0","0","0","1","0","0","1","0","0","0","","","0","","6","","40 25:57.72","4","2","79 52:14.88","0","0","0","0","2411","0","0","0","N","0","0","0","4","68B03","0","","1.0","","1","N","N","","0","","0","0","1","","4","N","","2","0","0","0","0","0","0","2","0","2","","","","N","","","","","","","","","",""
"2006010429","","0","0","0","0","0","0","0","0","0","7","0","","02","12","2005","2","","","","11","0","0","0","0","0","0","0","0","","0","1","0","","","0","","0","","40 26:01.68","","0","80 08:33.36","0","0","0","0","2115","0","0","0","N","0","0","0","2","68B03","0","","2.0","","7","N","N","","0","","0","0","0","","0","","","1","0","0","0","0","0","0","2","0","1","","","","N","","","","","","","","","",""
"2006010430","","1","0","0","0","0","0","0","0","0","7","0","","02","12","2005","4","40.518333","-80.132876","","11","0","0","0","0","0","1","0","0","1","0","0","0","","","1","","0","","40 31:06.000","1","0","80 07:58.352","4","0","0","0","2458","0","0","0","N","0","0","0","3","68B03","1","","1.0","","9","N","N","","0","","0","0","0","","0","N","","1","1","1","0","0","0","0","2","0","1","","","","N","","","","","","","","","",""
"2006010432","","1","0","0","0","0","0","0","0","0","7","0","","02","12","2005","3","","","","11","0","0","0","0","0","0","0","0","1","0","0","0","","","0","","0","","40 25:45.48","1","4","80 01:42.96","0","0","0","0","2301","0","0","0","N","0","0","0","2","68B03","0","","4.0","","1","N","N","","0","","0","0","0","","0","N","","1","0","0","0","0","0","0","2","0","1","","","","N","","","","","","","","","",""
"2006010433","","0","0","0","0","0","0","0","0","0","99","0","55","02","12","2005","5","","","","11","0","0","0","0","0","0","0","0","","0","0","0","","","0","","0","","40 30:06.12","","0","80 16:58.80","0","0","0","0","2203","0","0","0","N","0","0","0","1","68B03","0","","1.0","","9","N","N","","0","","0","0","0","","0","","","1","0","0","0","0","0","0","1","1","1","","","U","Y","4","1","","","N","","Y","","Y",""
"2006010434","","1","0","0","0","0","0","0","0","0","7","0","","02","12","2005","5","","","","11","0","0","0","0","0","0","0","0","2","0","0","0","","","0","","0","","40 28:22.44","1","0","80 12:53.64","0","0","0","0","2203","0","0","0","N","0","0","0","1","68B05","0","","4.0","","7","N","N","","0","","0","0","0","","0","N","","1","0","1","0","0","0","0","2","0","1","","","","N","","","","","","","","","",""
"2006010435","","1","0","0","0","0","0","0","0","0","7","0","","02","12","2005","1","","","","11","0","0","0","1","0","0","0","0","","0","0","0","","","0","","0","","40 29:06.36","","0","80 15:52.56","0","0","0","0","2203","0","0","0","N","0","0","0","1","68B03","0","","2.0","","1","N","N","","0","","0","0","0","","0","","","1","0","0","0","0","0","0","2","0","1","","","","N","","","","","","","","","",""
"2006010436","","1","0","0","0","0","0","0","0","0","1","0","","02","12","2005","4","","","","11","0","0","0","0","0","0","0","0","","0","0","0","","","0","","0","","40 25:35.40","","0","79 54:59.40","0","0","0","0","2426","0","0","0","N","0","0","0","3","68B03","0","","1.0","","9","N","N","","1","","0","0","1","","0","","","3","0","3","0","0","0","0","2","0","3","","","","N","","","","","","","","","",""
"2006010726","","0","0","0","0","0","0","0","0","0","4","0","","02","12","2005","3","","","","11","0","0","0","0","0","0","0","0","1","0","0","0","","","0","","0","","40 25:12.72","1","0","80 05:31.92","0","0","0","0","2457","0","0","0","N","0","0","0","3","68B03","0","","1.0","","1","N","N","","1","","0","0","1","","0","N","","3","0","0","0","0","0","0","2","1","3","","","","N","","","","","","","","","",""
"2006010748","","2","0","0","0","0","0","0","0","0","1","0","","02","12","2005","5","","","","11","0","0","0","0","0","0","1","0","","0","0","0","","","0","","0","","40 25:06.60","","0","80 05:20.04","0","0","0","0","2457","0","0","0","N","0","0","0","2","68B03","0","","1.0","","1","N","N","","0","","0","0","0","","0","","","2","0","0","0","0","0","0","2","0","2","","","","N","","","","","","","","","",""
"2006010749","","3","0","0","0","0","0","0","0","0","1","0","","02","11","2005","5","","","","11","0","0","0","0","1","1","0","0","","0","0","0","","","0","","0","","40 24:50.76","","0","80 03:47.16","0","0","0","0","2435","0","0","0","N","0","0","0","6","68B03","0","","1.0","","1","N","N","","0","","0","0","0","","0","","","3","0","0","0","0","0","0","2","0","3","","","","N","","","","","","","","","",""
"2006010750","","1","0","0","0","0","0","0","0","0","5","0","","02","12","2005","4","40.403056","-80.107157","","11","0","0","0","0","0","0","0","0","1","0","0","0","","","1","","0","","40 24:11.000","2","0","80 06:25.766","3","0","0","0","2102","0","0","0","Y","0","0","0","2","68B03","0","","1.0","","9","N","N","","0","","1","0","1","","0","N","","2","1","0","0","0","0","0","2","0","2","","","","N","","","","","","","","","",""
"2006010837","","1","0","0","0","0","0","0","0","0","7","0","","02","12","2005","6","40.5436","-79.8234","","11","0","0","0","0","0","0","0","0","","0","0","0","","","1","","7","","40 32:36.960","","2","79 49:24.240","4","0","0","0","2208","0","0","0","N","0","0","0","1","68T02","1","","7.0","","9","N","N","","0","","0","0","0","","0","","","1","1","0","0","0","0","0","2","0","1","","","","N","","","","","","","","","",""
"2006010846","","0","0","0","0","0","0","0","0","0","99","0","","02","12","2005","7","40.5642","-79.8526","","11","0","0","0","0","0","0","0","0","","0","0","0","","","1","","0","","40 33:51.120","","0","79 51:09.360","4","0","0","0","2208","0","0","0","N","0","0","0","2","68T02","1","","1.0","","1","N","N","","0","","0","0","0","","0","","","1","1","0","0","0","0","0","2","1","1","","","","N","","","","","","","","","",""
"2006010890","","1","0","0","0","0","0","0","0","0","7","0","","02","11","2005","2","40.3859","-80.0977","","11","0","0","0","0","0","0","0","0","1","0","0","0","","","0","","0","","40 23:09.240","2","0","80 05:51.720","0","0","0","0","2102","0","0","0","Y","0","0","0","1","68B03","0","","2.0","","1","N","N","","0","","0","0","0","","0","N","","1","0","0","0","0","0","0","2","0","1","","","","N","","","","","","","","","",""
"2006010892","","3","0","0","0","0","0","0","0","0","1","0","","02","12","2005","5","","","","11","0","0","0","0","0","1","0","0","","0","0","0","","","0","","0","","40 25:33.60","","0","79 53:57.12","0","0","0","0","2301","0","0","0","N","0","0","0","4","68B03","0","","1.0","","1","N","N","","0","","0","0","0","","0","","","3","0","1","0","0","0","0","2","0","3","","","","N","","","","","","","","","",""
"2006011020","","0","0","0","0","0","0","0","0","0","99","0","","02","12","2005","5","40.4368","-79.7496","","11","0","0","0","0","0","1","0","0","","0","0","0","","","0","","0","","40 26:12.480","","0","79 44:58.560","0","0","0","0","2446","0","0","0","N","0","0","0","1","68T02","0","","1.0","","1","N","N","","0","","0","0","1","","0","","","1","0","0","0","0","0","0","2","0","1","","","","N","","","","","","","","","",""
"2006011569","","0","0","0","0","0","0","0","0","0","7","0","","02","12","2005","3","","","","11","0","0","0","0","0","0","0","0","","0","0","0","","","1","","0","","40 26:01.68","","0","80 08:33.36","3","0","0","0","2115","0","0","0","N","0","0","0","2","68B03","0","","3.0","","1","N","N","","0","","1","0","1","","0","","","3","1","0","0","0","0","0","2","1","2","","","","N","","","","","","","","","",""
"2006011570","","2","0","0","0","0","0","0","0","0","1","0","","02","12","2005","4","","","","11","0","0","0","0","0","0","0","0","","0","0","0","","","0","","6","","40 25:47.28","","2","79 57:25.20","0","0","0","0","2301","0","0","0","N","0","0","0","2","68B03","0","","1.0","","1","N","N","","0","","0","0","0","","4","","","2","0","0","0","0","0","0","2","0","2","","","","N","","","","","","","","","",""
"2006011571","","1","0","0","0","0","0","0","0","0","7","0","","02","12","2005","6","","","","11","0","0","0","0","1","0","0","0","","0","0","0","","","0","","0","","40 29:29.04","","3","80 00:35.64","0","0","0","0","2301","0","0","0","N","0","0","0","2","68B03","0","","2.0","","2","N","N","","0","","0","0","0","","0","","","1","0","0","0","0","0","0","2","0","1","","","","N","","","","","","","","","",""
"2006011572","","2","0","0","0","0","0","0","0","0","1","0","","02","11","2005","3","","","","11","0","0","0","0","0","0","0","0","1","0","0","0","","","1","","6","","40 25:36.48","3","2","79 53:31.56","4","0","0","0","2426","0","0","0","N","0","0","0","3","68B03","1","","1.0","","9","N","N","","0","","0","0","0","","0","N","","2","1","0","0","0","0","0","2","0","2","","","","N","","","","","","","","","",""
"2006011573","","1","0","0","0","0","0","0","0","0","7","0","","02","12","2005","5","40.5019","-80.133","","11","0","1","0","0","0","0","0","0","","0","0","0","","","1","","0","","40 30:06.840","","0","80 07:58.800","3","0","0","0","2115","0","0","0","N","0","0","0","1","68B03","0","","2.0","","7","N","N","","0","","1","0","0","","0","","","1","1","0","0","0","0","0","2","0","1","","","","N","","","","","","","","","",""
"2006011574","","0","0","0","0","0","0","0","0","0","7","0","","02","12","2005","6","","","","11","0","0","0","0","0","0","1","0","2","0","0","0","","","0","","0","","40 25:25.68","3","0","80 06:32.40","0","0","0","0","2102","0","0","0","N","0","0","0","2","68B03","0","","2.0","","6","N","N","","0","","0","0","1","","0","N","","1","0","0","0","0","0","0","2","0","1","","","","N","","","","","","","","","",""
"2006011575","","0","0","0","0","0","0","0","0","0","7","0","","02","11","2005","1","40.426667","-80.294983","","11","0","0","0","0","0","0","0","0","","0","0","0","","","0","","0","","40 25:36.000","","0","80 17:41.938","0","0","0","0","2214","0","0","0","N","0","0","0","1","68B03","0","","4.0","","1","N","N","","1","","0","0","0","","0","","","1","0","0","0","0","0","0","1","0","1","","","","N","","","","","","","","","",""
"2006011966","","0","0","0","0","0","0","0","0","0","7","0","","02","11","2005","3","40.545","-79.8238","","11","0","0","0","0","0","1","0","0","2","0","0","0","","","1","","7","","40 32:42.000","2","2","79 49:25.680","4","0","0","0","2208","0","0","0","N","0","0","0","1","68J02","1","","4.0","","1","N","N","","1","","0","0","0","","0","N","","1","1","1","0","0","0","0","2","0","1","","","","N","","","","","","","","","",""
"2006011968","","1","0","0","0","0","0","0","0","0","99","0","","02","12","2005","7","40.6455","-80.033","","11","0","0","0","0","0","0","0","0","","0","0","0","","","0","","0","","40 38:43.800","","0","80 01:58.800","0","0","0","0","2216","0","0","0","N","0","0","0","2","68T02","0","","1.0","","1","N","N","","0","","0","0","0","","0","","","1","0","0","0","0","0","0","2","0","1","","","","N","","","","","","","","","",""
"2006011969","","0","0","0","0","0","0","0","0","0","7","0","","02","12","2005","5","40.6259","-79.9831","","11","0","0","0","0","0","0","0","0","","0","0","0","","","0","","0","","40 37:33.240","","0","79 58:59.160","0","0","0","0","2217","0","0","0","N","0","0","0","1","68T02","0","","2.0","","2","N","N","","1","","0","0","0","","0","","","1","0","0","0","0","0","0","1","0","1","","","","N","","","","","","","","","",""
"2006011970","","0","0","0","0","0","0","0","0","0","5","0","","02","12","2005","5","40.4846","-79.7743","","11","0","0","0","0","0","1","0","0","1","0","0","0","","","2","","0","","40 29:04.560","3","0","79 46:27.480","4","0","0","0","2466","0","0","0","N","0","0","0","2","68T02","2","","1.0","","1","N","N","","2","","0","0","0","","0","N","","2","2","1","0","0","0","0","2","0","2","","","","N","","","","","","","","","",""
"2006011971","","1","0","0","0","0","0","0","0","0","99","0","","02","12","2005","7","40.6404","-79.9978","","11","0","0","0","0","0","0","0","0","","0","0","0","","","0","","0","","40 38:25.440","","0","79 59:52.080","0","0","0","0","2216","0","0","0","N","0","0","0","1","68T02","0","","1.0","","1","N","N","","0","","0","0","0","","0","","","1","0","0","0","0","0","0","1","0","1","","","","N","","","","","","","","","",""
"2006012023","","3","0","0","0","0","0","0","0","0","0","0","","02","12","2005","2","","","","11","0","0","0","0","0","1","0","1","3","0","0","0","","","0","","0","","40 26:07.08","4","0","79 58:00.12","0","0","0","0","2301","0","0","0","N","0","0","0","7","68B03","0","","1.0","","1","N","N","","0","","0","0","0","","1","Y","","3","0","0","0","0","0","0","2","0","3","","","","N","","","","","","","","","",""
"2006012323","","2","0","0","0","0","0","0","0","0","4","0","","02","12","2005","1","","","","11","0","1","0","0","0","0","0","0","","0","0","0","","","1","","0","","40 26:29.40","","0","79 49:42.60","4","0","0","0","2113","0","0","0","","0","0","0","6","68B03","1","","1.0","","9","N","N","","0","","0","0","0","","0","","","2","1","3","0","0","0","0","2","0","2","","","","N","","","","","","","","","",""
"2006012324","","1","0","0","0","0","0","0","0","0","7","0","","02","12","2005","5","","","","11","0","0","0","0","0","0","0","0","","0","0","0","","","1","","0","","40 29:36.24","","3","80 00:37.80","4","0","0","0","2301","0","0","0","N","0","0","0","1","68B03","1","","2.0","","2","N","N","","0","","0","0","0","","0","","","1","1","0","0","0","0","0","2","0","1","","","","N","","","","","","","","","",""
"2006012325","","1","0","0","0","0","0","0","0","0","1","0","","02","12","2005","2","","","","11","0","0","0","0","0","0","0","0","2","0","0","0","","","0","","0","","40 26:24.36","2","3","80 00:34.56","0","0","0","0","2301","0","0","0","N","0","0","0","2","68B03","0","","1.0","","1","N","N","","1","","0","0","0","","0","N","","2","0","0","0","0","0","0","2","0","2","","","","N","","","","","","","","","",""
"2006012326","","1","0","0","0","0","0","0","0","0","7","0","","02","12","2005","6","","","","11","0","0","0","0","0","0","0","0","2","0","0","0","","","1","","0","","40 27:13.32","1","0","79 59:49.56","4","0","0","0","2301","0","0","0","N","0","0","0","1","68B03","1","","2.0","","1","N","N","","0","","0","0","0","","0","N","","1","1","0","0","0","0","0","2","0","1","","","","N","","","","","","","","","",""
"2006012327","","2","0","0","0","0","0","0","0","0","1","0","","02","12","2005","5","40.4522","-80.1709","","11","0","0","0","0","0","1","0","0","","0","0","0","","","0","","0","","40 27:07.920","","2","80 10:15.240","0","0","0","0","2214","0","0","0","N","0","0","0","2","68B03","0","","1.0","","1","N","N","","0","","0","0","0","","4","","","2","0","0","0","0","0","0","2","0","2","","","","N","","","","","","","","","",""
"2006012328","","2","0","0","0","0","0","0","0","0","1","0","","02","12","2005","5","","","","11","0","0","0","0","0","0","0","0","","0","0","0","","","0","","6","","40 25:48.36","","2","80 08:06.36","0","0","0","0","2102","0","0","0","N","0","0","0","2","68B03","0","","1.0","","1","N","N","","0","","0","0","0","","4","","","2","0","0","0","0","0","0","2","0","2","","","","N","","","","","","","","","",""
"2006012329","","0","0","0","0","0","0","0","0","0","7","0","","02","12","2005","6","","","","11","0","0","0","0","0","0","0","0","","0","0","0","","","0","","0","","40 26:23.28","","0","80 09:16.92","0","0","0","0","2115","0","0","0","N","0","0","0","1","68B03","0","","2.0","","6","N","N","","1","","0","0","0","","0","","","1","0","0","0","0","0","0","2","0","1","","","","N","","","","","","","","","",""
"2006012330","","2","0","0","0","0","0","0","0","0","5","0","","02","12","2005","7","","","","11","0","0","0","0","0","0","0","1","","0","0","0","","","1","","0","","40 30:03.96","","0","80 01:26.40","4","0","0","0","2116","0","0","0","N","0","0","0","2","68B03","1","","1.0","","9","N","N","","0","","0","0","0","","0","","","2","1","0","0","0","0","0","2","0","2","","","","N","","","","","","","","","",""
"2006012331","","0","0","0","0","0","0","0","0","0","7","0","","02","12","2005","1","","","","11","0","0","0","0","0","0","1","0","","0","0","0","","","0","","0","","40 24:55.80","","0","80 05:03.84","0","0","0","0","2415","0","0","0","Y","0","0","0","1","68B03","0","","7.0","","9","N","N","","0","","0","0","1","","0","","","1","0","0","0","0","0","0","2","0","1","","","","N","","","","","","","","","",""