"CRN","ARRIVAL_TM","AUTOMOBILE_COUNT","BELTED_DEATH_COUNT","BELTED_SUSP_SERIOUS_INJ_COUNT","BICYCLE_COUNT","BICYCLE_DEATH_COUNT","BICYCLE_SUSP_SERIOUS_INJ_COUNT","BUS_COUNT","CHLDPAS_DEATH_COUNT","CHLDPAS_SUSP_SERIOUS_INJ_COUNT","COLLISION_TYPE","COMM_VEH_COUNT","CONS_ZONE_SPD_LIM","COUNTY","CRASH_MONTH","CRASH_YEAR","DAY_OF_WEEK","DEC_LATITUDE","DEC_LONGITUDE","DISPATCH_TM","DISTRICT","DRIVER_COUNT_16YR","DRIVER_COUNT_17YR","DRIVER_COUNT_18YR","DRIVER_COUNT_19YR","DRIVER_COUNT_20YR","DRIVER_COUNT_50_64YR","DRIVER_COUNT_65_74YR","DRIVER_COUNT_75PLUS","EST_HRS_CLOSED","FATAL_COUNT","HEAVY_TRUCK_COUNT","HORSE_BUGGY_COUNT","HOUR_OF_DAY","ILLUMINATION","INJURY_COUNT","INTERSECTION_RELATED","INTERSECT_TYPE","LANE_CLOSED","LATITUDE","LN_CLOSE_DIR","LOCATION_TYPE","LONGITUDE","MAX_SEVERITY_LEVEL","MCYCLE_DEATH_COUNT","MCYCLE_SUSP_SERIOUS_INJ_COUNT","MOTORCYCLE_COUNT","MUNICIPALITY","NONMOTR_COUNT","NONMOTR_DEATH_COUNT","NONMOTR_SUSP_SERIOUS_INJ_COUNT","NTFY_HIWY_MAINT","PED_COUNT","PED_DEATH_COUNT","PED_SUSP_SERIOUS_INJ_COUNT","PERSON_COUNT","POLICE_AGCY","POSSIBLE_INJ_COUNT","RDWY_SURF_TYPE_CD","RELATION_TO_ROAD","ROADWAY_CLEARED","ROAD_CONDITION","SCH_BUS_IND","SCH_ZONE_IND","SECONDARY_CRASH","SMALL_TRUCK_COUNT","SPEC_JURIS_CD","SUSP_MINOR_INJ_COUNT","SUSP_SERIOUS_INJ_COUNT","SUV_COUNT","TCD_FUNC_CD","TCD_TYPE","TFC_DETOUR_IND","TIME_OF_DAY","TOTAL_UNITS","TOT_INJ_COUNT","UNBELTED_OCC_COUNT","UNB_DEATH_COUNT","UNB_SUSP_SERIOUS_INJ_COUNT","UNK_INJ_DEG_COUNT","UNK_INJ_PER_COUNT","URBAN_RURAL","VAN_COUNT","VEHICLE_COUNT","WEATHER1","WEATHER2","WORKERS_PRES","WORK_ZONE_IND","WORK_ZONE_LOC","WORK_ZONE_TYPE","WZ_CLOSE_DETOUR","WZ_FLAGGER","WZ_LAW_OFFCR_IND","WZ_LN_CLOSURE","WZ_MOVING","WZ_OTHER","WZ_SHLDER_MDN","WZ_WORKERS_INJ_KILLED"
"2006030077","","1","0","0","0","0","0","0","0","0","0","0","","02","12","2005","6","","","","11","0","0","0","0","0","0","0","0","","0","0","0","","","0","","7","","40 25:13.08","","2","80 05:33.00","0","0","0","0","2457","0","0","0","N","0","0","0","1","","0","","5.0","","2","N","N","","0","","0","0","0","0","0","","","1","0","0","0","0","0","0","2","0","1","","","","N","","","","","","","","","",""
"2006030091","","1","0","0","0","0","0","0","0","0","1","0","","02","4","2005","5","","","","11","0","0","0","0","0","1","0","1","","0","0","0","","","1","","1","","","","0","","8","0","0","0","2301","0","0","0","","0","0","0","2","","0","","1.0","","1","N","N","","0","","0","0","1","0","0","","","2","1","0","0","0","1","1","1","0","2","","","","N","","","","","","","","","",""
"2006030098","","1","0","0","0","0","0","0","0","0","7","0","","02","7","2005","1","40.465833","-79.985312","","11","0","0","0","0","0","0","0","0","","0","0","0","","","0","","2","","40 27:57.000","","0","79 59:07.122","0","0","0","0","2301","0","0","0","N","0","0","0","1","","0","","1.0","","1","N","N","","0","","0","0","0","0","0","","","1","0","0","0","0","0","0","2","0","1","","","","N","","","","","","","","","",""
"2006030106","","2","0","0","0","0","0","0","0","0","1","0","","02","2","2005","6","","","","11","0","0","0","0","0","1","0","0","","0","0","0","","","1","","2","","","","0","","3","0","0","0","2301","0","0","0","N","0","0","0","2","","0","","1.0","","1","N","N","","0","","1","0","0","0","0","","","2","1","0","0","0","0","1","1","0","2","","","","N","","","","","","","","","",""
"2006030114","","1","0","0","0","0","0","0","0","0","7","0","","02","1","2005","3","40.467375","-79.946639","","11","0","0","0","0","0","0","0","0","","0","0","0","","","0","","0","","40 28:02.550","","0","79 56:47.900","0","0","0","0","2301","0","0","0","N","0","0","0","1","","0","","5.0","","2","N","N","","0","","0","0","0","0","0","","","1","0","0","0","0","0","0","2","0","1","","","","N","","","","","","","","","",""
"2006030146","","1","0","0","0","0","0","0","0","0","1","0","","02","6","2005","5","40.366389","-80.014458","","11","0","0","0","0","0","1","0","0","","0","0","0","","","1","","1","","40 21:59.000","","0","80 00:52.050","3","0","0","0","2416","0","0","0","N","0","0","0","3","","0","","1.0","","1","N","N","","1","","1","0","0","9","2","","","3","1","0","0","0","0","2","2","0","3","","","","N","","","","","","","","","",""
"2006030208","","1","0","0","0","0","0","0","0","0","7","1","","02","6","2005","4","","","","11","0","0","0","0","0","0","0","0","","0","1","0","","","0","","0","","","","0","","9","0","0","0","2436","0","0","0","N","0","0","0","1","","0","","4.0","","1","N","N","","0","","0","0","0","","0","","","2","0","0","0","0","0","1","1","0","2","","","","N","","","","","","","","","",""
"2006030215","","0","0","0","0","0","0","0","0","0","8","0","","02","9","2005","4","","","","11","0","0","0","0","0","0","0","0","","0","0","0","","","1","","1","","","","0","","3","0","0","0","2301","1","0","0","N","1","0","0","2","","0","","1.0","","1","N","N","","0","","1","0","1","","2","","","2","1","0","0","0","0","0","1","0","1","","","","N","","","","","","","","","",""
"2006030237","","1","0","0","0","0","0","0","0","0","1","0","","02","2","2005","5","40.438889","-79.76065","","11","0","0","0","0","1","0","0","0","","0","0","0","","","1","","1","","40 26:20.000","","0","79 45:38.339","3","0","0","0","2446","0","0","0","N","0","0","0","2","","0","","1.0","","1","N","N","","0","","1","0","0","","2","","","2","1","0","0","0","0","1","2","0","2","","","","N","","","","","","","","","",""
"2006030240","","1","0","0","0","0","0","0","0","0","1","0","","02","2","2005","3","","","","11","0","0","0","0","0","0","0","0","","0","0","0","","","2","","0","","","","0","","3","0","0","0","2301","0","0","0","N","0","0","0","3","","0","","1.0","","1","N","N","","1","","2","0","0","","0","","","2","2","0","0","0","0","1","1","0","2","","","","N","","","","","","","","","",""
"2006030336","1340","1","0","0","0","0","0","0","0","0","7","0","","02","1","2005","3","40.6129","-79.9687","1331","11","0","0","0","0","0","0","0","0","","0","0","0","","","0","","0","","40 36:46.440","","3","79 58:07.320","0","0","0","0","2207","0","0","0","N","0","0","0","1","68T02","0","","2.0","","6","N","N","","0","","0","0","0","","0","","","1","0","0","0","0","0","0","2","0","1","","","","N","","","","","","","","","",""
"2006030809","","1","0","0","0","0","0","0","0","0","4","0","","02","8","2005","1","","","","11","0","0","0","0","0","0","1","0","","0","0","0","","","0","","1","","","","0","","0","0","0","0","2301","0","0","0","N","0","0","0","2","","0","","1.0","","1","N","N","","0","","0","0","0","","2","","","2","0","0","0","0","0","0","1","0","2","","","","N","","","","","","","","","",""
"2006030817","","1","0","0","0","0","0","0","0","0","8","0","","02","11","2005","4","40.416111","-80.045016","","11","0","0","0","0","0","0","0","1","","0","0","0","","","1","","2","","40 24:58.000","","0","80 02:42.059","8","0","0","0","2435","1","0","0","","1","0","0","2","","0","","1.0","","98","N","N","","0","","0","0","0","","2","","","2","1","0","0","0","1","0","2","0","1","","","","N","","","","","","","","","",""
"2006030828","","1","0","0","0","0","0","0","0","0","4","0","","02","10","2005","6","","","","11","0","0","0","0","0","0","0","0","","0","0","0","","","0","","0","","","","0","","9","0","0","0","2301","0","0","0","N","0","0","0","2","","0","","1.0","","1","N","N","","1","","0","0","0","","0","","","2","0","0","0","0","0","1","1","0","2","","","","N","","","","","","","","","",""
"2006030853","","1","0","0","0","0","0","0","0","0","4","0","","02","10","2005","4","","","","11","0","0","0","0","0","0","0","0","","0","0","0","","","0","","1","","","","0","","9","0","0","0","2301","0","0","0","N","0","0","0","2","","0","","1.0","","1","N","N","","1","","0","0","0","","2","","","2","0","0","0","0","0","1","1","0","2","","","","N","","","","","","","","","",""
"2006030884","","2","0","0","0","0","0","0","0","0","4","0","","02","9","2005","3","","","","11","0","0","0","0","0","1","0","0","","0","0","0","","","0","","1","","","","0","","9","0","0","0","2301","0","0","0","N","0","0","0","2","","0","","1.0","","1","N","N","","0","","0","0","0","","2","","","2","0","0","0","0","0","2","1","0","2","","","","N","","","","","","","","","",""
"2006030916","","1","0","0","0","0","0","0","0","0","8","0","","02","7","2005","4","","","","11","0","0","0","0","0","0","0","0","","0","0","0","","","1","","0","","","","0","","8","0","0","0","2301","1","0","0","N","1","0","0","2","","0","","1.0","","1","N","N","","0","","0","0","0","","0","","","2","1","0","0","0","1","0","1","0","1","","","","N","","","","","","","","","",""
"2006030926","","2","0","0","0","0","0","0","0","0","1","0","","02","9","2005","7","","","","11","0","0","0","0","0","0","0","0","","0","0","0","","","2","","1","","","","0","","4","0","0","0","2446","0","0","0","N","0","0","0","3","","2","","1.0","","1","N","N","","0","","0","0","0","","2","","","2","2","0","0","0","0","1","1","0","2","","","","N","","","","","","","","","",""
"2006030971","","1","0","0","0","0","0","0","0","0","8","0","","02","9","2005","3","40.43958","-79.899473","","11","0","0","0","0","0","0","1","0","","0","0","0","","","1","","2","","40 26:22.488","","0","79 53:58.102","8","0","0","0","2301","1","0","0","N","1","0","0","2","","0","","1.0","","1","N","N","","0","","0","0","0","","3","","","2","1","0","0","0","1","0","2","0","1","","","","N","","","","","","","","","",""
"2006030973","","2","0","0","0","0","0","0","0","0","4","0","","02","1","2005","2","","","","11","0","0","0","0","0","1","0","0","","0","0","0","","","1","","1","","","","0","","4","0","0","0","2301","0","0","0","N","0","0","0","2","","1","","1.0","","2","N","N","","0","","0","0","0","","3","","","2","1","0","0","0","0","0","1","0","2","","","","N","","","","","","","","","",""
"2006030979","","1","0","0","0","0","0","0","0","0","1","0","","02","9","2005","5","","","","11","0","0","0","0","0","1","0","0","","0","0","0","","","1","","0","","","","0","","3","0","0","0","2446","0","0","0","N","0","0","0","3","","0","","1.0","","1","N","N","","0","","1","0","0","","0","","","2","1","0","0","0","0","0","1","0","2","","","","N","","","","","","","","","",""
"2006031069","","2","0","0","0","0","0","0","0","0","1","0","","02","11","2005","2","","","","11","0","0","0","0","0","1","0","0","","0","0","0","","","1","","0","","","","0","","8","0","0","0","2301","0","0","0","N","0","0","0","2","","0","","1.0","","1","N","N","","0","","0","0","0","","0","","","2","1","0","0","0","1","1","1","0","2","","","","N","","","","","","","","","",""
"2006031073","","0","0","0","0","0","0","0","0","0","7","0","","02","11","2005","5","","","","11","0","0","0","0","0","1","0","0","","0","0","0","","","1","","0","","","","0","","3","0","0","0","2466","0","0","0","","0","0","0","1","","0","","5.0","","2","","","","0","","1","0","1","","0","","","1","1","0","0","0","0","0","1","0","1","","","","N","","","","","","","","","",""
"2006032150","1424","2","0","0","0","0","0","0","0","0","7","0","","02","11","2005","3","40.378208","-80.164963","1417","11","0","1","0","0","0","0","0","0","","0","0","0","","","2","","0","","40 22:41.548","","0","80 09:53.866","4","0","0","0","2119","0","0","0","N","0","0","0","3","02119","2","","5.0","","1","N","N","","0","","0","0","0","","0","","","2","2","0","0","0","0","0","2","0","2","","","","N","","","","","","","","","",""
"2006032251","1053","1","0","0","0","0","0","0","0","0","8","0","","02","9","2005","3","","","1053","11","0","0","0","0","0","0","0","1","1","0","0","0","","","1","","0","","","4","0","","2","0","0","0","2301","1","0","1","N","1","0","1","2","02301","0","","6.0","","1","N","N","","0","","0","1","0","","0","N","","2","1","1","0","0","0","0","1","0","1","","","","N","","","","","","","","","",""
"2006032466","1720","1","0","0","0","0","0","0","0","0","1","0","","02","12","2005","2","","","1710","11","0","0","0","0","0","0","0","0","","0","0","0","","","0","","0","","40 26:01.68","","0","80 08:34.44","0","0","0","0","2115","0","0","0","N","0","0","0","2","68B03","0","","1.0","","1","N","N","","1","","0","0","0","","0","","","2","0","0","0","0","0","0","2","0","2","","","","N","","","","","","","","","",""
"2006056367","","1","0","0","0","0","0","0","0","0","7","0","","02","5","2005","7","","","1215","11","0","0","0","0","0","0","0","0","","0","0","0","","","1","","0","","","","0","","3","0","0","0","2301","0","0","0","N","0","0","0","1","02301","0","","4.0","","1","N","N","","0","","1","0","0","","0","","","1","1","0","0","0","0","0","1","0","1","","","","N","","","","","","","","","",""
"2006060203","","3","0","0","0","0","0","0","0","0","1","0","","02","6","2005","1","40.4814","-79.883","1658","11","0","0","0","0","0","0","0","0","","0","0","0","","","0","","0","","40 28:53.040","","0","79 52:58.800","0","0","0","0","2301","0","0","0","","0","0","0","3","02301","0","","1.0","","1","N","N","","0","","0","0","0","","0","","","3","0","0","0","0","0","0","2","0","3","","","","N","","","","","","","","","",""
"2006073189","","1","0","0","0","0","0","0","0","0","8","0","","02","12","2005","7","40.525278","-79.840582","","11","0","0","0","0","0","0","0","0","","0","0","0","","","1","","2","","40 31:31.000","","0","79 50:26.096","3","0","0","0","2451","1","0","0","N","1","0","0","3","02451","0","","1.0","","1","N","N","","0","","1","0","0","","3","","","2","1","0","0","0","0","0","2","0","1","","","","N","","","","","","","","","",""
"2006075149","","2","0","0","0","0","0","0","0","0","4","0","","02","6","2005","2","40.4955","-79.858","","11","0","0","0","1","0","1","0","0","","0","0","0","","","0","","0","","40 29:43.800","","0","79 51:28.800","9","0","0","0","2112","0","0","0","N","0","0","0","4","02112","0","","1.0","","9","N","N","","0","","0","0","0","","0","","","2","0","0","0","0","0","1","2","0","2","","","","N","","","","","","","","","",""
"2006085015","","1","0","0","0","0","0","0","0","0","7","0","","02","12","2005","7","","","","11","0","0","0","0","0","0","0","0","","0","0","0","","","0","","0","","","","0","","0","0","0","0","2106","0","0","0","N","0","0","0","1","02106","0","","5.0","","1","N","N","","0","","0","0","0","","0","","","1","0","0","0","0","0","0","1","0","1","","","","N","","","","","","","","","",""
"2006085668","","2","0","0","0","0","0","0","0","0","4","0","","02","12","2005","4","40.609457","-79.722298","","11","0","0","0","0","0","0","0","0","","0","0","0","","","0","","2","","40 36:34.045","","0","79 43:20.272","9","0","0","0","2106","0","0","0","N","0","0","0","1","02106","0","","1.0","","1","N","N","","0","","0","0","0","","4","","","2","0","0","0","0","0","1","2","0","2","","","","N","","","","","","","","","",""
"2006085678","","3","0","0","0","0","0","0","0","0","5","0","","02","11","2005","4","","","","11","0","0","0","0","0","0","0","0","","0","0","0","","","1","","0","","","","0","","8","0","0","0","2445","0","0","0","N","0","0","0","1","02445","0","","1.0","","1","N","N","","0","","0","0","0","","0","","","4","1","0","0","0","1","0","1","1","4","","","","N","","","","","","","","","",""
"2006085685","","1","0","0","0","0","0","0","0","0","2","0","","02","12","2005","5","","","","11","0","0","0","0","0","0","0","0","","0","0","0","","","3","","0","","","","0","","3","0","0","0","2106","0","0","0","N","0","0","0","3","02106","0","","1.0","","1","N","N","","0","","3","0","1","","0","","","2","3","0","0","0","0","0","1","0","2","","","","N","","","","","","","","","",""
"2006087134","","2","0","0","0","0","0","0","0","0","4","0","","02","12","2005","5","40.61469","-79.737725","","11","0","0","0","0","0","0","0","0","","0","0","0","","","0","","1","","40 36:52.884","","0","79 44:15.810","0","0","0","0","2106","0","0","0","N","0","0","0","2","02106","0","","1.0","","1","N","N","","0","","0","0","0","","0","","","2","0","0","0","0","0","0","2","0","2","","","","N","","","","","","","","","",""
"2006087140","","2","0","0","0","0","0","0","0","0","1","0","","02","11","2005","1","40.6267","-79.7213","","11","0","0","1","0","0","0","0","0","","0","0","0","","","0","","0","","40 37:36.120","","0","79 43:16.680","0","0","0","0","2106","0","0","0","N","0","0","0","3","02106","0","","1.0","","1","N","N","","0","","0","0","0","","0","","","2","0","1","0","0","0","0","2","0","2","","","","N","","","","","","","","","",""
"2006087375","","1","0","0","0","0","0","0","0","0","7","0","","02","12","2005","5","40.428518","-79.857624","","11","0","1","0","0","0","0","0","0","2","0","0","0","","","0","","3","","40 25:42.664","5","0","79 51:27.446","0","0","0","0","2431","0","0","0","N","0","0","0","1","02431","0","","4.0","","7","N","N","","0","","0","0","0","","3","N","","1","0","0","0","0","0","0","2","0","1","","","","N","","","","","","","","","",""
"2006087787","","2","0","0","0","0","0","0","0","0","1","0","","02","12","2005","3","40.615278","-79.738841","","11","0","0","0","0","1","0","0","0","","0","0","0","","","1","","2","","40 36:55.000","","0","79 44:19.828","8","0","0","0","2106","0","0","0","N","0","0","0","2","02106","0","","1.0","","1","N","N","","0","","0","0","0","","3","","","2","1","0","0","0","1","0","2","0","2","","","","N","","","","","","","","","",""
"2006087788","","0","0","0","0","0","0","0","0","0","4","0","","02","12","2005","2","","","","11","0","0","0","0","0","0","0","0","","0","0","0","","","0","","1","","","","0","","0","0","0","0","2106","0","0","0","N","0","0","0","2","02106","0","","1.0","","1","N","N","","2","","0","0","0","","3","","","2","0","0","0","0","0","0","1","0","2","","","","N","","","","","","","","","",""
"2006088042","","1","0","0","0","0","0","0","0","0","8","0","","02","12","2005","1","40.416914","-79.839486","","11","0","0","0","0","0","0","1","0","","0","0","0","","","1","","0","","40 25:00.890","","0","79 50:22.149","4","0","0","0","2431","1","0","0","N","1","0","0","2","02431","1","","1.0","","1","N","N","","0","","0","0","0","","0","","","2","1","0","0","0","0","0","2","0","1","","","","N","","","","","","","","","",""
"2006090029","","2","0","0","0","0","0","0","0","0","1","0","","02","8","2005","2","40.283611","-79.837454","","11","0","0","0","0","0","0","0","0","","0","0","0","","","0","","3","","40 17:01.000","","0","79 50:14.836","9","0","0","0","2105","0","0","0","N","0","0","0","4","02105","0","","1.0","","1","N","N","","0","","0","0","0","","3","","","2","0","0","0","0","0","1","2","0","2","","","","N","","","","","","","","","",""
"2006101993","","0","0","0","0","0","0","0","0","0","7","0","","02","9","2005","1","40.46814","-79.947238","","11","0","0","0","0","0","0","0","0","","0","0","0","","","0","","0","","40 28:05.304","","0","79 56:50.056","9","0","0","0","2301","0","0","0","N","0","0","0","1","02301","0","","5.0","","1","N","N","","0","","0","0","0","","0","","","1","0","0","0","0","0","1","2","1","1","","","","N","","","","","","","","","",""
"2006126660","","1","0","0","0","0","0","0","0","0","99","0","","02","11","2005","4","","","2225","11","0","0","0","0","0","0","0","0","1","0","0","0","","","0","","0","","40 25:46.20","1","0","80 01:41.88","0","0","0","0","2435","0","0","0","N","0","0","0","1","68B03","0","","1.0","","1","N","N","","0","","0","0","0","","0","N","","1","0","0","0","0","0","0","2","0","1","","","","N","","","","","","","","","",""
"2007062341","","1","0","0","0","0","0","0","0","0","5","0","","02","5","2005","6","","","1352","11","0","0","0","1","0","0","0","0","","0","0","0","","","1","","0","","","","0","","4","0","0","0","2301","0","0","0","N","0","0","0","1","02301","1","","1.0","","1","N","N","","0","","0","0","1","","0","","","2","1","0","0","0","0","0","1","0","2","","","","N","","","","","","","","","",""
"2007073977","","3","0","0","0","0","0","0","0","0","5","0","","02","7","2005","3","40.455027","-79.932742","1248","11","0","0","0","0","0","0","0","1","1","0","0","0","","","0","","0","","40 27:18.097","2","0","79 55:57.871","0","0","0","0","2301","0","0","0","N","0","0","0","1","02301","0","","6.0","","9","N","N","","0","","0","0","0","","0","Y","","3","0","0","0","0","0","0","2","0","3","","","","N","","","","","","","","","",""
"2007104532","","1","0","0","0","0","0","0","0","0","7","0","","02","10","2005","4","40.3929","-79.9328","1632","11","0","1","0","0","0","0","0","0","","0","0","0","","","0","","7","","40 23:34.440","","2","79 55:58.080","0","0","0","0","2301","0","0","0","N","0","0","0","1","02301","0","","3.0","","1","N","N","","0","","0","0","0","","0","","","1","0","0","0","0","0","0","2","0","1","","","","N","","","","","","","","","",""
"2008092563","","1","0","0","0","0","0","0","0","0","7","0","","02","8","2005","6","40.4334","-80.0286","","11","1","0","0","0","0","0","0","0","","0","0","0","","","0","","0","","40 26:00.240","","0","80 01:42.960","0","0","0","0","2301","0","0","0","N","0","0","0","1","02301","0","","2.0","","9","N","N","","0","","0","0","0","","0","","","1","0","0","0","0","0","0","2","0","1","","","","N","","","","","","","","","",""
"2009053030","","1","0","0","0","0","0","0","0","0","4","0","","02","11","2005","2","40.355461","-80.114119","","11","0","0","0","0","0","0","0","0","1","0","0","0","","","2","","1","","40 21:19.661","5","0","80 06:50.828","4","0","0","0","2414","0","0","0","N","0","0","0","4","02414","2","","1.0","","1","N","N","","0","","0","0","0","","2","N","","2","2","0","0","0","0","0","2","1","2","","","","N","","","","","","","","","",""
"2009053031","","0","0","0","0","0","0","0","0","0","7","0","","02","12","2005","6","40.354096","-80.107086","","11","0","0","0","0","0","1","0","0","","0","0","0","","","0","","0","","40 21:14.744","","0","80 06:25.511","0","0","0","0","2414","0","0","0","N","0","0","0","1","02414","0","","5.0","","2","N","N","","0","","0","0","1","","0","","","1","0","0","0","0","0","0","2","0","1","","","","N","","","","","","","","","",""
"2009053032","","2","0","0","0","0","0","0","0","0","4","0","","02","12","2005","5","","","","11","0","0","0","0","0","0","0","0","","0","0","0","","","1","","2","","","","0","","8","0","0","0","2414","0","0","0","N","0","0","0","2","02414","0","","1.0","","1","N","N","","0","","0","0","0","","3","","","2","1","0","0","0","1","0","1","0","2","","","","N","","","","","","","","","",""
"2009053033","","0","0","0","0","0","0","0","0","0","8","0","","02","12","2005","1","40.360728","-80.113543","","11","0","0","0","0","0","0","0","0","","0","0","0","","","1","","2","","40 21:38.620","","7","80 06:48.754","3","0","0","0","2414","1","0","0","N","1","0","0","2","02414","0","","1.0","","1","N","N","","1","","1","0","0","","3","","","2","1","0","0","0","0","0","2","0","1","","","","N","","","","","","","","","",""
"2009053034","","1","0","0","0","0","0","0","0","0","7","0","","02","12","2005","4","40.357852","-80.11075","","11","0","0","0","0","1","0","0","0","1","0","0","0","","","0","","2","","40 21:28.267","2","0","80 06:38.700","0","0","0","0","2414","0","0","0","N","0","0","0","1","02414","0","","4.0","","1","N","N","","0","","0","0","0","","0","N","","1","0","1","0","0","0","0","2","0","1","","","","N","","","","","","","","","",""
"2011123320","1543","2","0","0","0","0","0","0","0","0","1","0","","02","12","2005","6","40.371244","-80.009303","1540","11","0","1","0","0","0","0","0","0","","0","0","0","15","","0","","0","","40 22:16.478","","0","80 00:33.489","0","0","0","0","2416","0","0","0","N","0","0","0","5","02416","0","","1.0","","1","N","N","","0","","0","0","0","","0","","1540","2","0","0","0","0","0","0","2","0","2","","","","N","","","","","","","","","",""
"2011124511","1404","2","0","0","0","0","0","0","0","0","1","0","","02","11","2005","6","40.331276","-80.052771","1401","11","0","0","0","0","0","2","0","0","1","0","0","0","14","","1","","2","","40 19:52.594","2","0","80 03:09.976","4","0","0","0","2407","0","0","0","N","0","0","0","3","02407","1","","1.0","","1","N","N","","0","","0","0","1","","3","N","1401","3","1","0","0","0","0","0","2","0","3","","","","N","","","","","","","","","",""
"2011124515","1347","3","0","0","0","0","0","0","0","0","1","0","","02","11","2005","2","40.373151","-80.007019","1345","11","0","0","0","0","0","1","1","0","","0","0","0","13","","1","","0","","40 22:23.344","","0","80 00:25.268","4","0","0","0","2416","0","0","0","N","0","0","0","3","02416","1","","1.0","","1","N","N","","0","","0","0","0","","0","","1345","3","1","0","0","0","0","0","2","0","3","","","","N","","","","","","","","","",""
"2011130407","0958","1","0","0","0","0","0","0","0","0","4","0","","02","10","2005","3","40.366614","-80.014504","0952","11","0","1","0","0","0","0","0","0","","0","0","0","09","","0","","1","","40 21:59.810","","0","80 00:52.214","0","0","0","0","2416","0","0","0","N","0","0","0","2","02416","0","","1.0","","9","N","N","","0","","0","0","0","","2","","0952","2","0","0","0","0","0","0","2","1","2","","","","N","","","","","","","","","",""
"2012029958","1555","2","0","0","0","0","0","0","0","0","4","0","","02","10","2005","4","40.61383","-79.950741","1550","11","0","1","0","0","0","0","0","1","1","0","0","0","15","","0","","2","","40 36:49.789","3","0","79 57:02.668","0","0","0","0","2207","0","0","0","Y","0","0","0","2","02207","0","","1.0","","1","N","N","","0","","0","0","0","","3","N","1550","2","0","0","0","0","0","0","2","0","2","","","","N","","","","","","","","","",""
"2012029959","1652","1","0","0","1","0","0","0","0","0","8","0","","02","8","2005","7","40.591135","-79.948003","1648","11","0","0","0","0","0","0","0","0","","0","0","0","16","","1","","0","","40 35:28.087","","0","79 56:52.812","8","0","0","0","2207","1","0","0","N","0","0","0","2","02207","0","","1.0","","1","N","N","","0","","0","0","0","","0","","1647","2","1","0","0","0","1","0","2","0","1","","","","N","","","","","","","","","",""
"2012029960","1406","1","0","0","0","0","0","0","0","0","7","0","","02","8","2005","7","40.580879","-79.949453","1405","11","0","1","0","0","0","0","0","0","","0","0","0","14","","0","","0","","40 34:51.164","","0","79 56:58.032","0","0","0","0","2207","0","0","0","N","0","0","0","1","02207","0","","2.0","","9","N","N","","0","","0","0","0","","0","","1403","1","0","0","0","0","0","0","2","0","1","","","","N","","","","","","","","","",""
"2012029964","1612","1","0","0","0","0","0","0","0","0","1","0","","02","9","2005","6","40.597629","-79.94753","1556","11","0","0","0","0","0","1","0","0","","0","0","0","15","","1","","0","","40 35:51.466","","0","79 56:51.109","8","0","0","0","2207","0","0","0","N","0","0","0","2","02207","0","","1.0","","1","N","N","","1","","0","0","0","","0","","1556","2","1","0","0","0","1","0","2","0","2","","","","N","","","","","","","","","",""
"2012030364","0010","1","0","0","0","0","0","0","0","0","7","0","","02","9","2005","6","40.569948","-79.940815","0005","11","0","0","1","0","0","0","0","0","","0","0","0","00","","0","","0","","40 34:11.813","","0","79 56:26.933","0","0","0","0","2207","0","0","0","N","0","0","0","2","02207","0","","5.0","","1","N","N","","0","","0","0","0","","0","","0005","1","0","0","0","0","0","0","2","0","1","","","","N","","","","","","","","","",""
"2012030365","1526","2","0","0","0","0","0","0","0","0","4","0","","02","9","2005","4","40.615364","-79.933865","1518","11","1","0","0","0","0","0","0","0","","0","0","0","15","","1","","1","","40 36:55.311","","0","79 56:01.915","8","0","0","0","2207","0","0","0","N","0","0","0","5","02207","0","","1.0","","1","N","N","","0","","0","0","0","","3","","1516","2","1","0","0","0","1","0","2","0","2","","","","N","","","","","","","","","",""
"2012030366","2157","1","0","0","0","0","0","0","0","0","4","0","","02","10","2005","2","40.5903","-79.948386","2154","11","0","0","1","0","0","1","0","0","","0","0","0","21","","0","","1","","40 35:25.080","","0","79 56:54.188","0","0","0","0","2207","0","0","0","N","0","0","0","2","02207","0","","1.0","","1","N","N","","0","","0","0","1","","2","","2153","2","0","0","0","0","0","0","2","0","2","","","","N","","","","","","","","","",""
"2012030367","0831","1","0","0","0","0","0","0","0","0","0","0","","02","10","2005","1","40.609301","-79.921996","0826","11","0","1","0","0","0","0","0","0","2","0","0","0","08","","0","","0","","40 36:33.485","5","0","79 55:19.185","0","0","0","0","2207","0","0","0","N","0","0","0","1","02207","0","","1.0","","1","N","N","","0","","0","0","0","","0","Y","0823","1","0","0","0","0","0","0","2","0","1","","","","N","","","","","","","","","",""
"2012030681","1903","0","0","0","0","0","0","0","0","0","1","0","","02","8","2005","2","40.558214","-79.959106","1858","11","0","0","0","0","0","1","0","0","","0","0","0","18","","0","","0","","40 33:29.571","","0","79 57:32.783","9","0","0","0","2207","0","0","0","N","0","0","0","5","02207","0","","1.0","","1","N","N","","1","","0","0","1","","0","","1853","3","0","0","0","0","0","1","2","1","3","","","","N","","","","","","","","","",""
"2012030684","1801","1","0","0","0","0","0","0","0","0","4","0","","02","9","2005","5","40.672121","-79.932288","1756","11","0","0","0","0","0","1","0","0","","0","0","0","17","","0","","0","","40 40:19.637","","0","79 55:56.236","0","0","0","0","2207","0","0","0","N","0","0","0","2","02207","0","","1.0","","1","N","N","","0","","0","0","1","","0","","1756","2","0","0","0","0","0","0","1","0","2","","","","N","","","","","","","","","",""